Time,Activo,SPOT,hedge_pressure_score,hedge_velocity,hedge_exhaustion_flag,dealer_stress_score,stress_gamma_instability,stress_iv_expansion,stress_sweep_aggression,stress_hedge_acceleration,stress_vix_divergence,stress_avg_10c
2026-08-24 18:19:01,VIX,15.85,6.8,0.0,0,29.0,0.0,0.0,14,15,0.0,29.0
2026-08-24 18:20:00,VIX,15.85,6.8,0.0,0,0.2,0.0,0.2,0.0,0.0,0.0,14.6
2026-08-24 18:21:00,VIX,15.85,6.8,0.0,0,0.1,0.0,0.1,0.0,0.0,0.0,9.8
2026-08-24 18:22:00,VIX,15.85,6.8,0.0,0,0.2,0.0,0.2,0.0,0.0,0.0,7.4
2026-08-24 18:23:00,VIX,15.85,6.8,0.0,0,0.1,0.0,0.1,0.0,0.0,0.0,5.9
2026-08-24 18:24:00,VIX,15.85,6.8,0.0,0,0.5,0.0,0.5,0.0,0.0,0.0,5.0
2026-08-24 18:25:00,VIX,15.85,6.8,0.0,0,0.1,0.0,0.1,0.0,0.0,0.0,4.3
2026-08-24 18:26:05,VIX,15.85,6.8,0.0,0,0.1,0.0,0.1,0.0,0.0,0.0,3.8
2026-08-24 18:27:00,VIX,15.85,6.8,0.0,0,0.1,0.0,0.1,0.0,0.0,0.0,3.3
2026-08-24 18:28:00,VIX,15.85,6.8,0.0,0,0.0,0.0,0.0,0.0,0.0,0.0,3.0
2026-08-24 18:29:00,VIX,15.85,6.8,0.0,0,0.4,0.0,0.4,0.0,0.0,0.0,0.2
2026-08-24 18:30:00,VIX,15.85,6.8,0.0,0,0.1,0.0,0.1,0.0,0.0,0.0,0.1
2026-08-24 18:31:00,VIX,15.85,6.8,0.0,0,0.1,0.0,0.1,0.0,0.0,0.0,0.1
2026-08-24 18:32:00,VIX,15.85,6.8,0.0,0,0.1,0.0,0.1,0.0,0.0,0.0,0.1
2026-08-24 18:33:00,VIX,15.85,6.8,0.0,0,0.0,0.0,0.0,0.0,0.0,0.0,0.1
2026-08-24 18:34:00,VIX,15.85,6.8,0.0,0,0.1,0.0,0.1,0.0,0.0,0.0,0.1
2026-08-24 18:35:00,VIX,15.85,6.8,0.0,0,0.5,0.0,0.5,0.0,0.0,0.0,0.1
2026-08-24 18:36:00,VIX,15.85,6.8,0.0,0,0.1,0.0,0.1,0.0,0.0,0.0,0.1
2026-08-24 18:37:00,VIX,15.85,6.8,0.0,0,0.3,0.0,0.3,0.0,0.0,0.0,0.2
2026-08-24 18:38:00,VIX,15.85,6.8,0.0,0,0.3,0.0,0.3,0.0,0.0,0.0,0.2
2026-08-24 18:39:00,VIX,15.85,6.8,0.0,0,0.1,0.0,0.1,0.0,0.0,0.0,0.1
2026-08-24 18:40:00,VIX,15.85,6.8,0.0,0,0.2,0.0,0.2,0.0,0.0,0.0,0.2
2026-08-24 18:41:00,VIX,15.85,6.8,0.0,0,0.1,0.0,0.1,0.0,0.0,0.0,0.2
2026-08-24 18:42:00,VIX,15.85,6.8,0.0,0,0.2,0.0,0.2,0.0,0.0,0.0,0.2
2026-08-24 18:43:00,VIX,15.85,6.8,0.0,0,0.1,0.0,0.1,0.0,0.0,0.0,0.2
2026-08-24 18:44:00,VIX,15.85,6.8,0.0,0,0.1,0.0,0.1,0.0,0.0,0.0,0.2
2026-08-24 18:45:00,VIX,15.85,6.8,0.0,0,0.1,0.0,0.1,0.0,0.0,0.0,0.1
2026-08-24 18:46:01,VIX,15.85,6.8,0.0,0,0.3,0.0,0.3,0.0,0.0,0.0,0.1
2026-08-24 18:47:00,VIX,15.85,6.8,0.0,0,0.3,0.0,0.3,0.0,0.0,0.0,0.1
2026-08-24 18:48:00,VIX,15.85,6.8,0.0,0,0.1,0.0,0.1,0.0,0.0,0.0,0.1
2026-08-24 18:49:00,VIX,15.85,6.8,0.0,0,0.1,0.0,0.1,0.0,0.0,0.0,0.1
2026-08-24 18:50:00,VIX,15.85,6.8,0.0,0,0.1,0.0,0.1,0.0,0.0,0.0,0.1
2026-08-24 18:51:00,VIX,15.85,6.8,0.0,0,0.5,0.0,0.5,0.0,0.0,0.0,0.1
2026-08-24 18:52:00,VIX,15.85,6.8,0.0,0,0.1,0.0,0.1,0.0,0.0,0.0,0.1
2026-08-24 18:53:00,VIX,15.85,6.8,0.0,0,0.0,0.0,0.0,0.0,0.0,0.0,0.1
2026-08-24 18:54:00,VIX,15.85,6.8,0.0,0,0.1,0.0,0.1,0.0,0.0,0.0,0.1
2026-08-24 18:55:00,VIX,15.85,6.8,0.0,0,0.0,0.0,0.0,0.0,0.0,0.0,0.1
2026-08-24 18:56:00,VIX,15.85,6.8,0.0,0,0.1,0.0,0.1,0.0,0.0,0.0,0.1
2026-08-24 18:57:00,VIX,15.85,6.8,0.0,0,0.2,0.0,0.2,0.0,0.0,0.0,0.1
2026-08-24 18:58:00,VIX,15.85,6.8,0.0,0,0.3,0.0,0.3,0.0,0.0,0.0,0.1
2026-08-24 18:59:00,VIX,15.85,6.8,0.0,0,0.1,0.0,0.1,0.0,0.0,0.0,0.1
2026-08-24 19:00:00,VIX,15.85,6.8,0.0,0,0.1,0.0,0.1,0.0,0.0,0.0,0.1
2026-08-24 19:01:00,VIX,15.85,6.8,0.0,0,0.1,0.0,0.1,0.0,0.0,0.0,0.1
2026-08-24 19:02:00,VIX,15.85,6.8,0.0,0,0.3,0.0,0.3,0.0,0.0,0.0,0.1
2026-08-24 19:03:00,VIX,15.85,6.8,0.0,0,0.1,0.0,0.1,0.0,0.0,0.0,0.1
2026-08-24 19:04:00,VIX,15.85,6.8,0.0,0,0.5,0.0,0.5,0.0,0.0,0.0,0.1
2026-08-24 19:05:00,VIX,15.85,6.8,0.0,0,0.1,0.0,0.1,0.0,0.0,0.0,0.1
2026-08-24 19:06:01,VIX,15.85,6.8,0.0,0,0.4,0.0,0.4,0.0,0.0,0.0,0.2
2026-08-24 19:07:00,VIX,15.85,6.8,0.0,0,0.1,0.0,0.1,0.0,0.0,0.0,0.2
2026-08-24 19:08:00,VIX,15.85,6.8,0.0,0,0.1,0.0,0.1,0.0,0.0,0.0,0.2
2026-08-24 19:09:00,VIX,15.85,6.8,0.0,0,0.3,0.0,0.3,0.0,0.0,0.0,0.2
2026-08-24 19:10:00,VIX,15.85,6.8,0.0,0,0.1,0.0,0.1,0.0,0.0,0.0,0.2
2026-08-24 19:11:01,VIX,15.85,6.8,0.0,0,0.3,0.0,0.3,0.0,0.0,0.0,0.2
2026-08-24 19:12:00,VIX,15.85,6.8,0.0,0,0.1,0.0,0.1,0.0,0.0,0.0,0.2
2026-08-24 19:13:00,VIX,15.85,6.8,0.0,0,0.3,0.0,0.3,0.0,0.0,0.0,0.2
2026-08-24 19:14:00,VIX,15.85,6.8,0.0,0,0.1,0.0,0.1,0.0,0.0,0.0,0.2
2026-08-24 19:15:01,VIX,15.85,6.8,0.0,0,0.2,0.0,0.2,0.0,0.0,0.0,0.2
2026-08-24 19:16:00,VIX,15.85,7.6,0.0,0,30.6,0.0,20,0.0,10.6,0.0,3.2
2026-08-24 19:17:00,VIX,15.85,7.6,0.0,0,20.4,0.0,20,0.0,0.4,0.0,5.2
2026-08-24 19:18:00,VIX,15.85,7.6,0.0,0,0.0,0.0,0.0,0.0,0.0,0.0,5.2
2026-08-24 19:19:00,VIX,15.85,7.6,0.0,0,20.0,0.0,20,0.0,0.0,0.0,7.2
2026-08-24 19:20:00,VIX,15.85,7.6,0.0,0,20.0,0.0,20,0.0,0.0,0.0,9.2
2026-08-24 19:21:00,VIX,15.85,7.6,0.0,0,1.2,0.0,1.2,0.0,0.0,0.0,9.3
2026-08-24 19:22:00,VIX,15.85,7.6,0.0,0,20.4,0.0,20,0.0,0.4,0.0,11.3
2026-08-24 19:23:00,VIX,15.85,7.6,0.0,0,0.0,0.0,0.0,0.0,0.0,0.0,11.3
2026-08-24 19:24:00,VIX,15.85,7.6,0.0,0,20.1,0.0,20,0.0,0.1,0.0,13.3
2026-08-24 19:25:00,VIX,15.85,7.6,0.0,0,0.0,0.0,0.0,0.0,0.0,0.0,13.3
2026-08-24 19:26:00,VIX,15.85,7.6,0.0,0,17.1,0.0,17.1,0.0,0.0,0.0,11.9
2026-08-24 19:27:00,VIX,15.85,7.6,0.0,0,1.2,0.0,1.2,0.0,0.0,0.0,10.0
2026-08-24 19:28:00,VIX,15.85,7.6,0.0,0,20.0,0.0,20,0.0,0.0,0.0,12.0
2026-08-24 19:29:00,VIX,15.85,7.6,0.0,0,0.3,0.0,0.3,0.0,0.0,0.0,10.0
2026-08-24 19:30:00,VIX,15.85,7.6,0.0,0,0.0,0.0,0.0,0.0,0.0,0.0,8.0
2026-08-24 19:31:00,VIX,15.85,7.6,0.0,0,0.4,0.0,0.4,0.0,0.0,0.0,8.0
2026-08-24 19:32:00,VIX,15.85,7.6,0.0,0,0.6,0.0,0.6,0.0,0.0,0.0,6.0
2026-08-24 19:33:00,VIX,15.85,7.6,0.0,0,0.0,0.0,0.0,0.0,0.0,0.0,6.0
2026-08-24 19:34:00,VIX,15.85,7.6,0.0,0,0.0,0.0,0.0,0.0,0.0,0.0,4.0
2026-08-24 19:35:00,VIX,15.85,7.6,0.0,0,0.1,0.0,0.1,0.0,0.0,0.0,4.0
2026-08-24 19:36:00,VIX,15.85,7.6,0.0,0,0.0,0.0,0.0,0.0,0.0,0.0,2.3
2026-08-24 19:37:00,VIX,15.85,7.6,0.0,0,0.0,0.0,0.0,0.0,0.0,0.0,2.1
2026-08-24 19:38:00,VIX,15.85,7.6,0.0,0,0.2,0.0,0.2,0.0,0.0,0.0,0.2
2026-08-24 19:39:00,VIX,15.85,7.6,0.0,0,0.0,0.0,0.0,0.0,0.0,0.0,0.1
2026-08-24 19:40:00,VIX,15.85,7.6,0.0,0,0.3,0.0,0.3,0.0,0.0,0.0,0.2
2026-08-24 19:41:00,VIX,15.85,7.6,0.0,0,0.0,0.0,0.0,0.0,0.0,0.0,0.1
2026-08-24 19:42:00,VIX,15.85,7.6,0.0,0,20.1,0.0,20,0.0,0.1,0.0,2.1
2026-08-24 19:43:00,VIX,15.85,7.6,0.0,0,20.0,0.0,20,0.0,0.0,0.0,4.1
2026-08-24 19:44:01,VIX,15.85,7.6,0.0,0,20.2,0.0,20,0.0,0.2,0.0,6.1
2026-08-24 19:45:00,VIX,15.85,7.6,0.0,0,3.4,0.0,3.4,0.0,0.0,0.0,6.4
2026-08-24 19:46:01,VIX,15.85,7.6,0.0,0,4.1,0.0,4.0,0.0,0.0,0.0,6.8
2026-08-24 19:47:00,VIX,15.85,7.6,0.0,0,0.0,0.0,0.0,0.0,0.0,0.0,6.8
2026-08-24 19:48:00,VIX,15.85,7.6,0.0,0,0.0,0.0,0.0,0.0,0.0,0.0,6.8
2026-08-24 19:49:00,VIX,15.85,7.6,0.0,0,0.1,0.0,0.1,0.0,0.0,0.0,6.8
2026-08-24 19:50:00,VIX,15.85,7.6,0.0,0,0.6,0.0,0.6,0.0,0.0,0.0,6.9
2026-08-24 19:51:00,VIX,15.85,7.6,0.0,0,2.1,0.0,2.0,0.0,0.1,0.0,7.1
2026-08-24 19:52:00,VIX,15.85,7.6,0.0,0,0.2,0.0,0.2,0.0,0.0,0.0,5.1
2026-08-24 19:53:00,VIX,15.85,7.6,0.0,0,0.0,0.0,0.0,0.0,0.0,0.0,3.1
2026-08-24 19:54:00,VIX,15.85,7.6,0.0,0,5.4,0.0,5.4,0.0,0.0,0.0,1.6
2026-08-24 19:55:00,VIX,15.85,7.6,0.0,0,0.0,0.0,0.0,0.0,0.0,0.0,1.3
2026-08-24 19:56:01,VIX,15.85,36.8,0.0,0,30.1,30,0.1,0.0,0.0,0.0,3.9
2026-08-24 19:57:01,VIX,15.85,36.8,0.0,0,30.0,30,0.0,0.0,0.0,0.0,6.9
2026-08-24 19:58:22,VIX,15.85,36.8,0.0,0,30.0,30,0.0,0.0,0.0,0.0,9.9
2026-08-24 19:59:13,VIX,15.85,36.8,0.0,0,30.3,30,0.3,0.0,0.0,0.0,12.9
2026-08-24 20:00:04,VIX,15.85,36.8,0.0,0,41.7,30,11.7,0.0,0.0,0.0,17.0
2026-08-24 20:01:02,VIX,15.85,62.6,0.0,0,50.0,30,20,0.0,0.0,0.0,21.8
2026-08-24 20:02:01,VIX,15.85,62.6,0.0,0,30.0,30,0.0,0.0,0.0,0.0,24.8
2026-08-24 20:03:02,VIX,15.85,62.6,0.0,0,30.4,30,0.4,0.0,0.0,0.0,27.8
2026-08-24 20:05:42,VIX,15.85,62.6,0.0,0,30.1,30,0.1,0.0,0.0,0.0,30.3
2026-08-24 20:07:09,VIX,15.85,62.6,0.0,0,36.4,30,6.3,0.0,0.0,0.0,33.9
2026-08-24 20:08:08,VIX,15.85,62.6,0.0,0,30.5,30,0.5,0.0,0.0,0.0,33.9
2026-08-24 20:09:01,VIX,15.85,62.6,0.0,0,30.0,30,0.0,0.0,0.0,0.0,33.9
2026-08-24 20:10:01,VIX,15.85,62.6,0.0,0,50.1,30,20,0.0,0.1,0.0,36.0
2026-08-24 20:11:00,VIX,15.85,62.6,0.0,0,50.1,30,20,0.0,0.1,0.0,37.9
2026-08-24 20:12:00,VIX,15.85,62.6,0.0,0,30.1,30,0.1,0.0,0.0,0.0,36.8
2026-08-24 20:13:01,VIX,15.85,62.6,0.0,0,50.0,30,20,0.0,0.0,0.0,36.8
2026-08-24 20:14:00,VIX,15.85,62.6,0.0,0,30.1,30,0.1,0.0,0.0,0.0,36.8
2026-08-24 20:15:00,VIX,15.85,62.6,0.0,0,30.0,30,0.0,0.0,0.0,0.0,36.7
2026-08-24 20:16:00,VIX,15.85,62.6,0.0,0,30.0,30,0.0,0.0,0.0,0.0,36.7
2026-08-24 20:17:00,VIX,15.85,62.6,0.0,0,30.2,30,0.2,0.0,0.0,0.0,36.1
2026-08-24 20:18:00,VIX,15.85,62.6,0.0,0,49.5,30,19.5,0.0,0.0,0.0,38.0
2026-08-24 20:19:00,VIX,15.85,62.6,0.0,0,30.6,30,0.6,0.0,0.0,0.0,38.1
2026-08-24 20:20:00,VIX,15.85,62.6,0.0,0,30.0,30,0.0,0.0,0.0,0.0,36.1
2026-08-24 20:21:01,VIX,15.85,62.6,0.0,0,50.0,30,20,0.0,0.0,0.0,36.1
2026-08-24 20:22:01,VIX,15.85,62.6,0.0,0,30.0,30,0.0,0.0,0.0,0.0,36.1
2026-08-24 20:23:00,VIX,15.85,62.6,0.0,0,30.2,30,0.2,0.0,0.0,0.0,34.1
2026-08-24 20:24:00,VIX,15.85,62.6,0.0,0,46.7,30,16.7,0.0,0.0,0.0,35.7
2026-08-24 20:25:00,VIX,15.85,62.6,0.0,0,35.5,30,5.4,0.0,0.1,0.0,36.3
2026-08-24 20:26:01,VIX,15.85,62.6,0.0,0,30.3,30,0.3,0.0,0.0,0.0,36.3
2026-08-24 20:27:00,VIX,15.85,62.6,0.0,0,50.0,30,20,0.0,0.0,0.0,38.3
2026-08-24 20:28:00,VIX,15.85,62.6,0.0,0,50.0,30,20,0.0,0.0,0.0,38.3
2026-08-24 20:29:00,VIX,15.85,62.6,0.0,0,37.8,30,7.8,0.0,0.1,0.0,39.1
2026-08-24 20:30:00,VIX,15.85,62.6,0.0,0,30.4,30,0.4,0.0,0.0,0.0,39.1
2026-08-24 20:31:01,VIX,15.85,62.6,0.0,0,50.1,30,20,0.0,0.1,0.0,39.1
2026-08-24 20:32:00,VIX,15.85,62.6,0.0,0,40.5,30,10.4,0.0,0.0,0.0,40.1
2026-08-24 20:33:00,VIX,15.85,62.6,0.0,0,50.0,30,20,0.0,0.0,0.0,42.1
2026-08-24 20:34:01,VIX,15.85,62.6,0.0,0,30.1,30,0.1,0.0,0.0,0.0,40.5
2026-08-24 20:35:01,VIX,15.85,62.6,0.0,0,30.0,30,0.0,0.0,0.0,0.0,39.9
2026-08-24 20:36:00,VIX,15.85,62.6,0.0,0,30.2,30,0.2,0.0,0.0,0.0,39.9
2026-08-24 20:37:00,VIX,15.85,62.6,0.0,0,50.0,30,20,0.0,0.0,0.0,39.9
2026-08-24 20:38:00,VIX,15.85,62.6,0.0,0,33.0,30,3.0,0.0,0.0,0.0,38.2
2026-08-24 20:39:00,VIX,15.85,62.6,0.0,0,30.3,30,0.3,0.0,0.0,0.0,37.5
2026-08-24 20:40:00,VIX,15.85,62.6,0.0,0,30.0,30,0.0,0.0,0.0,0.0,37.4
2026-08-24 20:41:00,VIX,15.85,62.6,0.0,0,30.6,30,0.6,0.0,0.0,0.0,35.5
2026-08-24 20:42:00,VIX,15.85,62.6,0.0,0,50.0,30,20,0.0,0.0,0.0,36.4
2026-08-24 20:43:00,VIX,15.85,62.6,0.0,0,38.4,30,8.4,0.0,0.0,0.0,35.3
2026-08-24 20:44:00,VIX,15.85,62.6,0.0,0,30.0,30,0.0,0.0,0.0,0.0,35.3
2026-08-24 20:45:00,VIX,15.85,62.6,0.0,0,39.7,30,9.7,0.0,0.0,0.0,36.2
2026-08-24 20:46:01,VIX,15.85,62.6,0.0,0,30.4,30,0.4,0.0,0.0,0.0,36.3
2026-08-24 20:47:01,VIX,15.85,62.6,0.0,0,30.0,30,0.0,0.0,0.0,0.0,34.3
2026-08-24 20:48:01,VIX,15.85,62.6,0.0,0,39.2,30,9.2,0.0,0.0,0.0,34.9
2026-08-24 20:49:00,VIX,15.85,62.6,0.0,0,30.0,30,0.0,0.0,0.0,0.0,34.9
2026-08-24 20:50:00,VIX,15.85,62.6,0.0,0,30.1,30,0.1,0.0,0.0,0.0,34.9
2026-08-24 20:51:00,VIX,15.85,62.6,0.0,0,36.5,30,6.5,0.0,0.0,0.0,35.4
2026-08-24 20:52:00,VIX,15.85,62.6,0.0,0,30.2,30,0.2,0.0,0.0,0.0,33.5
2026-08-24 20:53:00,VIX,15.85,62.6,0.0,0,30.0,30,0.0,0.0,0.0,0.0,32.6
2026-08-24 20:54:00,VIX,15.85,62.6,0.0,0,42.9,30,12.9,0.0,0.0,0.0,33.9
2026-08-24 20:55:01,VIX,15.85,62.6,0.0,0,30.1,30,0.1,0.0,0.0,0.0,32.9
2026-08-24 20:56:01,VIX,15.85,62.6,0.0,0,39.4,30,9.4,0.0,0.0,0.0,33.8
2026-08-24 20:57:00,VIX,15.85,62.6,0.0,0,30.7,30,0.7,0.0,0.0,0.0,33.9
2026-08-24 20:58:00,VIX,15.85,62.6,0.0,0,36.5,30,6.5,0.0,0.0,0.0,33.6
2026-08-24 20:59:00,VIX,15.85,62.6,0.0,0,42.4,30,12.4,0.0,0.0,0.0,34.9
2026-08-24 21:00:00,VIX,15.85,62.6,0.0,0,30.1,30,0.1,0.0,0.0,0.0,34.9
2026-08-24 21:01:00,VIX,15.85,62.6,0.0,0,41.9,30,11.9,0.0,0.0,0.0,35.4
2026-08-24 21:02:00,VIX,15.85,62.6,0.0,0,30.0,30,0.0,0.0,0.0,0.0,35.4
2026-08-24 21:03:00,VIX,15.85,62.6,0.0,0,39.1,30,9.1,0.0,0.0,0.0,36.3
2026-08-24 21:04:00,VIX,15.85,62.6,0.0,0,38.9,30,8.9,0.0,0.0,0.0,35.9
2026-08-24 21:05:01,VIX,15.85,62.6,0.0,0,30.0,30,0.0,0.0,0.0,0.0,35.9
2026-08-24 21:06:01,VIX,15.85,62.6,0.0,0,42.1,30,12.1,0.0,0.0,0.0,36.2
2026-08-24 21:07:00,VIX,15.85,62.6,0.0,0,50.0,30,20,0.0,0.0,0.0,38.1
2026-08-24 21:08:00,VIX,15.85,62.6,0.0,0,32.6,30,2.6,0.0,0.0,0.0,37.7
2026-08-24 21:09:01,VIX,15.85,62.6,0.0,0,30.0,30,0.0,0.0,0.0,0.0,36.5
2026-08-24 21:10:01,VIX,15.85,62.6,0.0,0,36.8,30,6.8,0.0,0.0,0.0,37.2
2026-08-24 21:11:00,VIX,15.85,62.6,0.0,0,30.0,30,0.0,0.0,0.0,0.0,36.0
2026-08-24 21:12:01,VIX,15.85,62.6,0.0,0,30.6,30,0.6,0.0,0.0,0.0,36.0
2026-08-24 21:13:00,VIX,15.85,62.6,0.0,0,30.5,30,0.5,0.0,0.0,0.0,35.2
2026-08-24 21:14:01,VIX,15.85,62.6,0.0,0,30.0,30,0.0,0.0,0.0,0.0,34.3
2026-08-24 21:15:00,VIX,15.85,62.6,0.0,0,50.1,30,20,0.0,0.1,0.0,36.3
2026-08-24 21:16:01,VIX,15.85,62.6,0.0,0,30.0,30,0.0,0.0,0.0,0.0,35.1
2026-08-24 21:17:00,VIX,15.85,62.6,0.0,0,30.1,30,0.1,0.0,0.0,0.0,33.1
2026-08-24 21:18:00,VIX,15.85,62.6,0.0,0,32.8,30,2.8,0.0,0.0,0.0,33.1
2026-08-24 21:19:00,VIX,15.85,62.6,0.0,0,50.1,30,20,0.0,0.1,0.0,35.1
2026-08-24 21:20:01,VIX,15.85,62.6,0.0,0,33.0,30,3.0,0.0,0.0,0.0,34.7
2026-08-24 21:21:00,VIX,15.85,62.6,0.0,0,50.1,30,20,0.0,0.1,0.0,36.7
2026-08-24 21:22:00,VIX,15.85,62.6,0.0,0,30.5,30,0.5,0.0,0.0,0.0,36.7
2026-08-24 21:23:00,VIX,15.85,62.6,0.0,0,30.0,30,0.0,0.0,0.0,0.0,36.7
2026-08-24 21:24:00,VIX,15.85,62.6,0.0,0,30.2,30,0.2,0.0,0.0,0.0,36.7
2026-08-24 21:25:01,VIX,15.85,62.6,0.0,0,50.1,30,20,0.0,0.1,0.0,36.7
2026-08-24 21:26:00,VIX,15.85,62.6,0.0,0,46.5,30,16.4,0.0,0.0,0.0,38.3
2026-08-24 21:27:00,VIX,15.85,62.6,0.0,0,30.0,30,0.0,0.0,0.0,0.0,38.3
2026-08-24 21:28:00,VIX,15.85,62.6,0.0,0,40.5,30,10.5,0.0,0.0,0.0,39.1
2026-08-24 21:29:00,VIX,15.85,62.6,0.0,0,50.0,30,20,0.0,0.0,0.0,39.1
2026-08-24 21:30:00,VIX,15.85,62.6,0.0,0,43.6,30,13.5,0.0,0.0,0.0,40.2
2026-08-24 21:31:01,VIX,15.85,62.6,0.0,0,50.0,30,20,0.0,0.0,0.0,40.1
2026-08-24 21:32:00,VIX,15.85,62.6,0.0,0,50.1,30,20,0.0,0.1,0.0,42.1
2026-08-24 21:33:01,VIX,15.85,62.6,0.0,0,42.8,30,12.8,0.0,0.0,0.0,43.4
2026-08-24 21:34:01,VIX,15.85,62.6,0.0,0,50.1,30,20,0.0,0.1,0.0,45.4
2026-08-24 21:35:00,VIX,15.85,62.6,0.0,0,50.1,30,20,0.0,0.1,0.0,45.4
2026-08-24 21:36:01,VIX,15.85,62.6,0.0,0,50.1,30,20,0.0,0.1,0.0,45.7
2026-08-24 21:37:00,VIX,15.85,62.6,0.0,0,37.1,30,7.1,0.0,0.1,0.0,46.4
2026-08-24 21:38:01,VIX,15.85,62.6,0.0,0,38.7,30,8.7,0.0,0.0,0.0,46.3
2026-08-24 21:39:00,VIX,15.85,62.6,0.0,0,40.5,30,10.5,0.0,0.0,0.0,45.3
2026-08-24 21:40:00,VIX,15.85,62.6,0.0,0,30.3,30,0.3,0.0,0.0,0.0,44.0
2026-08-24 21:41:00,VIX,15.85,62.6,0.0,0,30.0,30,0.0,0.0,0.0,0.0,42.0
2026-08-24 21:42:00,VIX,15.85,62.6,0.0,0,30.7,30,0.7,0.0,0.0,0.0,40.0
2026-08-24 21:43:01,VIX,15.85,62.6,0.0,0,50.0,30,20,0.0,0.0,0.0,40.8
2026-08-24 21:44:00,VIX,15.85,62.6,0.0,0,42.0,30,12.0,0.0,0.0,0.0,40.0
2026-08-24 21:45:00,VIX,15.85,62.6,0.0,0,46.7,30,16.7,0.0,0.0,0.0,39.6
2026-08-24 21:46:00,VIX,15.85,62.6,0.0,0,32.8,30,2.8,0.0,0.0,0.0,37.9
2026-08-24 21:47:01,VIX,15.85,62.6,0.0,0,40.2,30,10.1,0.0,0.0,0.0,38.2
2026-08-24 21:48:01,VIX,15.85,62.6,0.0,0,30.2,30,0.2,0.0,0.0,0.0,37.4
2026-08-24 21:49:01,VIX,15.85,62.6,0.0,0,30.0,30,0.0,0.0,0.0,0.0,36.3
2026-08-24 21:50:00,VIX,15.85,62.6,0.0,0,30.0,30,0.0,0.0,0.0,0.0,36.3
2026-08-24 21:51:00,VIX,15.85,62.6,0.0,0,30.0,30,0.0,0.0,0.0,0.0,36.3
2026-08-24 21:52:01,VIX,15.85,62.6,0.0,0,30.0,30,0.0,0.0,0.0,0.0,36.2
2026-08-24 21:53:00,VIX,15.85,62.6,0.0,0,30.3,30,0.3,0.0,0.0,0.0,34.2
2026-08-24 21:54:00,VIX,15.85,62.6,0.0,0,30.0,30,0.0,0.0,0.0,0.0,33.0
2026-08-24 21:55:00,VIX,15.85,62.6,0.0,0,30.2,30,0.2,0.0,0.0,0.0,31.4
2026-08-24 21:56:00,VIX,15.85,62.6,0.0,0,30.0,30,0.0,0.0,0.0,0.0,31.1
2026-08-24 21:57:00,VIX,15.85,62.6,0.0,0,50.2,30,20,0.0,0.2,0.0,32.1
2026-08-24 21:58:00,VIX,15.85,62.6,0.0,0,30.5,30,0.5,0.0,0.0,0.0,32.1
2026-08-24 21:59:00,VIX,15.85,62.6,0.0,0,30.0,30,0.0,0.0,0.0,0.0,32.1
2026-08-24 22:00:00,VIX,15.85,62.6,0.0,0,30.1,30,0.1,0.0,0.0,0.0,32.1
2026-08-24 22:01:00,VIX,15.85,62.6,0.0,0,30.0,30,0.0,0.0,0.0,0.0,32.1
2026-08-24 22:02:01,VIX,15.85,62.6,0.0,0,30.3,30,0.3,0.0,0.0,0.0,32.2
2026-08-24 22:03:01,VIX,15.85,62.6,0.0,0,50.2,30,20,0.0,0.2,0.0,34.2
2026-08-24 22:04:01,VIX,15.85,62.6,0.0,0,30.0,30,0.0,0.0,0.0,0.0,34.2
2026-08-24 22:05:00,VIX,15.85,62.6,0.0,0,30.3,30,0.3,0.0,0.0,0.0,34.2
2026-08-24 22:06:01,VIX,15.85,62.6,0.0,0,30.0,30,0.0,0.0,0.0,0.0,34.2
2026-08-24 22:07:01,VIX,15.85,62.6,0.0,0,50.0,30,20,0.0,0.0,0.0,34.1
2026-08-24 22:08:01,VIX,15.85,62.6,0.0,0,41.6,30,11.6,0.0,0.0,0.0,35.3
2026-08-24 22:09:00,VIX,15.85,62.6,0.0,0,32.6,30,2.6,0.0,0.0,0.0,35.5
2026-08-24 22:10:01,VIX,15.85,62.6,0.0,0,50.4,30,20,0.0,0.4,0.0,37.5
2026-08-24 22:11:00,VIX,15.85,62.6,0.0,0,36.0,30,6.0,0.0,0.0,0.0,38.1
2026-08-24 22:12:01,VIX,15.85,62.6,0.0,0,30.6,30,0.6,0.0,0.0,0.0,38.2
2026-08-24 22:13:01,VIX,15.85,62.6,0.0,0,30.0,30,0.0,0.0,0.0,0.0,36.2
2026-08-24 22:14:00,VIX,15.85,62.6,0.0,0,43.3,30,13.3,0.0,0.0,0.0,37.5
2026-08-24 22:15:00,VIX,15.85,62.6,0.0,0,30.0,30,0.0,0.0,0.0,0.0,37.5
2026-08-24 22:16:01,VIX,15.85,62.6,0.0,0,30.1,30,0.1,0.0,0.0,0.0,37.5
2026-08-24 22:17:00,VIX,15.85,62.6,0.0,0,47.5,30,17.5,0.0,0.0,0.0,37.2
2026-08-24 22:18:00,VIX,15.85,62.6,0.0,0,47.3,30,17.3,0.0,0.0,0.0,37.8
2026-08-24 22:19:00,VIX,15.85,62.6,0.0,0,47.3,30,17.3,0.0,0.0,0.0,39.3
2026-08-24 22:20:00,VIX,15.85,62.6,0.0,0,41.7,30,11.7,0.0,0.0,0.0,38.4
2026-08-24 22:21:00,VIX,15.85,62.6,0.0,0,47.3,30,17.3,0.0,0.0,0.0,39.5
2026-08-24 22:22:00,VIX,15.85,62.6,0.0,0,47.4,30,17.4,0.0,0.0,0.0,41.2
2026-08-24 22:23:00,VIX,15.85,62.6,0.0,0,30.2,30,0.2,0.0,0.0,0.0,41.2
2026-08-24 22:24:00,VIX,15.85,62.6,0.0,0,47.4,30,17.4,0.0,0.0,0.0,41.6
2026-08-24 22:25:00,VIX,15.85,62.6,0.0,0,30.0,30,0.0,0.0,0.0,0.0,41.6
2026-08-24 22:26:00,VIX,15.85,62.6,0.0,0,47.4,30,17.4,0.0,0.0,0.0,43.4
2026-08-24 22:27:00,VIX,15.85,62.6,0.0,0,30.0,30,0.0,0.0,0.0,0.0,41.6
2026-08-24 22:28:00,VIX,15.85,62.6,0.0,0,47.4,30,17.4,0.0,0.0,0.0,41.6
2026-08-24 22:29:00,VIX,15.85,62.6,0.0,0,47.4,30,17.4,0.0,0.0,0.0,41.6
2026-08-24 22:30:00,VIX,15.85,62.6,0.0,0,30.1,30,0.1,0.0,0.0,0.0,40.5
2026-08-24 22:31:00,VIX,15.85,62.6,0.0,0,30.0,30,0.0,0.0,0.0,0.0,38.7
2026-08-24 22:32:00,VIX,15.85,62.6,0.0,0,47.4,30,17.4,0.0,0.0,0.0,38.8
2026-08-24 22:33:01,VIX,15.85,62.6,0.0,0,47.2,30,17.2,0.0,0.0,0.0,40.4
2026-08-24 22:34:00,VIX,15.85,62.6,0.0,0,30.0,30,0.0,0.0,0.0,0.0,38.7
2026-08-24 22:35:00,VIX,15.85,62.6,0.0,0,30.1,30,0.1,0.0,0.0,0.0,38.7
2026-08-24 22:36:01,VIX,15.85,62.6,0.0,0,50.0,30,20,0.0,0.0,0.0,39.0
2026-08-24 22:37:00,VIX,15.85,62.6,0.0,0,30.2,30,0.2,0.0,0.0,0.0,39.0
2026-08-24 22:38:00,VIX,15.85,62.6,0.0,0,30.0,30,0.0,0.0,0.0,0.0,37.2
2026-08-24 22:39:01,VIX,15.85,62.6,0.0,0,48.4,30,18.4,0.0,0.0,0.0,37.4
2026-08-24 22:40:01,VIX,15.85,62.6,0.0,0,47.4,30,17.4,0.0,0.0,0.0,39.1
2026-08-24 22:41:00,VIX,15.85,62.6,0.0,0,30.8,30,0.8,0.0,0.0,0.0,39.2
2026-08-24 22:42:00,VIX,15.85,62.6,0.0,0,30.2,30,0.2,0.0,0.0,0.0,37.4
2026-08-24 22:43:00,VIX,15.85,62.6,0.0,0,30.0,30,0.0,0.0,0.0,0.0,35.7
2026-08-24 22:44:00,VIX,15.85,62.6,0.0,0,30.3,30,0.3,0.0,0.0,0.0,35.7
2026-08-24 22:45:00,VIX,15.85,62.6,0.0,0,30.0,30,0.0,0.0,0.0,0.0,35.7
2026-08-24 22:46:00,VIX,15.85,62.6,0.0,0,46.5,30,16.5,0.0,0.0,0.0,35.4
2026-08-24 22:47:00,VIX,15.85,62.6,0.0,0,30.0,30,0.0,0.0,0.0,0.0,35.4
2026-08-24 22:48:00,VIX,15.85,62.6,0.0,0,50.1,30,20,0.0,0.1,0.0,37.4
2026-08-24 22:49:01,VIX,15.85,62.6,0.0,0,30.0,30,0.0,0.0,0.0,0.0,35.5
2026-08-24 22:50:00,VIX,15.85,62.6,0.0,0,30.0,30,0.0,0.0,0.0,0.0,33.8
2026-08-24 22:51:00,VIX,15.85,62.6,0.0,0,38.8,30,8.8,0.0,0.0,0.0,34.6
2026-08-24 22:52:01,VIX,15.85,62.6,0.0,0,30.1,30,0.1,0.0,0.0,0.0,34.6
2026-08-24 22:53:00,VIX,15.85,62.6,0.0,0,30.0,30,0.0,0.0,0.0,0.0,34.6
2026-08-24 22:54:01,VIX,15.85,62.6,0.0,0,30.0,30,0.0,0.0,0.0,0.0,34.6
2026-08-24 22:55:01,VIX,15.85,62.6,0.0,0,30.1,30,0.1,0.0,0.0,0.0,34.6
2026-08-24 22:56:00,VIX,15.85,62.6,0.0,0,30.2,30,0.2,0.0,0.0,0.0,32.9
2026-08-24 22:57:00,VIX,15.85,62.6,0.0,0,30.0,30,0.0,0.0,0.0,0.0,32.9
2026-08-24 22:58:00,VIX,15.85,62.6,0.0,0,50.1,30,20,0.0,0.1,0.0,32.9
2026-08-24 22:59:00,VIX,15.85,62.6,0.0,0,47.4,30,17.4,0.0,0.0,0.0,34.7
2026-08-24 23:00:00,VIX,15.85,62.6,0.0,0,47.6,30,17.6,0.0,0.0,0.0,36.4
2026-08-24 23:01:01,VIX,15.85,62.6,0.0,0,41.4,30,11.4,0.0,0.0,0.0,36.7
2026-08-24 23:02:00,VIX,15.85,62.6,0.0,0,47.7,30,17.7,0.0,0.0,0.0,38.5
2026-08-24 23:03:00,VIX,15.85,62.6,0.0,0,50.1,30,20,0.0,0.1,0.0,40.5
2026-08-24 23:04:00,VIX,15.85,62.6,0.0,0,34.0,30,4.0,0.0,0.0,0.0,40.9
2026-08-24 23:05:01,VIX,15.85,62.6,0.0,0,33.9,30,3.9,0.0,0.0,0.0,41.3
2026-08-24 23:06:00,VIX,15.85,62.6,0.0,0,30.0,30,0.0,0.0,0.0,0.0,41.2
2026-08-24 23:07:01,VIX,15.85,62.6,0.0,0,30.4,30,0.4,0.0,0.0,0.0,41.3
2026-08-24 23:08:01,VIX,15.85,62.6,0.0,0,30.0,30,0.0,0.0,0.0,0.0,39.3
2026-08-24 23:09:00,VIX,15.85,62.6,0.0,0,30.3,30,0.3,0.0,0.0,0.0,37.6
2026-08-24 23:10:01,VIX,15.85,62.6,0.0,0,30.1,30,0.1,0.0,0.0,0.0,35.8
2026-08-24 23:11:00,VIX,15.85,62.6,0.0,0,30.0,30,0.0,0.0,0.0,0.0,34.7
2026-08-24 23:12:01,VIX,15.85,62.6,0.0,0,30.2,30,0.2,0.0,0.0,0.0,32.9
2026-08-24 23:13:01,VIX,15.85,62.6,0.0,0,30.0,30,0.0,0.0,0.0,0.0,30.9
2026-08-24 23:14:01,VIX,15.85,62.6,0.0,0,30.1,30,0.1,0.0,0.0,0.0,30.5
2026-08-24 23:15:01,VIX,15.85,62.6,0.0,0,30.0,30,0.0,0.0,0.0,0.0,30.1
2026-08-24 23:16:01,VIX,15.85,62.6,0.0,0,30.1,30,0.1,0.0,0.0,0.0,30.1
2026-08-24 23:17:01,VIX,15.85,62.6,0.0,0,30.0,30,0.0,0.0,0.0,0.0,30.1
2026-08-24 23:18:01,VIX,15.85,62.6,0.0,0,30.3,30,0.3,0.0,0.0,0.0,30.1
2026-08-24 23:19:01,VIX,15.85,62.6,0.0,0,30.1,30,0.1,0.0,0.0,0.0,30.1
2026-08-24 23:20:01,VIX,15.85,62.6,0.0,0,30.0,30,0.0,0.0,0.0,0.0,30.1
2026-08-24 23:21:01,VIX,15.85,62.6,0.0,0,30.5,30,0.5,0.0,0.0,0.0,30.1
2026-08-24 23:22:01,VIX,15.85,62.6,0.0,0,32.9,30,2.9,0.0,0.0,0.0,30.4
2026-08-24 23:23:01,VIX,15.85,62.6,0.0,0,30.7,30,0.7,0.0,0.0,0.0,30.5
2026-08-24 23:24:01,VIX,15.85,62.6,0.0,0,30.0,30,0.0,0.0,0.0,0.0,30.5
2026-08-24 23:25:01,VIX,15.85,62.6,0.0,0,30.1,30,0.1,0.0,0.0,0.0,30.5
2026-08-24 23:26:01,VIX,15.85,62.6,0.0,0,30.1,30,0.1,0.0,0.0,0.0,30.5
2026-08-24 23:27:01,VIX,15.85,62.6,0.0,0,30.2,30,0.2,0.0,0.0,0.0,30.5
2026-08-24 23:28:01,VIX,15.85,62.6,0.0,0,30.2,30,0.2,0.0,0.0,0.0,30.5
2026-08-24 23:29:01,VIX,15.85,62.6,0.0,0,42.4,30,12.3,0.0,0.1,0.0,31.7
2026-08-24 23:30:01,VIX,15.85,62.6,0.0,0,30.1,30,0.1,0.0,0.0,0.0,31.7
2026-08-24 23:31:01,VIX,15.85,62.6,0.0,0,30.0,30,0.0,0.0,0.0,0.0,31.7
2026-08-24 23:32:01,VIX,15.85,87.6,0.0,0,30.1,30,0.1,0.0,0.0,0.0,31.4
2026-08-24 23:33:01,VIX,15.85,87.6,0.0,0,31.2,30,1.2,0.0,0.0,0.0,31.4
2026-08-24 23:34:01,VIX,15.85,87.6,0.0,0,30.1,30,0.1,0.0,0.0,0.0,31.5
2026-08-24 23:35:01,VIX,15.85,87.6,0.0,0,30.1,30,0.1,0.0,0.0,0.0,31.4
2026-08-24 23:36:01,VIX,15.85,87.6,0.0,0,30.2,30,0.2,0.0,0.0,0.0,31.5
2026-08-24 23:37:01,VIX,15.85,87.6,0.0,0,30.2,30,0.2,0.0,0.0,0.0,31.5
2026-08-24 23:38:01,VIX,15.85,87.6,0.0,0,33.5,30,3.5,0.0,0.0,0.0,31.8
2026-08-24 23:39:01,VIX,15.85,87.6,0.0,0,30.1,30,0.1,0.0,0.0,0.0,30.6
2026-08-24 23:40:01,VIX,15.85,87.6,0.0,0,30.0,30,0.0,0.0,0.0,0.0,30.6
2026-08-24 23:41:01,VIX,15.85,87.6,0.0,0,30.2,30,0.2,0.0,0.0,0.0,30.6
2026-08-24 23:42:01,VIX,15.85,87.6,0.0,0,50.1,30,20,0.0,0.1,0.0,32.6
2026-08-24 23:43:01,VIX,15.85,87.6,0.0,0,40.2,30,10.2,0.0,0.0,0.0,33.5
2026-08-24 23:44:01,VIX,15.85,87.6,0.0,0,30.3,30,0.3,0.0,0.0,0.0,33.5
2026-08-24 23:45:01,VIX,15.85,87.6,0.0,0,50.1,30,20,0.0,0.1,0.0,35.5
2026-08-24 23:46:01,VIX,15.85,87.6,0.0,0,50.8,30,20,0.0,0.8,0.0,37.6
2026-08-24 23:47:01,VIX,15.85,87.6,0.0,0,50.8,30,20,0.0,0.8,0.0,39.6
2026-08-24 23:48:01,VIX,15.85,87.6,0.0,0,50.0,30,20,0.0,0.0,0.0,41.3
2026-08-24 23:49:01,VIX,15.85,87.6,0.0,0,30.0,30,0.0,0.0,0.0,0.0,41.3
2026-08-24 23:50:01,VIX,15.85,87.6,0.0,0,30.1,30,0.1,0.0,0.0,0.0,41.3
2026-08-24 23:51:01,VIX,15.85,87.6,0.0,0,50.1,30,20,0.0,0.1,0.0,43.2
2026-08-24 23:52:01,VIX,15.85,87.6,0.0,0,30.0,30,0.0,0.0,0.0,0.0,41.2
2026-08-24 23:53:01,VIX,15.85,87.6,0.0,0,47.5,30,17.5,0.0,0.0,0.0,42.0
2026-08-24 23:54:01,VIX,15.85,87.6,0.0,0,30.0,30,0.0,0.0,0.0,0.0,41.9
2026-08-24 23:55:01,VIX,15.85,87.6,0.0,0,30.1,30,0.1,0.0,0.0,0.0,39.9
2026-08-24 23:56:01,VIX,15.85,87.6,0.0,0,30.1,30,0.1,0.0,0.0,0.0,37.9
2026-08-24 23:57:01,VIX,15.85,87.6,0.0,0,30.2,30,0.2,0.0,0.0,0.0,35.8
2026-08-24 23:58:01,VIX,15.85,87.6,0.0,0,30.0,30,0.0,0.0,0.0,0.0,33.8
2026-08-24 23:59:01,VIX,15.85,87.6,0.0,0,30.3,30,0.3,0.0,0.0,0.0,33.8
2026-08-25 00:01:01,VIX,15.85,7.6,0.0,0,15.0,0.0,0.0,0.0,15,0.0,15.0
2026-08-25 00:02:01,VIX,15.85,7.6,0.0,0,20.2,0.0,20,0.0,0.2,0.0,17.6
2026-08-25 00:03:01,VIX,15.85,7.6,0.0,0,0.0,0.0,0.0,0.0,0.0,0.0,11.7
2026-08-25 00:04:01,VIX,15.85,7.6,0.0,0,0.1,0.0,0.1,0.0,0.0,0.0,8.8
2026-08-25 00:05:01,VIX,15.85,7.6,0.0,0,0.1,0.0,0.1,0.0,0.0,0.0,7.1
2026-08-25 00:06:01,VIX,15.85,7.6,0.0,0,0.0,0.0,0.0,0.0,0.0,0.0,5.9
2026-08-25 00:07:01,VIX,15.85,7.6,0.0,0,0.3,0.0,0.3,0.0,0.0,0.0,5.1
2026-08-25 00:08:01,VIX,15.85,7.6,0.0,0,0.0,0.0,0.0,0.0,0.0,0.0,4.5
2026-08-25 00:09:01,VIX,15.85,7.6,0.0,0,0.5,0.0,0.5,0.0,0.0,0.0,4.0
2026-08-25 00:10:01,VIX,15.85,7.6,0.0,0,0.1,0.0,0.1,0.0,0.0,0.0,3.6
2026-08-25 00:11:01,VIX,15.85,7.6,0.0,0,0.0,0.0,0.0,0.0,0.0,0.0,2.1
2026-08-25 00:12:01,VIX,15.85,7.6,0.0,0,0.1,0.0,0.1,0.0,0.0,0.0,0.1
2026-08-25 00:13:01,VIX,15.85,7.6,0.0,0,0.2,0.0,0.2,0.0,0.0,0.0,0.2
2026-08-25 00:14:01,VIX,15.85,7.6,0.0,0,0.1,0.0,0.1,0.0,0.0,0.0,0.1
2026-08-25 00:15:01,VIX,15.85,7.6,0.0,0,0.0,0.0,0.0,0.0,0.0,0.0,0.1
2026-08-25 00:16:01,VIX,15.85,7.6,0.0,0,0.1,0.0,0.1,0.0,0.0,0.0,0.1
2026-08-25 00:17:01,VIX,15.85,7.6,0.0,0,0.0,0.0,0.0,0.0,0.0,0.0,0.1
2026-08-25 00:18:01,VIX,15.85,7.6,0.0,0,0.0,0.0,0.0,0.0,0.0,0.0,0.1
2026-08-25 00:19:01,VIX,15.85,7.6,0.0,0,0.0,0.0,0.0,0.0,0.0,0.0,0.1
2026-08-25 00:20:01,VIX,15.85,7.6,0.0,0,0.1,0.0,0.1,0.0,0.0,0.0,0.1
2026-08-25 00:21:01,VIX,15.85,7.6,0.0,0,0.6,0.0,0.6,0.0,0.0,0.0,0.1
2026-08-25 00:22:01,VIX,15.85,7.6,0.0,0,0.1,0.0,0.1,0.0,0.0,0.0,0.1
2026-08-25 00:23:01,VIX,15.85,7.6,0.0,0,0.2,0.0,0.2,0.0,0.0,0.0,0.1
2026-08-25 00:24:01,VIX,15.85,7.6,0.0,0,0.0,0.0,0.0,0.0,0.0,0.0,0.1
2026-08-25 00:25:01,VIX,15.85,7.6,0.0,0,0.2,0.0,0.2,0.0,0.0,0.0,0.1
2026-08-25 00:26:01,VIX,15.85,7.6,0.0,0,0.0,0.0,0.0,0.0,0.0,0.0,0.1
2026-08-25 00:27:01,VIX,15.85,7.6,0.0,0,0.0,0.0,0.0,0.0,0.0,0.0,0.1
2026-08-25 00:28:01,VIX,15.85,7.6,0.0,0,0.2,0.0,0.2,0.0,0.0,0.0,0.1
2026-08-25 00:29:01,VIX,15.85,7.6,0.0,0,0.0,0.0,0.0,0.0,0.0,0.0,0.1
2026-08-25 00:30:01,VIX,15.85,7.6,0.0,0,0.1,0.0,0.1,0.0,0.0,0.0,0.1
2026-08-25 00:31:01,VIX,15.85,7.6,0.0,0,0.0,0.0,0.0,0.0,0.0,0.0,0.1
2026-08-25 00:32:01,VIX,15.85,7.6,0.0,0,0.2,0.0,0.2,0.0,0.0,0.0,0.1
2026-08-25 00:33:01,VIX,15.85,7.6,0.0,0,0.0,0.0,0.0,0.0,0.0,0.0,0.1
2026-08-25 00:34:01,VIX,15.85,7.6,0.0,0,0.1,0.0,0.1,0.0,0.0,0.0,0.1
2026-08-25 00:35:01,VIX,15.85,7.6,0.0,0,0.2,0.0,0.2,0.0,0.0,0.0,0.1
2026-08-25 00:36:01,VIX,15.85,7.6,0.0,0,0.0,0.0,0.0,0.0,0.0,0.0,0.1
2026-08-25 00:37:01,VIX,15.85,7.6,0.0,0,0.2,0.0,0.2,0.0,0.0,0.0,0.1
2026-08-25 00:38:01,VIX,15.85,7.6,0.0,0,0.0,0.0,0.0,0.0,0.0,0.0,0.1
2026-08-25 00:39:01,VIX,15.85,7.6,0.0,0,0.2,0.0,0.2,0.0,0.0,0.0,0.1
2026-08-25 00:40:01,VIX,15.85,7.6,0.0,0,0.0,0.0,0.0,0.0,0.0,0.0,0.1
2026-08-25 00:41:01,VIX,15.85,7.6,0.0,0,0.3,0.0,0.3,0.0,0.0,0.0,0.1
2026-08-25 00:42:01,VIX,15.85,7.6,0.0,0,0.4,0.0,0.4,0.0,0.0,0.0,0.1
2026-08-25 00:43:01,VIX,15.85,7.6,0.0,0,0.0,0.0,0.0,0.0,0.0,0.0,0.1
2026-08-25 00:44:01,VIX,15.85,7.6,0.0,0,0.3,0.0,0.3,0.0,0.0,0.0,0.2
2026-08-25 00:45:01,VIX,15.85,7.6,0.0,0,0.0,0.0,0.0,0.0,0.0,0.0,0.2
2026-08-25 00:46:01,VIX,15.85,7.6,0.0,0,0.0,0.0,0.0,0.0,0.0,0.0,0.2
2026-08-25 00:47:01,VIX,15.85,7.6,0.0,0,0.1,0.0,0.1,0.0,0.0,0.0,0.1
2026-08-25 00:48:01,VIX,15.85,7.6,0.0,0,20.0,0.0,20,0.0,0.0,0.0,2.1
2026-08-25 00:49:01,VIX,15.85,7.6,0.0,0,3.5,0.0,3.5,0.0,0.0,0.0,2.5
2026-08-25 00:50:01,VIX,15.85,7.6,0.0,0,20.0,0.0,20,0.0,0.0,0.0,4.5
2026-08-25 00:51:01,VIX,15.85,7.6,0.0,0,0.3,0.0,0.3,0.0,0.0,0.0,4.5
2026-08-25 00:52:01,VIX,15.85,7.6,0.0,0,0.1,0.0,0.1,0.0,0.0,0.0,4.4
2026-08-25 00:53:01,VIX,15.85,7.6,0.0,0,0.1,0.0,0.1,0.0,0.0,0.0,4.4
2026-08-25 00:54:01,VIX,15.85,7.6,0.0,0,0.1,0.0,0.1,0.0,0.0,0.0,4.4
2026-08-25 00:55:01,VIX,15.85,7.6,0.0,0,0.1,0.0,0.1,0.0,0.0,0.0,4.4
2026-08-25 00:56:01,VIX,15.85,7.6,0.0,0,0.3,0.0,0.3,0.0,0.0,0.0,4.5
2026-08-25 00:57:01,VIX,15.85,7.6,0.0,0,20.9,0.0,20,0.0,0.9,0.0,6.5
2026-08-25 00:58:01,VIX,15.85,7.6,0.0,0,0.1,0.0,0.1,0.0,0.0,0.0,4.6
2026-08-25 00:59:01,VIX,15.85,7.6,0.0,0,0.0,0.0,0.0,0.0,0.0,0.0,4.2
2026-08-25 01:00:01,VIX,15.85,7.6,0.0,0,0.5,0.0,0.5,0.0,0.0,0.0,2.3
2026-08-25 01:01:01,VIX,15.85,7.6,0.0,0,0.0,0.0,0.0,0.0,0.0,0.0,2.2
2026-08-25 01:02:01,VIX,15.85,7.6,0.0,0,20.8,0.0,20,0.0,0.8,0.0,4.3
2026-08-25 01:03:01,VIX,15.85,7.6,0.0,0,0.1,0.0,0.1,0.0,0.0,0.0,4.3
2026-08-25 01:04:01,VIX,15.85,7.6,0.0,0,0.0,0.0,0.0,0.0,0.0,0.0,4.3
2026-08-25 01:05:01,VIX,15.85,7.6,0.0,0,0.1,0.0,0.1,0.0,0.0,0.0,4.3
2026-08-25 01:06:01,VIX,15.85,7.6,0.0,0,0.0,0.0,0.0,0.0,0.0,0.0,4.3
2026-08-25 01:07:01,VIX,15.85,7.6,0.0,0,0.4,0.0,0.4,0.0,0.0,0.0,2.2
2026-08-25 01:08:01,VIX,15.85,7.6,0.0,0,0.0,0.0,0.0,0.0,0.0,0.0,2.2
2026-08-25 01:09:01,VIX,15.85,7.6,0.0,0,0.0,0.0,0.0,0.0,0.0,0.0,2.2
2026-08-25 01:10:01,VIX,15.85,7.6,0.0,0,0.1,0.0,0.1,0.0,0.0,0.0,2.2
2026-08-25 01:11:01,VIX,15.85,7.6,0.0,0,0.1,0.0,0.1,0.0,0.0,0.0,2.2
2026-08-25 01:12:01,VIX,15.85,7.6,0.0,0,0.2,0.0,0.2,0.0,0.0,0.0,0.1
2026-08-25 01:13:01,VIX,15.85,7.6,0.0,0,19.8,0.0,19.8,0.0,0.0,0.0,2.1
2026-08-25 01:14:01,VIX,15.85,7.6,0.0,0,2.8,0.0,2.8,0.0,0.0,0.0,2.4
2026-08-25 01:15:01,VIX,15.85,7.6,0.0,0,0.0,0.0,0.0,0.0,0.0,0.0,2.3
2026-08-25 01:16:01,VIX,15.85,7.6,0.0,0,20.0,0.0,20,0.0,0.0,0.0,4.3
2026-08-25 01:17:01,VIX,15.85,7.6,0.0,0,0.0,0.0,0.0,0.0,0.0,0.0,4.3
2026-08-25 01:18:01,VIX,15.85,7.6,0.0,0,6.0,0.0,6.0,0.0,0.0,0.0,4.9
2026-08-25 01:19:01,VIX,15.85,7.6,0.0,0,20.1,0.0,20,0.0,0.1,0.0,6.9
2026-08-25 01:20:01,VIX,15.85,7.6,0.0,0,20.1,0.0,20,0.0,0.1,0.0,8.9
2026-08-25 01:21:01,VIX,15.85,7.6,0.0,0,3.5,0.0,3.5,0.0,0.0,0.0,9.3
2026-08-25 01:22:01,VIX,15.85,7.6,0.0,0,2.9,0.0,2.9,0.0,0.0,0.0,9.5
2026-08-25 01:23:01,VIX,15.85,7.6,0.0,0,20.1,0.0,20,0.0,0.1,0.0,9.5
2026-08-25 01:24:01,VIX,15.85,40.1,0.0,0,50.8,30,20,0.0,0.8,0.0,14.3
2026-08-25 01:25:01,VIX,15.85,40.1,0.0,0,30.1,30,0.1,0.0,0.0,0.0,17.4
2026-08-25 01:26:01,VIX,15.85,40.1,0.0,0,30.4,30,0.4,0.0,0.0,0.0,18.4
2026-08-25 01:27:01,VIX,15.85,40.1,0.0,0,30.0,30,0.0,0.0,0.0,0.0,21.4
2026-08-25 01:28:01,VIX,15.85,40.1,0.0,0,30.1,30,0.1,0.0,0.0,0.0,23.8
2026-08-25 01:29:01,VIX,15.85,40.1,0.0,0,42.6,30,12.6,0.0,0.0,0.0,26.1
2026-08-25 01:30:01,VIX,15.85,40.1,0.0,0,38.4,30,8.4,0.0,0.0,0.0,27.9
2026-08-25 01:31:01,VIX,15.85,40.1,0.0,0,39.1,30,9.1,0.0,0.0,0.0,31.5
2026-08-25 01:32:01,VIX,15.85,40.1,0.0,0,33.2,30,3.2,0.0,0.0,0.0,34.5
2026-08-25 01:33:01,VIX,15.85,60.6,0.0,0,30.0,30,0.0,0.0,0.0,0.0,35.5
2026-08-25 01:34:01,VIX,15.85,60.6,0.0,0,30.3,30,0.2,0.0,0.0,0.0,33.4
2026-08-25 01:35:01,VIX,15.85,60.6,0.0,0,30.0,30,0.0,0.0,0.0,0.0,33.4
2026-08-25 01:36:01,VIX,15.85,60.6,0.0,0,30.1,30,0.1,0.0,0.0,0.0,33.4
2026-08-25 01:37:01,VIX,15.85,60.6,0.0,0,30.2,30,0.2,0.0,0.0,0.0,33.4
2026-08-25 01:38:01,VIX,15.85,60.6,0.0,0,30.0,30,0.0,0.0,0.0,0.0,33.4
2026-08-25 01:39:01,VIX,15.85,60.6,0.0,0,33.6,30,3.6,0.0,0.0,0.0,32.5
2026-08-25 01:40:01,VIX,15.85,60.6,0.0,0,40.8,30,10.8,0.0,0.0,0.0,32.8
2026-08-25 01:41:01,VIX,15.85,60.6,0.0,0,30.1,30,0.1,0.0,0.0,0.0,31.8
2026-08-25 01:42:01,VIX,15.85,60.6,0.0,0,30.0,30,0.0,0.0,0.0,0.0,31.5
2026-08-25 01:43:01,VIX,15.85,60.6,0.0,0,30.4,30,0.4,0.0,0.0,0.0,31.6
2026-08-25 01:44:01,VIX,15.85,60.6,0.0,0,30.0,30,0.0,0.0,0.0,0.0,31.5
2026-08-25 01:45:01,VIX,15.85,60.6,0.0,0,50.1,30,20,0.0,0.1,0.0,33.5
2026-08-25 01:46:01,VIX,15.85,60.6,0.0,0,30.0,30,0.0,0.0,0.0,0.0,33.5
2026-08-25 01:47:01,VIX,15.85,60.6,0.0,0,33.3,30,3.3,0.0,0.0,0.0,33.9
2026-08-25 01:48:01,VIX,15.85,60.6,0.0,0,30.1,30,0.1,0.0,0.0,0.0,33.9
2026-08-25 01:49:01,VIX,15.85,60.6,0.0,0,30.0,30,0.0,0.0,0.0,0.0,33.5
2026-08-25 01:50:01,VIX,15.85,60.6,0.0,0,30.3,30,0.3,0.0,0.0,0.0,32.5
2026-08-25 01:51:01,VIX,15.85,60.6,0.0,0,30.0,30,0.0,0.0,0.0,0.0,32.4
2026-08-25 01:52:01,VIX,15.85,60.6,0.0,0,40.2,30,10.1,0.0,0.1,0.0,33.5
2026-08-25 01:53:01,VIX,15.85,60.6,0.0,0,37.2,30,7.2,0.0,0.0,0.0,34.1
2026-08-25 01:54:01,VIX,15.85,60.6,0.0,0,30.0,30,0.0,0.0,0.0,0.0,34.1
2026-08-25 01:55:01,VIX,15.85,60.6,0.0,0,50.0,30,20,0.0,0.0,0.0,34.1
2026-08-25 01:56:01,VIX,15.85,60.6,0.0,0,50.0,30,20,0.0,0.0,0.0,36.1
2026-08-25 01:57:01,VIX,15.85,60.6,0.0,0,38.0,30,8.0,0.0,0.0,0.0,36.6
2026-08-25 01:58:01,VIX,15.85,60.6,0.0,0,30.0,30,0.0,0.0,0.0,0.0,36.6
2026-08-25 01:59:01,VIX,15.85,60.6,0.0,0,50.0,30,20,0.0,0.0,0.0,38.6
2026-08-25 02:00:01,VIX,15.85,60.6,0.0,0,50.4,30,20,0.0,0.4,0.0,40.6
2026-08-25 02:01:01,VIX,15.85,60.6,0.0,0,50.0,30,20,0.0,0.0,0.0,42.6
2026-08-25 02:02:01,VIX,15.85,60.6,0.0,0,30.0,30,0.0,0.0,0.0,0.0,41.6
2026-08-25 02:03:01,VIX,15.85,60.6,0.0,0,30.2,30,0.2,0.0,0.0,0.0,40.9
2026-08-25 02:04:01,VIX,15.85,60.6,0.0,0,30.0,30,0.0,0.0,0.0,0.0,40.9
2026-08-25 02:05:01,VIX,15.85,60.6,0.0,0,47.2,30,17.2,0.0,0.0,0.0,40.6
2026-08-25 02:06:01,VIX,15.85,60.6,0.0,0,30.4,30,0.4,0.0,0.0,0.0,38.6
2026-08-25 02:07:01,VIX,15.85,60.6,0.0,0,30.2,30,0.2,0.0,0.0,0.0,37.9
2026-08-25 02:08:01,VIX,15.85,60.6,0.0,0,30.1,30,0.1,0.0,0.0,0.0,37.9
2026-08-25 02:09:01,VIX,15.85,60.6,0.0,0,30.0,30,0.0,0.0,0.0,0.0,35.9
2026-08-25 02:10:01,VIX,15.85,60.6,0.0,0,30.1,30,0.1,0.0,0.0,0.0,33.8
2026-08-25 02:11:01,VIX,15.85,60.6,0.0,0,44.6,30,14.5,0.0,0.0,0.0,33.3
2026-08-25 02:12:01,VIX,15.85,60.6,0.0,0,30.6,30,0.6,0.0,0.0,0.0,33.3
2026-08-25 02:13:01,VIX,15.85,60.6,0.0,0,30.0,30,0.0,0.0,0.0,0.0,33.3
2026-08-25 02:14:01,VIX,15.85,60.6,0.0,0,30.0,30,0.0,0.0,0.0,0.0,33.3
2026-08-25 02:15:01,VIX,15.85,60.6,0.0,0,30.2,30,0.2,0.0,0.0,0.0,31.6
2026-08-25 02:16:01,VIX,15.7,60.4,-1763440.8,0,53.3,30,20,0.0,3.3,0.0,33.9
2026-08-25 02:17:01,VIX,15.72,60.4,-1530221.94,0,50.3,30,20,0.0,0.3,0.0,35.9
2026-08-25 02:18:01,VIX,15.74,60.4,472251.32,0,42.3,30,11.7,0.0,0.4,0.2,37.1
2026-08-25 02:19:01,VIX,15.75,60.4,354743.82,0,50.4,30,20,0.0,0.2,0.1,39.2
2026-08-25 02:20:01,VIX,15.75,60.4,118246.8,0,30.1,30,0.1,0.0,0.0,0.0,39.2
2026-08-25 02:21:01,VIX,15.75,60.4,0.0,0,30.2,30,0.2,0.0,0.0,0.0,37.8
2026-08-25 02:22:01,VIX,15.74,60.4,-118007.78,0,50.3,30,20,0.0,0.3,0.0,39.7
2026-08-25 02:23:01,VIX,15.75,60.4,0.0,0,38.7,30,8.5,0.0,0.2,0.0,40.6
2026-08-25 02:24:01,VIX,15.74,60.4,0.0,0,43.0,30,12.8,0.0,0.2,0.0,41.9
2026-08-25 02:25:01,VIX,15.75,60.4,0.0,0,50.2,30,20,0.0,0.2,0.0,43.9
2026-08-25 02:26:01,VIX,15.75,60.4,118197.01,0,50.1,30,20,0.0,0.0,0.0,43.6
2026-08-25 02:27:01,VIX,15.77,60.5,236863.84,0,50.4,30,20,0.0,0.3,0.1,43.6
2026-08-25 02:28:01,VIX,15.77,60.5,236864.04,0,33.0,30,2.9,0.0,0.0,0.1,42.6
2026-08-25 02:29:01,VIX,15.77,60.5,0.0,0,48.6,30,18.5,0.0,0.0,0.0,42.5
2026-08-25 02:30:01,VIX,15.75,60.4,-236382.7,0,50.3,30,20,0.0,0.3,0.0,44.5
2026-08-25 02:31:01,VIX,15.75,60.4,-236381.6,0,30.0,30,0.0,0.0,0.0,0.0,44.5
2026-08-25 02:32:01,VIX,15.74,60.4,-118004.82,0,39.4,30,9.2,0.0,0.2,0.0,43.4
2026-08-25 02:33:01,VIX,15.75,60.4,0.0,0,38.9,30,8.7,0.0,0.2,0.0,43.4
2026-08-25 02:34:01,VIX,15.75,60.4,118191.94,0,30.2,30,0.2,0.0,0.0,0.0,42.1
2026-08-25 02:35:01,VIX,15.74,60.4,-118006.37,0,38.9,30,8.7,0.0,0.2,0.0,41.0
2026-08-25 02:36:01,VIX,15.74,60.4,-118039.85,0,50.0,30,20,0.0,0.0,0.0,41.0
2026-08-25 02:37:01,VIX,15.74,60.4,0.0,0,33.4,30,3.4,0.0,0.0,0.0,39.3
2026-08-25 02:38:01,VIX,15.74,60.4,0.0,0,30.3,30,0.3,0.0,0.0,0.0,39.0
2026-08-25 02:39:01,VIX,15.74,60.4,0.0,0,30.4,30,0.4,0.0,0.0,0.0,37.2
2026-08-25 02:40:01,VIX,15.74,60.4,0.0,0,30.3,30,0.2,0.0,0.0,0.0,35.2
2026-08-25 02:41:01,VIX,15.75,60.4,118223.35,0,38.9,30,8.6,0.0,0.2,0.0,36.1
2026-08-25 02:42:00,VIX,15.75,60.4,118127.43,0,50.1,30,20,0.0,0.1,0.0,37.1
2026-08-25 02:43:00,VIX,15.75,60.4,0.0,0,50.0,30,20,0.0,0.0,0.0,38.2
2026-08-25 02:44:00,VIX,15.74,60.4,-117956.95,0,35.8,30,5.6,0.0,0.2,0.0,38.8
2026-08-25 02:45:01,VIX,15.74,60.4,-117957.22,0,30.3,30,0.3,0.0,0.0,0.0,37.9
2026-08-25 02:46:01,VIX,15.74,60.4,0.0,0,36.9,30,6.9,0.0,0.0,0.0,36.6
2026-08-25 02:47:01,VIX,15.77,60.5,355517.94,0,40.9,30,10.1,0.0,0.7,0.1,37.4
2026-08-25 02:48:01,VIX,15.78,60.5,474749.28,0,48.3,30,17.9,0.0,0.2,0.2,39.2
2026-08-25 02:49:01,VIX,15.78,60.5,118687.31,0,30.3,30,0.2,0.0,0.0,0.0,39.2
2026-08-25 02:50:00,VIX,15.79,60.5,118870.06,0,49.4,30,19.2,0.0,0.2,0.0,41.1
2026-08-25 02:51:01,VIX,15.8,60.5,238096.86,0,35.1,30,4.8,0.0,0.2,0.1,40.7
2026-08-25 02:52:01,VIX,15.79,60.5,0.0,0,39.1,30,8.8,0.0,0.2,0.0,39.6
2026-08-25 02:53:01,VIX,15.8,60.5,0.0,0,50.2,30,20,0.0,0.2,0.0,39.6
2026-08-25 02:54:00,VIX,15.81,60.5,238346.34,0,50.3,30,20,0.0,0.2,0.1,41.1
2026-08-25 02:55:00,VIX,15.81,60.5,118784.1,0,50.4,30,20,0.0,0.3,0.0,43.1
2026-08-25 02:56:01,VIX,15.8,60.5,-118607.62,0,36.0,30,5.8,0.0,0.2,0.0,43.0
2026-08-25 02:57:00,VIX,15.8,60.5,-118607.62,0,30.0,30,0.0,0.0,0.0,0.0,41.9
2026-08-25 02:58:00,VIX,15.79,60.5,-118429.1,0,39.2,30,8.9,0.0,0.2,0.0,41.0
2026-08-25 02:59:01,VIX,15.79,60.5,-118428.71,0,30.1,30,0.1,0.0,0.0,0.0,41.0
2026-08-25 03:00:01,VIX,15.8,60.6,119622.86,0,51.1,30,20,0.0,1.1,0.1,41.1
2026-08-25 03:01:01,VIX,15.79,60.6,0.0,0,32.1,30,2.0,0.0,0.1,0.0,40.8
2026-08-25 03:02:01,VIX,15.79,60.6,-119578.03,0,30.2,30,0.2,0.0,0.0,0.0,39.9
2026-08-25 03:03:01,VIX,15.8,60.6,119742.49,0,34.6,30,4.3,0.0,0.2,0.1,38.4
2026-08-25 03:04:01,VIX,15.81,60.6,239808.12,0,35.0,30,4.7,0.0,0.2,0.1,36.9
2026-08-25 03:05:01,VIX,15.82,60.6,240129.4,0,35.1,30,4.8,0.0,0.2,0.1,35.3
2026-08-25 03:06:01,VIX,15.81,60.6,0.0,0,35.1,30,4.9,0.0,0.2,0.0,35.2
2026-08-25 03:07:01,VIX,15.81,60.6,-119902.72,0,33.1,30,3.1,0.0,0.0,0.0,35.5
2026-08-25 03:08:01,VIX,15.81,60.6,0.0,0,30.5,30,0.5,0.0,0.0,0.0,34.7
2026-08-25 03:09:01,VIX,15.8,60.6,-119742.04,0,31.1,30,0.9,0.0,0.2,0.0,34.8
2026-08-25 03:10:01,VIX,15.79,60.6,-239156.36,0,35.1,30,4.9,0.0,0.2,0.0,33.2
2026-08-25 03:11:01,VIX,15.8,60.6,0.0,0,35.1,30,4.9,0.0,0.2,0.0,33.5
2026-08-25 03:12:01,VIX,15.82,60.6,360195.81,0,39.6,30,9.1,0.0,0.4,0.2,34.4
2026-08-25 03:13:01,VIX,15.82,60.6,240131.84,0,30.3,30,0.2,0.0,0.0,0.1,34.0
2026-08-25 03:14:01,VIX,15.81,60.6,-119903.6,0,35.0,30,4.8,0.0,0.2,0.0,34.0
2026-08-25 03:15:01,VIX,15.83,60.6,120225.34,0,39.8,30,9.4,0.0,0.4,0.0,34.5
2026-08-25 03:16:01,VIX,15.82,60.6,120064.18,0,34.7,30,4.5,0.0,0.2,0.0,34.4
2026-08-25 03:17:01,VIX,15.82,60.6,-120064.9,0,30.2,30,0.2,0.0,0.0,0.0,34.1
2026-08-25 03:18:01,VIX,15.81,60.5,-118796.92,0,51.1,30,20,0.0,1.1,0.0,36.2
2026-08-25 03:19:01,VIX,15.81,60.5,-118806.14,0,32.7,30,2.7,0.0,0.0,0.0,36.4
2026-08-25 03:20:01,VIX,15.82,60.5,118980.64,0,39.4,30,9.2,0.0,0.2,0.0,36.8
2026-08-25 03:21:01,VIX,15.82,60.5,118979.21,0,30.4,30,0.3,0.0,0.0,0.0,36.3
2026-08-25 03:22:01,VIX,15.81,60.5,-119141.78,0,50.1,30,20,0.0,0.1,0.0,37.4
2026-08-25 03:23:01,VIX,15.79,60.5,-356417.07,0,50.4,30,20,0.0,0.4,0.0,39.4
2026-08-25 03:24:01,VIX,15.8,60.5,-119384.95,0,50.5,30,20,0.0,0.5,0.0,40.9
2026-08-25 03:25:01,VIX,15.72,60.4,-825420.54,0,51.8,30,20,0.0,1.8,0.0,42.1
2026-08-25 03:26:01,VIX,15.74,60.4,-709753.68,0,44.3,30,13.8,0.0,0.4,0.0,43.1
2026-08-25 03:27:01,VIX,15.76,60.5,474647.6,0,32.4,30,1.8,0.0,0.4,0.2,43.3
2026-08-25 03:28:01,VIX,15.75,60.5,118477.46,0,32.5,30,2.3,0.0,0.2,0.0,41.5
2026-08-25 03:29:01,VIX,15.76,60.5,0.0,0,39.1,30,8.9,0.0,0.2,0.0,42.1
2026-08-25 03:30:01,VIX,15.76,60.5,118664.04,0,30.2,30,0.1,0.0,0.0,0.0,41.2
2026-08-25 03:31:01,VIX,15.75,60.5,-118477.55,0,38.9,30,8.7,0.0,0.2,0.0,42.0
2026-08-25 03:32:01,VIX,15.76,60.5,0.0,0,38.9,30,8.7,0.0,0.2,0.0,40.9
2026-08-25 03:33:01,VIX,15.77,60.5,237701.04,0,39.4,30,9.0,0.0,0.2,0.1,39.8
2026-08-25 03:34:01,VIX,15.8,60.5,476888.88,0,50.7,30,20,0.0,0.5,0.2,39.8
2026-08-25 03:35:01,VIX,15.76,60.5,-118663.63,0,50.7,30,20,0.0,0.7,0.0,39.7
2026-08-25 03:36:01,VIX,15.76,60.5,-474653.56,0,30.3,30,0.3,0.0,0.0,0.0,38.3
2026-08-25 03:37:01,VIX,15.76,60.5,0.0,0,30.5,30,0.5,0.0,0.0,0.0,38.1
2026-08-25 03:38:01,VIX,15.77,60.5,118848.45,0,39.0,30,8.7,0.0,0.2,0.0,38.8
2026-08-25 03:39:01,VIX,15.79,60.5,357111.33,0,50.4,30,20,0.0,0.3,0.1,39.9
2026-08-25 03:40:01,VIX,15.81,60.6,477616.44,0,37.9,30,7.3,0.0,0.4,0.2,40.7
2026-08-25 03:41:01,VIX,15.79,60.5,0.0,0,47.8,30,17.4,0.0,0.4,0.0,41.6
2026-08-25 03:42:01,VIX,15.8,60.5,-119220.81,0,35.5,30,5.3,0.0,0.2,0.0,41.2
2026-08-25 03:43:01,VIX,15.8,60.5,119138.94,0,50.1,30,20,0.0,0.1,0.1,42.3
2026-08-25 03:44:01,VIX,15.79,60.5,-118956.11,0,38.9,30,8.6,0.0,0.2,0.0,41.1
2026-08-25 03:45:01,VIX,15.79,60.5,-118955.58,0,30.2,30,0.2,0.0,0.0,0.0,39.1
2026-08-25 03:46:01,VIX,15.77,60.5,-237205.28,0,32.0,30,1.5,0.0,0.4,0.0,39.2
2026-08-25 03:47:01,VIX,15.77,53.9,-237203.14,0,26.7,26.5,0.2,0.0,0.0,0.0,38.9
2026-08-25 03:48:01,VIX,15.77,53.9,0.0,0,25.9,18.4,7.5,0.0,0.0,0.0,37.5
2026-08-25 03:49:01,VIX,15.77,53.9,0.0,0,15.0,14.8,0.3,0.0,0.0,0.0,34.0
2026-08-25 03:50:01,VIX,15.77,53.9,0.0,0,12.6,12.5,0.0,0.0,0.0,0.0,31.5
2026-08-25 03:51:01,VIX,15.77,53.9,0.0,0,31.2,11.0,20,0.0,0.2,0.0,29.8
2026-08-25 03:52:01,VIX,15.8,54.0,357781.59,0,30.5,9.8,20,0.0,0.6,0.2,29.3
2026-08-25 03:53:01,VIX,15.8,54.0,357704.7,0,29.1,8.9,20,0.0,0.0,0.2,27.2
2026-08-25 03:54:01,VIX,15.8,55.2,0.0,0,10.5,10.4,0.1,0.0,0.0,0.0,24.4
2026-08-25 03:55:01,VIX,15.8,55.2,0.0,0,10.0,9.4,0.5,0.0,0.0,0.0,22.3
2026-08-25 03:56:01,VIX,15.8,55.2,0.0,0,8.6,8.6,0.0,0.0,0.0,0.0,20.0
2026-08-25 03:57:01,VIX,15.8,55.2,0.0,0,8.5,7.9,0.6,0.0,0.0,0.0,18.2
2026-08-25 03:58:01,VIX,15.79,55.2,-119052.34,0,16.4,7.3,9.0,0.0,0.2,0.0,17.2
2026-08-25 03:59:01,VIX,15.79,55.2,-119052.19,0,6.9,6.7,0.1,0.0,0.0,0.0,16.4
2026-08-25 04:00:01,VIX,15.78,55.2,-118868.55,0,26.5,6.3,20,0.0,0.2,0.0,17.8
2026-08-25 04:01:01,VIX,15.78,55.2,-118868.24,0,5.9,5.8,0.0,0.0,0.0,0.0,15.3
2026-08-25 04:02:01,VIX,15.79,55.2,119116.05,0,25.8,5.5,20,0.0,0.3,0.0,14.8
2026-08-25 04:03:01,VIX,15.79,55.2,119062.84,0,23.2,5.1,17.9,0.0,0.0,0.0,14.2
2026-08-25 04:04:00,VIX,15.8,55.2,119246.35,0,13.9,4.8,8.9,0.0,0.2,0.1,14.6
2026-08-25 04:05:01,VIX,15.79,55.2,0.0,0,13.3,4.5,8.7,0.0,0.2,0.0,14.9
2026-08-25 04:06:01,VIX,15.78,55.2,-237756.38,0,13.2,4.2,8.7,0.0,0.2,0.0,15.4
2026-08-25 04:07:01,VIX,15.76,55.1,-355899.87,0,24.2,3.9,20,0.0,0.3,0.0,16.9
2026-08-25 04:08:01,VIX,15.76,53.1,-237356.96,0,23.7,3.6,20,0.0,0.0,0.0,17.7
2026-08-25 04:09:01,VIX,15.76,53.1,0.0,0,3.9,3.4,0.5,0.0,0.0,0.0,17.4
2026-08-25 04:10:01,VIX,15.77,53.1,118863.1,0,12.1,3.1,8.7,0.0,0.2,0.0,15.9
2026-08-25 04:11:01,VIX,15.77,53.1,118861.84,0,3.0,2.9,0.0,0.0,0.0,0.0,15.6
2026-08-25 04:12:01,VIX,15.77,53.1,0.0,0,2.8,2.7,0.2,0.0,0.0,0.0,13.3
2026-08-25 04:13:01,VIX,15.78,53.1,119046.85,0,11.7,2.4,9.0,0.0,0.2,0.0,12.2
2026-08-25 04:14:01,VIX,15.77,53.1,0.0,0,22.5,2.2,20,0.0,0.2,0.0,13.1
2026-08-25 04:15:01,VIX,15.77,53.1,-118836.92,0,2.2,2.1,0.2,0.0,0.0,0.0,11.9
2026-08-25 04:16:01,VIX,15.78,53.1,118915.84,0,22.9,2.7,20,0.0,0.1,0.0,12.9
2026-08-25 04:17:01,VIX,15.77,54.3,0.0,0,11.4,2.5,8.7,0.0,0.2,0.0,11.6
2026-08-25 04:18:01,VIX,15.77,54.3,-118730.42,0,2.3,2.2,0.1,0.0,0.0,0.0,9.5
2026-08-25 04:19:01,VIX,15.77,54.3,0.0,0,2.3,1.9,0.3,0.0,0.0,0.0,9.3
2026-08-25 04:20:01,VIX,15.77,54.3,0.0,0,1.7,1.6,0.0,0.0,0.0,0.0,8.3
2026-08-25 04:21:01,VIX,15.76,54.3,-118543.81,0,10.3,1.3,8.7,0.0,0.2,0.0,9.0
2026-08-25 04:22:01,VIX,15.77,54.3,0.0,0,9.9,0.9,8.7,0.0,0.2,0.0,9.7
2026-08-25 04:23:01,VIX,15.77,54.3,118730.51,0,0.2,0.0,0.1,0.0,0.0,0.0,8.6
2026-08-25 04:24:01,VIX,15.77,54.3,0.0,0,0.3,0.0,0.3,0.0,0.0,0.0,6.3
2026-08-25 04:25:01,VIX,15.77,54.3,0.0,0,19.4,0.0,19.4,0.0,0.0,0.0,8.1
2026-08-25 04:26:01,VIX,15.78,54.4,118908.98,0,4.5,0.0,4.3,0.0,0.2,0.0,6.2
2026-08-25 04:27:01,VIX,15.78,54.3,118755.34,0,20.2,0.0,20,0.0,0.1,0.0,7.1
2026-08-25 04:28:01,VIX,15.78,54.3,0.0,0,0.0,0.0,0.0,0.0,0.0,0.0,6.9
2026-08-25 04:29:01,VIX,15.78,54.3,0.0,0,0.1,0.0,0.1,0.0,0.0,0.0,6.7
2026-08-25 04:30:01,VIX,15.77,54.3,-118569.75,0,9.2,0.0,8.9,0.0,0.2,0.0,7.4
2026-08-25 04:31:01,VIX,15.77,54.3,-118569.92,0,0.2,0.0,0.2,0.0,0.0,0.0,6.4
2026-08-25 04:32:01,VIX,15.77,54.3,0.0,0,20.0,0.0,20,0.0,0.0,0.0,7.4
2026-08-25 04:33:01,VIX,15.75,54.3,-236450.5,0,18.4,0.0,18.0,0.0,0.4,0.0,9.2
2026-08-25 04:34:01,VIX,15.74,54.3,-354160.05,0,5.9,0.0,5.7,0.0,0.2,0.0,9.8
2026-08-25 04:35:01,VIX,15.74,73.7,-118158.08,0,46.6,26.5,20,0.0,0.1,0.0,12.5
2026-08-25 04:36:01,VIX,15.77,73.8,356006.4,0,37.3,18.4,18.2,0.0,0.6,0.1,15.8
2026-08-25 04:37:01,VIX,15.79,73.8,594433.0,0,35.3,14.8,20,0.0,0.3,0.2,17.3
2026-08-25 04:38:01,VIX,15.82,73.9,597182.25,0,33.4,12.5,20,0.0,0.6,0.3,20.6
2026-08-25 04:39:01,VIX,15.81,73.8,238508.58,0,20.1,11.0,8.8,0.0,0.2,0.1,22.6
2026-08-25 04:40:01,VIX,15.8,73.8,-238141.84,0,16.0,9.8,5.9,0.0,0.2,0.0,23.3
2026-08-25 04:41:01,VIX,15.81,73.8,0.0,1,29.1,8.9,20,0.0,0.2,0.0,26.2
2026-08-25 04:42:01,VIX,15.8,73.8,0.0,1,17.7,8.1,9.4,0.0,0.2,0.0,26.0
2026-08-25 04:43:01,VIX,15.82,73.9,119437.13,0,25.8,7.5,17.8,0.0,0.4,0.0,26.7
2026-08-25 04:44:01,VIX,15.82,73.9,238874.28,0,7.2,6.9,0.1,0.0,0.0,0.1,26.9
2026-08-25 04:45:01,VIX,15.84,73.9,239596.42,0,24.4,6.5,17.4,0.0,0.4,0.1,24.6
2026-08-25 04:46:01,VIX,15.84,73.9,239596.24,0,6.5,6.0,0.4,0.0,0.0,0.1,21.6
2026-08-25 04:47:01,VIX,15.83,73.9,-119620.32,0,8.2,5.6,2.3,0.0,0.2,0.0,18.8
2026-08-25 04:48:01,VIX,15.85,73.9,119981.08,0,23.3,5.3,17.6,0.0,0.4,0.0,17.8
2026-08-25 04:49:01,VIX,15.84,73.9,119800.71,0,14.4,4.9,9.2,0.0,0.2,0.0,17.3
2026-08-25 04:50:01,VIX,15.83,73.9,-239240.1,0,13.4,4.6,8.6,0.0,0.2,0.0,17.0
2026-08-25 04:51:01,VIX,15.83,73.9,-119620.05,0,4.7,4.3,0.4,0.0,0.0,0.0,14.6
2026-08-25 04:52:01,VIX,15.83,73.9,0.0,0,4.5,4.0,0.4,0.0,0.0,0.0,13.2
2026-08-25 04:53:01,VIX,15.83,73.9,0.0,0,3.9,3.7,0.2,0.0,0.0,0.0,11.0
2026-08-25 04:54:01,VIX,15.82,73.9,-119438.34,0,12.7,3.5,9.0,0.0,0.2,0.0,11.6
2026-08-25 04:55:01,VIX,15.83,73.9,0.0,0,3.9,3.2,0.4,0.0,0.3,0.0,9.5
2026-08-25 04:56:01,VIX,15.82,73.9,0.0,0,12.2,3.0,9.0,0.0,0.2,0.0,10.1
2026-08-25 04:57:01,VIX,15.83,73.9,0.0,0,11.6,2.7,8.7,0.0,0.2,0.0,10.4
2026-08-25 04:58:01,VIX,15.81,73.9,-119488.87,0,22.7,2.5,20,0.0,0.3,0.0,10.4
2026-08-25 04:59:01,VIX,15.83,73.9,0.0,0,22.5,2.2,20,0.0,0.3,0.0,11.2
2026-08-25 05:00:01,VIX,15.83,73.9,239348.7,0,8.4,1.9,6.3,0.0,0.0,0.1,10.7
2026-08-25 05:01:01,VIX,15.85,73.9,240070.52,0,19.9,1.6,17.8,0.0,0.4,0.1,12.2
2026-08-25 05:02:00,VIX,15.88,74.0,602846.7,0,22.2,1.3,20,0.0,0.6,0.3,14.0
2026-08-25 05:03:00,VIX,15.88,74.0,361709.61,0,2.1,0.9,1.0,0.0,0.0,0.2,13.8
2026-08-25 05:04:01,VIX,15.88,74.0,0.0,0,0.1,0.0,0.1,0.0,0.0,0.0,12.6
2026-08-25 05:05:01,VIX,15.88,74.0,0.0,0,0.4,0.0,0.4,0.0,0.0,0.0,12.2
2026-08-25 05:06:01,VIX,15.87,73.9,-120393.11,0,9.5,0.0,9.2,0.0,0.2,0.0,11.9
2026-08-25 05:07:01,VIX,15.87,73.9,-120392.04,0,0.3,0.0,0.3,0.0,0.0,0.0,10.8
2026-08-25 05:08:01,VIX,15.87,73.9,0.0,0,0.1,0.0,0.1,0.0,0.0,0.0,8.5
2026-08-25 05:09:01,VIX,15.86,73.9,-120335.05,0,20.1,0.0,20,0.0,0.1,0.0,8.3
2026-08-25 05:10:01,VIX,15.86,73.9,-120335.1,0,0.3,0.0,0.3,0.0,0.0,0.0,7.5
2026-08-25 05:11:01,VIX,15.86,73.9,0.0,0,20.1,0.0,20,0.0,0.1,0.0,7.5
2026-08-25 05:12:01,VIX,15.85,73.9,-120068.6,0,5.9,0.0,5.7,0.0,0.2,0.0,5.9
2026-08-25 05:13:01,VIX,15.86,73.9,0.0,0,9.0,0.0,8.8,0.0,0.2,0.0,6.6
2026-08-25 05:14:01,VIX,15.87,73.9,240850.36,0,9.4,0.0,9.1,0.0,0.2,0.1,7.5
2026-08-25 05:15:01,VIX,15.87,73.9,120425.62,0,0.1,0.0,0.0,0.0,0.0,0.0,7.5
2026-08-25 05:16:01,VIX,15.87,73.9,0.0,0,0.3,0.0,0.3,0.0,0.0,0.0,6.6
2026-08-25 05:17:01,VIX,15.88,74.0,120603.38,0,9.4,0.0,9.2,0.0,0.2,0.1,7.5
2026-08-25 05:18:01,VIX,15.88,74.0,120584.42,0,13.3,0.0,13.2,0.0,0.0,0.1,8.8
2026-08-25 05:19:01,VIX,15.87,73.9,-120405.85,0,9.2,0.0,8.9,0.0,0.2,0.0,7.7
2026-08-25 05:20:01,VIX,15.86,73.9,-240454.16,0,10.0,0.0,9.7,0.0,0.2,0.0,8.7
2026-08-25 05:21:01,VIX,15.87,73.9,0.0,0,8.8,0.0,8.6,0.0,0.2,0.0,7.6
2026-08-25 05:22:01,VIX,15.86,73.9,0.0,0,9.5,0.0,9.3,0.0,0.2,0.0,7.9
2026-08-25 05:23:01,VIX,15.86,73.9,-120227.78,0,0.4,0.0,0.4,0.0,0.0,0.0,7.0
2026-08-25 05:24:01,VIX,15.85,73.9,-120047.84,0,9.1,0.0,8.9,0.0,0.2,0.0,7.0
2026-08-25 05:25:01,VIX,15.84,73.9,-239738.0,0,9.1,0.0,8.9,0.0,0.2,0.0,7.9
2026-08-25 05:26:01,VIX,15.84,73.9,-119869.82,0,0.3,0.0,0.3,0.0,0.0,0.0,7.9
2026-08-25 05:27:01,VIX,15.84,73.9,0.0,0,0.3,0.0,0.2,0.0,0.0,0.0,7.0
2026-08-25 05:28:01,VIX,15.84,73.9,0.0,0,0.1,0.0,0.1,0.0,0.0,0.0,5.7
2026-08-25 05:29:01,VIX,15.84,73.9,0.0,0,0.6,0.0,0.6,0.0,0.0,0.0,4.8
2026-08-25 05:30:01,VIX,15.85,73.9,120048.39,0,9.2,0.0,8.9,0.0,0.2,0.0,4.7
2026-08-25 05:31:01,VIX,15.84,74.1,0.0,0,11.3,0.0,9.4,0.0,1.9,0.0,5.0
2026-08-25 05:32:01,VIX,15.84,74.1,-122413.79,0,0.1,0.0,0.1,0.0,0.0,0.0,4.0
2026-08-25 05:33:01,VIX,15.84,74.1,0.0,0,0.0,0.0,0.0,0.0,0.0,0.0,4.0
2026-08-25 05:34:01,VIX,15.85,74.1,122594.75,0,9.0,0.0,8.7,0.0,0.2,0.0,4.0
2026-08-25 05:35:01,VIX,15.85,74.1,122595.85,0,0.1,0.0,0.1,0.0,0.0,0.0,3.1
2026-08-25 05:36:01,VIX,15.85,74.1,0.0,0,0.0,0.0,0.0,0.0,0.0,0.0,3.1
2026-08-25 05:37:01,VIX,15.84,74.1,-122413.3,0,9.3,0.0,9.1,0.0,0.2,0.0,4.0
2026-08-25 05:38:01,VIX,15.84,74.1,-122413.19,0,14.9,0.0,14.9,0.0,0.0,0.0,5.4
2026-08-25 05:39:01,VIX,15.85,74.1,122609.08,0,9.5,0.0,9.2,0.0,0.2,0.0,6.3
2026-08-25 05:40:01,VIX,15.85,74.1,122609.99,0,0.3,0.0,0.2,0.0,0.0,0.0,5.4
2026-08-25 05:41:01,VIX,15.85,74.1,0.0,0,0.4,0.0,0.4,0.0,0.0,0.0,4.4
2026-08-25 05:42:01,VIX,15.85,74.1,0.0,0,0.3,0.0,0.3,0.0,0.0,0.0,4.4
2026-08-25 05:43:01,VIX,15.85,74.1,0.0,0,0.1,0.0,0.1,0.0,0.0,0.0,4.4
2026-08-25 05:44:01,VIX,15.87,74.1,245942.2,0,18.5,0.0,18.0,0.0,0.4,0.1,5.3
2026-08-25 05:45:01,VIX,15.86,74.1,122790.65,0,9.3,0.0,9.0,0.0,0.2,0.0,6.3
2026-08-25 05:46:15,VIX,15.85,74.1,-244957.66,0,20.3,0.0,20,0.0,0.3,0.0,8.3
2026-08-25 05:47:05,VIX,15.84,74.1,-244594.34,0,9.2,0.0,9.0,0.0,0.2,0.0,8.3
2026-08-25 05:48:01,VIX,15.83,74.0,-244231.06,0,9.3,0.0,9.1,0.0,0.2,0.0,7.7
2026-08-25 05:49:01,VIX,15.83,74.0,-122116.05,0,0.1,0.0,0.1,0.0,0.0,0.0,6.8
2026-08-25 05:50:01,VIX,15.83,74.0,0.0,0,0.1,0.0,0.1,0.0,0.0,0.0,6.8
2026-08-25 05:51:01,VIX,15.83,74.0,0.0,0,0.3,0.0,0.3,0.0,0.0,0.0,6.8
2026-08-25 05:52:01,VIX,15.83,74.0,0.0,0,0.1,0.0,0.1,0.0,0.0,0.0,6.7
2026-08-25 05:53:01,VIX,15.83,74.0,0.0,0,0.5,0.0,0.5,0.0,0.0,0.0,6.8
2026-08-25 05:54:01,VIX,15.81,74.0,-243581.28,0,14.4,0.0,14.0,0.0,0.4,0.0,6.4
2026-08-25 05:55:01,VIX,15.81,74.0,-243580.6,0,0.3,0.0,0.3,0.0,0.0,0.0,5.5
2026-08-25 05:56:01,VIX,15.81,74.0,0.0,0,0.0,0.0,0.0,0.0,0.0,0.0,3.4
2026-08-25 05:57:01,VIX,15.81,74.0,0.0,0,0.1,0.0,0.1,0.0,0.0,0.0,2.5
2026-08-25 05:58:01,VIX,15.81,74.0,0.0,0,0.0,0.0,0.0,0.0,0.0,0.0,1.6
2026-08-25 05:59:01,VIX,15.81,74.0,0.0,0,0.1,0.0,0.1,0.0,0.0,0.0,1.6
2026-08-25 06:00:01,VIX,15.81,74.0,0.0,0,0.3,0.0,0.2,0.0,0.0,0.0,1.6
2026-08-25 06:01:01,VIX,15.81,74.0,0.0,0,0.1,0.0,0.1,0.0,0.0,0.0,1.6
2026-08-25 06:02:01,VIX,15.83,72.1,244310.52,0,45.0,26.5,18.1,0.0,0.4,0.1,6.1
2026-08-25 06:03:01,VIX,15.81,72.1,0.0,0,37.2,18.4,18.3,0.0,0.4,0.0,9.7
2026-08-25 06:04:01,VIX,15.81,72.1,-243510.9,0,34.8,14.8,20,0.0,0.0,0.0,11.8
2026-08-25 06:05:01,VIX,15.8,72.1,-121594.94,0,23.5,12.5,10.7,0.0,0.2,0.0,14.1
2026-08-25 06:06:01,VIX,15.81,72.1,0.0,0,31.2,11.0,20,0.0,0.2,0.0,17.2
2026-08-25 06:07:02,VIX,15.8,72.1,0.0,0,15.7,9.8,5.7,0.0,0.2,0.0,18.8
2026-08-25 06:08:01,VIX,15.81,72.1,0.0,0,17.6,8.9,8.5,0.0,0.2,0.0,20.5
2026-08-25 06:09:01,VIX,15.81,72.1,121744.17,0,8.4,8.1,0.2,0.0,0.0,0.0,21.4
2026-08-25 06:10:01,VIX,15.82,72.1,121716.41,0,27.6,7.5,20,0.0,0.0,0.0,24.1
2026-08-25 06:11:01,VIX,15.82,72.1,121715.91,0,7.1,6.9,0.1,0.0,0.0,0.0,24.8
2026-08-25 06:12:01,VIX,15.81,72.1,-121545.32,0,26.7,6.5,20,0.0,0.2,0.0,23.0
2026-08-25 06:13:01,VIX,15.82,72.1,0.0,0,26.3,6.0,20,0.0,0.3,0.0,21.9
2026-08-25 06:14:01,VIX,15.82,72.1,121809.08,0,5.8,5.6,0.1,0.0,0.0,0.0,19.0
2026-08-25 06:15:01,VIX,15.81,72.1,-121629.81,0,14.2,5.3,8.7,0.0,0.2,0.0,18.0
2026-08-25 06:16:01,VIX,15.81,72.2,-122528.03,0,25.6,4.9,20,0.0,0.7,0.0,17.5
2026-08-25 06:17:01,VIX,15.81,72.2,0.0,0,24.6,4.6,20,0.0,0.0,0.0,18.4
2026-08-25 06:18:02,VIX,15.81,72.2,0.0,0,4.5,4.3,0.2,0.0,0.0,0.0,17.1
2026-08-25 06:19:01,VIX,15.81,72.2,0.0,0,4.1,4.0,0.0,0.0,0.0,0.0,16.6
2026-08-25 06:20:01,VIX,15.8,72.1,-122377.45,0,21.1,3.7,17.2,0.0,0.2,0.0,16.0
2026-08-25 06:21:01,VIX,15.79,72.1,-244382.82,0,13.0,3.5,9.3,0.0,0.2,0.0,16.6
2026-08-25 06:22:01,VIX,15.78,72.1,-244009.64,0,12.8,3.2,9.4,0.0,0.2,0.0,15.2
2026-08-25 06:23:01,VIX,15.79,72.1,0.0,0,12.2,3.0,9.1,0.0,0.2,0.0,13.8
2026-08-25 06:24:01,VIX,15.79,72.1,122192.47,0,2.8,2.7,0.1,0.0,0.0,0.0,13.5
2026-08-25 06:25:01,VIX,15.78,73.5,-121074.78,0,23.4,2.5,20,0.0,1.0,0.0,14.4
2026-08-25 06:26:01,VIX,15.78,73.9,-121074.28,0,2.2,2.2,0.0,0.0,0.0,0.0,12.1
2026-08-25 06:27:01,VIX,15.8,74.0,242837.94,0,9.8,1.9,7.3,0.0,0.4,0.1,10.6
2026-08-25 06:28:01,VIX,15.79,74.0,121235.59,0,11.0,1.6,9.1,0.0,0.2,0.0,11.2
2026-08-25 06:29:01,VIX,15.79,74.0,-121235.71,0,1.5,1.3,0.1,0.0,0.0,0.0,11.0
2026-08-25 06:30:01,VIX,15.79,74.0,0.0,0,1.0,0.9,0.1,0.0,0.0,0.0,9.0
2026-08-25 06:31:01,VIX,15.78,73.9,-121052.14,0,9.1,0.0,8.9,0.0,0.2,0.0,8.6
2026-08-25 06:32:01,VIX,15.78,73.9,-121051.61,0,0.1,0.0,0.1,0.0,0.0,0.0,7.3
2026-08-25 06:33:01,VIX,15.78,73.9,0.0,0,0.4,0.0,0.4,0.0,0.0,0.0,6.1
2026-08-25 06:34:01,VIX,15.78,73.9,0.0,0,0.3,0.0,0.3,0.0,0.0,0.0,5.9
2026-08-25 06:35:01,VIX,15.79,74.0,121235.85,0,9.2,0.0,9.0,0.0,0.2,0.0,4.4
2026-08-25 06:36:01,VIX,15.79,74.0,121236.37,0,0.1,0.0,0.0,0.0,0.0,0.0,4.2
2026-08-25 06:37:01,VIX,15.78,73.9,-121116.93,0,20.2,0.0,20,0.0,0.2,0.0,5.3
2026-08-25 06:38:01,VIX,15.78,73.9,-121116.68,0,0.4,0.0,0.4,0.0,0.0,0.0,4.2
2026-08-25 06:39:01,VIX,15.77,73.9,-120931.46,0,9.0,0.0,8.8,0.0,0.2,0.0,5.0
2026-08-25 06:40:01,VIX,15.76,73.9,-241491.54,0,9.1,0.0,8.8,0.0,0.2,0.0,5.8
2026-08-25 06:41:01,VIX,15.76,73.9,-120749.64,0,6.8,0.0,6.8,0.0,0.0,0.0,5.5
2026-08-25 06:42:01,VIX,15.75,73.9,-120562.91,0,9.1,0.0,8.8,0.0,0.2,0.0,6.4
2026-08-25 06:43:01,VIX,15.76,73.9,0.0,0,8.6,0.0,8.3,0.0,0.2,0.0,7.3
2026-08-25 06:44:01,VIX,15.76,73.9,120739.56,0,10.8,0.0,10.8,0.0,0.0,0.0,8.3
2026-08-25 06:45:01,VIX,15.75,73.9,-120552.87,0,9.2,0.0,8.9,0.0,0.2,0.0,8.3
2026-08-25 06:46:01,VIX,15.75,73.9,-120540.66,0,17.1,0.0,17.1,0.0,0.0,0.0,10.0
2026-08-25 06:47:01,VIX,15.75,73.9,0.0,0,0.1,0.0,0.1,0.0,0.0,0.0,8.0
2026-08-25 06:48:01,VIX,15.74,73.9,-120408.17,0,3.4,0.0,3.2,0.0,0.2,0.0,8.3
2026-08-25 06:49:01,VIX,15.74,73.9,-120406.33,0,0.1,0.0,0.1,0.0,0.0,0.0,7.4
2026-08-25 06:50:00,VIX,15.74,73.9,0.0,0,0.3,0.0,0.3,0.0,0.0,0.0,6.6
2026-08-25 06:51:01,VIX,15.74,73.9,0.0,0,0.1,0.0,0.1,0.0,0.0,0.0,5.9
2026-08-25 06:52:01,VIX,15.75,73.9,120594.82,0,9.1,0.0,8.8,0.0,0.2,0.0,5.9
2026-08-25 06:53:01,VIX,15.76,73.9,241563.74,0,8.8,0.0,8.4,0.0,0.2,0.1,5.9
2026-08-25 06:54:02,VIX,15.76,73.9,120781.47,0,0.1,0.0,0.0,0.0,0.0,0.0,4.8
2026-08-25 06:55:01,VIX,15.76,73.9,0.0,0,0.1,0.0,0.1,0.0,0.0,0.0,3.9
2026-08-25 06:56:01,VIX,15.77,73.9,120968.46,0,9.3,0.0,9.1,0.0,0.2,0.0,3.2
2026-08-25 06:57:01,VIX,15.77,73.9,120968.29,0,0.1,0.0,0.1,0.0,0.0,0.0,3.1
2026-08-25 06:58:01,VIX,15.77,73.9,0.0,0,0.4,0.0,0.4,0.0,0.0,0.0,2.9
2026-08-25 06:59:02,VIX,15.77,73.9,0.0,0,0.1,0.0,0.1,0.0,0.0,0.0,2.8
2026-08-25 07:00:01,VIX,15.77,74.3,0.0,1,29.9,26.5,3.5,0.0,0.0,0.0,5.8
2026-08-25 07:01:01,VIX,15.77,74.3,0.0,1,38.6,18.4,20,0.0,0.2,0.0,9.6
2026-08-25 07:02:02,VIX,15.78,74.3,121419.1,0,20.6,14.8,5.6,0.0,0.2,0.0,10.8
2026-08-25 07:03:01,VIX,15.78,74.3,121419.66,0,12.9,12.5,0.3,0.0,0.0,0.0,11.2
2026-08-25 07:04:02,VIX,15.8,74.3,243506.68,0,20.0,11.0,8.5,0.0,0.4,0.1,13.2
2026-08-25 07:05:01,VIX,15.78,74.3,0.0,0,30.2,9.8,20,0.0,0.4,0.0,16.2
2026-08-25 07:06:01,VIX,15.78,74.3,-242890.38,0,9.1,8.9,0.2,0.0,0.0,0.0,16.2
2026-08-25 07:07:01,VIX,15.78,74.3,0.0,1,8.5,8.1,0.3,0.0,0.0,0.0,17.0
2026-08-25 07:08:01,VIX,15.78,74.3,0.0,1,7.6,7.5,0.0,0.0,0.0,0.0,17.7
2026-08-25 07:09:01,VIX,15.77,74.3,-121260.13,0,15.9,6.9,8.8,0.0,0.2,0.0,19.3
2026-08-25 07:10:01,VIX,15.78,74.3,0.0,1,15.7,6.5,9.1,0.0,0.2,0.0,17.9
2026-08-25 07:11:01,VIX,15.78,74.3,121620.04,0,26.2,6.0,20,0.0,0.1,0.0,16.7
2026-08-25 07:12:01,VIX,15.78,74.3,0.0,0,9.0,5.6,3.3,0.0,0.0,0.0,15.5
2026-08-25 07:13:01,VIX,15.8,74.4,243724.1,0,25.7,5.3,20,0.0,0.3,0.1,16.8
2026-08-25 07:14:01,VIX,15.8,74.4,243733.02,0,25.0,4.9,20,0.0,0.0,0.1,17.3
2026-08-25 07:15:01,VIX,15.79,74.3,-121710.83,0,17.1,4.6,12.3,0.0,0.2,0.0,16.0
2026-08-25 07:16:01,VIX,15.79,74.3,-121711.3,0,8.4,4.3,4.1,0.0,0.0,0.0,15.9
2026-08-25 07:17:01,VIX,15.78,74.3,-121524.46,0,13.1,4.0,8.9,0.0,0.2,0.0,16.4
2026-08-25 07:18:01,VIX,15.78,74.3,-121525.97,0,7.2,3.7,3.4,0.0,0.0,0.0,16.3
2026-08-25 07:19:01,VIX,15.76,74.3,-242484.88,0,23.8,3.5,20,0.0,0.4,0.0,17.1
2026-08-25 07:20:01,VIX,15.76,74.3,-242487.06,0,10.4,3.2,7.2,0.0,0.0,0.0,16.6
2026-08-25 07:21:01,VIX,15.78,74.3,243233.76,0,21.2,3.0,17.7,0.0,0.4,0.1,16.1
2026-08-25 07:22:01,VIX,15.78,74.3,243228.6,0,9.6,2.7,6.8,0.0,0.0,0.1,16.1
2026-08-25 07:23:01,VIX,15.79,74.3,121800.77,0,11.3,2.5,8.6,0.0,0.2,0.0,14.7
2026-08-25 07:24:01,VIX,15.78,74.3,0.0,0,11.2,2.2,8.8,0.0,0.2,0.0,13.3
2026-08-25 07:25:01,VIX,15.78,74.3,-121615.2,0,2.6,1.9,0.6,0.0,0.0,0.0,11.9
2026-08-25 07:26:01,VIX,15.77,74.3,-121458.14,0,7.1,1.6,5.2,0.0,0.2,0.0,11.7
2026-08-25 07:27:01,VIX,15.77,74.3,-121488.24,0,21.3,1.3,20,0.0,0.0,0.0,12.6
2026-08-25 07:28:01,VIX,15.77,74.3,0.0,0,1.0,0.9,0.0,0.0,0.0,0.0,11.9
2026-08-25 07:29:01,VIX,15.77,74.3,0.0,0,0.3,0.0,0.3,0.0,0.0,0.0,9.6
2026-08-25 07:30:01,VIX,15.77,74.3,0.0,0,20.0,0.0,20,0.0,0.0,0.0,10.6
2026-08-25 07:31:01,VIX,15.78,74.3,121708.77,0,9.4,0.0,9.2,0.0,0.2,0.0,9.4
2026-08-25 07:32:01,VIX,15.81,74.7,490157.4,0,47.5,26.5,20,0.0,0.9,0.2,13.2
2026-08-25 07:33:01,VIX,15.82,74.7,490897.44,0,27.5,18.4,8.7,0.0,0.2,0.2,14.8
2026-08-25 07:34:01,VIX,15.82,74.7,122724.52,0,15.0,14.8,0.2,0.0,0.0,0.0,15.2
2026-08-25 07:35:01,VIX,15.83,75.4,122787.08,0,42.6,22.5,20,0.0,0.1,0.0,19.2
2026-08-25 07:36:01,VIX,15.84,75.4,245942.4,0,26.1,16.8,9.0,0.0,0.2,0.1,21.1
2026-08-25 07:37:01,VIX,15.83,75.4,0.0,1,23.0,13.8,8.9,0.0,0.2,0.0,21.3
2026-08-25 07:38:01,VIX,15.83,75.4,-122786.04,0,12.0,11.9,0.1,0.0,0.0,0.0,22.4
2026-08-25 07:39:01,VIX,15.85,75.4,246306.56,0,28.7,10.5,17.6,0.0,0.4,0.1,25.2
2026-08-25 07:40:01,VIX,15.86,75.4,368868.87,0,29.7,9.5,20,0.0,0.1,0.1,26.2
2026-08-25 07:41:01,VIX,15.86,75.4,122993.34,0,28.7,8.6,20,0.0,0.0,0.0,28.1
2026-08-25 07:42:01,VIX,15.85,75.4,-122810.99,0,17.6,7.9,9.4,0.0,0.2,0.0,25.1
2026-08-25 07:43:01,VIX,15.85,75.4,-123004.87,1,27.5,7.3,20,0.0,0.2,0.0,25.1
2026-08-25 07:44:01,VIX,15.84,75.4,-122859.55,1,27.0,6.8,20,0.0,0.2,0.0,26.3
2026-08-25 07:45:01,VIX,15.84,75.4,-123161.11,0,26.5,6.3,20,0.0,0.2,0.0,24.7
2026-08-25 07:46:01,VIX,15.84,75.4,0.0,1,6.0,5.9,0.1,0.0,0.0,0.0,22.7
2026-08-25 07:47:01,VIX,15.84,75.4,0.0,1,5.9,5.5,0.4,0.0,0.0,0.0,20.9
2026-08-25 07:48:01,VIX,15.85,75.4,123312.17,0,15.6,5.1,10.2,0.0,0.2,0.0,21.3
2026-08-25 07:49:01,VIX,15.85,75.4,123312.15,0,5.0,4.8,0.2,0.0,0.0,0.0,18.9
2026-08-25 07:50:01,VIX,15.85,75.4,0.0,0,7.9,4.5,3.4,0.0,0.0,0.0,16.8
2026-08-25 07:51:01,VIX,15.84,75.4,-123161.98,0,14.5,4.2,10.1,0.0,0.2,0.0,15.3
2026-08-25 07:52:01,VIX,15.84,75.4,-123161.57,0,4.3,3.9,0.4,0.0,0.0,0.0,14.0
2026-08-25 07:53:01,VIX,15.84,75.4,0.0,0,7.3,3.6,3.6,0.0,0.0,0.0,12.0
2026-08-25 07:54:01,VIX,15.85,75.4,123218.36,0,23.6,3.4,20,0.0,0.1,0.0,11.7
2026-08-25 07:55:01,VIX,15.84,75.4,0.0,0,23.4,3.1,20,0.0,0.2,0.0,11.3
2026-08-25 07:56:01,VIX,15.84,75.4,-123031.3,0,6.4,2.9,3.5,0.0,0.0,0.0,11.4
2026-08-25 07:57:01,VIX,15.84,75.4,0.0,0,2.7,2.6,0.1,0.0,0.0,0.0,11.1
2026-08-25 07:58:01,VIX,15.84,75.4,0.0,0,5.9,2.4,3.5,0.0,0.0,0.0,10.1
2026-08-25 07:59:01,VIX,15.84,75.4,0.0,0,6.1,2.1,4.0,0.0,0.0,0.0,10.2
2026-08-25 08:00:01,VIX,15.83,75.4,-123050.54,0,21.9,1.9,20,0.0,0.0,0.0,11.6
2026-08-25 08:01:01,VIX,15.82,75.4,-246834.58,0,21.9,1.6,20,0.0,0.2,0.0,12.3
2026-08-25 08:02:01,VIX,15.83,75.7,0.0,0,14.1,1.3,12.5,0.0,0.2,0.0,13.3
2026-08-25 08:03:01,VIX,15.84,75.6,245904.36,0,21.5,0.9,20,0.0,0.5,0.1,14.7
2026-08-25 08:04:01,VIX,15.84,75.6,122889.16,0,20.1,0.0,20,0.0,0.1,0.0,14.4
2026-08-25 08:05:01,VIX,15.84,75.6,0.0,0,16.1,0.0,16.0,0.0,0.0,0.0,13.7
2026-08-25 08:06:01,VIX,15.84,75.6,0.0,0,0.1,0.0,0.1,0.0,0.0,0.0,13.0
2026-08-25 08:07:01,VIX,15.83,75.6,-122699.49,0,7.0,0.0,6.8,0.0,0.2,0.0,13.5
2026-08-25 08:08:01,VIX,15.84,75.6,0.0,0,16.0,0.0,15.8,0.0,0.2,0.0,14.5
2026-08-25 08:09:01,VIX,15.85,75.6,246147.06,0,1.2,0.0,0.9,0.0,0.2,0.1,14.0
2026-08-25 08:10:01,VIX,15.84,75.6,0.0,0,1.4,0.0,1.2,0.0,0.2,0.0,11.9
2026-08-25 08:11:01,VIX,15.83,75.6,-245458.44,0,20.2,0.0,20,0.0,0.2,0.0,11.8
2026-08-25 08:12:01,VIX,15.8,75.6,-488792.92,0,8.1,0.0,7.4,0.0,0.6,0.0,11.2
2026-08-25 08:13:01,VIX,15.78,75.5,-609087.65,0,18.3,0.0,17.8,0.0,0.4,0.0,10.8
2026-08-25 08:14:01,VIX,15.79,75.5,-122008.65,0,9.5,0.0,9.3,0.0,0.2,0.0,9.8
2026-08-25 08:15:01,VIX,15.8,75.5,244325.2,0,20.3,0.0,20,0.0,0.2,0.1,10.2
2026-08-25 08:16:01,VIX,15.81,75.6,246666.14,0,21.1,0.0,20,0.0,1.0,0.1,12.3
2026-08-25 08:17:01,VIX,15.81,75.6,123332.4,0,3.2,0.0,3.1,0.0,0.0,0.0,11.9
2026-08-25 08:18:01,VIX,15.79,75.6,-245899.18,0,18.7,0.0,18.2,0.0,0.4,0.0,12.2
2026-08-25 08:19:01,VIX,15.78,75.6,-368266.35,0,9.6,0.0,9.4,0.0,0.2,0.0,13.0
2026-08-25 08:20:01,VIX,15.78,75.6,-122755.69,0,0.1,0.0,0.1,0.0,0.0,0.0,12.9
2026-08-25 08:21:01,VIX,15.79,75.6,122948.73,0,9.4,0.0,9.1,0.0,0.2,0.0,11.8
2026-08-25 08:22:01,VIX,15.79,75.6,122949.06,0,0.2,0.0,0.2,0.0,0.0,0.0,11.0
2026-08-25 08:23:01,VIX,15.8,75.5,122160.45,0,20.6,0.0,20,0.0,0.6,0.1,11.3
2026-08-25 08:24:01,VIX,15.79,75.5,0.0,0,9.2,0.0,9.0,0.0,0.2,0.0,11.2
2026-08-25 08:25:01,VIX,15.79,75.5,-121968.3,0,0.2,0.0,0.2,0.0,0.0,0.0,9.2
2026-08-25 08:26:01,VIX,15.8,75.7,124004.53,0,21.8,0.0,20,0.0,1.7,0.1,9.3
2026-08-25 08:27:01,VIX,15.8,75.7,124009.01,0,0.6,0.0,0.6,0.0,0.0,0.1,9.0
2026-08-25 08:28:02,VIX,15.8,75.7,0.0,0,0.3,0.0,0.3,0.0,0.0,0.0,7.2
2026-08-25 08:29:01,VIX,15.8,75.7,0.0,0,0.1,0.0,0.1,0.0,0.0,0.0,6.2
2026-08-25 08:30:01,VIX,15.8,75.7,0.0,0,0.1,0.0,0.1,0.0,0.0,0.0,6.2
2026-08-25 08:31:01,VIX,15.8,77.5,0.0,1,47.1,26.5,20,0.0,0.6,0.0,10.0
2026-08-25 08:32:01,VIX,15.13,75.2,-7273080.48,0,59.7,24.7,20,0.0,15,0.0,16.0
2026-08-25 08:33:01,VIX,15.13,75.2,-7284004.83,0,32.3,12.1,20,0.0,0.1,0.0,17.1
2026-08-25 08:34:01,VIX,15.13,75.2,0.0,0,30.8,10.4,20,0.0,0.4,0.0,19.3
2026-08-25 08:35:34,VIX,15.13,74.3,0.0,0,44.1,17.1,20,7,0.0,0.0,23.7
2026-08-25 08:36:28,VIX,15.13,74.3,0.0,1,17.6,13.7,3.9,0.0,0.0,0.0,23.3
2026-08-25 08:37:10,VIX,15.13,68.1,0.0,1,36.1,16.1,20,0.0,0.1,0.0,26.8
2026-08-25 08:38:01,VIX,15.13,57.1,0.0,0,34.5,14.4,20,0.0,0.0,0.0,30.2
2026-08-25 08:39:01,VIX,15.13,57.5,0.0,0,14.2,12.3,1.9,0.0,0.0,0.0,31.6
2026-08-25 08:40:01,VIX,15.13,62.1,0.0,0,30.8,10.5,20,0.0,0.3,0.0,34.7
2026-08-25 08:41:01,VIX,15.13,62.6,0.0,0,29.5,9.5,20,0.0,0.1,0.0,33.0
2026-08-25 08:42:01,VIX,15.13,68.9,0.0,0,28.4,8.1,20,0.0,0.4,0.0,29.8
2026-08-25 08:43:01,VIX,15.82,69.0,8524946.55,0,45.8,7.4,20,0.0,15,3.4,31.2
2026-08-25 08:44:01,VIX,15.85,66.1,8940360.24,0,28.1,3.8,20,0.0,0.7,3.6,30.9
2026-08-25 08:45:01,VIX,15.83,64.9,123936.1,0,6.0,4.0,1.7,0.0,0.3,0.0,27.1
2026-08-25 08:46:01,VIX,15.81,64.9,-494654.2,0,28.6,4.2,17.1,7,0.3,0.0,28.2
2026-08-25 08:47:01,VIX,15.81,64.9,-247107.1,1,23.6,3.5,20,0.0,0.1,0.0,27.0
2026-08-25 08:48:02,VIX,15.79,64.9,-246515.22,1,5.6,2.8,2.5,0.0,0.4,0.0,24.1
2026-08-25 08:49:01,VIX,15.79,66.8,-246461.52,0,9.7,2.5,7.2,0.0,0.0,0.0,23.6
2026-08-25 08:50:01,VIX,15.8,66.9,123416.21,1,18.3,3.9,14.2,0.0,0.2,0.1,22.4
2026-08-25 08:51:01,VIX,15.82,49.8,371432.49,0,43.5,25.0,17.9,0.0,0.4,0.2,23.8
2026-08-25 08:52:01,VIX,15.82,49.8,247451.06,0,30.9,17.9,12.8,0.0,0.1,0.1,24.0
2026-08-25 08:53:33,VIX,15.82,49.8,0.0,1,22.4,14.5,8.0,0.0,0.0,0.0,21.7
2026-08-25 08:54:16,VIX,15.82,59.1,0.0,1,36.6,16.7,19.9,0.0,0.0,0.0,22.5
2026-08-25 08:55:15,VIX,15.82,58.7,0.0,1,34.0,13.8,20,0.0,0.2,0.0,25.3
2026-08-25 08:56:02,VIX,15.83,58.7,123960.98,0,32.0,11.9,20,0.0,0.0,0.0,25.7
2026-08-25 08:57:02,VIX,15.86,57.7,495792.72,0,31.3,10.9,20,0.0,0.2,0.2,26.4
2026-08-25 08:58:03,VIX,15.86,59.1,372541.38,0,29.4,9.1,20,0.0,0.2,0.1,28.8
2026-08-25 08:59:03,VIX,15.87,59.1,124176.8,0,28.4,8.3,20,0.0,0.1,0.0,30.7
2026-08-25 09:00:02,VIX,15.86,59.1,0.0,1,27.9,7.6,20,0.0,0.2,0.0,31.6
2026-08-25 09:01:02,VIX,15.87,61.9,0.0,1,26.5,6.4,20,0.0,0.1,0.0,29.9
2026-08-25 09:02:01,VIX,15.84,52.8,-246914.58,0,25.4,4.8,20,0.0,0.7,0.0,29.4
2026-08-25 09:03:01,VIX,15.81,56.2,-738392.1,0,5.8,3.7,1.6,0.0,0.5,0.0,27.7
2026-08-25 09:04:01,VIX,15.81,51.5,-369028.62,0,24.3,4.3,20,0.0,0.0,0.0,26.5
2026-08-25 09:05:02,VIX,15.83,52.8,246719.2,0,19.1,3.7,14.9,0.0,0.4,0.1,25.0
2026-08-25 09:06:01,VIX,15.81,51.7,0.0,1,24.2,3.7,20,0.0,0.5,0.0,24.2
2026-08-25 09:07:01,VIX,15.8,51.8,-368307.66,0,19.4,3.5,15.7,0.0,0.2,0.0,23.0
2026-08-25 09:08:01,VIX,15.82,51.9,123155.69,0,14.7,3.2,11.0,0.0,0.4,0.0,21.6
2026-08-25 09:09:01,VIX,15.82,51.9,246422.36,0,23.1,3.0,20,0.0,0.0,0.1,21.0
2026-08-25 09:10:01,VIX,15.78,51.8,-489840.76,0,23.6,2.7,20,0.0,0.9,0.0,20.6
2026-08-25 09:11:01,VIX,15.77,49.9,-611312.3,0,12.7,0.5,12.0,0.0,0.2,0.0,19.2
2026-08-25 09:12:01,VIX,15.78,49.5,0.0,1,20.9,0.8,20,0.0,0.1,0.0,18.8
2026-08-25 09:13:01,VIX,15.78,49.0,122377.5,1,21.1,1.0,20,0.0,0.1,0.0,20.3
2026-08-25 09:14:01,VIX,15.76,57.6,-243941.76,1,22.6,2.1,20,0.0,0.5,0.0,20.1
2026-08-25 09:15:01,VIX,15.77,71.3,-122194.26,1,16.3,4.1,12.0,0.0,0.2,0.0,19.9
2026-08-25 09:16:01,VIX,15.76,71.2,0.0,0,11.0,5.1,5.7,0.0,0.2,0.0,18.5
2026-08-25 09:17:02,VIX,15.74,58.5,-365164.41,0,50.4,30,20,0.0,0.4,0.0,21.6
2026-08-25 09:18:02,VIX,15.75,56.7,-122138.49,0,50.4,30,20,0.0,0.4,0.0,25.2
2026-08-25 09:19:01,VIX,15.73,57.2,-121883.1,0,50.3,30,20,0.0,0.3,0.0,27.9
2026-08-25 09:20:01,VIX,15.74,57.4,-122114.71,0,50.3,30,20,0.0,0.3,0.0,30.6
2026-08-25 09:21:03,VIX,15.75,54.5,243906.14,0,50.2,30,20,0.0,0.1,0.1,34.4
2026-08-25 09:22:01,VIX,15.76,51.6,244345.64,0,50.3,30,20,0.0,0.2,0.1,37.3
2026-08-25 09:23:03,VIX,15.77,51.8,244369.6,0,50.2,30,20,0.0,0.1,0.1,40.2
2026-08-25 09:24:01,VIX,15.78,51.5,244713.1,0,50.3,30,20,0.0,0.2,0.1,43.0
2026-08-25 09:25:01,VIX,15.76,51.9,-121947.12,0,43.5,30,13.1,0.0,0.5,0.0,45.7
2026-08-25 09:26:01,VIX,15.77,52.0,-122130.54,0,37.3,30,7.1,0.0,0.2,0.0,48.3
2026-08-25 09:27:01,VIX,15.78,52.1,244657.92,0,39.9,30,9.5,0.0,0.2,0.1,47.3
2026-08-25 09:28:01,VIX,15.78,52.2,122329.29,0,30.3,30,0.3,0.0,0.0,0.0,45.3
2026-08-25 09:29:02,VIX,15.78,52.3,0.0,0,50.0,30,20,0.0,0.0,0.0,45.2
2026-08-25 09:30:01,VIX,15.8,52.3,245501.04,0,50.6,30,20,0.0,0.5,0.1,45.3
2026-08-25 09:31:02,VIX,16.0,81.7,2742987.94,0,53.9,30,20,0.0,2.8,1.1,45.6
2026-08-25 09:32:01,VIX,15.83,81.5,366064.44,0,53.4,30,20,0.0,3.3,0.1,45.9
2026-08-25 09:33:01,VIX,15.81,81.5,-2318522.88,0,50.1,30,20,0.0,0.1,0.0,45.9
2026-08-25 09:34:01,VIX,15.82,81.5,-123080.74,0,50.9,30,20,0.0,0.9,0.0,46.0
2026-08-25 09:35:01,VIX,15.84,81.6,370539.45,0,50.3,30,19.7,0.0,0.5,0.1,46.7
2026-08-25 09:36:01,VIX,15.83,81.6,123627.46,0,50.1,30,20,0.0,0.0,0.0,48.0
2026-08-25 09:37:01,VIX,15.81,81.6,-369944.82,0,48.7,30,18.3,0.0,0.4,0.0,48.8
2026-08-25 09:38:02,VIX,15.81,81.6,-246610.14,0,47.6,30,17.6,0.0,0.0,0.0,50.6
2026-08-25 09:39:01,VIX,15.8,81.5,-123105.12,0,50.2,30,20,0.0,0.2,0.0,50.6
2026-08-25 09:40:01,VIX,15.78,81.5,-369195.09,0,50.2,30,20,0.0,0.2,0.0,50.5
2026-08-25 09:41:01,VIX,15.79,77.8,-123233.94,0,32.0,30,1.8,0.0,0.2,0.0,48.4
2026-08-25 09:42:01,VIX,15.81,77.8,370738.35,0,40.2,30,9.7,0.0,0.4,0.2,47.0
2026-08-25 09:43:01,VIX,15.81,77.6,246568.96,0,50.3,30,20,0.0,0.2,0.1,47.1
2026-08-25 09:44:02,VIX,15.82,77.6,123469.37,0,50.3,30,20,0.0,0.2,0.0,47.0
2026-08-25 09:45:01,VIX,15.81,76.3,0.0,0,50.2,30,20,0.0,0.2,0.0,47.0
2026-08-25 09:46:02,VIX,15.81,60.2,-123652.93,0,37.5,17.2,20,0.0,0.3,0.0,45.7
2026-08-25 09:47:01,VIX,15.8,60.8,-123462.33,0,35.5,15.3,20,0.0,0.2,0.0,44.4
2026-08-25 09:48:01,VIX,15.79,60.8,-246487.52,0,32.2,13.0,19.0,0.0,0.2,0.0,42.9
2026-08-25 09:49:01,VIX,15.79,60.8,-123300.53,0,31.5,11.4,20,0.0,0.0,0.0,41.0
2026-08-25 09:50:01,VIX,15.79,60.8,0.0,0,10.3,10.2,0.1,0.0,0.0,0.0,37.0
2026-08-25 09:51:01,VIX,15.79,60.8,0.0,0,14.3,9.3,4.8,0.0,0.2,0.0,35.2
2026-08-25 09:52:01,VIX,15.78,60.9,-123445.34,0,9.2,8.8,0.3,0.0,0.1,0.0,32.1
2026-08-25 09:53:01,VIX,15.75,61.2,-491493.2,0,28.7,8.1,20,0.0,0.7,0.0,30.0
2026-08-25 09:54:01,VIX,15.73,61.1,-612124.75,0,8.4,7.5,0.4,0.0,0.5,0.0,25.8
2026-08-25 09:55:01,VIX,15.73,61.1,-243583.92,0,27.5,7.0,20,0.0,0.5,0.0,23.5
2026-08-25 09:56:02,VIX,15.74,61.2,121950.43,0,16.7,6.5,10.0,0.0,0.2,0.0,21.4
2026-08-25 09:57:01,VIX,15.75,61.2,244320.58,0,26.4,6.0,20,0.0,0.2,0.1,20.5
2026-08-25 09:58:02,VIX,15.73,61.2,-121743.13,0,26.1,5.7,20,0.0,0.5,0.0,19.9
2026-08-25 09:59:02,VIX,15.73,61.0,-243430.2,0,11.4,5.4,6.0,0.0,0.0,0.0,17.9
2026-08-25 10:00:02,VIX,15.73,61.0,0.0,0,25.1,5.1,20,0.0,0.0,0.0,19.4
2026-08-25 10:01:02,VIX,15.74,61.0,122745.41,0,25.7,4.8,20,0.0,0.9,0.0,20.5
2026-08-25 10:02:02,VIX,15.73,61.0,0.0,0,22.1,4.5,10.4,7,0.2,0.0,21.8
2026-08-25 10:03:01,VIX,15.74,61.0,0.0,0,24.3,4.2,20,0.0,0.2,0.0,21.4
2026-08-25 10:04:01,VIX,15.76,61.0,369200.79,0,24.5,3.9,20,0.0,0.5,0.1,23.0
2026-08-25 10:05:01,VIX,15.75,61.0,122809.38,0,18.4,3.6,14.4,0.0,0.3,0.0,22.1
2026-08-25 10:06:01,VIX,15.74,61.0,-245155.2,0,14.3,3.4,10.7,0.0,0.3,0.0,21.8
2026-08-25 10:07:02,VIX,15.75,61.0,0.0,0,11.0,3.1,7.7,0.0,0.2,0.0,20.3
2026-08-25 10:08:01,VIX,15.73,61.0,-121658.44,0,23.9,2.8,20,0.0,1.1,0.0,20.1
2026-08-25 10:09:01,VIX,15.74,60.9,-122268.78,0,30.1,2.6,20,7,0.6,0.0,22.0
2026-08-25 10:10:01,VIX,15.73,60.7,0.0,0,22.6,2.4,20,0.0,0.3,0.0,21.7
2026-08-25 10:11:01,VIX,15.73,60.7,-122024.81,0,2.4,2.1,0.2,0.0,0.0,0.0,19.4
2026-08-25 10:12:01,VIX,15.72,60.7,-121832.54,0,6.1,1.9,4.0,0.0,0.2,0.0,17.8
2026-08-25 10:13:01,VIX,15.72,60.8,-121841.09,0,16.5,1.6,14.9,0.0,0.0,0.0,17.0
2026-08-25 10:14:01,VIX,15.73,60.3,122020.45,0,13.4,1.5,11.6,0.0,0.2,0.0,15.9
2026-08-25 10:15:01,VIX,15.72,60.6,0.0,0,11.1,1.2,9.6,0.0,0.2,0.0,15.1
2026-08-25 10:16:01,VIX,15.72,60.7,-121814.84,0,20.8,0.8,20,0.0,0.0,0.0,15.8
2026-08-25 10:17:01,VIX,15.7,61.0,-242808.6,0,38.2,10.8,20,7,0.5,0.0,18.5
2026-08-25 10:18:01,VIX,15.69,61.0,-363542.91,0,30.4,10.1,20,0.0,0.2,0.0,19.2
2026-08-25 10:19:01,VIX,15.7,61.0,0.0,0,29.8,9.6,20,0.0,0.2,0.0,19.1
2026-08-25 10:20:01,VIX,15.69,61.0,0.0,0,29.1,9.4,19.5,0.0,0.3,0.0,19.8
2026-08-25 10:21:02,VIX,15.66,60.9,-481930.04,0,30.2,9.5,20,0.0,0.7,0.0,22.6
2026-08-25 10:22:02,VIX,15.64,60.9,-600163.6,0,29.1,8.6,20,0.0,0.5,0.0,24.9
2026-08-25 10:23:01,VIX,15.65,60.9,-120258.56,0,20.6,7.9,12.4,0.0,0.3,0.0,25.3
2026-08-25 10:24:02,VIX,15.67,60.9,362120.22,0,23.4,7.5,15.3,0.0,0.5,0.1,26.3
2026-08-25 10:25:01,VIX,15.67,60.9,241432.74,0,6.9,6.8,0.1,0.0,0.0,0.1,25.9
2026-08-25 10:26:01,VIX,15.66,60.8,-120579.58,0,32.4,12.3,20,0.0,0.2,0.0,27.0
2026-08-25 10:27:02,VIX,15.66,60.7,-120546.44,0,25.0,17.7,7.3,0.0,0.0,0.0,25.7
2026-08-25 10:28:01,VIX,15.64,60.7,-240309.86,0,26.0,14.6,11.0,0.0,0.5,0.0,25.3
2026-08-25 10:29:01,VIX,15.61,60.9,-601585.0,0,38.3,18.3,20,0.0,0.1,0.0,26.1
2026-08-25 10:30:01,VIX,15.61,61.1,-361036.35,0,31.6,14.8,16.7,0.0,0.0,0.0,26.4
2026-08-25 10:31:01,VIX,15.6,61.0,-119977.44,0,20.1,12.7,7.1,0.0,0.4,0.0,25.4
2026-08-25 10:32:01,VIX,15.6,61.0,-119945.51,0,21.5,11.1,10.3,0.0,0.0,0.0,24.6
2026-08-25 10:33:02,VIX,15.61,61.1,120244.93,0,30.3,9.9,20,0.0,0.3,0.0,25.6
2026-08-25 10:34:03,VIX,15.6,61.1,0.0,0,29.4,9.1,20,0.0,0.3,0.0,26.2
2026-08-25 10:35:02,VIX,15.6,61.0,-120065.26,0,40.7,20.2,20,0.0,0.5,0.0,29.5
2026-08-25 10:36:01,VIX,15.57,60.8,-357561.0,0,36.7,15.7,20,0.0,0.9,0.0,30.0
2026-08-25 10:37:01,VIX,15.57,60.8,-357875.67,0,15.1,13.1,1.8,0.0,0.1,0.0,29.0
2026-08-25 10:38:01,VIX,15.57,60.8,0.0,0,11.5,11.4,0.1,0.0,0.0,0.0,27.5
2026-08-25 10:39:01,VIX,15.57,60.8,0.0,0,10.2,10.2,0.1,0.0,0.0,0.0,24.7
2026-08-25 10:40:01,VIX,15.57,60.8,0.0,0,9.2,9.2,0.1,0.0,0.0,0.0,22.5
2026-08-25 10:41:01,VIX,15.57,60.8,0.0,0,8.4,8.4,0.1,0.0,0.0,0.0,21.3
2026-08-25 10:42:01,VIX,15.57,60.8,0.0,0,7.8,7.7,0.1,0.0,0.0,0.0,19.9
2026-08-25 10:43:01,VIX,15.57,60.8,0.0,0,7.2,7.1,0.1,0.0,0.0,0.0,17.6
2026-08-25 10:44:01,VIX,15.57,60.8,0.0,0,6.7,6.6,0.1,0.0,0.0,0.0,15.3
2026-08-25 10:45:01,VIX,15.57,60.8,0.0,0,6.2,6.2,0.1,0.0,0.0,0.0,11.9
2026-08-25 10:46:01,VIX,15.57,60.8,0.0,0,5.8,5.7,0.1,0.0,0.0,0.0,8.8
2026-08-25 10:47:01,VIX,15.57,60.8,0.0,0,5.4,5.4,0.1,0.0,0.0,0.0,7.8
2026-08-25 10:48:01,VIX,15.57,60.8,0.0,0,5.1,5.0,0.1,0.0,0.0,0.0,7.2
2026-08-25 10:49:01,VIX,15.57,60.8,0.0,0,4.8,4.7,0.1,0.0,0.0,0.0,6.7
2026-08-25 10:50:01,VIX,15.57,60.8,0.0,0,4.5,4.4,0.1,0.0,0.0,0.0,6.2
2026-08-25 10:51:01,VIX,15.57,60.8,0.0,0,4.2,4.1,0.1,0.0,0.0,0.0,5.8
2026-08-25 10:52:01,VIX,15.57,60.8,0.0,0,3.9,3.8,0.1,0.0,0.0,0.0,5.4
2026-08-25 10:53:01,VIX,15.57,60.8,0.0,0,3.6,3.6,0.1,0.0,0.0,0.0,5.0
2026-08-25 10:54:01,VIX,15.57,60.8,0.0,0,3.4,3.3,0.1,0.0,0.0,0.0,4.7
2026-08-25 10:55:01,VIX,15.57,60.8,0.0,0,3.1,3.1,0.1,0.0,0.0,0.0,4.4
2026-08-25 10:56:01,VIX,15.57,60.8,0.0,0,2.9,2.8,0.1,0.0,0.0,0.0,4.1
2026-08-25 10:57:01,VIX,15.57,60.8,0.0,0,2.7,2.6,0.1,0.0,0.0,0.0,3.8
2026-08-25 10:58:01,VIX,15.57,60.8,0.0,0,2.5,2.5,0.1,0.0,0.0,0.0,3.6
2026-08-25 10:59:01,VIX,15.57,60.8,0.0,0,2.3,2.2,0.1,0.0,0.0,0.0,3.3
2026-08-25 11:00:01,VIX,15.57,60.8,0.0,0,2.0,1.9,0.1,0.0,0.0,0.0,3.1
2026-08-25 11:01:01,VIX,15.57,60.8,0.0,0,1.7,1.6,0.1,0.0,0.0,0.0,2.8
2026-08-25 11:02:01,VIX,15.57,60.8,0.0,0,1.4,1.3,0.1,0.0,0.0,0.0,2.6
2026-08-25 11:03:01,VIX,15.57,60.8,0.0,0,1.0,0.9,0.1,0.0,0.0,0.0,2.3
2026-08-25 11:04:01,VIX,15.57,60.8,0.0,0,1.4,1.3,0.1,0.0,0.0,0.0,2.1
2026-08-25 11:05:01,VIX,15.57,60.8,0.0,0,1.0,0.9,0.1,0.0,0.0,0.0,1.9
2026-08-25 11:06:01,VIX,15.57,60.8,0.0,0,0.1,0.0,0.1,0.0,0.0,0.0,1.6
2026-08-25 11:07:01,VIX,15.57,60.8,0.0,0,0.1,0.0,0.1,0.0,0.0,0.0,1.3
2026-08-25 11:08:01,VIX,15.57,60.8,0.0,0,0.1,0.0,0.1,0.0,0.0,0.0,1.1
2026-08-25 11:09:01,VIX,15.57,60.8,0.0,0,0.1,0.0,0.1,0.0,0.0,0.0,0.9
2026-08-25 11:10:01,VIX,15.57,60.8,0.0,0,0.1,0.0,0.1,0.0,0.0,0.0,0.7
2026-08-25 11:11:01,VIX,15.57,60.8,0.0,0,0.1,0.0,0.1,0.0,0.0,0.0,0.5
2026-08-25 11:12:01,VIX,15.57,60.8,0.0,0,0.1,0.0,0.1,0.0,0.0,0.0,0.4
2026-08-25 11:13:01,VIX,15.57,60.8,0.0,0,0.1,0.0,0.1,0.0,0.0,0.0,0.3
2026-08-25 11:14:01,VIX,15.57,60.8,0.0,0,0.1,0.0,0.1,0.0,0.0,0.0,0.2
2026-08-25 11:15:01,VIX,15.57,60.8,0.0,0,0.1,0.0,0.1,0.0,0.0,0.0,0.1
2026-08-25 11:16:01,VIX,15.57,60.8,0.0,0,0.1,0.0,0.1,0.0,0.0,0.0,0.1
2026-08-25 11:17:01,VIX,15.57,60.8,0.0,0,0.1,0.0,0.1,0.0,0.0,0.0,0.1
2026-08-25 11:18:01,VIX,15.57,60.8,0.0,0,0.1,0.0,0.1,0.0,0.0,0.0,0.1
2026-08-25 11:19:01,VIX,15.57,60.8,0.0,0,0.1,0.0,0.1,0.0,0.0,0.0,0.1
2026-08-25 11:20:01,VIX,15.57,60.8,0.0,0,0.1,0.0,0.1,0.0,0.0,0.0,0.1
2026-08-25 11:21:01,VIX,15.57,60.8,0.0,0,0.1,0.0,0.1,0.0,0.0,0.0,0.1
2026-08-25 11:22:01,VIX,15.57,60.8,0.0,0,0.1,0.0,0.1,0.0,0.0,0.0,0.1
2026-08-25 11:23:01,VIX,15.57,60.8,0.0,0,0.1,0.0,0.1,0.0,0.0,0.0,0.1
2026-08-25 11:24:01,VIX,15.57,60.8,0.0,0,0.1,0.0,0.1,0.0,0.0,0.0,0.1
2026-08-25 11:25:01,VIX,15.57,60.8,0.0,0,0.1,0.0,0.1,0.0,0.0,0.0,0.1
2026-08-25 11:26:01,VIX,15.57,60.8,0.0,0,0.1,0.0,0.1,0.0,0.0,0.0,0.1
2026-08-25 11:27:01,VIX,15.57,60.8,0.0,0,0.1,0.0,0.1,0.0,0.0,0.0,0.1
2026-08-25 11:28:01,VIX,15.57,60.8,0.0,0,0.1,0.0,0.1,0.0,0.0,0.0,0.1
2026-08-25 11:29:01,VIX,15.57,60.8,0.0,0,0.1,0.0,0.1,0.0,0.0,0.0,0.1
2026-08-25 11:30:01,VIX,15.57,60.8,0.0,0,0.1,0.0,0.1,0.0,0.0,0.0,0.1
2026-08-25 11:31:01,VIX,15.57,60.8,0.0,0,0.1,0.0,0.1,0.0,0.0,0.0,0.1
2026-08-25 11:32:01,VIX,15.57,60.8,0.0,0,0.1,0.0,0.1,0.0,0.0,0.0,0.1
2026-08-25 11:33:01,VIX,15.57,60.8,0.0,0,0.1,0.0,0.1,0.0,0.0,0.0,0.1
2026-08-25 11:34:01,VIX,15.57,60.8,0.0,0,0.1,0.0,0.1,0.0,0.0,0.0,0.1
2026-08-25 11:35:01,VIX,15.57,60.8,0.0,0,0.1,0.0,0.1,0.0,0.0,0.0,0.1
2026-08-25 11:36:01,VIX,15.57,60.8,0.0,0,0.1,0.0,0.1,0.0,0.0,0.0,0.1
2026-08-25 11:37:01,VIX,15.57,60.8,0.0,0,0.1,0.0,0.1,0.0,0.0,0.0,0.1
2026-08-25 11:38:01,VIX,15.57,60.8,0.0,0,0.1,0.0,0.1,0.0,0.0,0.0,0.1
2026-08-25 11:39:01,VIX,15.57,60.8,0.0,0,0.1,0.0,0.1,0.0,0.0,0.0,0.1
2026-08-25 11:40:01,VIX,15.57,60.8,0.0,0,0.1,0.0,0.1,0.0,0.0,0.0,0.1
2026-08-25 11:41:01,VIX,15.57,60.8,0.0,0,0.1,0.0,0.1,0.0,0.0,0.0,0.1
2026-08-25 11:42:01,VIX,15.57,60.8,0.0,0,0.1,0.0,0.1,0.0,0.0,0.0,0.1
2026-08-25 11:43:01,VIX,15.57,60.8,0.0,0,0.1,0.0,0.1,0.0,0.0,0.0,0.1
2026-08-25 11:44:01,VIX,15.57,60.8,0.0,0,0.1,0.0,0.1,0.0,0.0,0.0,0.1
2026-08-25 11:45:01,VIX,15.57,60.8,0.0,0,0.1,0.0,0.1,0.0,0.0,0.0,0.1
2026-08-25 11:46:01,VIX,15.57,60.8,0.0,0,0.1,0.0,0.1,0.0,0.0,0.0,0.1
2026-08-25 11:47:01,VIX,15.57,60.8,0.0,0,0.1,0.0,0.1,0.0,0.0,0.0,0.1
2026-08-25 11:48:01,VIX,15.57,60.8,0.0,0,0.1,0.0,0.1,0.0,0.0,0.0,0.1
2026-08-25 11:49:01,VIX,15.57,60.8,0.0,0,0.1,0.0,0.1,0.0,0.0,0.0,0.1
2026-08-25 11:50:01,VIX,15.57,60.8,0.0,0,0.1,0.0,0.1,0.0,0.0,0.0,0.1
2026-08-25 11:51:01,VIX,15.57,60.8,0.0,0,0.1,0.0,0.1,0.0,0.0,0.0,0.1
2026-08-25 11:52:01,VIX,15.57,60.8,0.0,0,0.1,0.0,0.1,0.0,0.0,0.0,0.1
2026-08-25 11:53:01,VIX,15.57,60.8,0.0,0,0.1,0.0,0.1,0.0,0.0,0.0,0.1
2026-08-25 11:54:01,VIX,15.57,60.8,0.0,0,0.1,0.0,0.1,0.0,0.0,0.0,0.1
2026-08-25 11:55:01,VIX,15.57,60.8,0.0,0,0.1,0.0,0.1,0.0,0.0,0.0,0.1
2026-08-25 11:56:01,VIX,15.57,60.8,0.0,0,0.1,0.0,0.1,0.0,0.0,0.0,0.1
2026-08-25 11:57:01,VIX,15.57,60.8,0.0,0,0.1,0.0,0.1,0.0,0.0,0.0,0.1
2026-08-25 11:58:01,VIX,15.57,60.8,0.0,0,0.1,0.0,0.1,0.0,0.0,0.0,0.1
2026-08-25 11:59:01,VIX,15.57,60.8,0.0,0,0.1,0.0,0.1,0.0,0.0,0.0,0.1
2026-08-25 12:00:01,VIX,15.57,60.8,0.0,0,0.1,0.0,0.1,0.0,0.0,0.0,0.1
2026-08-25 12:01:01,VIX,15.57,60.8,0.0,0,0.1,0.0,0.1,0.0,0.0,0.0,0.1
2026-08-25 12:02:01,VIX,15.57,60.8,0.0,0,0.1,0.0,0.1,0.0,0.0,0.0,0.1
2026-08-25 12:03:01,VIX,15.57,60.8,0.0,0,0.1,0.0,0.1,0.0,0.0,0.0,0.1
2026-08-25 12:04:01,VIX,15.57,60.8,0.0,0,0.1,0.0,0.1,0.0,0.0,0.0,0.1
2026-08-25 12:05:01,VIX,15.57,60.8,0.0,0,0.1,0.0,0.1,0.0,0.0,0.0,0.1
2026-08-25 12:06:01,VIX,15.57,60.8,0.0,0,0.1,0.0,0.1,0.0,0.0,0.0,0.1
2026-08-25 12:07:01,VIX,15.57,60.8,0.0,0,0.1,0.0,0.1,0.0,0.0,0.0,0.1
2026-08-25 12:08:01,VIX,15.57,60.8,0.0,0,0.1,0.0,0.1,0.0,0.0,0.0,0.1
2026-08-25 12:09:01,VIX,15.57,60.8,0.0,0,0.1,0.0,0.1,0.0,0.0,0.0,0.1
2026-08-25 12:10:01,VIX,15.57,60.8,0.0,0,0.1,0.0,0.1,0.0,0.0,0.0,0.1
2026-08-25 12:11:01,VIX,15.57,60.8,0.0,0,0.1,0.0,0.1,0.0,0.0,0.0,0.1
2026-08-25 12:12:01,VIX,15.57,60.8,0.0,0,0.1,0.0,0.1,0.0,0.0,0.0,0.1
2026-08-25 12:13:01,VIX,15.57,60.8,0.0,0,0.1,0.0,0.1,0.0,0.0,0.0,0.1
2026-08-25 12:14:01,VIX,15.57,60.8,0.0,0,0.1,0.0,0.1,0.0,0.0,0.0,0.1
2026-08-25 12:15:01,VIX,15.57,60.8,0.0,0,0.1,0.0,0.1,0.0,0.0,0.0,0.1
2026-08-25 12:16:01,VIX,15.57,60.8,0.0,0,0.1,0.0,0.1,0.0,0.0,0.0,0.1
2026-08-25 12:17:01,VIX,15.57,60.8,0.0,0,0.1,0.0,0.1,0.0,0.0,0.0,0.1
2026-08-25 12:18:01,VIX,15.57,60.8,0.0,0,0.1,0.0,0.1,0.0,0.0,0.0,0.1
2026-08-25 12:19:01,VIX,15.57,60.8,0.0,0,0.1,0.0,0.1,0.0,0.0,0.0,0.1
2026-08-25 12:20:01,VIX,15.57,60.8,0.0,0,0.1,0.0,0.1,0.0,0.0,0.0,0.1
2026-08-25 12:21:01,VIX,15.57,60.8,0.0,0,0.1,0.0,0.1,0.0,0.0,0.0,0.1
2026-08-25 12:22:01,VIX,15.57,60.8,0.0,0,0.1,0.0,0.1,0.0,0.0,0.0,0.1
2026-08-25 12:23:01,VIX,15.57,60.8,0.0,0,0.1,0.0,0.1,0.0,0.0,0.0,0.1
2026-08-25 12:24:01,VIX,15.57,60.8,0.0,0,0.1,0.0,0.1,0.0,0.0,0.0,0.1
2026-08-25 12:25:36,VIX,15.56,7.4,0.0,0,29.0,0.0,0.0,14,15,0.0,29.0
2026-08-25 12:26:36,VIX,15.56,50.4,0.0,0,5.6,0.0,5.6,0.0,0.0,0.0,17.3
2026-08-25 12:27:36,VIX,15.56,65.8,0.0,0,50.1,30,20,0.0,0.1,0.0,28.2
2026-08-25 12:28:36,VIX,15.58,64.9,238616.44,0,27.9,7.5,20,0.0,0.3,0.1,28.1
2026-08-25 12:29:36,VIX,15.57,67.5,119186.67,0,26.0,5.8,20,0.0,0.2,0.0,27.7
2026-08-25 12:30:36,VIX,15.57,69.6,-119270.99,0,10.6,5.0,5.6,0.0,0.1,0.0,24.9
2026-08-25 12:31:36,VIX,15.57,70.7,0.0,0,11.1,4.0,7.1,0.0,0.0,0.0,22.9
2026-08-25 12:32:36,VIX,15.56,70.7,-119029.82,0,16.6,3.6,12.7,0.0,0.3,0.0,22.1
2026-08-25 12:33:36,VIX,15.55,73.7,-237574.36,0,12.6,3.3,9.1,0.0,0.3,0.0,21.1
2026-08-25 12:34:36,VIX,15.55,74.7,-118787.22,0,3.1,3.1,0.1,0.0,0.0,0.0,19.3
2026-08-25 12:35:36,VIX,15.55,74.7,0.0,0,3.0,2.9,0.1,0.0,0.0,0.0,16.7
2026-08-25 12:36:36,VIX,15.56,74.7,119030.65,0,7.4,2.7,4.3,0.0,0.3,0.0,16.8
2026-08-25 12:37:36,VIX,15.56,73.1,119029.91,0,3.2,3.0,0.2,0.0,0.0,0.0,12.2
2026-08-25 12:38:36,VIX,15.56,74.0,0.0,0,2.9,2.6,0.3,0.0,0.0,0.0,9.7
2026-08-25 12:39:36,VIX,15.55,75.2,-118787.23,0,10.4,1.3,8.9,0.0,0.3,0.0,8.1
2026-08-25 12:40:36,VIX,15.55,75.2,-118788.14,0,0.3,0.2,0.1,0.0,0.0,0.0,7.1
2026-08-25 12:41:36,VIX,15.56,85.2,118998.31,0,40.0,30,9.7,0.0,0.2,0.0,10.0
2026-08-25 12:42:36,VIX,15.55,85.1,0.0,0,44.2,30,7.1,7,0.2,0.0,12.7
2026-08-25 12:43:36,VIX,15.56,82.3,0.0,0,42.9,30,12.6,0.0,0.3,0.0,15.8
2026-08-25 12:44:36,VIX,15.56,82.3,119110.42,0,30.1,30,0.1,0.0,0.0,0.0,18.4
2026-08-25 12:45:36,VIX,15.56,82.3,0.0,0,30.2,30,0.2,0.0,0.0,0.0,21.2
2026-08-25 12:46:36,VIX,15.57,82.3,119354.67,0,38.7,30,8.4,0.0,0.3,0.0,24.3
2026-08-25 12:47:36,VIX,15.57,82.3,119354.05,0,36.6,30,6.6,0.0,0.0,0.0,27.6
2026-08-25 12:48:36,VIX,15.56,82.3,-119110.27,0,38.8,30,8.6,0.0,0.3,0.0,31.2
2026-08-25 12:49:36,VIX,15.57,82.3,0.0,0,37.0,30,6.7,0.0,0.3,0.0,33.9
2026-08-25 12:50:36,VIX,15.58,82.4,238939.62,0,34.0,30,3.8,0.0,0.2,0.1,37.3
2026-08-25 12:51:36,VIX,15.57,76.0,0.0,0,50.2,30,20,0.0,0.2,0.0,38.3
2026-08-25 12:52:36,VIX,15.57,76.0,-119308.86,0,35.6,30,5.6,0.0,0.0,0.0,37.4
2026-08-25 12:53:36,VIX,15.56,76.0,-119061.09,0,35.7,30,5.5,0.0,0.3,0.0,36.7
2026-08-25 12:54:36,VIX,15.55,76.0,-237643.64,0,50.3,30,20,0.0,0.3,0.0,38.7
2026-08-25 12:55:36,VIX,15.54,76.0,-237370.62,0,50.2,30,20,0.0,0.2,0.0,40.7
2026-08-25 12:56:36,VIX,15.55,76.0,0.0,0,37.0,30,6.8,0.0,0.2,0.0,40.5
2026-08-25 12:57:36,VIX,15.56,76.0,238318.72,0,35.4,30,5.0,0.0,0.3,0.1,40.4
2026-08-25 12:58:36,VIX,15.55,76.2,0.0,0,30.8,30,0.4,0.0,0.3,0.0,39.6
2026-08-25 12:59:36,VIX,15.55,76.3,-118849.67,0,30.1,30,0.1,0.0,0.0,0.0,38.9
2026-08-25 13:00:36,VIX,15.55,76.4,0.0,0,30.3,30,0.2,0.0,0.0,0.0,38.5
2026-08-25 13:01:36,VIX,15.57,77.7,238842.56,0,36.9,30,6.2,0.0,0.6,0.1,37.2
2026-08-25 13:02:36,VIX,15.57,78.1,238846.32,0,50.1,30,20,0.0,0.0,0.1,38.7
2026-08-25 13:03:36,VIX,15.56,78.0,-119177.54,0,42.6,30,12.4,0.0,0.3,0.0,39.4
2026-08-25 13:04:36,VIX,15.56,78.0,-119178.83,0,30.2,30,0.2,0.0,0.0,0.0,37.3
2026-08-25 13:05:36,VIX,15.56,78.6,0.0,0,38.9,30,8.9,0.0,0.0,0.0,36.2
2026-08-25 13:06:36,VIX,15.55,78.0,-118866.06,0,37.4,30,7.1,0.0,0.3,0.0,36.3
2026-08-25 13:07:36,VIX,15.55,78.0,-118897.24,0,36.6,30,6.6,0.0,0.0,0.0,36.4
2026-08-25 13:08:36,VIX,15.55,77.8,0.0,0,47.3,30,17.3,0.0,0.0,0.0,38.0
2026-08-25 13:09:37,VIX,15.55,77.8,0.0,0,30.2,30,0.2,0.0,0.0,0.0,38.0
2026-08-25 13:10:36,VIX,15.55,77.9,0.0,1,50.0,30,20,0.0,0.0,0.0,40.0
2026-08-25 13:11:36,VIX,15.55,78.7,0.0,1,38.5,30,8.5,0.0,0.1,0.0,40.2
2026-08-25 13:12:36,VIX,15.54,78.6,-118720.52,0,50.2,30,20,0.0,0.2,0.0,40.2
2026-08-25 13:13:36,VIX,15.54,78.8,-118767.66,0,32.3,30,2.3,0.0,0.0,0.0,39.2
2026-08-25 13:14:36,VIX,15.54,87.1,0.0,0,44.8,30,14.7,0.0,0.0,0.0,40.6
2026-08-25 13:15:36,VIX,15.55,87.2,119135.26,0,48.3,30,17.8,0.0,0.4,0.1,41.6
2026-08-25 13:16:36,VIX,15.55,87.2,119135.02,0,30.2,30,0.2,0.0,0.0,0.1,40.8
2026-08-25 13:17:36,VIX,15.56,87.2,119257.51,0,50.2,30,20,0.0,0.2,0.0,42.2
2026-08-25 13:18:36,VIX,15.56,87.2,119334.5,0,50.1,30,20,0.0,0.1,0.0,42.5
2026-08-25 13:19:36,VIX,15.55,87.2,-119041.86,0,32.4,30,2.1,0.0,0.3,0.0,42.7
2026-08-25 13:20:36,VIX,15.55,87.2,-119051.12,0,32.8,30,2.8,0.0,0.0,0.0,41.0
2026-08-25 13:21:36,VIX,15.54,87.2,-119177.16,0,35.9,30,5.9,0.0,0.0,0.0,40.7
2026-08-25 13:22:36,VIX,15.52,87.1,-356007.18,0,50.6,30,20,0.0,0.6,0.0,40.8
2026-08-25 13:23:36,VIX,15.53,61.4,-118922.88,0,39.1,26.4,12.4,0.0,0.3,0.0,41.4
2026-08-25 13:24:36,VIX,15.53,61.4,118924.76,0,18.9,18.4,0.5,0.0,0.0,0.0,38.8
2026-08-25 13:25:36,VIX,15.53,61.4,0.0,0,14.8,14.7,0.1,0.0,0.0,0.0,35.5
2026-08-25 13:26:36,VIX,15.54,61.5,119175.03,0,24.9,12.5,12.1,0.0,0.3,0.0,35.0
2026-08-25 13:27:36,VIX,15.52,61.4,-118667.32,0,31.5,11.0,20,0.0,0.6,0.0,33.1
2026-08-25 13:28:36,VIX,15.52,61.5,-237333.66,0,10.0,9.8,0.1,0.0,0.0,0.0,29.1
2026-08-25 13:29:36,VIX,15.52,61.5,0.0,0,15.3,8.9,6.4,0.0,0.0,0.0,27.4
2026-08-25 13:30:36,VIX,15.49,61.6,-355531.89,0,28.5,8.2,20,0.0,0.3,0.0,26.9
2026-08-25 13:31:36,VIX,15.47,61.6,-590708.95,0,20.8,7.5,12.8,0.0,0.4,0.0,25.4
2026-08-25 13:32:36,VIX,15.47,61.6,-236283.34,0,10.0,7.0,3.0,0.0,0.0,0.0,21.4
2026-08-25 13:33:36,VIX,15.46,61.6,-118194.71,0,26.4,6.4,20,0.0,0.0,0.0,20.1
2026-08-25 13:34:36,VIX,15.46,61.6,-118184.83,0,9.6,5.9,3.7,0.0,0.0,0.0,19.2
2026-08-25 13:35:36,VIX,15.47,61.6,118425.37,0,25.9,5.5,20,0.0,0.3,0.0,20.3
2026-08-25 13:36:36,VIX,15.47,61.6,118237.2,0,25.4,5.2,20,0.0,0.2,0.0,20.3
2026-08-25 13:37:36,VIX,15.47,61.6,0.0,0,5.5,4.8,0.7,0.0,0.0,0.0,17.7
2026-08-25 13:38:36,VIX,15.48,61.6,118595.65,0,25.0,4.5,20,0.0,0.4,0.0,19.2
2026-08-25 13:39:36,VIX,15.48,61.6,118596.05,0,7.3,4.2,3.0,0.0,0.0,0.0,18.4
2026-08-25 13:40:36,VIX,15.48,61.6,0.0,0,19.6,3.9,8.6,7,0.2,0.0,17.5
2026-08-25 13:41:36,VIX,15.48,61.6,0.0,0,3.7,3.6,0.1,0.0,0.0,0.0,15.8
2026-08-25 13:42:36,VIX,15.48,61.6,0.0,0,3.4,3.4,0.1,0.0,0.0,0.0,15.2
2026-08-25 13:43:36,VIX,15.47,61.6,-118142.51,0,16.4,3.1,13.0,0.0,0.3,0.0,14.2
2026-08-25 13:44:36,VIX,15.48,61.6,0.0,0,15.6,2.9,12.4,0.0,0.3,0.0,14.8
2026-08-25 13:45:36,VIX,15.47,61.6,0.0,0,22.9,2.6,20,0.0,0.3,0.0,14.5
2026-08-25 13:46:36,VIX,15.45,61.6,-352740.48,0,22.8,2.2,20,0.0,0.6,0.0,14.2
2026-08-25 13:47:36,VIX,15.46,61.6,-117859.99,0,15.1,1.9,12.9,0.0,0.3,0.0,15.2
2026-08-25 13:48:36,VIX,15.46,61.6,117860.07,0,1.9,1.6,0.2,0.0,0.0,0.1,12.9
2026-08-25 13:49:36,VIX,15.46,61.7,0.0,0,3.7,1.3,2.2,0.0,0.2,0.0,12.5
2026-08-25 13:50:36,VIX,15.46,61.7,0.0,0,6.0,1.0,5.0,0.0,0.0,0.0,11.2
2026-08-25 13:51:36,VIX,15.47,61.7,117913.94,0,17.4,0.4,16.6,0.0,0.3,0.0,12.5
2026-08-25 13:52:36,VIX,15.46,61.6,0.0,0,23.5,7.9,15.3,0.0,0.3,0.0,14.5
2026-08-25 13:53:36,VIX,15.45,61.6,-234703.76,0,20.1,7.3,12.5,0.0,0.3,0.0,14.9
2026-08-25 13:54:36,VIX,15.46,61.7,0.0,0,19.2,6.9,12.0,0.0,0.3,0.0,15.3
2026-08-25 13:55:36,VIX,15.44,61.7,-117029.33,0,21.7,5.4,15.6,0.0,0.6,0.0,15.1
2026-08-25 13:56:36,VIX,15.44,61.7,-234053.74,0,5.9,5.1,0.8,0.0,0.0,0.0,13.4
2026-08-25 13:57:36,VIX,15.46,61.7,235217.18,0,25.5,4.8,20,0.0,0.6,0.1,14.5
2026-08-25 13:58:36,VIX,15.46,61.7,235219.8,0,4.9,4.4,0.4,0.0,0.0,0.1,14.8
2026-08-25 13:59:36,VIX,15.45,69.2,-117331.72,0,46.6,26.3,20,0.0,0.3,0.0,19.1
2026-08-25 14:00:37,VIX,15.44,69.1,-234125.08,0,31.8,18.4,13.2,0.0,0.3,0.0,21.7
2026-08-25 14:01:36,VIX,15.44,69.8,-117087.33,1,21.8,14.8,6.9,0.0,0.0,0.0,22.1
2026-08-25 14:02:36,VIX,15.45,71.5,117365.38,1,26.6,13.6,12.7,0.0,0.3,0.0,22.4
2026-08-25 14:03:36,VIX,15.45,71.5,117374.43,0,14.6,11.8,2.7,0.0,0.0,0.0,21.9
2026-08-25 14:04:37,VIX,15.46,71.5,117652.29,0,22.9,10.4,12.1,0.0,0.3,0.1,22.2
2026-08-25 14:05:42,VIX,15.46,71.5,117653.07,0,9.5,9.4,0.1,0.0,0.0,0.1,21.0
2026-08-25 14:06:36,VIX,15.46,71.5,0.0,1,8.6,8.5,0.1,0.0,0.0,0.0,21.3
2026-08-25 14:07:36,VIX,15.46,71.5,0.0,1,8.0,7.8,0.2,0.0,0.0,0.0,19.5
2026-08-25 14:08:36,VIX,15.45,71.5,-117375.27,0,20.2,7.2,12.6,0.0,0.3,0.0,21.1
2026-08-25 14:09:36,VIX,15.45,71.5,-117374.91,0,7.1,6.7,0.4,0.0,0.0,0.0,17.1
2026-08-25 14:10:36,VIX,15.45,71.5,0.0,0,11.9,6.2,5.6,0.0,0.0,0.0,15.1
2026-08-25 14:11:36,VIX,15.47,71.5,235852.18,0,24.8,5.8,18.3,0.0,0.6,0.1,15.4
2026-08-25 14:12:36,VIX,15.47,71.5,235854.72,0,15.5,5.5,9.9,0.0,0.0,0.1,14.3
2026-08-25 14:13:36,VIX,15.46,71.5,-117651.37,0,15.4,5.1,10.0,0.0,0.3,0.0,14.4
2026-08-25 14:14:36,VIX,15.48,71.5,118202.53,0,25.4,4.8,20,0.0,0.6,0.0,14.6
2026-08-25 14:15:36,VIX,15.48,71.4,236420.52,0,5.0,4.4,0.5,0.0,0.0,0.1,14.2
2026-08-25 14:17:00,VIX,15.48,71.4,0.0,0,7.8,4.1,3.6,0.0,0.0,0.0,14.1
2026-08-25 14:17:36,VIX,15.49,71.5,118305.5,0,11.4,3.9,7.4,0.0,0.1,0.0,14.4
2026-08-25 14:18:36,VIX,15.5,71.4,236221.4,0,12.7,3.6,9.0,0.0,0.1,0.1,13.7
2026-08-25 14:19:36,VIX,15.5,71.3,118577.82,0,23.8,3.4,20,0.0,0.4,0.0,15.4
2026-08-25 14:20:36,VIX,15.51,71.0,118303.44,0,23.5,3.3,20,0.0,0.2,0.0,16.5
2026-08-25 14:21:36,VIX,15.5,71.4,0.0,0,23.0,3.0,20,0.0,0.0,0.0,16.4
2026-08-25 14:22:36,VIX,15.49,71.4,-236593.12,0,22.9,2.8,20,0.0,0.1,0.0,17.1
2026-08-25 14:23:36,VIX,15.49,71.3,-118304.73,0,9.0,2.6,6.5,0.0,0.0,0.0,16.5
2026-08-25 14:24:36,VIX,15.49,71.3,0.0,0,9.1,2.3,6.8,0.0,0.0,0.0,14.8
2026-08-25 14:25:36,VIX,15.49,71.3,0.0,0,11.5,2.0,9.4,0.0,0.0,0.0,15.5
2026-08-25 14:26:36,VIX,15.47,71.2,-235525.76,0,22.4,1.8,20,0.0,0.6,0.0,16.9
2026-08-25 14:27:36,VIX,15.47,71.2,-235573.52,0,5.0,1.5,3.5,0.0,0.0,0.0,16.3
2026-08-25 14:28:36,VIX,15.46,71.2,-117489.94,0,13.3,3.5,9.5,0.0,0.3,0.0,16.4
2026-08-25 14:29:36,VIX,15.47,71.4,0.0,0,25.7,5.4,20,0.0,0.3,0.0,16.6
2026-08-25 14:30:36,VIX,15.45,71.3,-117158.14,0,26.7,6.1,20,0.0,0.6,0.0,16.9
2026-08-25 14:31:36,VIX,15.48,71.8,117818.7,0,46.5,25.7,20,0.0,0.8,0.0,19.2
2026-08-25 14:32:36,VIX,15.47,71.8,235092.86,0,28.1,18.1,9.6,0.0,0.3,0.1,19.7
2026-08-25 14:33:36,VIX,15.46,71.6,-234864.16,0,15.2,13.9,1.1,0.0,0.2,0.0,20.3
2026-08-25 14:34:36,VIX,15.46,71.5,-117453.6,0,20.6,11.5,9.0,0.0,0.0,0.0,21.5
2026-08-25 14:35:36,VIX,15.45,71.5,-117348.02,0,11.5,10.1,1.2,0.0,0.2,0.0,21.5
2026-08-25 14:36:36,VIX,15.45,71.5,-117329.98,1,12.1,9.2,2.9,0.0,0.0,0.0,20.5
2026-08-25 14:37:37,VIX,15.45,71.6,0.0,1,16.9,6.2,10.7,0.0,0.0,0.0,21.7
2026-08-25 14:38:36,VIX,15.44,71.5,-117025.74,0,17.6,5.7,11.6,0.0,0.3,0.0,22.1
2026-08-25 14:39:36,VIX,15.44,71.5,-117026.02,0,5.6,5.3,0.3,0.0,0.0,0.0,20.1
2026-08-25 14:40:36,VIX,15.43,71.5,-116794.07,0,13.3,2.2,10.8,0.0,0.3,0.0,18.7
2026-08-25 14:41:36,VIX,15.42,71.5,-233017.7,0,6.5,2.0,4.2,0.0,0.3,0.0,14.7
2026-08-25 14:42:41,VIX,15.42,67.2,-116507.01,0,27.1,8.6,18.5,0.0,0.0,0.0,14.6
2026-08-25 14:43:36,VIX,15.42,67.2,0.0,0,11.8,7.9,3.9,0.0,0.0,0.0,14.3
2026-08-25 14:44:36,VIX,15.43,66.3,116788.55,0,12.0,2.4,9.3,0.0,0.3,0.0,13.4
2026-08-25 14:45:37,VIX,15.45,66.4,351989.13,0,23.2,2.5,20,0.0,0.6,0.1,14.6
2026-08-25 14:46:52,VIX,15.45,66.4,234669.16,0,22.7,2.6,20,0.0,0.0,0.1,15.7
2026-08-25 14:47:36,VIX,15.45,66.3,0.0,0,17.1,2.8,14.1,0.0,0.1,0.0,15.7
2026-08-25 14:48:36,VIX,15.46,66.3,117786.41,0,23.3,3.0,20,0.0,0.3,0.1,16.3
2026-08-25 14:49:36,VIX,15.45,65.8,0.0,0,24.2,4.2,20,0.0,0.0,0.0,18.1
2026-08-25 14:50:36,VIX,15.46,65.8,0.0,0,24.3,4.3,20,0.0,0.0,0.0,19.2
2026-08-25 14:51:36,VIX,15.47,65.8,236316.8,0,8.8,4.3,4.1,0.0,0.3,0.1,19.5
2026-08-25 14:52:36,VIX,15.45,65.3,-117523.68,0,26.7,6.0,20,0.0,0.7,0.0,19.4
2026-08-25 14:53:36,VIX,15.44,65.6,-356323.38,0,26.5,5.5,20,0.0,1.0,0.0,20.9
2026-08-25 14:54:36,VIX,15.43,65.8,-245317.66,0,28.5,5.4,20,0.0,3.1,0.0,22.6
2026-08-25 14:55:36,VIX,15.42,65.8,-244739.58,0,24.2,5.3,18.6,0.0,0.3,0.0,22.6
2026-08-25 14:56:37,VIX,15.44,65.6,118321.22,0,28.4,5.1,20,0.0,3.3,0.0,23.2
2026-08-25 14:57:36,VIX,15.43,65.6,118005.13,0,17.6,4.9,12.3,0.0,0.3,0.0,23.3
2026-08-25 14:58:36,VIX,15.44,65.0,0.0,0,28.3,4.9,20,0.0,3.4,0.0,23.8
2026-08-25 14:59:36,VIX,15.46,64.5,368315.79,0,25.7,4.9,20,0.0,0.7,0.2,23.9
2026-08-25 15:00:36,VIX,15.45,64.3,122416.63,0,19.8,5.2,14.1,0.0,0.4,0.0,23.5
2026-08-25 15:01:36,VIX,15.46,64.6,0.0,0,27.1,5.2,20,0.0,1.9,0.0,25.3
2026-08-25 15:02:36,VIX,15.47,64.1,250061.28,0,6.7,4.8,1.5,0.0,0.3,0.1,23.3
2026-08-25 15:03:36,VIX,15.46,63.7,0.0,0,27.2,6.0,20,0.0,1.1,0.0,23.3
2026-08-25 15:04:36,VIX,15.45,63.7,-246668.0,0,26.1,5.7,20,0.0,0.4,0.0,23.1
2026-08-25 15:05:36,VIX,15.45,65.7,-123330.85,0,12.3,5.4,6.9,0.0,0.0,0.0,21.9
2026-08-25 15:06:36,VIX,15.44,66.2,-122981.82,0,13.5,5.1,1.0,7,0.3,0.0,20.4
2026-08-25 15:07:36,VIX,15.48,67.1,373119.54,0,26.3,4.8,20,0.0,1.4,0.2,21.3
2026-08-25 15:08:36,VIX,15.49,67.2,623346.8,0,24.8,4.6,19.7,0.0,0.3,0.3,20.9
2026-08-25 15:09:36,VIX,15.48,67.2,0.0,0,20.9,5.0,15.4,0.0,0.4,0.0,20.5
2026-08-25 15:10:36,VIX,15.49,67.3,0.0,0,17.3,4.7,12.2,0.0,0.3,0.0,20.2
2026-08-25 15:11:36,VIX,15.49,67.3,124622.44,0,4.6,4.4,0.1,0.0,0.0,0.0,18.0
2026-08-25 15:12:36,VIX,15.47,67.6,-247750.3,0,23.7,4.7,18.3,0.0,0.7,0.0,19.7
2026-08-25 15:13:36,VIX,15.46,67.7,-370663.38,0,23.1,6.4,16.4,0.0,0.3,0.0,19.2
2026-08-25 15:14:36,VIX,15.46,64.6,-123554.97,0,0.5,0.5,0.1,0.0,0.0,0.0,16.7
2026-08-25 15:15:36,VIX,15.45,64.7,-122481.72,0,21.7,0.8,20,0.0,0.9,0.0,17.6
2026-08-25 15:16:36,VIX,15.45,64.2,-122507.8,0,21.1,1.1,20,0.0,0.0,0.0,18.4
2026-08-25 15:17:36,VIX,15.45,64.0,0.0,0,24.7,1.5,20,0.0,3.1,0.0,18.2
2026-08-25 15:18:36,VIX,15.45,64.0,0.0,0,5.8,2.1,3.7,0.0,0.0,0.0,16.3
2026-08-25 15:19:36,VIX,15.45,64.0,0.0,0,3.2,2.4,0.8,0.0,0.0,0.0,14.6
2026-08-25 15:20:36,VIX,15.45,64.1,0.0,0,22.7,2.7,20,0.0,0.0,0.0,15.1
2026-08-25 15:21:36,VIX,15.45,64.6,0.0,0,3.6,3.2,0.5,0.0,0.0,0.0,15.0
2026-08-25 15:22:36,VIX,15.45,65.1,0.0,0,3.2,3.1,0.1,0.0,0.0,0.0,13.0
2026-08-25 15:23:36,VIX,15.45,65.3,0.0,0,9.8,3.1,6.7,0.0,0.0,0.0,11.6
2026-08-25 15:24:36,VIX,15.45,65.4,0.0,0,3.5,3.2,0.3,0.0,0.0,0.0,11.9
2026-08-25 15:25:36,VIX,15.45,65.9,0.0,0,9.8,3.3,6.5,0.0,0.0,0.0,10.7
2026-08-25 15:26:36,VIX,15.45,66.3,0.0,0,3.6,3.4,0.2,0.0,0.0,0.0,9.0
2026-08-25 15:27:36,VIX,15.45,66.3,0.0,0,7.1,3.5,3.6,0.0,0.0,0.0,7.2
2026-08-25 15:28:36,VIX,15.45,66.3,0.0,0,7.2,3.7,3.5,0.0,0.0,0.0,7.4
2026-08-25 15:29:36,VIX,15.45,66.3,0.0,0,10.2,3.8,6.4,0.0,0.0,0.0,8.1
2026-08-25 15:30:36,VIX,15.45,66.8,0.0,0,27.9,7.8,20,0.0,0.1,0.0,8.6
2026-08-25 15:31:36,VIX,15.45,65.0,0.0,0,28.7,8.6,20,0.0,0.1,0.0,11.1
2026-08-25 15:32:35,VIX,15.45,65.1,0.0,0,24.7,7.9,16.7,0.0,0.1,0.0,13.2
2026-08-25 15:33:36,VIX,15.45,65.1,0.0,0,21.1,7.5,13.5,0.0,0.1,0.0,14.4
2026-08-25 15:34:35,VIX,15.45,65.1,0.0,0,7.8,7.2,0.6,0.0,0.0,0.0,14.8
2026-08-25 15:35:36,VIX,15.45,65.1,0.0,0,11.3,6.9,4.4,0.0,0.0,0.0,15.0
2026-08-25 15:36:35,VIX,15.45,65.0,0.0,0,26.8,6.7,20,0.0,0.2,0.0,17.3
2026-08-25 15:37:36,VIX,15.45,66.8,0.0,0,26.5,6.4,20,0.0,0.1,0.0,19.2
2026-08-25 15:38:37,VIX,15.45,67.6,0.0,0,26.2,6.1,20,0.0,0.1,0.0,21.1
2026-08-25 15:39:37,VIX,15.45,67.7,0.0,0,26.6,6.0,20,0.0,0.6,0.0,22.8
2026-08-25 15:40:35,VIX,15.45,67.7,0.0,0,26.2,5.9,20,0.0,0.3,0.0,22.6
2026-08-25 15:41:35,VIX,15.45,67.7,0.0,0,6.3,5.8,0.5,0.0,0.0,0.0,20.4
2026-08-25 15:42:36,VIX,15.45,67.7,0.0,0,9.1,5.7,3.4,0.0,0.0,0.0,18.8
2026-08-25 15:43:57,VIX,15.45,67.7,0.0,0,8.1,5.6,2.5,0.0,0.0,0.0,17.5
2026-08-25 15:44:35,VIX,15.45,67.7,0.0,0,5.3,5.2,0.0,0.0,0.0,0.0,17.3
2026-08-25 15:45:35,VIX,15.45,67.7,0.0,0,17.9,4.9,13.0,0.0,0.0,0.0,17.9
2026-08-25 15:46:36,VIX,15.45,67.7,0.0,0,24.6,4.6,20,0.0,0.0,0.0,17.7
2026-08-25 15:47:36,VIX,15.45,67.7,0.0,0,4.7,4.3,0.4,0.0,0.0,0.0,15.5
2026-08-25 15:48:36,VIX,15.45,67.7,0.0,0,4.1,4.0,0.1,0.0,0.0,0.0,13.3
2026-08-25 15:49:36,VIX,15.45,67.7,0.0,0,4.1,3.7,0.4,0.0,0.0,0.0,11.0
2026-08-25 15:50:36,VIX,15.45,67.7,0.0,0,15.0,3.5,11.5,0.0,0.0,0.0,9.9
2026-08-25 15:52:05,VIX,15.45,67.7,0.0,0,3.3,3.2,0.1,0.0,0.0,0.0,9.6
2026-08-25 15:52:36,VIX,15.45,67.7,0.0,0,3.2,3.0,0.2,0.0,0.0,0.0,9.0
2026-08-25 15:53:35,VIX,15.45,67.7,0.0,0,18.2,2.7,15.5,0.0,0.0,0.0,10.0
2026-08-25 15:54:36,VIX,15.45,68.9,0.0,0,2.9,2.5,0.5,0.0,0.0,0.0,9.8
2026-08-25 15:55:36,VIX,15.45,69.2,0.0,0,22.2,2.2,20,0.0,0.0,0.0,10.2
2026-08-25 15:56:36,VIX,15.45,69.2,0.0,0,22.5,1.9,20,0.0,0.6,0.0,10.0
2026-08-25 15:57:42,VIX,15.45,69.2,0.0,0,22.2,1.6,20,0.0,0.6,0.0,11.8
2026-08-25 15:58:35,VIX,15.45,69.2,0.0,0,1.4,1.3,0.1,0.0,0.0,0.0,11.5
2026-08-25 15:59:36,VIX,15.45,69.2,0.0,0,3.9,0.9,2.9,0.0,0.0,0.0,11.5
