NDX: Timestamp,NDX: Open,NDX: High,NDX: Low,NDX: Close,NDX: Volume
05-09-2025 17:15:00,23652.44,23652.44,23652.44,23652.44,0.00
05-09-2025 17:12:00,23652.44,23652.44,23652.44,23652.44,0.00
05-09-2025 17:09:00,23652.44,23652.44,23652.44,23652.44,0.00
05-09-2025 17:06:00,23652.44,23652.44,23652.44,23652.44,0.00
05-09-2025 17:03:00,23652.44,23652.44,23652.44,23652.44,0.00
05-09-2025 17:00:00,23652.44,23652.44,23652.44,23652.44,0.00
05-09-2025 16:57:00,23652.44,23652.44,23652.44,23652.44,0.00
05-09-2025 16:54:00,23652.44,23652.44,23652.44,23652.44,0.00
05-09-2025 16:51:00,23652.44,23652.44,23652.44,23652.44,0.00
05-09-2025 16:48:00,23652.44,23652.44,23652.44,23652.44,0.00
05-09-2025 16:45:00,23652.44,23652.44,23652.44,23652.44,0.00
05-09-2025 16:42:00,23652.44,23652.44,23652.44,23652.44,0.00
05-09-2025 16:39:00,23652.44,23652.44,23652.44,23652.44,0.00
05-09-2025 16:36:00,23652.44,23652.44,23652.44,23652.44,0.00
05-09-2025 16:33:00,23652.44,23652.44,23652.44,23652.44,0.00
05-09-2025 16:30:00,23652.44,23652.44,23652.44,23652.44,0.00
05-09-2025 16:27:00,23652.44,23652.44,23652.44,23652.44,0.00
05-09-2025 16:24:00,23652.44,23652.44,23652.44,23652.44,0.00
05-09-2025 16:21:00,23652.44,23652.44,23652.44,23652.44,0.00
05-09-2025 16:18:00,23652.44,23652.44,23652.44,23652.44,0.00
05-09-2025 16:15:00,23652.44,23652.44,23652.44,23652.44,0.00
05-09-2025 16:12:00,23652.44,23652.44,23652.44,23652.44,0.00
05-09-2025 16:09:00,23652.44,23652.44,23652.44,23652.44,0.00
05-09-2025 16:06:00,23652.44,23652.44,23652.44,23652.44,0.00
05-09-2025 16:03:00,23652.44,23652.44,23652.44,23652.44,0.00
05-09-2025 16:00:00,23652.34,23652.44,23652.34,23652.44,0.00
05-09-2025 15:57:00,23622.97,23654.68,23617.06,23654.68,0.00
05-09-2025 15:54:00,23606.34,23635.93,23606.34,23622.73,0.00
05-09-2025 15:51:00,23634.97,23634.97,23612.51,23612.51,0.00
05-09-2025 15:48:00,23624.60,23635.93,23622.71,23635.21,0.00
05-09-2025 15:45:00,23628.87,23637.73,23624.00,23624.53,0.00
05-09-2025 15:42:00,23635.15,23636.56,23623.04,23628.56,0.00
05-09-2025 15:39:00,23630.83,23640.58,23626.58,23634.90,0.00
05-09-2025 15:36:00,23639.86,23648.22,23628.45,23630.40,0.00
05-09-2025 15:33:00,23624.11,23640.73,23621.89,23639.89,0.00
05-09-2025 15:30:00,23647.07,23648.87,23622.82,23624.16,0.00
05-09-2025 15:27:00,23652.16,23653.74,23646.03,23646.67,0.00
05-09-2025 15:24:00,23648.71,23655.33,23647.99,23652.74,0.00
05-09-2025 15:21:00,23636.56,23648.92,23632.57,23648.71,0.00
05-09-2025 15:18:00,23642.88,23644.76,23636.01,23636.35,0.00
05-09-2025 15:15:00,23635.71,23648.54,23632.06,23642.86,0.00
05-09-2025 15:12:00,23634.06,23637.07,23629.01,23635.81,0.00
05-09-2025 15:09:00,23629.11,23636.65,23628.80,23634.57,0.00
05-09-2025 15:06:00,23628.52,23638.44,23628.03,23629.39,0.00
05-09-2025 15:03:00,23613.69,23628.87,23613.69,23628.31,0.00
05-09-2025 15:00:00,23619.25,23619.25,23606.68,23613.31,0.00
05-09-2025 14:57:00,23602.40,23619.94,23601.54,23619.94,0.00
05-09-2025 14:54:00,23602.57,23604.25,23595.63,23602.26,0.00
05-09-2025 14:51:00,23611.54,23612.95,23598.55,23602.54,0.00
05-09-2025 14:48:00,23614.85,23621.05,23611.79,23612.44,0.00
05-09-2025 14:45:00,23612.36,23615.73,23607.49,23614.56,0.00
05-09-2025 14:42:00,23604.15,23612.51,23600.41,23612.31,0.00
05-09-2025 14:39:00,23610.02,23611.46,23603.25,23604.00,0.00
05-09-2025 14:36:00,23602.01,23617.06,23600.48,23610.14,0.00
05-09-2025 14:33:00,23620.51,23620.96,23602.31,23602.31,0.00
05-09-2025 14:30:00,23606.77,23620.98,23606.77,23620.53,0.00
05-09-2025 14:27:00,23594.88,23609.54,23594.88,23607.11,0.00
05-09-2025 14:24:00,23612.01,23612.53,23594.44,23594.76,0.00
05-09-2025 14:21:00,23613.11,23616.95,23605.09,23611.94,0.00
05-09-2025 14:18:00,23603.47,23614.65,23603.47,23613.20,0.00
05-09-2025 14:15:00,23594.69,23605.34,23594.27,23603.29,0.00
05-09-2025 14:12:00,23592.51,23593.65,23580.65,23593.30,0.00
05-09-2025 14:09:00,23585.51,23593.13,23581.93,23592.15,0.00
05-09-2025 14:06:00,23588.70,23590.66,23580.14,23585.62,0.00
05-09-2025 14:03:00,23576.17,23588.30,23571.35,23588.17,0.00
05-09-2025 14:00:00,23577.44,23586.02,23575.01,23576.17,0.00
05-09-2025 13:57:00,23565.43,23580.55,23564.04,23578.41,0.00
05-09-2025 13:54:00,23578.04,23578.04,23563.49,23564.73,0.00
05-09-2025 13:51:00,23574.69,23581.09,23565.47,23577.52,0.00
05-09-2025 13:48:00,23575.78,23575.96,23565.82,23574.58,0.00
05-09-2025 13:45:00,23572.24,23578.47,23567.56,23575.88,0.00
05-09-2025 13:42:00,23580.03,23580.03,23554.54,23571.66,0.00
05-09-2025 13:39:00,23591.25,23594.88,23578.60,23580.23,0.00
05-09-2025 13:36:00,23603.66,23605.43,23584.63,23592.12,0.00
05-09-2025 13:33:00,23598.53,23606.29,23593.52,23603.87,0.00
05-09-2025 13:30:00,23600.82,23601.90,23592.79,23598.49,0.00
05-09-2025 13:27:00,23608.30,23612.72,23598.14,23600.37,0.00
05-09-2025 13:24:00,23620.06,23624.17,23607.42,23608.49,0.00
05-09-2025 13:21:00,23611.91,23621.79,23608.36,23619.89,0.00
05-09-2025 13:18:00,23613.83,23615.21,23601.90,23612.28,0.00
05-09-2025 13:15:00,23610.51,23619.13,23608.73,23613.56,0.00
05-09-2025 13:12:00,23607.15,23613.61,23602.93,23610.51,0.00
05-09-2025 13:09:00,23587.52,23607.92,23587.52,23607.80,0.00
05-09-2025 13:06:00,23575.37,23591.71,23570.67,23587.15,0.00
05-09-2025 13:03:00,23591.61,23597.51,23572.42,23576.12,0.00
05-09-2025 13:00:00,23617.58,23617.58,23590.09,23590.27,0.00
05-09-2025 12:57:00,23594.31,23618.05,23593.75,23617.86,0.00
05-09-2025 12:54:00,23580.46,23593.77,23579.33,23593.72,0.00
05-09-2025 12:51:00,23579.94,23586.50,23574.52,23580.62,0.00
05-09-2025 12:48:00,23580.97,23596.33,23577.35,23580.64,0.00
05-09-2025 12:45:00,23602.60,23613.61,23581.20,23581.61,0.00
05-09-2025 12:42:00,23606.20,23607.38,23593.93,23602.93,0.00
05-09-2025 12:39:00,23583.59,23606.46,23576.34,23606.46,0.00
05-09-2025 12:36:00,23567.09,23584.10,23563.39,23583.92,0.00
05-09-2025 12:33:00,23587.66,23587.66,23566.25,23566.62,0.00
05-09-2025 12:30:00,23588.51,23594.08,23579.70,23589.31,0.00
05-09-2025 12:27:00,23599.65,23601.45,23583.61,23585.95,0.00
05-09-2025 12:24:00,23596.54,23609.05,23587.90,23599.70,0.00
05-09-2025 12:21:00,23608.37,23613.12,23580.31,23595.53,0.00
05-09-2025 12:18:00,23600.18,23610.74,23595.19,23608.50,0.00
05-09-2025 12:15:00,23615.22,23621.12,23600.25,23600.59,0.00
05-09-2025 12:12:00,23601.21,23617.98,23601.21,23615.69,0.00
05-09-2025 12:09:00,23588.51,23601.90,23586.76,23601.11,0.00
05-09-2025 12:06:00,23575.25,23588.82,23565.05,23588.82,0.00
05-09-2025 12:03:00,23576.54,23578.32,23564.95,23575.72,0.00
05-09-2025 12:00:00,23582.74,23592.15,23571.72,23575.11,0.00
05-09-2025 11:57:00,23605.59,23605.76,23572.93,23582.38,0.00
05-09-2025 11:54:00,23590.07,23606.91,23582.83,23606.91,0.00
05-09-2025 11:51:00,23591.25,23603.83,23589.24,23591.75,0.00
05-09-2025 11:48:00,23607.84,23619.61,23591.02,23591.02,0.00
05-09-2025 11:45:00,23630.79,23630.79,23592.87,23608.24,0.00
05-09-2025 11:42:00,23622.62,23634.65,23622.44,23630.82,0.00
05-09-2025 11:39:00,23618.18,23625.39,23608.72,23622.69,0.00
05-09-2025 11:36:00,23610.33,23624.82,23605.82,23618.51,0.00
05-09-2025 11:33:00,23580.73,23609.93,23579.85,23609.88,0.00
05-09-2025 11:30:00,23600.17,23604.85,23577.18,23581.23,0.00
05-09-2025 11:27:00,23575.37,23602.11,23572.14,23599.31,0.00
05-09-2025 11:24:00,23576.24,23585.38,23567.13,23575.21,0.00
05-09-2025 11:21:00,23560.33,23576.31,23551.16,23576.31,0.00
05-09-2025 11:18:00,23552.23,23561.59,23532.04,23561.59,0.00
05-09-2025 11:15:00,23537.61,23557.21,23535.31,23552.44,0.00
05-09-2025 11:12:00,23507.40,23538.47,23490.83,23537.45,0.00
05-09-2025 11:09:00,23510.23,23510.57,23475.33,23508.61,0.00
05-09-2025 11:06:00,23501.22,23525.53,23495.73,23509.22,0.00
05-09-2025 11:03:00,23483.96,23511.35,23483.96,23501.09,0.00
05-09-2025 11:00:00,23514.54,23526.16,23483.82,23483.82,0.00
05-09-2025 10:57:00,23567.64,23576.46,23513.74,23516.25,0.00
05-09-2025 10:54:00,23588.02,23603.81,23563.29,23567.92,0.00
05-09-2025 10:51:00,23536.20,23588.63,23535.41,23588.44,0.00
05-09-2025 10:48:00,23553.52,23557.00,23534.75,23534.75,0.00
05-09-2025 10:45:00,23572.34,23572.34,23537.92,23552.98,0.00
05-09-2025 10:42:00,23565.44,23581.04,23558.33,23572.83,0.00
05-09-2025 10:39:00,23601.97,23604.02,23561.50,23564.78,0.00
05-09-2025 10:36:00,23595.02,23619.94,23593.64,23602.77,0.00
05-09-2025 10:33:00,23609.22,23627.00,23593.58,23593.58,0.00
05-09-2025 10:30:00,23616.57,23630.52,23602.53,23609.31,0.00
05-09-2025 10:27:00,23619.36,23643.36,23601.40,23619.04,0.00
05-09-2025 10:24:00,23643.40,23645.04,23612.11,23620.48,0.00
05-09-2025 10:21:00,23690.58,23690.58,23628.24,23645.02,0.00
05-09-2025 10:18:00,23700.42,23701.14,23654.77,23690.64,0.00
05-09-2025 10:15:00,23716.77,23722.18,23688.43,23700.26,0.00
05-09-2025 10:12:00,23740.81,23750.29,23717.67,23718.00,0.00
05-09-2025 10:09:00,23749.98,23760.22,23736.05,23741.10,0.00
05-09-2025 10:06:00,23771.36,23772.54,23744.92,23750.81,0.00
05-09-2025 10:03:00,23785.73,23797.52,23767.72,23768.75,0.00
05-09-2025 10:00:00,23811.00,23811.00,23767.08,23787.55,0.00
05-09-2025 09:57:00,23800.71,23813.13,23786.35,23813.13,0.00
05-09-2025 09:54:00,23823.41,23826.73,23796.00,23798.04,0.00
05-09-2025 09:51:00,23835.36,23849.66,23793.17,23821.46,0.00
05-09-2025 09:48:00,23807.73,23842.69,23799.18,23835.22,0.00
05-09-2025 09:45:00,23829.15,23829.71,23797.51,23806.74,0.00
05-09-2025 09:42:00,23817.09,23840.19,23813.99,23826.80,0.00
05-09-2025 09:39:00,23784.50,23831.10,23779.22,23816.86,0.00
05-09-2025 09:36:00,23813.33,23813.74,23780.18,23784.01,0.00
05-09-2025 09:33:00,23810.77,23837.29,23792.53,23812.40,0.00
05-09-2025 09:30:00,23841.98,23860.25,23804.57,23809.00,0.00
04-09-2025 17:15:00,23633.01,23633.01,23633.01,23633.01,0.00
04-09-2025 17:12:00,23633.01,23633.01,23633.01,23633.01,0.00
04-09-2025 17:09:00,23633.01,23633.01,23633.01,23633.01,0.00
04-09-2025 17:06:00,23633.01,23633.01,23633.01,23633.01,0.00
04-09-2025 17:03:00,23633.01,23633.01,23633.01,23633.01,0.00
04-09-2025 17:00:00,23633.01,23633.01,23633.01,23633.01,0.00
04-09-2025 16:57:00,23633.01,23633.01,23633.01,23633.01,0.00
04-09-2025 16:54:00,23633.01,23633.01,23633.01,23633.01,0.00
04-09-2025 16:51:00,23633.01,23633.01,23633.01,23633.01,0.00
04-09-2025 16:48:00,23633.01,23633.01,23633.01,23633.01,0.00
04-09-2025 16:45:00,23633.01,23633.01,23633.01,23633.01,0.00
04-09-2025 16:42:00,23633.01,23633.01,23633.01,23633.01,0.00
04-09-2025 16:39:00,23633.01,23633.01,23633.01,23633.01,0.00
04-09-2025 16:36:00,23633.01,23633.01,23633.01,23633.01,0.00
04-09-2025 16:33:00,23633.01,23633.01,23633.01,23633.01,0.00
04-09-2025 16:30:00,23633.01,23633.01,23633.01,23633.01,0.00
04-09-2025 16:27:00,23633.01,23633.01,23633.01,23633.01,0.00
04-09-2025 16:24:00,23633.01,23633.01,23633.01,23633.01,0.00
04-09-2025 16:21:00,23633.01,23633.01,23633.01,23633.01,0.00
04-09-2025 16:18:00,23633.01,23633.01,23633.01,23633.01,0.00
04-09-2025 16:15:00,23633.01,23633.01,23633.01,23633.01,0.00
04-09-2025 16:12:00,23633.01,23633.01,23633.01,23633.01,0.00
04-09-2025 16:09:00,23633.01,23633.01,23633.01,23633.01,0.00
04-09-2025 16:06:00,23633.01,23633.01,23633.01,23633.01,0.00
04-09-2025 16:03:00,23633.01,23633.01,23633.01,23633.01,0.00
04-09-2025 16:00:00,23630.82,23633.01,23630.82,23633.01,0.00
04-09-2025 15:57:00,23627.56,23639.04,23624.24,23629.82,0.00
04-09-2025 15:54:00,23607.76,23628.88,23606.78,23627.85,0.00
04-09-2025 15:51:00,23595.71,23607.73,23594.46,23607.73,0.00
04-09-2025 15:48:00,23589.05,23596.26,23583.86,23595.66,0.00
04-09-2025 15:45:00,23595.66,23595.66,23587.81,23589.09,0.00
04-09-2025 15:42:00,23593.61,23596.70,23591.75,23595.62,0.00
04-09-2025 15:39:00,23584.44,23598.66,23581.88,23594.06,0.00
04-09-2025 15:36:00,23581.59,23585.14,23579.56,23584.32,0.00
04-09-2025 15:33:00,23586.18,23586.18,23581.72,23581.72,0.00
04-09-2025 15:30:00,23586.62,23589.34,23584.51,23585.69,0.00
04-09-2025 15:27:00,23591.48,23593.49,23586.17,23586.87,0.00
04-09-2025 15:24:00,23595.57,23597.10,23591.52,23591.58,0.00
04-09-2025 15:21:00,23596.84,23599.22,23592.88,23595.06,0.00
04-09-2025 15:18:00,23591.26,23596.68,23588.56,23596.60,0.00
04-09-2025 15:15:00,23593.54,23593.89,23589.19,23591.40,0.00
04-09-2025 15:12:00,23580.81,23593.61,23580.79,23593.61,0.00
04-09-2025 15:09:00,23578.33,23581.25,23574.61,23580.86,0.00
04-09-2025 15:06:00,23577.77,23578.87,23573.13,23578.35,0.00
04-09-2025 15:03:00,23577.17,23579.65,23574.06,23577.84,0.00
04-09-2025 15:00:00,23575.74,23581.03,23573.57,23577.21,0.00
04-09-2025 14:57:00,23578.05,23579.78,23573.97,23575.70,0.00
04-09-2025 14:54:00,23577.40,23581.18,23573.55,23578.04,0.00
04-09-2025 14:51:00,23578.82,23580.91,23573.96,23577.43,0.00
04-09-2025 14:48:00,23568.14,23579.21,23566.00,23578.55,0.00
04-09-2025 14:45:00,23564.94,23568.98,23563.20,23568.21,0.00
04-09-2025 14:42:00,23574.29,23575.63,23565.04,23565.10,0.00
04-09-2025 14:39:00,23573.29,23576.15,23570.56,23574.15,0.00
04-09-2025 14:36:00,23569.75,23574.87,23568.07,23573.44,0.00
04-09-2025 14:33:00,23562.02,23571.52,23561.92,23569.54,0.00
04-09-2025 14:30:00,23552.37,23561.96,23552.37,23561.96,0.00
04-09-2025 14:27:00,23553.33,23557.19,23552.05,23552.40,0.00
04-09-2025 14:24:00,23557.11,23560.11,23552.91,23552.96,0.00
04-09-2025 14:21:00,23556.61,23560.32,23554.02,23557.13,0.00
04-09-2025 14:18:00,23556.03,23558.45,23555.96,23556.49,0.00
04-09-2025 14:15:00,23553.54,23562.15,23552.51,23556.03,0.00
04-09-2025 14:12:00,23552.35,23555.16,23551.67,23553.84,0.00
04-09-2025 14:09:00,23547.95,23554.39,23547.32,23552.42,0.00
04-09-2025 14:06:00,23551.69,23552.97,23546.16,23548.18,0.00
04-09-2025 14:03:00,23550.95,23555.21,23550.12,23551.60,0.00
04-09-2025 14:00:00,23543.15,23553.39,23543.15,23551.06,0.00
04-09-2025 13:57:00,23544.86,23545.87,23539.97,23543.50,0.00
04-09-2025 13:54:00,23558.40,23558.47,23544.78,23544.78,0.00
04-09-2025 13:51:00,23542.28,23558.49,23541.45,23558.44,0.00
04-09-2025 13:48:00,23535.86,23543.28,23535.06,23542.32,0.00
04-09-2025 13:45:00,23532.45,23536.74,23528.63,23535.86,0.00
04-09-2025 13:42:00,23535.65,23537.53,23532.03,23532.46,0.00
04-09-2025 13:39:00,23525.20,23535.97,23524.71,23535.75,0.00
04-09-2025 13:36:00,23530.68,23535.36,23523.98,23525.44,0.00
04-09-2025 13:33:00,23530.60,23531.77,23526.53,23530.59,0.00
04-09-2025 13:30:00,23532.81,23535.59,23528.94,23530.42,0.00
04-09-2025 13:27:00,23530.72,23536.73,23530.71,23533.14,0.00
04-09-2025 13:24:00,23530.07,23532.87,23527.73,23530.74,0.00
04-09-2025 13:21:00,23522.92,23532.30,23521.98,23529.91,0.00
04-09-2025 13:18:00,23515.69,23523.78,23515.69,23522.88,0.00
04-09-2025 13:15:00,23509.18,23516.02,23509.18,23515.75,0.00
04-09-2025 13:12:00,23515.51,23519.71,23508.63,23509.06,0.00
04-09-2025 13:09:00,23531.24,23531.89,23513.20,23514.94,0.00
04-09-2025 13:06:00,23525.47,23531.64,23522.84,23531.08,0.00
04-09-2025 13:03:00,23516.57,23526.85,23512.16,23525.57,0.00
04-09-2025 13:00:00,23495.17,23516.58,23494.20,23516.58,0.00
04-09-2025 12:57:00,23512.48,23512.69,23494.80,23495.14,0.00
04-09-2025 12:54:00,23519.67,23521.58,23511.24,23513.47,0.00
04-09-2025 12:51:00,23518.62,23520.48,23512.64,23519.70,0.00
04-09-2025 12:48:00,23503.75,23519.25,23503.26,23518.85,0.00
04-09-2025 12:45:00,23492.03,23504.36,23491.92,23504.14,0.00
04-09-2025 12:42:00,23491.64,23493.54,23488.20,23491.90,0.00
04-09-2025 12:39:00,23498.62,23500.68,23488.66,23491.59,0.00
04-09-2025 12:36:00,23491.02,23499.24,23489.06,23499.24,0.00
04-09-2025 12:33:00,23485.37,23491.03,23483.92,23491.03,0.00
04-09-2025 12:30:00,23479.08,23488.32,23476.12,23485.63,0.00
04-09-2025 12:27:00,23486.70,23486.70,23472.46,23479.30,0.00
04-09-2025 12:24:00,23491.21,23492.54,23486.67,23486.76,0.00
04-09-2025 12:21:00,23506.93,23507.11,23490.92,23491.24,0.00
04-09-2025 12:18:00,23501.61,23506.47,23496.22,23506.47,0.00
04-09-2025 12:15:00,23504.94,23507.16,23495.50,23501.95,0.00
04-09-2025 12:12:00,23504.53,23509.54,23502.66,23504.74,0.00
04-09-2025 12:09:00,23503.24,23510.90,23503.01,23503.21,0.00
04-09-2025 12:06:00,23499.76,23505.35,23493.27,23503.09,0.00
04-09-2025 12:03:00,23492.35,23500.42,23488.72,23499.48,0.00
04-09-2025 12:00:00,23496.40,23497.72,23485.09,23492.23,0.00
04-09-2025 11:57:00,23504.85,23509.89,23496.32,23497.51,0.00
04-09-2025 11:54:00,23505.74,23509.15,23501.73,23504.51,0.00
04-09-2025 11:51:00,23490.53,23506.35,23490.53,23505.96,0.00
04-09-2025 11:48:00,23483.45,23496.05,23483.45,23489.83,0.00
04-09-2025 11:45:00,23489.88,23491.92,23481.75,23483.48,0.00
04-09-2025 11:42:00,23478.63,23497.06,23478.63,23489.99,0.00
04-09-2025 11:39:00,23477.15,23488.29,23477.15,23478.32,0.00
04-09-2025 11:36:00,23486.90,23490.80,23475.81,23476.91,0.00
04-09-2025 11:33:00,23487.53,23495.74,23485.84,23486.98,0.00
04-09-2025 11:30:00,23503.33,23504.17,23486.70,23487.74,0.00
04-09-2025 11:27:00,23498.34,23510.62,23498.34,23503.53,0.00
04-09-2025 11:24:00,23492.63,23501.76,23492.63,23498.18,0.00
04-09-2025 11:21:00,23490.03,23499.82,23490.02,23492.73,0.00
04-09-2025 11:18:00,23490.08,23491.08,23484.53,23490.18,0.00
04-09-2025 11:15:00,23462.41,23489.66,23462.03,23489.66,0.00
04-09-2025 11:12:00,23458.77,23468.47,23451.78,23462.32,0.00
04-09-2025 11:09:00,23488.73,23491.83,23458.70,23458.70,0.00
04-09-2025 11:06:00,23490.68,23494.60,23481.43,23488.79,0.00
04-09-2025 11:03:00,23488.05,23491.70,23483.76,23490.65,0.00
04-09-2025 11:00:00,23477.52,23490.64,23477.52,23488.63,0.00
04-09-2025 10:57:00,23470.02,23477.83,23466.25,23477.71,0.00
04-09-2025 10:54:00,23473.30,23479.35,23462.87,23470.06,0.00
04-09-2025 10:51:00,23484.13,23484.74,23462.64,23473.43,0.00
04-09-2025 10:48:00,23469.45,23483.85,23466.81,23483.53,0.00
04-09-2025 10:45:00,23458.37,23470.27,23454.59,23469.19,0.00
04-09-2025 10:42:00,23476.69,23476.80,23456.65,23458.18,0.00
04-09-2025 10:39:00,23482.24,23483.13,23470.47,23477.16,0.00
04-09-2025 10:36:00,23465.31,23483.96,23460.73,23482.03,0.00
04-09-2025 10:33:00,23459.99,23464.67,23447.83,23464.67,0.00
04-09-2025 10:30:00,23436.80,23461.59,23436.80,23457.93,0.00
04-09-2025 10:27:00,23429.99,23439.19,23424.06,23437.77,0.00
04-09-2025 10:24:00,23425.43,23448.08,23423.74,23430.25,0.00
04-09-2025 10:21:00,23406.81,23424.11,23404.35,23424.11,0.00
04-09-2025 10:18:00,23381.84,23408.40,23375.30,23406.66,0.00
04-09-2025 10:15:00,23396.00,23396.09,23371.33,23381.68,0.00
04-09-2025 10:12:00,23406.84,23423.95,23396.23,23396.23,0.00
04-09-2025 10:09:00,23400.65,23406.79,23393.34,23406.79,0.00
04-09-2025 10:06:00,23394.54,23408.81,23391.40,23399.73,0.00
04-09-2025 10:03:00,23417.14,23417.23,23383.87,23394.27,0.00
04-09-2025 10:00:00,23438.12,23438.12,23410.64,23416.80,0.00
04-09-2025 09:57:00,23447.38,23450.27,23435.09,23440.51,0.00
04-09-2025 09:54:00,23438.19,23448.72,23420.93,23446.25,0.00
04-09-2025 09:51:00,23448.63,23459.34,23429.52,23437.87,0.00
04-09-2025 09:48:00,23470.07,23471.63,23422.23,23448.06,0.00
04-09-2025 09:45:00,23445.70,23470.71,23445.70,23470.27,0.00
04-09-2025 09:42:00,23430.30,23446.84,23421.89,23444.80,0.00
04-09-2025 09:39:00,23446.31,23462.69,23425.17,23427.86,0.00
04-09-2025 09:36:00,23487.29,23502.82,23445.07,23445.97,0.00
04-09-2025 09:33:00,23465.81,23505.64,23461.12,23489.96,0.00
04-09-2025 09:30:00,23442.19,23464.24,23422.78,23464.24,0.00
03-09-2025 17:15:00,23414.84,23414.84,23414.84,23414.84,0.00
03-09-2025 17:12:00,23414.84,23414.84,23414.84,23414.84,0.00
03-09-2025 17:09:00,23414.84,23414.84,23414.84,23414.84,0.00
03-09-2025 17:06:00,23414.84,23414.84,23414.84,23414.84,0.00
03-09-2025 17:03:00,23414.84,23414.84,23414.84,23414.84,0.00
03-09-2025 17:00:00,23414.84,23414.84,23414.84,23414.84,0.00
03-09-2025 16:57:00,23414.84,23414.84,23414.84,23414.84,0.00
03-09-2025 16:54:00,23414.84,23414.84,23414.84,23414.84,0.00
03-09-2025 16:51:00,23414.84,23414.84,23414.84,23414.84,0.00
03-09-2025 16:48:00,23414.84,23414.84,23414.84,23414.84,0.00
03-09-2025 16:45:00,23414.84,23414.84,23414.84,23414.84,0.00
03-09-2025 16:42:00,23414.84,23414.84,23414.84,23414.84,0.00
03-09-2025 16:39:00,23414.84,23414.84,23414.84,23414.84,0.00
03-09-2025 16:36:00,23414.84,23414.84,23414.84,23414.84,0.00
03-09-2025 16:33:00,23414.84,23414.84,23414.84,23414.84,0.00
03-09-2025 16:30:00,23414.84,23414.84,23414.84,23414.84,0.00
03-09-2025 16:27:00,23414.84,23414.84,23414.84,23414.84,0.00
03-09-2025 16:24:00,23414.84,23414.84,23414.84,23414.84,0.00
03-09-2025 16:21:00,23414.84,23414.84,23414.84,23414.84,0.00
03-09-2025 16:18:00,23414.84,23414.84,23414.84,23414.84,0.00
03-09-2025 16:15:00,23414.84,23414.84,23414.84,23414.84,0.00
03-09-2025 16:12:00,23414.84,23414.84,23414.84,23414.84,0.00
03-09-2025 16:09:00,23414.84,23414.84,23414.84,23414.84,0.00
03-09-2025 16:06:00,23414.84,23414.84,23414.84,23414.84,0.00
03-09-2025 16:03:00,23414.84,23414.84,23414.84,23414.84,0.00
03-09-2025 16:00:00,23414.15,23414.84,23414.15,23414.84,0.00
03-09-2025 15:57:00,23393.21,23413.18,23391.69,23413.18,0.00
03-09-2025 15:54:00,23388.38,23395.76,23374.60,23392.56,0.00
03-09-2025 15:51:00,23376.69,23390.13,23376.13,23384.14,0.00
03-09-2025 15:48:00,23361.56,23381.59,23358.39,23376.32,0.00
03-09-2025 15:45:00,23352.59,23362.15,23349.48,23361.56,0.00
03-09-2025 15:42:00,23343.19,23354.62,23342.36,23351.86,0.00
03-09-2025 15:39:00,23337.77,23343.83,23335.34,23343.28,0.00
03-09-2025 15:36:00,23333.57,23339.67,23330.04,23337.84,0.00
03-09-2025 15:33:00,23322.54,23341.03,23320.80,23333.85,0.00
03-09-2025 15:30:00,23310.10,23325.74,23310.10,23322.53,0.00
03-09-2025 15:27:00,23312.54,23317.81,23308.17,23310.41,0.00
03-09-2025 15:24:00,23309.00,23316.10,23308.39,23312.62,0.00
03-09-2025 15:21:00,23301.27,23311.88,23301.27,23309.30,0.00
03-09-2025 15:18:00,23293.72,23307.02,23293.41,23301.28,0.00
03-09-2025 15:15:00,23294.11,23299.38,23292.45,23293.62,0.00
03-09-2025 15:12:00,23297.32,23300.57,23292.10,23293.73,0.00
03-09-2025 15:09:00,23306.09,23308.98,23295.59,23297.33,0.00
03-09-2025 15:06:00,23308.37,23316.68,23306.22,23306.22,0.00
03-09-2025 15:03:00,23305.09,23308.61,23299.10,23308.61,0.00
03-09-2025 15:00:00,23300.50,23304.89,23291.47,23304.89,0.00
03-09-2025 14:57:00,23304.62,23304.94,23295.57,23300.60,0.00
03-09-2025 14:54:00,23302.94,23305.99,23300.15,23304.40,0.00
03-09-2025 14:51:00,23291.37,23305.21,23290.38,23302.73,0.00
03-09-2025 14:48:00,23306.18,23306.49,23291.34,23291.34,0.00
03-09-2025 14:45:00,23306.04,23312.79,23305.12,23305.78,0.00
03-09-2025 14:42:00,23288.19,23307.24,23288.19,23306.70,0.00
03-09-2025 14:39:00,23282.84,23289.94,23279.12,23286.87,0.00
03-09-2025 14:36:00,23292.08,23292.08,23281.44,23282.24,0.00
03-09-2025 14:33:00,23288.99,23297.49,23288.70,23292.07,0.00
03-09-2025 14:30:00,23309.22,23309.22,23286.24,23288.99,0.00
03-09-2025 14:27:00,23309.23,23312.18,23303.38,23309.00,0.00
03-09-2025 14:24:00,23306.65,23310.50,23293.81,23309.33,0.00
03-09-2025 14:21:00,23300.93,23307.28,23296.39,23306.62,0.00
03-09-2025 14:18:00,23311.05,23312.67,23301.52,23301.52,0.00
03-09-2025 14:15:00,23318.95,23319.39,23301.14,23310.61,0.00
03-09-2025 14:12:00,23307.77,23323.35,23305.26,23319.20,0.00
03-09-2025 14:09:00,23300.70,23312.38,23300.70,23307.87,0.00
03-09-2025 14:06:00,23300.52,23312.50,23296.99,23300.44,0.00
03-09-2025 14:03:00,23316.30,23316.30,23301.50,23301.50,0.00
03-09-2025 14:00:00,23327.87,23327.88,23304.40,23316.73,0.00
03-09-2025 13:57:00,23321.65,23329.64,23321.65,23327.73,0.00
03-09-2025 13:54:00,23345.02,23346.43,23320.40,23321.71,0.00
03-09-2025 13:51:00,23341.06,23355.73,23340.93,23345.11,0.00
03-09-2025 13:48:00,23340.27,23348.52,23338.11,23341.35,0.00
03-09-2025 13:45:00,23339.09,23340.53,23312.66,23340.27,0.00
03-09-2025 13:42:00,23356.80,23360.82,23338.48,23338.48,0.00
03-09-2025 13:39:00,23370.29,23371.01,23356.77,23356.77,0.00
03-09-2025 13:36:00,23371.79,23373.59,23366.29,23370.22,0.00
03-09-2025 13:33:00,23389.60,23390.76,23370.62,23371.85,0.00
03-09-2025 13:30:00,23383.90,23391.26,23382.68,23389.60,0.00
03-09-2025 13:27:00,23377.70,23384.99,23377.70,23384.91,0.00
03-09-2025 13:24:00,23399.96,23402.33,23376.57,23377.79,0.00
03-09-2025 13:21:00,23408.52,23408.71,23399.17,23399.63,0.00
03-09-2025 13:18:00,23415.50,23416.73,23407.62,23408.85,0.00
03-09-2025 13:15:00,23406.45,23415.85,23406.45,23415.44,0.00
03-09-2025 13:12:00,23407.92,23414.74,23406.24,23406.24,0.00
03-09-2025 13:09:00,23388.22,23407.90,23385.31,23407.90,0.00
03-09-2025 13:06:00,23391.59,23394.71,23386.93,23387.53,0.00
03-09-2025 13:03:00,23385.90,23392.04,23384.86,23391.44,0.00
03-09-2025 13:00:00,23370.97,23386.14,23369.28,23385.78,0.00
03-09-2025 12:57:00,23369.44,23375.63,23367.82,23370.84,0.00
03-09-2025 12:54:00,23358.35,23371.17,23352.77,23369.24,0.00
03-09-2025 12:51:00,23355.07,23360.67,23355.06,23358.29,0.00
03-09-2025 12:48:00,23372.63,23376.18,23357.10,23357.10,0.00
03-09-2025 12:45:00,23373.65,23377.82,23366.64,23372.69,0.00
03-09-2025 12:42:00,23371.36,23379.55,23371.06,23373.56,0.00
03-09-2025 12:39:00,23382.80,23384.27,23360.10,23371.24,0.00
03-09-2025 12:36:00,23389.94,23395.54,23382.80,23382.81,0.00
03-09-2025 12:33:00,23395.98,23395.98,23387.79,23390.13,0.00
03-09-2025 12:30:00,23393.57,23396.44,23386.84,23395.93,0.00
03-09-2025 12:27:00,23399.70,23403.80,23393.02,23393.19,0.00
03-09-2025 12:24:00,23405.38,23407.21,23384.02,23399.60,0.00
03-09-2025 12:21:00,23411.98,23421.15,23405.38,23405.38,0.00
03-09-2025 12:18:00,23387.62,23412.04,23385.25,23412.04,0.00
03-09-2025 12:15:00,23386.35,23390.58,23382.42,23387.48,0.00
03-09-2025 12:12:00,23385.23,23388.55,23384.20,23386.19,0.00
03-09-2025 12:09:00,23393.19,23397.01,23383.66,23385.38,0.00
03-09-2025 12:06:00,23372.60,23393.68,23369.39,23392.92,0.00
03-09-2025 12:03:00,23373.06,23374.58,23364.43,23372.91,0.00
03-09-2025 12:00:00,23374.13,23380.60,23369.90,23373.25,0.00
03-09-2025 11:57:00,23379.68,23379.68,23366.26,23374.28,0.00
03-09-2025 11:54:00,23376.59,23389.48,23375.58,23379.48,0.00
03-09-2025 11:51:00,23387.10,23394.77,23376.50,23376.60,0.00
03-09-2025 11:48:00,23380.97,23387.06,23371.39,23387.05,0.00
03-09-2025 11:45:00,23391.75,23392.58,23375.30,23381.08,0.00
03-09-2025 11:42:00,23397.62,23400.41,23392.38,23392.38,0.00
03-09-2025 11:39:00,23390.57,23404.99,23390.44,23397.32,0.00
03-09-2025 11:36:00,23383.29,23394.71,23378.43,23391.06,0.00
03-09-2025 11:33:00,23375.19,23389.51,23370.03,23383.22,0.00
03-09-2025 11:30:00,23381.58,23389.25,23367.65,23376.04,0.00
03-09-2025 11:27:00,23402.50,23408.05,23380.59,23381.36,0.00
03-09-2025 11:24:00,23417.78,23425.57,23400.93,23402.18,0.00
03-09-2025 11:21:00,23437.03,23437.03,23416.30,23417.35,0.00
03-09-2025 11:18:00,23433.33,23444.87,23432.65,23438.00,0.00
03-09-2025 11:15:00,23448.27,23451.09,23432.77,23432.92,0.00
03-09-2025 11:12:00,23462.74,23466.11,23448.27,23448.27,0.00
03-09-2025 11:09:00,23453.40,23468.07,23453.40,23461.85,0.00
03-09-2025 11:06:00,23462.87,23469.16,23449.77,23451.73,0.00
03-09-2025 11:03:00,23462.50,23467.81,23457.42,23463.74,0.00
03-09-2025 11:00:00,23463.46,23470.41,23452.75,23462.06,0.00
03-09-2025 10:57:00,23461.80,23469.84,23461.78,23463.51,0.00
03-09-2025 10:54:00,23457.41,23466.23,23455.30,23460.89,0.00
03-09-2025 10:51:00,23476.17,23478.01,23458.51,23458.67,0.00
03-09-2025 10:48:00,23469.59,23476.82,23468.45,23475.50,0.00
03-09-2025 10:45:00,23464.46,23470.45,23457.09,23469.56,0.00
03-09-2025 10:42:00,23449.49,23468.32,23442.44,23465.01,0.00
03-09-2025 10:39:00,23431.37,23450.64,23431.37,23450.55,0.00
03-09-2025 10:36:00,23434.86,23440.90,23428.99,23430.22,0.00
03-09-2025 10:33:00,23423.57,23434.96,23420.34,23434.70,0.00
03-09-2025 10:30:00,23393.31,23424.44,23392.28,23422.48,0.00
03-09-2025 10:27:00,23422.05,23422.07,23392.58,23392.58,0.00
03-09-2025 10:24:00,23407.25,23424.09,23402.92,23421.38,0.00
03-09-2025 10:21:00,23404.67,23409.20,23391.66,23406.00,0.00
03-09-2025 10:18:00,23373.17,23407.14,23373.17,23405.75,0.00
03-09-2025 10:15:00,23351.45,23375.30,23351.45,23373.39,0.00
03-09-2025 10:12:00,23391.01,23391.32,23343.70,23351.68,0.00
03-09-2025 10:09:00,23397.55,23403.37,23387.98,23392.08,0.00
03-09-2025 10:06:00,23387.40,23411.39,23385.66,23397.30,0.00
03-09-2025 10:03:00,23376.42,23400.55,23375.94,23386.57,0.00
03-09-2025 10:00:00,23345.99,23384.72,23334.91,23377.18,0.00
03-09-2025 09:57:00,23351.69,23354.12,23338.45,23344.44,0.00
03-09-2025 09:54:00,23363.42,23371.24,23340.50,23351.08,0.00
03-09-2025 09:51:00,23370.67,23387.76,23360.68,23363.44,0.00
03-09-2025 09:48:00,23358.15,23371.92,23332.14,23370.68,0.00
03-09-2025 09:45:00,23356.59,23369.96,23341.05,23357.46,0.00
03-09-2025 09:42:00,23351.67,23360.72,23340.37,23357.93,0.00
03-09-2025 09:39:00,23348.64,23366.55,23338.63,23352.73,0.00
03-09-2025 09:36:00,23354.59,23367.50,23332.22,23346.57,0.00
03-09-2025 09:33:00,23354.70,23376.04,23347.27,23350.79,0.00
03-09-2025 09:30:00,23388.28,23402.03,23337.57,23355.29,0.00
02-09-2025 17:15:00,23231.11,23231.11,23231.11,23231.11,0.00
02-09-2025 17:12:00,23231.11,23231.11,23231.11,23231.11,0.00
02-09-2025 17:09:00,23231.11,23231.11,23231.11,23231.11,0.00
02-09-2025 17:06:00,23231.11,23231.11,23231.11,23231.11,0.00
02-09-2025 17:03:00,23231.11,23231.11,23231.11,23231.11,0.00
02-09-2025 17:00:00,23231.11,23231.11,23231.11,23231.11,0.00
02-09-2025 16:57:00,23231.11,23231.11,23231.11,23231.11,0.00
02-09-2025 16:54:00,23231.11,23231.11,23231.11,23231.11,0.00
02-09-2025 16:51:00,23231.11,23231.11,23231.11,23231.11,0.00
02-09-2025 16:48:00,23231.11,23231.11,23231.11,23231.11,0.00
02-09-2025 16:45:00,23231.11,23231.11,23231.11,23231.11,0.00
02-09-2025 16:42:00,23231.11,23231.11,23231.11,23231.11,0.00
02-09-2025 16:39:00,23231.11,23231.11,23231.11,23231.11,0.00
02-09-2025 16:36:00,23231.11,23231.11,23231.11,23231.11,0.00
02-09-2025 16:33:00,23231.11,23231.11,23231.11,23231.11,0.00
02-09-2025 16:30:00,23231.11,23231.11,23231.11,23231.11,0.00
02-09-2025 16:27:00,23231.11,23231.11,23231.11,23231.11,0.00
02-09-2025 16:24:00,23231.11,23231.11,23231.11,23231.11,0.00
02-09-2025 16:21:00,23231.11,23231.11,23231.11,23231.11,0.00
02-09-2025 16:18:00,23231.11,23231.11,23231.11,23231.11,0.00
02-09-2025 16:15:00,23231.11,23231.11,23231.11,23231.11,0.00
02-09-2025 16:12:00,23231.11,23231.11,23231.11,23231.11,0.00
02-09-2025 16:09:00,23231.11,23231.11,23231.11,23231.11,0.00
02-09-2025 16:06:00,23231.11,23231.11,23231.11,23231.11,0.00
02-09-2025 16:03:00,23231.11,23231.11,23231.11,23231.11,0.00
02-09-2025 16:00:00,23230.65,23231.11,23230.65,23231.11,0.00
02-09-2025 15:57:00,23239.07,23242.28,23218.63,23230.62,0.00
02-09-2025 15:54:00,23222.50,23241.19,23221.40,23238.57,0.00
02-09-2025 15:51:00,23223.24,23227.13,23217.06,23222.50,0.00
02-09-2025 15:48:00,23193.80,23224.87,23193.23,23223.57,0.00
02-09-2025 15:45:00,23201.81,23204.46,23190.01,23194.49,0.00
02-09-2025 15:42:00,23208.69,23215.78,23198.80,23202.55,0.00
02-09-2025 15:39:00,23204.46,23209.60,23201.51,23208.25,0.00
02-09-2025 15:36:00,23195.91,23206.21,23195.91,23204.21,0.00
02-09-2025 15:33:00,23195.54,23200.10,23188.64,23196.26,0.00
02-09-2025 15:30:00,23187.70,23197.94,23186.62,23195.93,0.00
02-09-2025 15:27:00,23186.99,23191.02,23184.15,23187.93,0.00
02-09-2025 15:24:00,23183.56,23187.93,23177.07,23186.54,0.00
02-09-2025 15:21:00,23188.97,23189.47,23182.84,23183.63,0.00
02-09-2025 15:18:00,23179.14,23193.21,23179.01,23188.92,0.00
02-09-2025 15:15:00,23175.84,23179.99,23171.20,23178.65,0.00
02-09-2025 15:12:00,23159.21,23177.55,23159.21,23176.63,0.00
02-09-2025 15:09:00,23167.55,23167.55,23158.15,23158.78,0.00
02-09-2025 15:06:00,23158.25,23168.45,23158.14,23167.49,0.00
02-09-2025 15:03:00,23162.40,23163.97,23144.99,23158.27,0.00
02-09-2025 15:00:00,23144.66,23164.19,23144.66,23162.46,0.00
02-09-2025 14:57:00,23156.46,23157.01,23143.11,23145.23,0.00
02-09-2025 14:54:00,23168.49,23168.49,23147.22,23156.35,0.00
02-09-2025 14:51:00,23163.27,23180.89,23162.91,23168.63,0.00
02-09-2025 14:48:00,23124.63,23163.77,23124.63,23163.77,0.00
02-09-2025 14:45:00,23121.79,23130.43,23120.01,23124.62,0.00
02-09-2025 14:42:00,23118.35,23121.89,23114.58,23121.63,0.00
02-09-2025 14:39:00,23125.40,23125.67,23114.97,23118.83,0.00
02-09-2025 14:36:00,23120.94,23125.19,23117.39,23125.19,0.00
02-09-2025 14:33:00,23126.30,23130.04,23119.48,23120.95,0.00
02-09-2025 14:30:00,23119.74,23134.94,23119.58,23126.39,0.00
02-09-2025 14:27:00,23127.34,23127.41,23119.12,23119.76,0.00
02-09-2025 14:24:00,23133.41,23137.55,23127.00,23127.61,0.00
02-09-2025 14:21:00,23128.89,23141.52,23128.86,23133.60,0.00
02-09-2025 14:18:00,23133.77,23134.22,23119.92,23128.68,0.00
02-09-2025 14:15:00,23135.64,23138.91,23131.94,23133.55,0.00
02-09-2025 14:12:00,23138.68,23141.29,23134.84,23136.16,0.00
02-09-2025 14:09:00,23136.87,23142.99,23132.36,23140.37,0.00
02-09-2025 14:06:00,23143.08,23147.41,23133.96,23136.92,0.00
02-09-2025 14:03:00,23155.39,23158.18,23143.51,23143.51,0.00
02-09-2025 14:00:00,23143.60,23158.41,23142.49,23155.47,0.00
02-09-2025 13:57:00,23151.54,23152.12,23142.84,23143.96,0.00
02-09-2025 13:54:00,23162.37,23162.87,23149.87,23151.75,0.00
02-09-2025 13:51:00,23170.99,23175.48,23160.27,23162.19,0.00
02-09-2025 13:48:00,23171.12,23174.96,23166.40,23170.78,0.00
02-09-2025 13:45:00,23172.20,23172.20,23164.31,23171.08,0.00
02-09-2025 13:42:00,23169.78,23174.06,23163.12,23172.12,0.00
02-09-2025 13:39:00,23151.70,23170.27,23151.70,23169.80,0.00
02-09-2025 13:36:00,23144.52,23153.30,23144.02,23151.71,0.00
02-09-2025 13:33:00,23133.32,23146.47,23130.00,23144.73,0.00
02-09-2025 13:30:00,23115.07,23133.69,23114.60,23133.29,0.00
02-09-2025 13:27:00,23115.72,23121.29,23106.29,23115.51,0.00
02-09-2025 13:24:00,23095.10,23115.72,23094.29,23115.72,0.00
02-09-2025 13:21:00,23084.20,23095.08,23083.15,23095.08,0.00
02-09-2025 13:18:00,23070.68,23085.72,23070.02,23084.04,0.00
02-09-2025 13:15:00,23069.71,23077.07,23068.57,23070.83,0.00
02-09-2025 13:12:00,23069.96,23070.35,23062.29,23069.93,0.00
02-09-2025 13:09:00,23092.59,23092.75,23070.07,23070.47,0.00
02-09-2025 13:06:00,23092.22,23097.73,23088.39,23092.46,0.00
02-09-2025 13:03:00,23090.01,23092.66,23085.98,23092.61,0.00
02-09-2025 13:00:00,23080.12,23091.93,23079.31,23089.73,0.00
02-09-2025 12:57:00,23082.04,23082.38,23075.86,23079.39,0.00
02-09-2025 12:54:00,23062.99,23082.28,23058.56,23082.02,0.00
02-09-2025 12:51:00,23050.42,23063.42,23047.96,23063.10,0.00
02-09-2025 12:48:00,23047.06,23050.42,23032.02,23050.42,0.00
02-09-2025 12:45:00,23046.11,23055.90,23045.34,23048.46,0.00
02-09-2025 12:42:00,23043.61,23057.21,23043.61,23046.11,0.00
02-09-2025 12:39:00,23027.28,23043.16,23025.52,23043.16,0.00
02-09-2025 12:36:00,23031.19,23041.58,23026.30,23027.14,0.00
02-09-2025 12:33:00,23025.73,23031.29,23024.98,23031.22,0.00
02-09-2025 12:30:00,23023.16,23032.69,23023.04,23025.69,0.00
02-09-2025 12:27:00,23029.33,23031.12,23022.25,23023.30,0.00
02-09-2025 12:24:00,23032.80,23034.94,23018.76,23029.43,0.00
02-09-2025 12:21:00,23033.88,23038.17,23030.65,23033.21,0.00
02-09-2025 12:18:00,23029.04,23037.13,23024.21,23033.93,0.00
02-09-2025 12:15:00,23017.39,23030.23,23016.75,23029.24,0.00
02-09-2025 12:12:00,23005.01,23022.40,23004.80,23017.33,0.00
02-09-2025 12:09:00,22998.93,23010.15,22993.59,23005.00,0.00
02-09-2025 12:06:00,23004.15,23013.03,22998.79,22999.06,0.00
02-09-2025 12:03:00,23013.01,23014.17,22997.37,23004.18,0.00
02-09-2025 12:00:00,23002.28,23018.21,23002.28,23013.14,0.00
02-09-2025 11:57:00,22998.30,23002.50,22986.72,23002.32,0.00
02-09-2025 11:54:00,22983.87,23009.96,22983.79,22998.22,0.00
02-09-2025 11:51:00,22992.29,22996.96,22983.49,22983.49,0.00
02-09-2025 11:48:00,23008.71,23011.42,22993.61,22993.61,0.00
02-09-2025 11:45:00,23011.48,23018.61,23007.64,23008.97,0.00
02-09-2025 11:42:00,23016.58,23023.51,23007.53,23010.73,0.00
02-09-2025 11:39:00,23019.47,23023.15,23008.19,23016.51,0.00
02-09-2025 11:36:00,23022.09,23029.30,23016.17,23020.13,0.00
02-09-2025 11:33:00,23052.46,23052.97,23020.98,23022.37,0.00
02-09-2025 11:30:00,23066.16,23066.16,23050.97,23052.09,0.00
02-09-2025 11:27:00,23069.87,23079.46,23066.20,23067.06,0.00
02-09-2025 11:24:00,23061.22,23075.02,23059.54,23069.01,0.00
02-09-2025 11:21:00,23059.72,23066.32,23051.95,23060.91,0.00
02-09-2025 11:18:00,23063.50,23063.67,23051.03,23060.08,0.00
02-09-2025 11:15:00,23082.11,23087.06,23063.34,23063.34,0.00
02-09-2025 11:12:00,23098.65,23098.65,23079.60,23081.82,0.00
02-09-2025 11:09:00,23091.73,23101.29,23083.79,23099.65,0.00
02-09-2025 11:06:00,23094.88,23095.72,23078.65,23091.35,0.00
02-09-2025 11:03:00,23112.63,23116.79,23094.96,23095.00,0.00
02-09-2025 11:00:00,23117.15,23132.37,23111.81,23112.66,0.00
02-09-2025 10:57:00,23110.68,23118.55,23103.82,23117.63,0.00
02-09-2025 10:54:00,23107.69,23117.38,23096.33,23111.21,0.00
02-09-2025 10:51:00,23096.91,23112.17,23092.94,23107.22,0.00
02-09-2025 10:48:00,23117.08,23118.35,23097.09,23097.66,0.00
02-09-2025 10:45:00,23135.33,23139.32,23112.59,23116.94,0.00
02-09-2025 10:42:00,23162.82,23163.66,23134.43,23134.43,0.00
02-09-2025 10:39:00,23179.35,23182.90,23162.74,23163.80,0.00
02-09-2025 10:36:00,23198.78,23209.70,23181.65,23181.65,0.00
02-09-2025 10:33:00,23190.35,23208.83,23190.35,23199.90,0.00
02-09-2025 10:30:00,23209.29,23209.29,23182.37,23189.99,0.00
02-09-2025 10:27:00,23164.56,23210.22,23159.91,23210.22,0.00
02-09-2025 10:24:00,23181.70,23184.73,23154.62,23164.43,0.00
02-09-2025 10:21:00,23184.05,23205.11,23181.82,23182.26,0.00
02-09-2025 10:18:00,23177.95,23196.73,23171.45,23185.16,0.00
02-09-2025 10:15:00,23163.05,23180.85,23139.81,23177.77,0.00
02-09-2025 10:12:00,23162.95,23188.41,23156.26,23162.88,0.00
02-09-2025 10:09:00,23165.74,23176.25,23151.90,23163.29,0.00
02-09-2025 10:06:00,23168.76,23180.83,23158.26,23166.22,0.00
02-09-2025 10:03:00,23177.87,23196.94,23162.74,23167.85,0.00
02-09-2025 10:00:00,23193.82,23228.31,23178.11,23178.11,0.00
02-09-2025 09:57:00,23197.02,23197.64,23179.03,23187.86,0.00
02-09-2025 09:54:00,23177.67,23210.37,23177.67,23198.23,0.00
02-09-2025 09:51:00,23178.78,23199.72,23172.34,23178.73,0.00
02-09-2025 09:48:00,23106.16,23178.22,23106.16,23178.22,0.00
02-09-2025 09:45:00,23102.56,23138.64,23096.18,23105.84,0.00
02-09-2025 09:42:00,23125.40,23127.44,23098.30,23102.98,0.00
02-09-2025 09:39:00,23108.55,23126.78,23084.73,23123.79,0.00
02-09-2025 09:36:00,23068.98,23117.71,23068.98,23107.96,0.00
02-09-2025 09:33:00,23021.87,23080.43,23002.75,23068.66,0.00
02-09-2025 09:30:00,23020.47,23031.19,22977.89,23026.28,0.00
29-08-2025 17:15:00,23415.42,23415.42,23415.42,23415.42,0.00
29-08-2025 17:12:00,23415.42,23415.42,23415.42,23415.42,0.00
29-08-2025 17:09:00,23415.42,23415.42,23415.42,23415.42,0.00
29-08-2025 17:06:00,23415.42,23415.42,23415.42,23415.42,0.00
29-08-2025 17:03:00,23415.42,23415.42,23415.42,23415.42,0.00
29-08-2025 17:00:00,23415.42,23415.42,23415.42,23415.42,0.00
29-08-2025 16:57:00,23415.42,23415.42,23415.42,23415.42,0.00
29-08-2025 16:54:00,23415.42,23415.42,23415.42,23415.42,0.00
29-08-2025 16:51:00,23415.42,23415.42,23415.42,23415.42,0.00
29-08-2025 16:48:00,23415.42,23415.42,23415.42,23415.42,0.00
29-08-2025 16:45:00,23415.42,23415.42,23415.42,23415.42,0.00
29-08-2025 16:42:00,23415.42,23415.42,23415.42,23415.42,0.00
29-08-2025 16:39:00,23415.42,23415.42,23415.42,23415.42,0.00
29-08-2025 16:36:00,23415.42,23415.42,23415.42,23415.42,0.00
29-08-2025 16:33:00,23415.42,23415.42,23415.42,23415.42,0.00
29-08-2025 16:30:00,23415.42,23415.42,23415.42,23415.42,0.00
29-08-2025 16:27:00,23415.42,23415.42,23415.42,23415.42,0.00
29-08-2025 16:24:00,23415.42,23415.42,23415.42,23415.42,0.00
29-08-2025 16:21:00,23415.42,23415.42,23415.42,23415.42,0.00
29-08-2025 16:18:00,23415.42,23415.42,23415.42,23415.42,0.00
29-08-2025 16:15:00,23415.42,23415.42,23415.42,23415.42,0.00
29-08-2025 16:12:00,23415.42,23415.42,23415.42,23415.42,0.00
29-08-2025 16:09:00,23415.42,23415.42,23415.42,23415.42,0.00
29-08-2025 16:06:00,23415.42,23415.42,23415.42,23415.42,0.00
29-08-2025 16:03:00,23415.42,23415.42,23415.42,23415.42,0.00
29-08-2025 16:00:00,23421.00,23421.00,23415.42,23415.42,0.00
29-08-2025 15:57:00,23388.81,23418.88,23388.81,23418.88,0.00
29-08-2025 15:54:00,23385.73,23393.69,23375.79,23389.21,0.00
29-08-2025 15:51:00,23399.81,23406.43,23391.37,23391.92,0.00
29-08-2025 15:48:00,23444.06,23444.23,23399.74,23399.97,0.00
29-08-2025 15:45:00,23428.32,23444.03,23426.08,23444.03,0.00
29-08-2025 15:42:00,23419.33,23431.88,23419.33,23428.62,0.00
29-08-2025 15:39:00,23408.41,23420.77,23407.83,23419.43,0.00
29-08-2025 15:36:00,23399.13,23410.33,23399.13,23408.30,0.00
29-08-2025 15:33:00,23416.78,23417.27,23398.96,23398.96,0.00
29-08-2025 15:30:00,23414.98,23422.68,23414.98,23416.94,0.00
29-08-2025 15:27:00,23419.48,23419.48,23410.58,23415.37,0.00
29-08-2025 15:24:00,23421.00,23425.04,23418.16,23419.59,0.00
29-08-2025 15:21:00,23430.92,23435.54,23420.06,23420.88,0.00
29-08-2025 15:18:00,23427.41,23430.77,23423.99,23430.77,0.00
29-08-2025 15:15:00,23418.26,23428.53,23417.99,23427.38,0.00
29-08-2025 15:12:00,23417.18,23421.77,23414.89,23418.44,0.00
29-08-2025 15:09:00,23421.33,23424.84,23417.62,23417.62,0.00
29-08-2025 15:06:00,23412.51,23421.46,23409.97,23421.46,0.00
29-08-2025 15:03:00,23410.23,23414.33,23410.09,23413.02,0.00
29-08-2025 15:00:00,23409.25,23412.60,23404.77,23410.40,0.00
29-08-2025 14:57:00,23401.66,23409.85,23399.77,23409.85,0.00
29-08-2025 14:54:00,23398.35,23401.40,23397.69,23401.33,0.00
29-08-2025 14:51:00,23397.20,23399.29,23390.33,23398.37,0.00
29-08-2025 14:48:00,23397.01,23398.14,23392.87,23397.25,0.00
29-08-2025 14:45:00,23394.45,23399.06,23392.93,23397.20,0.00
29-08-2025 14:42:00,23400.49,23401.98,23393.49,23394.42,0.00
29-08-2025 14:39:00,23406.42,23406.62,23395.43,23400.56,0.00
29-08-2025 14:36:00,23412.38,23412.78,23404.48,23406.15,0.00
29-08-2025 14:33:00,23409.00,23412.64,23405.96,23412.44,0.00
29-08-2025 14:30:00,23390.92,23410.01,23390.92,23408.98,0.00
29-08-2025 14:27:00,23394.62,23395.71,23387.42,23390.91,0.00
29-08-2025 14:24:00,23405.15,23405.47,23394.39,23394.68,0.00
29-08-2025 14:21:00,23393.47,23404.91,23393.47,23404.91,0.00
29-08-2025 14:18:00,23410.83,23411.24,23386.08,23392.30,0.00
29-08-2025 14:15:00,23409.37,23415.77,23406.33,23411.06,0.00
29-08-2025 14:12:00,23410.58,23415.39,23404.62,23409.20,0.00
29-08-2025 14:09:00,23410.95,23415.78,23408.70,23410.61,0.00
29-08-2025 14:06:00,23395.69,23413.08,23395.65,23411.09,0.00
29-08-2025 14:03:00,23397.77,23402.69,23394.63,23396.22,0.00
29-08-2025 14:00:00,23408.92,23408.92,23397.16,23398.62,0.00
29-08-2025 13:57:00,23411.06,23411.74,23396.75,23408.40,0.00
29-08-2025 13:54:00,23417.87,23418.91,23411.08,23411.18,0.00
29-08-2025 13:51:00,23405.84,23422.02,23405.84,23417.98,0.00
29-08-2025 13:48:00,23397.74,23407.82,23397.63,23405.95,0.00
29-08-2025 13:45:00,23391.04,23399.37,23391.04,23397.89,0.00
29-08-2025 13:42:00,23387.94,23391.25,23382.71,23390.99,0.00
29-08-2025 13:39:00,23382.84,23392.92,23382.30,23388.30,0.00
29-08-2025 13:36:00,23374.10,23384.11,23369.00,23382.70,0.00
29-08-2025 13:33:00,23374.04,23376.31,23369.94,23374.26,0.00
29-08-2025 13:30:00,23376.07,23390.07,23374.57,23374.57,0.00
29-08-2025 13:27:00,23384.97,23384.97,23375.00,23375.71,0.00
29-08-2025 13:24:00,23374.88,23385.99,23374.65,23384.95,0.00
29-08-2025 13:21:00,23373.02,23381.01,23372.02,23375.02,0.00
29-08-2025 13:18:00,23353.96,23373.19,23353.96,23372.97,0.00
29-08-2025 13:15:00,23371.05,23372.80,23356.56,23356.95,0.00
29-08-2025 13:12:00,23375.29,23378.93,23368.73,23370.99,0.00
29-08-2025 13:09:00,23391.54,23393.83,23373.44,23375.34,0.00
29-08-2025 13:06:00,23381.03,23396.23,23376.47,23391.85,0.00
29-08-2025 13:03:00,23407.11,23407.11,23381.15,23381.15,0.00
29-08-2025 13:00:00,23428.24,23428.24,23402.41,23408.29,0.00
29-08-2025 12:57:00,23429.65,23435.65,23429.58,23430.56,0.00
29-08-2025 12:54:00,23429.39,23434.88,23428.95,23429.80,0.00
29-08-2025 12:51:00,23431.70,23431.70,23425.11,23429.62,0.00
29-08-2025 12:48:00,23435.26,23436.55,23426.08,23431.98,0.00
29-08-2025 12:45:00,23433.35,23438.58,23432.87,23435.43,0.00
29-08-2025 12:42:00,23432.52,23433.69,23431.46,23433.43,0.00
29-08-2025 12:39:00,23427.90,23431.98,23426.79,23431.98,0.00
29-08-2025 12:36:00,23428.84,23429.51,23422.66,23427.90,0.00
29-08-2025 12:33:00,23422.96,23428.67,23421.27,23428.67,0.00
29-08-2025 12:30:00,23404.71,23423.42,23404.71,23422.91,0.00
29-08-2025 12:27:00,23413.57,23413.80,23403.51,23404.38,0.00
29-08-2025 12:24:00,23420.89,23424.09,23412.98,23412.98,0.00
29-08-2025 12:21:00,23422.07,23427.33,23420.09,23420.89,0.00
29-08-2025 12:18:00,23428.70,23428.70,23417.56,23422.18,0.00
29-08-2025 12:15:00,23422.48,23429.92,23422.41,23429.17,0.00
29-08-2025 12:12:00,23415.40,23424.29,23414.53,23422.39,0.00
29-08-2025 12:09:00,23402.75,23416.08,23402.40,23415.93,0.00
29-08-2025 12:06:00,23388.70,23402.78,23388.50,23402.64,0.00
29-08-2025 12:03:00,23400.92,23405.66,23388.64,23388.64,0.00
29-08-2025 12:00:00,23384.85,23401.84,23382.80,23401.03,0.00
29-08-2025 11:57:00,23391.72,23395.27,23379.09,23384.55,0.00
29-08-2025 11:54:00,23394.46,23401.06,23391.77,23391.80,0.00
29-08-2025 11:51:00,23390.96,23409.57,23390.96,23395.08,0.00
29-08-2025 11:48:00,23402.15,23404.98,23390.49,23390.80,0.00
29-08-2025 11:45:00,23410.82,23410.82,23401.73,23402.16,0.00
29-08-2025 11:42:00,23420.29,23420.29,23410.30,23410.63,0.00
29-08-2025 11:39:00,23419.19,23420.33,23407.11,23419.99,0.00
29-08-2025 11:36:00,23408.12,23425.69,23408.12,23419.30,0.00
29-08-2025 11:33:00,23415.35,23420.33,23405.71,23408.03,0.00
29-08-2025 11:30:00,23433.87,23437.89,23414.71,23414.84,0.00
29-08-2025 11:27:00,23448.03,23448.18,23431.48,23433.67,0.00
29-08-2025 11:24:00,23432.98,23449.23,23432.98,23448.78,0.00
29-08-2025 11:21:00,23428.61,23436.26,23420.78,23432.95,0.00
29-08-2025 11:18:00,23421.96,23428.76,23411.23,23428.76,0.00
29-08-2025 11:15:00,23419.15,23429.18,23418.47,23422.03,0.00
29-08-2025 11:12:00,23417.65,23428.62,23417.65,23419.02,0.00
29-08-2025 11:09:00,23414.90,23430.08,23413.80,23418.62,0.00
29-08-2025 11:06:00,23402.08,23420.91,23396.00,23414.98,0.00
29-08-2025 11:03:00,23395.22,23408.38,23395.22,23401.81,0.00
29-08-2025 11:00:00,23385.20,23404.91,23381.57,23395.68,0.00
29-08-2025 10:57:00,23390.28,23393.37,23370.94,23385.56,0.00
29-08-2025 10:54:00,23380.95,23403.42,23376.70,23389.91,0.00
29-08-2025 10:51:00,23384.78,23396.62,23377.44,23381.10,0.00
29-08-2025 10:48:00,23415.91,23418.51,23384.23,23384.76,0.00
29-08-2025 10:45:00,23425.80,23430.63,23413.86,23416.20,0.00
29-08-2025 10:42:00,23442.85,23454.88,23425.91,23426.89,0.00
29-08-2025 10:39:00,23456.46,23463.67,23442.53,23442.53,0.00
29-08-2025 10:36:00,23435.33,23460.32,23435.33,23455.61,0.00
29-08-2025 10:33:00,23445.05,23456.88,23437.02,23437.57,0.00
29-08-2025 10:30:00,23448.45,23454.01,23432.20,23444.98,0.00
29-08-2025 10:27:00,23407.16,23448.73,23407.16,23448.56,0.00
29-08-2025 10:24:00,23440.52,23447.01,23405.15,23408.44,0.00
29-08-2025 10:21:00,23435.19,23452.00,23432.58,23441.18,0.00
29-08-2025 10:18:00,23417.55,23439.60,23401.05,23434.69,0.00
29-08-2025 10:15:00,23412.05,23419.44,23385.67,23417.16,0.00
29-08-2025 10:12:00,23400.40,23419.07,23389.75,23413.20,0.00
29-08-2025 10:09:00,23404.08,23424.01,23396.60,23401.67,0.00
29-08-2025 10:06:00,23420.55,23428.85,23401.80,23403.74,0.00
29-08-2025 10:03:00,23477.58,23482.72,23422.44,23422.55,0.00
29-08-2025 10:00:00,23482.56,23499.43,23466.98,23478.08,0.00
29-08-2025 09:57:00,23470.11,23483.17,23462.88,23471.21,0.00
29-08-2025 09:54:00,23515.56,23516.80,23468.41,23470.30,0.00
29-08-2025 09:51:00,23495.97,23523.97,23495.97,23515.99,0.00
29-08-2025 09:48:00,23499.23,23516.33,23479.36,23496.08,0.00
29-08-2025 09:45:00,23553.77,23553.77,23492.54,23499.58,0.00
29-08-2025 09:42:00,23569.88,23577.32,23541.04,23555.49,0.00
29-08-2025 09:39:00,23576.06,23576.26,23547.27,23569.73,0.00
29-08-2025 09:36:00,23590.67,23595.98,23564.25,23575.74,0.00
29-08-2025 09:33:00,23595.13,23595.13,23581.74,23590.96,0.00
29-08-2025 09:30:00,23607.54,23607.54,23591.64,23595.37,0.00
28-08-2025 17:15:00,23703.45,23703.45,23703.45,23703.45,0.00
28-08-2025 17:12:00,23703.45,23703.45,23703.45,23703.45,0.00
28-08-2025 17:09:00,23703.45,23703.45,23703.45,23703.45,0.00
28-08-2025 17:06:00,23703.45,23703.45,23703.45,23703.45,0.00
28-08-2025 17:03:00,23703.45,23703.45,23703.45,23703.45,0.00
28-08-2025 17:00:00,23703.45,23703.45,23703.45,23703.45,0.00
28-08-2025 16:57:00,23703.45,23703.45,23703.45,23703.45,0.00
28-08-2025 16:54:00,23703.45,23703.45,23703.45,23703.45,0.00
28-08-2025 16:51:00,23703.45,23703.45,23703.45,23703.45,0.00
28-08-2025 16:48:00,23703.45,23703.45,23703.45,23703.45,0.00
28-08-2025 16:45:00,23703.45,23703.45,23703.45,23703.45,0.00
28-08-2025 16:42:00,23703.45,23703.45,23703.45,23703.45,0.00
28-08-2025 16:39:00,23703.45,23703.45,23703.45,23703.45,0.00
28-08-2025 16:36:00,23703.45,23703.45,23703.45,23703.45,0.00
28-08-2025 16:33:00,23703.45,23703.45,23703.45,23703.45,0.00
28-08-2025 16:30:00,23703.45,23703.45,23703.45,23703.45,0.00
28-08-2025 16:27:00,23703.45,23703.45,23703.45,23703.45,0.00
28-08-2025 16:24:00,23703.45,23703.45,23703.45,23703.45,0.00
28-08-2025 16:21:00,23703.45,23703.45,23703.45,23703.45,0.00
28-08-2025 16:18:00,23703.45,23703.45,23703.45,23703.45,0.00
28-08-2025 16:15:00,23703.45,23703.45,23703.45,23703.45,0.00
28-08-2025 16:12:00,23703.45,23703.45,23703.45,23703.45,0.00
28-08-2025 16:09:00,23703.45,23703.45,23703.45,23703.45,0.00
28-08-2025 16:06:00,23703.45,23703.45,23703.45,23703.45,0.00
28-08-2025 16:03:00,23703.45,23703.45,23703.45,23703.45,0.00
28-08-2025 16:00:00,23702.19,23703.45,23702.19,23703.45,0.00
28-08-2025 15:57:00,23717.68,23720.68,23699.76,23704.69,0.00
28-08-2025 15:54:00,23734.11,23741.23,23714.40,23718.09,0.00
28-08-2025 15:51:00,23719.68,23734.73,23717.61,23733.22,0.00
28-08-2025 15:48:00,23733.96,23737.61,23717.69,23721.26,0.00
28-08-2025 15:45:00,23725.61,23734.85,23724.31,23734.06,0.00
28-08-2025 15:42:00,23727.84,23728.32,23722.32,23725.28,0.00
28-08-2025 15:39:00,23718.64,23729.21,23716.60,23727.75,0.00
28-08-2025 15:36:00,23723.52,23723.99,23714.88,23718.44,0.00
28-08-2025 15:33:00,23713.57,23723.48,23710.49,23723.25,0.00
28-08-2025 15:30:00,23715.54,23716.69,23710.29,23713.59,0.00
28-08-2025 15:27:00,23713.74,23720.37,23713.74,23715.24,0.00
28-08-2025 15:24:00,23715.43,23716.95,23711.41,23712.88,0.00
28-08-2025 15:21:00,23718.42,23721.49,23714.51,23715.57,0.00
28-08-2025 15:18:00,23718.51,23723.10,23718.17,23718.24,0.00
28-08-2025 15:15:00,23725.03,23725.03,23716.64,23718.71,0.00
28-08-2025 15:12:00,23723.87,23729.64,23723.87,23725.25,0.00
28-08-2025 15:09:00,23723.60,23728.77,23723.26,23723.94,0.00
28-08-2025 15:06:00,23722.53,23726.50,23722.39,23723.46,0.00
28-08-2025 15:03:00,23731.82,23731.82,23717.33,23722.29,0.00
28-08-2025 15:00:00,23727.47,23734.63,23726.03,23731.88,0.00
28-08-2025 14:57:00,23726.99,23730.56,23726.56,23727.52,0.00
28-08-2025 14:54:00,23723.06,23728.27,23722.36,23726.83,0.00
28-08-2025 14:51:00,23720.51,23724.47,23717.78,23723.07,0.00
28-08-2025 14:48:00,23721.08,23722.84,23716.98,23720.89,0.00
28-08-2025 14:45:00,23718.84,23723.90,23718.21,23720.92,0.00
28-08-2025 14:42:00,23723.00,23726.32,23718.76,23718.94,0.00
28-08-2025 14:39:00,23713.82,23723.31,23713.82,23722.73,0.00
28-08-2025 14:36:00,23717.07,23718.19,23710.98,23713.93,0.00
28-08-2025 14:33:00,23717.04,23720.89,23716.29,23717.00,0.00
28-08-2025 14:30:00,23715.31,23720.67,23715.09,23717.20,0.00
28-08-2025 14:27:00,23710.19,23716.26,23710.19,23715.45,0.00
28-08-2025 14:24:00,23706.62,23714.35,23706.62,23710.13,0.00
28-08-2025 14:21:00,23707.86,23709.91,23705.87,23706.51,0.00
28-08-2025 14:18:00,23704.34,23707.82,23703.61,23707.68,0.00
28-08-2025 14:15:00,23704.55,23707.39,23700.90,23704.67,0.00
28-08-2025 14:12:00,23708.63,23709.51,23703.28,23704.51,0.00
28-08-2025 14:09:00,23709.11,23711.61,23704.45,23708.32,0.00
28-08-2025 14:06:00,23707.54,23711.43,23707.54,23709.07,0.00
28-08-2025 14:03:00,23705.67,23708.39,23703.98,23707.45,0.00
28-08-2025 14:00:00,23702.66,23706.11,23700.93,23705.72,0.00
28-08-2025 13:57:00,23706.14,23706.14,23698.24,23702.67,0.00
28-08-2025 13:54:00,23707.82,23708.42,23702.39,23705.68,0.00
28-08-2025 13:51:00,23703.26,23709.57,23702.87,23707.92,0.00
28-08-2025 13:48:00,23698.44,23703.32,23698.00,23703.32,0.00
28-08-2025 13:45:00,23702.27,23705.38,23698.42,23699.23,0.00
28-08-2025 13:42:00,23700.02,23704.25,23698.96,23702.17,0.00
28-08-2025 13:39:00,23699.73,23700.69,23696.85,23699.58,0.00
28-08-2025 13:36:00,23704.31,23705.32,23698.42,23700.44,0.00
28-08-2025 13:33:00,23700.64,23705.45,23694.07,23704.60,0.00
28-08-2025 13:30:00,23696.94,23705.77,23694.98,23700.64,0.00
28-08-2025 13:27:00,23687.85,23697.11,23687.85,23696.90,0.00
28-08-2025 13:24:00,23682.21,23688.07,23680.14,23687.91,0.00
28-08-2025 13:21:00,23672.31,23684.26,23672.31,23682.26,0.00
28-08-2025 13:18:00,23674.83,23676.95,23669.94,23671.89,0.00
28-08-2025 13:15:00,23671.74,23677.35,23671.74,23675.15,0.00
28-08-2025 13:12:00,23673.68,23675.68,23668.85,23670.95,0.00
28-08-2025 13:09:00,23670.75,23675.20,23668.96,23673.62,0.00
28-08-2025 13:06:00,23673.60,23673.95,23665.01,23670.41,0.00
28-08-2025 13:03:00,23667.60,23675.99,23667.60,23673.57,0.00
28-08-2025 13:00:00,23670.86,23672.35,23664.87,23667.77,0.00
28-08-2025 12:57:00,23685.00,23685.08,23669.46,23671.00,0.00
28-08-2025 12:54:00,23695.22,23696.83,23683.25,23684.95,0.00
28-08-2025 12:51:00,23689.13,23697.11,23689.13,23695.65,0.00
28-08-2025 12:48:00,23686.50,23689.71,23682.13,23689.19,0.00
28-08-2025 12:45:00,23679.54,23687.06,23679.54,23686.50,0.00
28-08-2025 12:42:00,23677.43,23680.83,23677.27,23679.65,0.00
28-08-2025 12:39:00,23681.36,23681.36,23673.75,23677.11,0.00
28-08-2025 12:36:00,23674.79,23680.78,23671.81,23680.78,0.00
28-08-2025 12:33:00,23674.17,23676.57,23670.80,23674.82,0.00
28-08-2025 12:30:00,23692.16,23696.03,23670.95,23674.58,0.00
28-08-2025 12:27:00,23681.81,23700.43,23681.76,23692.19,0.00
28-08-2025 12:24:00,23664.80,23682.10,23664.80,23681.55,0.00
28-08-2025 12:21:00,23664.09,23668.92,23660.99,23664.25,0.00
28-08-2025 12:18:00,23659.17,23664.28,23658.70,23664.08,0.00
28-08-2025 12:15:00,23662.17,23665.79,23656.60,23659.39,0.00
28-08-2025 12:12:00,23644.61,23662.39,23642.56,23662.21,0.00
28-08-2025 12:09:00,23641.87,23644.62,23638.42,23644.28,0.00
28-08-2025 12:06:00,23628.53,23642.01,23627.93,23640.54,0.00
28-08-2025 12:03:00,23629.04,23634.71,23627.73,23628.28,0.00
28-08-2025 12:00:00,23626.03,23629.42,23622.69,23629.14,0.00
28-08-2025 11:57:00,23630.86,23634.71,23624.80,23626.59,0.00
28-08-2025 11:54:00,23625.39,23630.91,23618.48,23630.57,0.00
28-08-2025 11:51:00,23632.55,23634.84,23620.70,23625.24,0.00
28-08-2025 11:48:00,23626.34,23633.56,23624.54,23632.51,0.00
28-08-2025 11:45:00,23629.90,23629.90,23618.46,23626.30,0.00
28-08-2025 11:42:00,23644.40,23644.40,23627.05,23629.84,0.00
28-08-2025 11:39:00,23649.30,23649.99,23639.49,23644.36,0.00
28-08-2025 11:36:00,23648.56,23654.69,23648.20,23650.00,0.00
28-08-2025 11:33:00,23641.12,23655.31,23640.65,23648.46,0.00
28-08-2025 11:30:00,23614.28,23641.56,23613.96,23641.27,0.00
28-08-2025 11:27:00,23624.52,23625.03,23608.51,23614.98,0.00
28-08-2025 11:24:00,23642.46,23647.98,23618.64,23623.78,0.00
28-08-2025 11:21:00,23662.87,23666.14,23643.88,23644.01,0.00
28-08-2025 11:18:00,23687.23,23687.38,23662.42,23663.12,0.00
28-08-2025 11:15:00,23665.51,23689.55,23663.37,23687.07,0.00
28-08-2025 11:12:00,23662.83,23668.31,23661.16,23665.41,0.00
28-08-2025 11:09:00,23653.50,23665.30,23652.92,23662.23,0.00
28-08-2025 11:06:00,23643.76,23654.62,23643.64,23652.86,0.00
28-08-2025 11:03:00,23656.70,23656.83,23641.81,23644.06,0.00
28-08-2025 11:00:00,23655.40,23660.27,23652.88,23656.58,0.00
28-08-2025 10:57:00,23664.82,23666.23,23655.95,23655.95,0.00
28-08-2025 10:54:00,23647.20,23667.47,23645.14,23664.69,0.00
28-08-2025 10:51:00,23653.98,23655.24,23636.24,23647.30,0.00
28-08-2025 10:48:00,23652.83,23659.42,23645.78,23654.03,0.00
28-08-2025 10:45:00,23634.21,23655.12,23625.51,23652.79,0.00
28-08-2025 10:42:00,23617.24,23638.18,23616.61,23634.71,0.00
28-08-2025 10:39:00,23600.80,23629.65,23600.52,23616.93,0.00
28-08-2025 10:36:00,23593.66,23602.45,23589.21,23600.33,0.00
28-08-2025 10:33:00,23589.30,23611.97,23588.81,23592.83,0.00
28-08-2025 10:30:00,23570.59,23590.23,23570.51,23589.55,0.00
28-08-2025 10:27:00,23570.41,23587.79,23569.57,23571.46,0.00
28-08-2025 10:24:00,23590.66,23593.06,23568.49,23569.10,0.00
28-08-2025 10:21:00,23584.77,23608.07,23583.02,23590.29,0.00
28-08-2025 10:18:00,23590.33,23595.34,23579.40,23586.82,0.00
28-08-2025 10:15:00,23607.04,23612.90,23590.37,23590.38,0.00
28-08-2025 10:12:00,23598.88,23614.79,23598.88,23607.39,0.00
28-08-2025 10:09:00,23613.23,23613.23,23592.10,23597.65,0.00
28-08-2025 10:06:00,23575.88,23613.31,23572.38,23613.31,0.00
28-08-2025 10:03:00,23570.91,23580.96,23546.35,23576.16,0.00
28-08-2025 10:00:00,23552.29,23571.07,23539.13,23570.92,0.00
28-08-2025 09:57:00,23523.72,23548.29,23514.70,23548.29,0.00
28-08-2025 09:54:00,23542.11,23565.97,23522.64,23523.55,0.00
28-08-2025 09:51:00,23561.56,23574.95,23537.05,23542.05,0.00
28-08-2025 09:48:00,23631.98,23633.70,23558.33,23562.89,0.00
28-08-2025 09:45:00,23640.80,23648.16,23611.54,23630.33,0.00
28-08-2025 09:42:00,23645.99,23673.40,23631.64,23640.65,0.00
28-08-2025 09:39:00,23651.18,23670.04,23646.18,23646.19,0.00
28-08-2025 09:36:00,23638.05,23658.67,23629.38,23650.21,0.00
28-08-2025 09:33:00,23651.52,23681.68,23632.01,23637.84,0.00
28-08-2025 09:30:00,23601.35,23677.46,23601.35,23654.06,0.00
27-08-2025 17:15:00,23565.85,23565.85,23565.85,23565.85,0.00
27-08-2025 17:12:00,23565.85,23565.85,23565.85,23565.85,0.00
27-08-2025 17:09:00,23565.85,23565.85,23565.85,23565.85,0.00
27-08-2025 17:06:00,23565.85,23565.85,23565.85,23565.85,0.00
27-08-2025 17:03:00,23565.85,23565.85,23565.85,23565.85,0.00
27-08-2025 17:00:00,23565.85,23565.85,23565.85,23565.85,0.00
27-08-2025 16:57:00,23565.85,23565.85,23565.85,23565.85,0.00
27-08-2025 16:54:00,23565.85,23565.85,23565.85,23565.85,0.00
27-08-2025 16:51:00,23565.85,23565.85,23565.85,23565.85,0.00
27-08-2025 16:48:00,23565.85,23565.85,23565.85,23565.85,0.00
27-08-2025 16:45:00,23565.85,23565.85,23565.85,23565.85,0.00
27-08-2025 16:42:00,23565.85,23565.85,23565.85,23565.85,0.00
27-08-2025 16:39:00,23565.85,23565.85,23565.85,23565.85,0.00
27-08-2025 16:36:00,23565.85,23565.85,23565.85,23565.85,0.00
27-08-2025 16:33:00,23565.85,23565.85,23565.85,23565.85,0.00
27-08-2025 16:30:00,23565.85,23565.85,23565.85,23565.85,0.00
27-08-2025 16:27:00,23565.85,23565.85,23565.85,23565.85,0.00
27-08-2025 16:24:00,23565.85,23565.85,23565.85,23565.85,0.00
27-08-2025 16:21:00,23565.85,23565.85,23565.85,23565.85,0.00
27-08-2025 16:18:00,23565.85,23565.85,23565.85,23565.85,0.00
27-08-2025 16:15:00,23565.85,23565.85,23565.85,23565.85,0.00
27-08-2025 16:12:00,23565.85,23565.85,23565.85,23565.85,0.00
27-08-2025 16:09:00,23565.85,23565.85,23565.85,23565.85,0.00
27-08-2025 16:06:00,23565.85,23565.85,23565.85,23565.85,0.00
27-08-2025 16:03:00,23565.85,23565.85,23565.85,23565.85,0.00
27-08-2025 16:00:00,23563.33,23565.85,23563.33,23565.85,0.00
27-08-2025 15:57:00,23578.79,23582.18,23563.37,23563.37,0.00
27-08-2025 15:54:00,23574.25,23581.03,23567.30,23578.46,0.00
27-08-2025 15:51:00,23570.95,23575.29,23567.74,23572.33,0.00
27-08-2025 15:48:00,23558.30,23575.98,23557.32,23571.30,0.00
27-08-2025 15:45:00,23561.18,23562.67,23556.61,23558.13,0.00
27-08-2025 15:42:00,23556.40,23563.45,23555.62,23561.18,0.00
27-08-2025 15:39:00,23557.32,23557.75,23554.12,23556.53,0.00
27-08-2025 15:36:00,23547.72,23557.24,23545.13,23557.24,0.00
27-08-2025 15:33:00,23542.89,23548.80,23542.45,23548.14,0.00
27-08-2025 15:30:00,23538.25,23544.49,23538.25,23542.65,0.00
27-08-2025 15:27:00,23538.03,23538.72,23532.51,23538.56,0.00
27-08-2025 15:24:00,23537.94,23540.95,23534.85,23538.07,0.00
27-08-2025 15:21:00,23535.26,23538.02,23528.40,23537.78,0.00
27-08-2025 15:18:00,23519.20,23535.34,23518.57,23535.20,0.00
27-08-2025 15:15:00,23508.73,23521.10,23508.63,23519.20,0.00
27-08-2025 15:12:00,23535.37,23535.59,23498.84,23508.68,0.00
27-08-2025 15:09:00,23550.05,23551.99,23534.88,23535.43,0.00
27-08-2025 15:06:00,23556.34,23556.43,23548.97,23550.13,0.00
27-08-2025 15:03:00,23560.72,23560.72,23553.86,23556.18,0.00
27-08-2025 15:00:00,23563.45,23563.70,23555.60,23561.04,0.00
27-08-2025 14:57:00,23565.57,23567.02,23562.30,23563.48,0.00
27-08-2025 14:54:00,23567.41,23568.10,23565.17,23565.68,0.00
27-08-2025 14:51:00,23574.46,23575.94,23567.34,23567.34,0.00
27-08-2025 14:48:00,23576.70,23578.03,23574.34,23574.53,0.00
27-08-2025 14:45:00,23576.81,23580.76,23576.35,23576.75,0.00
27-08-2025 14:42:00,23580.43,23581.09,23576.34,23576.81,0.00
27-08-2025 14:39:00,23582.59,23583.33,23579.95,23580.49,0.00
27-08-2025 14:36:00,23582.70,23584.56,23579.30,23582.70,0.00
27-08-2025 14:33:00,23582.70,23584.93,23581.79,23582.36,0.00
27-08-2025 14:30:00,23585.82,23586.50,23580.38,23582.97,0.00
27-08-2025 14:27:00,23585.66,23588.89,23585.51,23585.97,0.00
27-08-2025 14:24:00,23590.97,23591.05,23584.32,23585.65,0.00
27-08-2025 14:21:00,23586.78,23590.90,23582.65,23590.90,0.00
27-08-2025 14:18:00,23586.65,23588.44,23585.66,23586.81,0.00
27-08-2025 14:15:00,23585.21,23591.04,23585.16,23586.70,0.00
27-08-2025 14:12:00,23566.20,23585.78,23565.73,23585.10,0.00
27-08-2025 14:09:00,23562.06,23566.87,23562.06,23566.06,0.00
27-08-2025 14:06:00,23554.65,23563.42,23553.16,23562.01,0.00