QQQ: Timestamp,QQQ: Open,QQQ: High,QQQ: Low,QQQ: Close,QQQ: Volume
05-09-2025 15:57:00,575.27,576.12,575.11,576.03,445.25K
05-09-2025 15:54:00,575.05,575.62,574.92,575.28,289.35K
05-09-2025 15:51:00,575.59,575.59,575.03,575.05,150.00K
05-09-2025 15:48:00,575.32,575.66,575.20,575.60,173.34K
05-09-2025 15:45:00,575.39,575.64,575.30,575.32,76.36K
05-09-2025 15:42:00,575.57,575.63,575.25,575.41,92.52K
05-09-2025 15:39:00,575.48,575.72,575.33,575.57,77.31K
05-09-2025 15:36:00,575.66,575.89,575.38,575.47,133.35K
05-09-2025 15:33:00,575.27,575.71,575.17,575.66,134.06K
05-09-2025 15:30:00,575.85,575.93,575.21,575.25,136.80K
05-09-2025 15:27:00,575.97,576.02,575.80,575.85,76.38K
05-09-2025 15:24:00,575.85,576.07,575.84,576.00,109.33K
05-09-2025 15:21:00,575.60,575.85,575.46,575.84,76.93K
05-09-2025 15:18:00,575.73,575.80,575.54,575.57,109.52K
05-09-2025 15:15:00,575.56,575.96,575.43,575.71,143.04K
05-09-2025 15:12:00,575.54,575.60,575.41,575.55,55.86K
05-09-2025 15:09:00,575.39,575.59,575.38,575.54,51.14K
05-09-2025 15:06:00,575.38,575.77,575.35,575.39,190.12K
05-09-2025 15:03:00,575.05,575.42,575.05,575.40,110.98K
05-09-2025 15:00:00,575.21,575.21,574.84,575.03,149.67K
05-09-2025 14:57:00,574.81,575.22,574.76,575.22,49.73K
05-09-2025 14:54:00,574.87,574.88,574.60,574.82,65.61K
05-09-2025 14:51:00,574.99,575.03,574.70,574.86,76.34K
05-09-2025 14:48:00,575.10,575.26,574.98,575.00,58.55K
05-09-2025 14:45:00,575.03,575.10,574.84,575.10,55.11K
05-09-2025 14:42:00,574.82,575.02,574.75,575.01,30.28K
05-09-2025 14:39:00,575.02,575.06,574.79,574.83,43.35K
05-09-2025 14:36:00,574.80,575.18,574.78,575.04,53.18K
05-09-2025 14:33:00,575.30,575.30,574.78,574.78,55.16K
05-09-2025 14:30:00,574.86,575.35,574.86,575.29,70.16K
05-09-2025 14:27:00,574.60,574.98,574.60,574.87,49.94K
05-09-2025 14:24:00,575.02,575.04,574.52,574.55,52.85K
05-09-2025 14:21:00,575.06,575.18,574.84,575.01,56.12K
05-09-2025 14:18:00,574.88,575.15,574.87,575.04,71.50K
05-09-2025 14:15:00,574.63,574.88,574.60,574.82,51.43K
05-09-2025 14:12:00,574.50,574.65,574.20,574.65,63.65K
05-09-2025 14:09:00,574.35,574.58,574.24,574.53,27.99K
05-09-2025 14:06:00,574.46,574.55,574.16,574.37,37.94K
05-09-2025 14:03:00,574.09,574.49,573.92,574.48,69.67K
05-09-2025 14:00:00,574.18,574.44,574.01,574.06,114.58K
05-09-2025 13:57:00,573.83,574.30,573.76,574.17,50.64K
05-09-2025 13:54:00,574.18,574.18,573.74,573.83,54.04K
05-09-2025 13:51:00,574.06,574.30,573.79,574.21,79.31K
05-09-2025 13:48:00,574.08,574.14,573.78,574.05,75.31K
05-09-2025 13:45:00,574.12,574.29,573.86,574.08,77.52K
05-09-2025 13:42:00,574.13,574.18,573.49,574.10,149.41K
05-09-2025 13:39:00,574.50,574.60,574.09,574.17,78.35K
05-09-2025 13:36:00,574.80,574.82,574.23,574.53,93.58K
05-09-2025 13:33:00,574.62,574.89,574.50,574.82,74.68K
05-09-2025 13:30:00,574.66,574.79,574.42,574.63,107.41K
05-09-2025 13:27:00,574.83,575.03,574.56,574.65,60.18K
05-09-2025 13:24:00,575.20,575.32,574.79,574.80,108.24K
05-09-2025 13:21:00,574.93,575.26,574.85,575.17,65.72K
05-09-2025 13:18:00,575.00,575.12,574.67,574.96,64.14K
05-09-2025 13:15:00,574.95,575.20,574.84,575.00,104.81K
05-09-2025 13:12:00,574.90,575.10,574.70,574.95,93.50K
05-09-2025 13:09:00,574.38,574.94,574.38,574.92,77.80K
05-09-2025 13:06:00,574.03,574.52,573.92,574.38,79.83K
05-09-2025 13:03:00,574.42,574.61,573.97,574.06,111.96K
05-09-2025 13:00:00,575.13,575.13,574.33,574.40,142.86K
05-09-2025 12:57:00,574.63,575.15,574.57,575.15,60.33K
05-09-2025 12:54:00,574.20,574.64,574.13,574.64,51.33K
05-09-2025 12:51:00,574.14,574.44,573.99,574.20,70.28K
05-09-2025 12:48:00,574.20,574.67,574.04,574.19,90.22K
05-09-2025 12:45:00,574.78,575.07,574.14,574.14,96.87K
05-09-2025 12:42:00,574.95,574.99,574.52,574.80,88.29K
05-09-2025 12:39:00,574.24,574.98,574.08,574.97,91.12K
05-09-2025 12:36:00,573.93,574.37,573.75,574.33,87.85K
05-09-2025 12:33:00,574.33,574.34,573.83,573.88,65.30K
05-09-2025 12:30:00,574.37,574.61,574.16,574.42,71.73K
05-09-2025 12:27:00,574.71,574.73,574.24,574.32,61.01K
05-09-2025 12:24:00,574.58,575.00,574.33,574.71,96.90K
05-09-2025 12:21:00,574.87,575.04,574.12,574.59,118.84K
05-09-2025 12:18:00,574.66,574.97,574.48,574.89,88.26K
05-09-2025 12:15:00,575.09,575.24,574.59,574.59,130.96K
05-09-2025 12:12:00,574.77,575.22,574.75,575.11,83.47K
05-09-2025 12:09:00,574.47,574.81,574.39,574.75,103.82K
05-09-2025 12:06:00,574.12,574.50,573.73,574.50,95.77K
05-09-2025 12:03:00,574.09,574.16,573.72,574.12,105.25K
05-09-2025 12:00:00,574.25,574.59,573.92,574.08,128.99K
05-09-2025 11:57:00,574.82,574.84,573.92,574.27,131.95K
05-09-2025 11:54:00,574.42,574.87,574.21,574.84,86.07K
05-09-2025 11:51:00,574.39,574.74,574.36,574.46,113.74K
05-09-2025 11:48:00,574.84,575.12,574.31,574.35,100.12K
05-09-2025 11:45:00,575.33,575.33,574.36,574.85,182.39K
05-09-2025 11:42:00,575.17,575.50,575.15,575.35,135.87K
05-09-2025 11:39:00,575.04,575.28,574.82,575.19,107.83K
05-09-2025 11:36:00,574.90,575.26,574.81,575.05,153.40K
05-09-2025 11:33:00,574.14,574.93,574.12,574.93,142.61K
05-09-2025 11:30:00,574.61,574.78,574.00,574.18,187.69K
05-09-2025 11:27:00,574.00,574.72,573.87,574.62,127.91K
05-09-2025 11:24:00,574.06,574.31,573.74,574.00,195.02K
05-09-2025 11:21:00,573.76,574.12,573.41,574.04,180.43K
05-09-2025 11:18:00,573.49,573.80,572.90,573.77,165.67K
05-09-2025 11:15:00,573.16,573.70,573.14,573.47,222.51K
05-09-2025 11:12:00,572.46,573.21,571.91,573.18,188.27K
05-09-2025 11:09:00,572.45,572.55,571.54,572.54,213.09K
05-09-2025 11:06:00,572.34,572.88,572.03,572.41,176.58K
05-09-2025 11:03:00,571.82,572.58,571.82,572.35,152.06K
05-09-2025 11:00:00,572.56,572.87,571.79,571.81,346.14K
05-09-2025 10:57:00,573.77,574.08,572.50,572.55,236.01K
05-09-2025 10:54:00,574.38,574.75,573.62,573.80,298.07K
05-09-2025 10:51:00,573.01,574.40,573.01,574.39,255.86K
05-09-2025 10:48:00,573.46,573.60,572.94,573.00,213.04K
05-09-2025 10:45:00,574.02,574.03,573.08,573.50,237.97K
05-09-2025 10:42:00,573.81,574.32,573.58,574.02,192.47K
05-09-2025 10:39:00,574.62,574.78,573.68,573.78,233.97K
05-09-2025 10:36:00,574.42,575.18,574.37,574.63,208.46K
05-09-2025 10:33:00,574.96,575.32,574.34,574.40,225.07K
05-09-2025 10:30:00,575.10,575.41,574.58,574.76,250.41K
05-09-2025 10:27:00,575.15,575.85,574.52,575.13,376.10K
05-09-2025 10:24:00,575.69,575.89,574.93,575.18,439.65K
05-09-2025 10:21:00,576.86,576.86,575.27,575.75,291.70K
05-09-2025 10:18:00,577.19,577.26,576.03,576.90,364.88K
05-09-2025 10:15:00,577.56,577.74,576.86,577.21,256.42K
05-09-2025 10:12:00,578.23,578.43,577.56,577.57,200.50K
05-09-2025 10:09:00,578.41,578.70,578.01,578.20,227.96K
05-09-2025 10:06:00,578.95,579.04,578.33,578.39,333.35K
05-09-2025 10:03:00,579.28,579.57,578.79,578.92,168.22K
05-09-2025 10:00:00,579.92,579.94,578.78,579.36,346.77K
05-09-2025 09:57:00,579.67,579.98,579.29,579.95,188.78K
05-09-2025 09:54:00,580.23,580.33,579.37,579.67,186.86K
05-09-2025 09:51:00,580.61,580.90,579.44,580.24,373.40K
05-09-2025 09:48:00,579.78,580.76,579.57,580.59,293.00K
05-09-2025 09:45:00,580.47,580.49,579.54,579.78,313.49K
05-09-2025 09:42:00,580.12,580.64,580.04,580.46,294.31K
05-09-2025 09:39:00,579.32,580.38,579.21,580.10,337.27K
05-09-2025 09:36:00,579.80,579.98,579.23,579.31,334.01K
05-09-2025 09:33:00,579.99,580.51,579.49,579.81,376.53K
05-09-2025 09:30:00,580.49,581.12,579.78,579.99,991.21K
04-09-2025 15:57:00,575.32,575.60,575.15,575.26,1.01M
04-09-2025 15:54:00,574.81,575.33,574.78,575.32,380.89K
04-09-2025 15:51:00,574.51,574.82,574.49,574.82,259.45K
04-09-2025 15:48:00,574.41,574.61,574.25,574.51,191.92K
04-09-2025 15:45:00,574.58,574.58,574.38,574.41,133.86K
04-09-2025 15:42:00,574.52,574.64,574.44,574.60,145.44K
04-09-2025 15:39:00,574.29,574.64,574.24,574.52,156.94K
04-09-2025 15:36:00,574.22,574.33,574.17,574.29,103.62K
04-09-2025 15:33:00,574.31,574.33,574.21,574.21,88.66K
04-09-2025 15:30:00,574.31,574.41,574.27,574.31,161.16K
04-09-2025 15:27:00,574.46,574.51,574.30,574.33,107.00K
04-09-2025 15:24:00,574.58,574.60,574.44,574.46,92.63K
04-09-2025 15:21:00,574.60,574.66,574.49,574.56,127.06K
04-09-2025 15:18:00,574.45,574.61,574.39,574.61,105.12K
04-09-2025 15:15:00,574.49,574.55,574.38,574.46,88.28K
04-09-2025 15:12:00,574.24,574.54,574.23,574.50,128.95K
04-09-2025 15:09:00,574.14,574.28,574.03,574.25,86.49K
04-09-2025 15:06:00,574.15,574.16,574.02,574.14,67.51K
04-09-2025 15:03:00,574.14,574.21,574.02,574.15,74.27K
04-09-2025 15:00:00,574.11,574.24,574.05,574.14,128.84K
04-09-2025 14:57:00,574.14,574.22,574.04,574.11,97.18K
04-09-2025 14:54:00,574.13,574.21,574.01,574.13,89.14K
04-09-2025 14:51:00,574.14,574.21,574.03,574.13,96.64K
04-09-2025 14:48:00,573.91,574.16,573.86,574.14,109.44K
04-09-2025 14:45:00,573.78,573.93,573.75,573.92,109.00K
04-09-2025 14:42:00,574.05,574.09,573.77,573.77,89.20K
04-09-2025 14:39:00,574.03,574.09,573.92,574.05,119.21K
04-09-2025 14:36:00,573.96,574.06,573.88,574.03,115.31K
04-09-2025 14:33:00,573.84,574.00,573.83,573.97,96.59K
04-09-2025 14:30:00,573.57,573.84,573.48,573.84,108.95K
04-09-2025 14:27:00,573.54,573.69,573.54,573.56,93.50K
04-09-2025 14:24:00,573.63,573.72,573.52,573.53,66.90K
04-09-2025 14:21:00,573.60,573.70,573.53,573.63,62.68K
04-09-2025 14:18:00,573.65,573.70,573.55,573.61,67.74K
04-09-2025 14:15:00,573.56,573.78,573.53,573.65,94.04K
04-09-2025 14:12:00,573.49,573.57,573.48,573.55,107.14K
04-09-2025 14:09:00,573.37,573.58,573.37,573.49,111.52K
04-09-2025 14:06:00,573.45,573.49,573.32,573.38,59.91K
04-09-2025 14:03:00,573.44,573.55,573.38,573.43,56.77K
04-09-2025 14:00:00,573.22,573.52,573.21,573.44,96.49K
04-09-2025 13:57:00,573.29,573.35,573.14,573.23,68.50K
04-09-2025 13:54:00,573.70,573.72,573.29,573.29,81.15K
04-09-2025 13:51:00,573.23,573.70,573.22,573.67,134.74K
04-09-2025 13:48:00,573.13,573.27,573.09,573.23,68.75K
04-09-2025 13:45:00,573.00,573.15,572.90,573.11,56.20K
04-09-2025 13:42:00,573.12,573.12,572.97,572.99,49.78K
04-09-2025 13:39:00,572.85,573.13,572.82,573.11,60.11K
04-09-2025 13:36:00,572.97,573.10,572.81,572.85,73.33K
04-09-2025 13:33:00,572.93,572.99,572.83,572.98,55.78K
04-09-2025 13:30:00,573.02,573.10,572.85,572.94,76.53K
04-09-2025 13:27:00,573.00,573.12,572.96,573.03,68.57K
04-09-2025 13:24:00,572.99,573.06,572.91,573.01,54.85K
04-09-2025 13:21:00,572.82,573.09,572.77,572.98,79.40K
04-09-2025 13:18:00,572.65,572.85,572.64,572.82,80.94K
04-09-2025 13:15:00,572.47,572.66,572.47,572.65,54.51K
04-09-2025 13:12:00,572.59,572.70,572.43,572.46,45.17K
04-09-2025 13:09:00,573.00,573.00,572.50,572.58,115.83K
04-09-2025 13:06:00,572.86,573.05,572.80,572.99,134.20K
04-09-2025 13:03:00,572.63,572.95,572.54,572.88,103.02K
04-09-2025 13:00:00,572.14,572.65,572.10,572.65,107.46K
04-09-2025 12:57:00,572.59,572.61,572.10,572.12,82.24K
04-09-2025 12:54:00,572.66,572.76,572.52,572.61,53.59K
04-09-2025 12:51:00,572.75,572.75,572.49,572.67,100.48K
04-09-2025 12:48:00,572.35,572.77,572.32,572.75,121.50K
04-09-2025 12:45:00,572.01,572.36,572.00,572.33,70.33K
04-09-2025 12:42:00,571.98,572.08,571.88,572.00,91.98K
04-09-2025 12:39:00,572.19,572.20,571.87,571.98,107.22K
04-09-2025 12:36:00,572.04,572.23,571.97,572.21,64.47K
04-09-2025 12:33:00,571.87,572.04,571.82,572.04,46.81K
04-09-2025 12:30:00,571.68,572.01,571.60,571.88,83.10K
04-09-2025 12:27:00,571.87,571.87,571.52,571.69,76.47K
04-09-2025 12:24:00,571.99,572.04,571.87,571.88,46.73K
04-09-2025 12:21:00,572.36,572.36,571.93,571.97,82.89K
04-09-2025 12:18:00,572.26,572.38,572.11,572.38,65.61K
04-09-2025 12:15:00,572.37,572.40,572.10,572.27,62.88K
04-09-2025 12:12:00,572.35,572.46,572.29,572.35,54.31K
04-09-2025 12:09:00,572.27,572.48,572.26,572.31,80.41K
04-09-2025 12:06:00,572.22,572.33,571.99,572.26,68.02K
04-09-2025 12:03:00,572.00,572.24,571.93,572.21,51.10K
04-09-2025 12:00:00,572.13,572.16,571.85,572.02,83.52K
04-09-2025 11:57:00,572.36,572.49,572.13,572.14,74.19K
04-09-2025 11:54:00,572.40,572.52,572.22,572.35,99.36K
04-09-2025 11:51:00,572.04,572.44,572.04,572.39,82.92K
04-09-2025 11:48:00,571.91,572.23,571.83,572.04,66.95K
04-09-2025 11:45:00,571.96,572.09,571.78,571.90,70.45K
04-09-2025 11:42:00,571.72,572.22,571.68,571.95,106.98K
04-09-2025 11:39:00,571.66,572.00,571.66,571.71,71.65K
04-09-2025 11:36:00,571.88,572.06,571.62,571.65,104.24K
04-09-2025 11:33:00,571.94,572.16,571.87,571.90,89.83K
04-09-2025 11:30:00,572.33,572.38,571.86,571.95,137.41K
04-09-2025 11:27:00,572.25,572.53,572.24,572.30,204.86K
04-09-2025 11:24:00,572.08,572.26,572.04,572.23,113.08K
04-09-2025 11:21:00,572.04,572.34,572.04,572.08,153.61K
04-09-2025 11:18:00,572.01,572.11,571.91,572.04,134.37K
04-09-2025 11:15:00,571.33,572.03,571.32,572.02,123.21K
04-09-2025 11:12:00,571.18,571.46,571.02,571.32,170.78K
04-09-2025 11:09:00,571.97,572.04,571.15,571.18,176.90K
04-09-2025 11:06:00,572.02,572.16,571.70,571.94,121.82K
04-09-2025 11:03:00,571.94,572.00,571.79,572.00,102.48K
04-09-2025 11:00:00,571.72,571.99,571.71,571.95,118.44K
04-09-2025 10:57:00,571.43,571.74,571.33,571.74,85.56K
04-09-2025 10:54:00,571.56,571.70,571.20,571.41,103.52K
04-09-2025 10:51:00,571.80,571.82,571.26,571.58,144.60K
04-09-2025 10:48:00,571.47,571.82,571.39,571.82,86.54K
04-09-2025 10:45:00,571.20,571.52,571.04,571.48,121.18K
04-09-2025 10:42:00,571.61,571.62,571.08,571.19,124.34K
04-09-2025 10:39:00,571.80,571.86,571.48,571.63,135.87K
04-09-2025 10:36:00,571.44,571.92,571.28,571.81,234.98K
04-09-2025 10:33:00,571.30,571.46,570.97,571.46,130.92K
04-09-2025 10:30:00,570.75,571.39,570.73,571.32,137.30K
04-09-2025 10:27:00,570.52,570.81,570.32,570.77,90.43K
04-09-2025 10:24:00,570.48,571.05,570.38,570.51,222.77K
04-09-2025 10:21:00,569.98,570.46,569.86,570.46,164.87K
04-09-2025 10:18:00,569.38,570.03,569.19,569.98,163.76K
04-09-2025 10:15:00,569.68,569.68,569.02,569.38,240.06K
04-09-2025 10:12:00,570.03,570.48,569.65,569.69,203.01K
04-09-2025 10:09:00,569.89,570.02,569.61,570.01,147.02K
04-09-2025 10:06:00,569.70,570.08,569.53,569.84,136.19K
04-09-2025 10:03:00,570.15,570.27,569.32,569.69,254.53K
04-09-2025 10:00:00,570.83,570.86,569.93,570.11,159.12K
04-09-2025 09:57:00,570.90,571.00,570.58,570.61,91.76K
04-09-2025 09:54:00,570.74,570.97,570.23,570.94,140.20K
04-09-2025 09:51:00,570.94,571.27,570.49,570.70,160.35K
04-09-2025 09:48:00,571.45,571.50,570.24,570.92,223.84K
04-09-2025 09:45:00,570.95,571.48,570.88,571.44,245.01K
04-09-2025 09:42:00,570.48,570.94,570.29,570.91,189.46K
04-09-2025 09:39:00,570.79,571.29,570.32,570.46,210.24K
04-09-2025 09:36:00,571.96,572.25,570.77,570.77,263.60K
04-09-2025 09:33:00,571.31,572.34,571.25,571.93,246.00K
04-09-2025 09:30:00,570.74,571.34,570.19,571.34,406.43K
03-09-2025 15:57:00,569.51,570.07,569.49,569.99,821.08K
03-09-2025 15:54:00,569.37,569.63,569.14,569.49,497.50K
03-09-2025 15:51:00,569.18,569.51,569.16,569.36,332.76K
03-09-2025 15:48:00,568.82,569.26,568.74,569.18,293.76K
03-09-2025 15:45:00,568.62,568.85,568.48,568.83,235.96K
03-09-2025 15:42:00,568.36,568.69,568.31,568.63,197.06K
03-09-2025 15:39:00,568.22,568.39,568.15,568.36,118.30K
03-09-2025 15:36:00,568.14,568.31,568.00,568.24,111.55K
03-09-2025 15:33:00,567.84,568.34,567.77,568.14,180.86K
03-09-2025 15:30:00,567.59,567.95,567.57,567.84,140.01K
03-09-2025 15:27:00,567.60,567.76,567.48,567.59,97.16K
03-09-2025 15:24:00,567.47,567.70,567.46,567.60,79.38K
03-09-2025 15:21:00,567.29,567.59,567.29,567.47,77.25K
03-09-2025 15:18:00,567.15,567.50,567.11,567.30,67.62K
03-09-2025 15:15:00,567.14,567.30,567.06,567.15,61.08K
03-09-2025 15:12:00,567.21,567.31,567.09,567.15,73.82K
03-09-2025 15:09:00,567.41,567.54,567.14,567.20,81.11K
03-09-2025 15:06:00,567.46,567.72,567.40,567.42,109.22K
03-09-2025 15:03:00,567.42,567.50,567.20,567.48,100.73K
03-09-2025 15:00:00,567.30,567.43,567.03,567.43,141.21K
03-09-2025 14:57:00,567.39,567.41,567.15,567.30,47.25K
03-09-2025 14:54:00,567.37,567.48,567.25,567.39,65.85K
03-09-2025 14:51:00,567.05,567.42,567.00,567.36,146.04K
03-09-2025 14:48:00,567.41,567.44,567.02,567.02,96.68K
03-09-2025 14:45:00,567.46,567.67,567.37,567.42,131.52K
03-09-2025 14:42:00,567.02,567.54,567.01,567.50,129.17K
03-09-2025 14:39:00,566.88,567.10,566.73,567.02,169.69K
03-09-2025 14:36:00,567.10,567.11,566.77,566.88,95.03K
03-09-2025 14:33:00,567.03,567.31,567.00,567.10,101.22K
03-09-2025 14:30:00,567.46,567.46,566.89,567.02,149.16K
03-09-2025 14:27:00,567.52,567.65,567.32,567.48,92.64K
03-09-2025 14:24:00,567.43,567.59,567.03,567.52,132.02K
03-09-2025 14:21:00,567.22,567.52,567.11,567.43,113.76K
03-09-2025 14:18:00,567.55,567.59,567.20,567.22,83.38K
03-09-2025 14:15:00,567.69,567.70,567.21,567.54,112.86K
03-09-2025 14:12:00,567.43,567.85,567.32,567.70,97.56K
03-09-2025 14:09:00,567.25,567.59,567.23,567.45,113.43K
03-09-2025 14:06:00,567.18,567.62,567.08,567.22,157.76K
03-09-2025 14:03:00,567.58,567.58,567.16,567.17,151.15K
03-09-2025 14:00:00,567.86,567.87,567.23,567.56,267.78K
03-09-2025 13:57:00,567.77,568.02,567.77,567.85,121.89K
03-09-2025 13:54:00,568.31,568.39,567.61,567.80,195.29K
03-09-2025 13:51:00,568.24,568.73,568.24,568.30,149.60K
03-09-2025 13:48:00,568.26,568.48,568.14,568.26,147.35K
03-09-2025 13:45:00,568.19,568.32,567.43,568.28,306.92K
03-09-2025 13:42:00,568.57,568.75,568.11,568.16,155.04K
03-09-2025 13:39:00,568.98,569.00,568.57,568.57,92.87K
03-09-2025 13:36:00,568.99,569.10,568.81,568.98,69.71K
03-09-2025 13:33:00,569.41,569.48,568.89,569.01,131.10K
03-09-2025 13:30:00,569.32,569.53,569.24,569.39,76.96K
03-09-2025 13:27:00,569.17,569.40,569.17,569.37,48.71K
03-09-2025 13:24:00,569.67,569.75,569.06,569.14,116.28K
03-09-2025 13:21:00,569.92,569.93,569.63,569.67,73.10K
03-09-2025 13:18:00,570.09,570.14,569.88,569.93,71.60K
03-09-2025 13:15:00,569.81,570.18,569.81,570.09,84.63K
03-09-2025 13:12:00,569.96,570.11,569.78,569.80,99.97K
03-09-2025 13:09:00,569.40,569.97,569.28,569.95,128.61K
03-09-2025 13:06:00,569.50,569.58,569.33,569.41,67.00K
03-09-2025 13:03:00,569.35,569.54,569.28,569.50,79.86K
03-09-2025 13:00:00,568.97,569.38,568.95,569.33,89.67K
03-09-2025 12:57:00,568.97,569.16,568.94,568.96,91.05K
03-09-2025 12:54:00,568.63,569.01,568.49,568.96,136.45K
03-09-2025 12:51:00,568.52,568.78,568.52,568.63,91.67K
03-09-2025 12:48:00,569.01,569.13,568.52,568.53,132.68K
03-09-2025 12:45:00,568.99,569.20,568.80,569.02,71.56K
03-09-2025 12:42:00,569.01,569.24,568.90,568.99,65.18K
03-09-2025 12:39:00,569.24,569.32,568.63,569.03,151.19K
03-09-2025 12:36:00,569.45,569.63,569.23,569.24,55.00K
03-09-2025 12:33:00,569.59,569.60,569.37,569.45,40.19K
03-09-2025 12:30:00,569.52,569.61,569.31,569.60,66.08K
03-09-2025 12:27:00,569.72,569.83,569.48,569.50,48.66K
03-09-2025 12:24:00,569.78,569.84,569.22,569.73,116.69K
03-09-2025 12:21:00,570.00,570.24,569.76,569.76,136.27K
03-09-2025 12:18:00,569.36,570.01,569.30,570.00,134.61K
03-09-2025 12:15:00,569.31,569.48,569.19,569.36,76.91K
03-09-2025 12:12:00,569.28,569.39,569.25,569.32,46.17K
03-09-2025 12:09:00,569.55,569.61,569.19,569.28,122.73K
03-09-2025 12:06:00,568.97,569.58,568.90,569.53,146.20K
03-09-2025 12:03:00,568.98,569.10,568.75,568.97,182.20K
03-09-2025 12:00:00,569.07,569.24,568.88,568.98,240.04K
03-09-2025 11:57:00,569.15,569.15,568.80,569.09,106.64K
03-09-2025 11:54:00,569.07,569.45,569.05,569.17,116.19K
03-09-2025 11:51:00,569.41,569.63,569.04,569.06,125.19K
03-09-2025 11:48:00,569.25,569.43,568.94,569.43,123.64K
03-09-2025 11:45:00,569.43,569.51,569.06,569.27,121.25K
03-09-2025 11:42:00,569.62,569.68,569.42,569.44,83.16K
03-09-2025 11:39:00,569.44,569.84,569.36,569.61,393.64K
03-09-2025 11:36:00,569.27,569.55,569.09,569.44,148.19K
03-09-2025 11:33:00,569.06,569.44,568.88,569.27,189.63K
03-09-2025 11:30:00,569.26,569.45,568.87,569.07,293.75K
03-09-2025 11:27:00,569.77,569.91,569.19,569.28,196.64K
03-09-2025 11:24:00,570.18,570.42,569.71,569.76,187.62K
03-09-2025 11:21:00,570.56,570.60,570.06,570.18,128.97K
03-09-2025 11:18:00,570.54,570.82,570.54,570.58,101.16K
03-09-2025 11:15:00,570.90,571.01,570.52,570.58,107.08K
03-09-2025 11:12:00,571.23,571.37,570.86,570.90,127.80K
03-09-2025 11:09:00,571.01,571.40,571.00,571.23,86.90K
03-09-2025 11:06:00,571.28,571.47,570.88,571.00,136.16K
03-09-2025 11:03:00,571.30,571.43,571.14,571.29,110.33K
03-09-2025 11:00:00,571.33,571.49,571.06,571.29,376.57K
03-09-2025 10:57:00,571.21,571.45,571.21,571.32,85.10K
03-09-2025 10:54:00,571.14,571.39,571.06,571.21,143.74K
03-09-2025 10:51:00,571.63,571.70,571.13,571.13,139.50K
03-09-2025 10:48:00,571.45,571.67,571.40,571.61,181.55K
03-09-2025 10:45:00,571.27,571.50,571.03,571.47,177.71K
03-09-2025 10:42:00,570.92,571.47,570.78,571.28,288.93K
03-09-2025 10:39:00,570.50,571.01,570.50,570.93,143.47K
03-09-2025 10:36:00,570.56,570.75,570.39,570.52,142.99K
03-09-2025 10:33:00,570.33,570.61,570.23,570.53,165.19K
03-09-2025 10:30:00,569.51,570.39,569.49,570.33,160.53K
03-09-2025 10:27:00,570.31,570.37,569.46,569.51,290.43K
03-09-2025 10:24:00,569.92,570.41,569.81,570.33,250.39K
03-09-2025 10:21:00,569.91,570.00,569.49,569.90,148.10K
03-09-2025 10:18:00,569.03,569.97,569.01,569.91,151.26K
03-09-2025 10:15:00,568.52,569.11,568.52,569.00,143.66K
03-09-2025 10:12:00,569.50,569.51,568.30,568.50,275.68K
03-09-2025 10:09:00,569.65,569.93,569.44,569.49,162.29K
03-09-2025 10:06:00,569.40,570.13,569.32,569.63,216.70K
03-09-2025 10:03:00,569.16,569.89,569.14,569.39,267.85K
03-09-2025 10:00:00,568.27,569.36,568.06,569.16,172.87K
03-09-2025 09:57:00,568.47,568.61,568.10,568.28,213.41K
03-09-2025 09:54:00,568.77,569.00,568.22,568.48,213.15K
03-09-2025 09:51:00,568.96,569.43,568.65,568.74,201.90K
03-09-2025 09:48:00,568.73,569.03,567.98,568.96,187.76K
03-09-2025 09:45:00,568.64,568.96,568.18,568.65,185.44K
03-09-2025 09:42:00,568.48,568.77,568.14,568.64,169.48K
03-09-2025 09:39:00,568.45,568.87,568.10,568.54,242.68K
03-09-2025 09:36:00,568.60,568.91,568.03,568.43,256.51K
03-09-2025 09:33:00,568.58,569.15,568.36,568.59,172.37K
03-09-2025 09:30:00,569.29,569.59,568.22,568.56,552.52K
02-09-2025 15:57:00,565.85,565.97,565.27,565.64,547.26K
02-09-2025 15:54:00,565.41,565.90,565.41,565.85,305.30K
02-09-2025 15:51:00,565.43,565.55,565.31,565.42,311.86K
02-09-2025 15:48:00,564.71,565.51,564.69,565.43,291.22K
02-09-2025 15:45:00,564.93,564.99,564.64,564.75,174.28K
02-09-2025 15:42:00,565.09,565.26,564.83,564.95,221.17K
02-09-2025 15:39:00,564.95,565.12,564.85,565.08,153.99K
02-09-2025 15:36:00,564.78,565.02,564.75,564.97,162.77K
02-09-2025 15:33:00,564.75,564.90,564.53,564.79,138.00K
02-09-2025 15:30:00,564.59,564.82,564.50,564.75,127.39K
02-09-2025 15:27:00,564.55,564.68,564.45,564.59,95.83K
02-09-2025 15:24:00,564.46,564.60,564.27,564.56,86.41K
02-09-2025 15:21:00,564.60,564.66,564.41,564.46,85.46K
02-09-2025 15:18:00,564.40,564.72,564.40,564.61,147.75K
02-09-2025 15:15:00,564.29,564.43,564.15,564.41,90.69K
02-09-2025 15:12:00,563.89,564.35,563.89,564.31,89.35K
02-09-2025 15:09:00,564.08,564.09,563.83,563.89,50.66K
02-09-2025 15:06:00,563.80,564.16,563.79,564.10,50.88K
02-09-2025 15:03:00,563.98,564.03,563.48,563.81,89.85K
02-09-2025 15:00:00,563.51,564.09,563.51,564.00,125.44K
02-09-2025 14:57:00,563.84,563.85,563.41,563.51,109.93K
02-09-2025 14:54:00,564.09,564.12,563.54,563.84,121.36K
02-09-2025 14:51:00,564.03,564.53,563.93,564.11,237.88K
02-09-2025 14:48:00,563.03,564.07,563.03,564.06,188.40K
02-09-2025 14:45:00,562.99,563.20,562.88,563.05,83.50K
02-09-2025 14:42:00,562.85,563.00,562.74,562.99,66.74K
02-09-2025 14:39:00,563.10,563.10,562.74,562.86,57.90K
02-09-2025 14:36:00,562.97,563.13,562.83,563.10,79.20K
02-09-2025 14:33:00,563.03,563.22,562.86,562.96,86.64K
02-09-2025 14:30:00,562.90,563.36,562.86,563.04,120.70K
02-09-2025 14:27:00,563.06,563.12,562.85,562.89,74.58K
02-09-2025 14:24:00,563.21,563.36,563.05,563.06,63.82K
02-09-2025 14:21:00,563.16,563.46,563.12,563.20,85.60K
02-09-2025 14:18:00,563.26,563.26,562.89,563.18,139.98K
02-09-2025 14:15:00,563.28,563.39,563.14,563.25,83.45K
02-09-2025 14:12:00,563.35,563.46,563.22,563.28,89.45K
02-09-2025 14:09:00,563.38,563.51,563.18,563.36,162.41K
02-09-2025 14:06:00,563.46,563.62,563.20,563.38,223.37K
02-09-2025 14:03:00,563.83,563.92,563.48,563.49,101.34K
02-09-2025 14:00:00,563.47,563.93,563.43,563.85,229.90K
02-09-2025 13:57:00,563.70,563.74,563.45,563.48,98.81K
02-09-2025 13:54:00,563.91,563.96,563.60,563.70,114.90K
02-09-2025 13:51:00,564.18,564.34,563.86,563.90,125.05K
02-09-2025 13:48:00,564.21,564.32,564.02,564.19,127.28K
02-09-2025 13:45:00,564.20,564.24,563.98,564.22,120.63K
02-09-2025 13:42:00,564.20,564.31,563.96,564.21,158.48K
02-09-2025 13:39:00,563.75,564.25,563.74,564.18,220.76K
02-09-2025 13:36:00,563.53,563.77,563.51,563.73,122.28K
02-09-2025 13:33:00,563.34,563.62,563.20,563.53,180.08K
02-09-2025 13:30:00,562.83,563.37,562.82,563.33,149.63K
02-09-2025 13:27:00,562.86,563.00,562.57,562.81,141.26K
02-09-2025 13:24:00,562.31,562.87,562.29,562.87,139.94K
02-09-2025 13:21:00,562.03,562.34,561.98,562.34,74.59K
02-09-2025 13:18:00,561.70,562.10,561.70,562.00,86.86K
02-09-2025 13:15:00,561.72,561.92,561.65,561.71,60.43K
02-09-2025 13:12:00,561.69,561.77,561.45,561.73,107.29K
02-09-2025 13:09:00,562.25,562.25,561.64,561.68,143.39K
02-09-2025 13:06:00,562.24,562.40,562.13,562.21,95.81K
02-09-2025 13:03:00,562.22,562.28,562.06,562.24,103.16K
02-09-2025 13:00:00,561.98,562.33,561.92,562.23,184.95K
02-09-2025 12:57:00,561.99,562.04,561.80,561.99,109.02K
02-09-2025 12:54:00,561.54,562.09,561.41,561.99,141.38K
02-09-2025 12:51:00,561.27,561.59,561.22,561.55,103.16K
02-09-2025 12:48:00,561.10,561.25,560.68,561.25,160.61K
02-09-2025 12:45:00,561.09,561.38,561.07,561.10,106.77K
02-09-2025 12:42:00,561.10,561.45,561.03,561.12,102.22K
02-09-2025 12:39:00,560.63,561.12,560.59,561.10,62.42K
02-09-2025 12:36:00,560.80,561.09,560.59,560.63,125.80K
02-09-2025 12:33:00,560.57,560.82,560.56,560.80,63.03K
02-09-2025 12:30:00,560.54,560.80,560.54,560.58,67.00K
02-09-2025 12:27:00,560.72,560.81,560.50,560.55,73.44K
02-09-2025 12:24:00,560.74,560.82,560.40,560.73,85.76K
02-09-2025 12:21:00,560.87,560.97,560.71,560.74,85.13K
02-09-2025 12:18:00,560.70,560.89,560.57,560.84,116.27K
02-09-2025 12:15:00,560.40,560.79,560.39,560.69,118.92K
02-09-2025 12:12:00,560.12,560.58,560.11,560.39,137.65K
02-09-2025 12:09:00,559.99,560.33,559.84,560.14,165.29K
02-09-2025 12:06:00,560.12,560.40,559.98,559.99,124.47K
02-09-2025 12:03:00,560.25,560.30,559.93,560.11,135.42K
02-09-2025 12:00:00,560.06,560.49,560.06,560.26,242.70K
02-09-2025 11:57:00,559.92,560.10,559.63,560.09,115.69K
02-09-2025 11:54:00,559.58,560.31,559.58,559.91,206.17K
02-09-2025 11:51:00,559.76,559.92,559.57,559.58,167.31K
02-09-2025 11:48:00,560.21,560.30,559.74,559.74,188.62K
02-09-2025 11:45:00,560.25,560.51,560.17,560.23,117.28K
02-09-2025 11:42:00,560.39,560.55,560.15,560.24,118.86K
02-09-2025 11:39:00,560.46,560.60,560.15,560.39,164.26K
02-09-2025 11:36:00,560.50,560.79,560.32,560.47,243.16K
02-09-2025 11:33:00,561.22,561.28,560.46,560.49,193.02K
02-09-2025 11:30:00,561.57,561.57,561.14,561.24,130.24K
02-09-2025 11:27:00,561.64,561.97,561.54,561.57,135.19K
02-09-2025 11:24:00,561.54,561.80,561.45,561.65,154.18K
02-09-2025 11:21:00,561.44,561.70,561.24,561.52,120.72K
02-09-2025 11:18:00,561.59,561.61,561.26,561.45,152.82K
02-09-2025 11:15:00,562.06,562.17,561.53,561.54,185.10K
02-09-2025 11:12:00,562.47,562.47,561.89,562.05,122.12K
02-09-2025 11:09:00,562.30,562.58,562.01,562.49,81.72K
02-09-2025 11:06:00,562.28,562.39,561.93,562.29,198.19K
02-09-2025 11:03:00,562.75,562.91,562.27,562.27,103.14K
02-09-2025 11:00:00,562.86,563.25,562.68,562.72,152.85K
02-09-2025 10:57:00,562.65,562.96,562.46,562.85,141.76K
02-09-2025 10:54:00,562.71,562.93,562.24,562.65,145.16K
02-09-2025 10:51:00,562.32,562.82,562.20,562.68,148.38K
02-09-2025 10:48:00,562.84,562.91,562.31,562.31,153.77K
02-09-2025 10:45:00,563.34,563.45,562.64,562.82,203.99K
02-09-2025 10:42:00,563.88,564.02,560.93,563.32,205.15K
02-09-2025 10:39:00,564.30,564.49,563.88,563.92,127.74K
02-09-2025 10:36:00,564.80,565.22,564.27,564.29,153.06K
02-09-2025 10:33:00,564.65,565.17,564.65,564.81,154.27K
02-09-2025 10:30:00,565.20,565.20,564.40,564.66,178.88K
02-09-2025 10:27:00,564.00,565.26,563.88,565.24,216.09K
02-09-2025 10:24:00,564.42,564.57,563.62,563.96,195.75K
02-09-2025 10:21:00,564.46,565.10,564.38,564.42,191.78K
02-09-2025 10:18:00,564.49,564.93,564.19,564.46,194.43K
02-09-2025 10:15:00,563.94,564.61,563.44,564.49,223.00K
02-09-2025 10:12:00,564.04,564.71,563.74,563.93,243.40K
02-09-2025 10:09:00,564.05,564.40,563.66,564.04,245.26K
02-09-2025 10:06:00,564.18,564.55,563.88,564.07,204.96K
02-09-2025 10:03:00,564.37,564.89,563.94,564.17,276.08K
02-09-2025 10:00:00,564.61,565.70,564.31,564.32,394.20K
02-09-2025 09:57:00,564.87,564.89,564.27,564.55,205.71K
02-09-2025 09:54:00,564.37,565.22,564.36,564.88,349.01K
02-09-2025 09:51:00,564.34,564.99,564.17,564.37,357.31K
02-09-2025 09:48:00,562.49,564.37,562.49,564.34,380.92K
02-09-2025 09:45:00,562.52,563.42,562.27,562.52,281.07K
02-09-2025 09:42:00,563.12,563.15,562.34,562.57,229.79K
02-09-2025 09:39:00,562.68,563.19,562.04,563.11,354.86K
02-09-2025 09:36:00,561.79,562.83,561.76,562.69,354.83K
02-09-2025 09:33:00,560.54,562.09,560.11,561.74,457.78K
02-09-2025 09:30:00,561.31,561.36,559.55,560.59,844.04K
29-08-2025 15:57:00,569.49,570.32,569.42,570.31,828.08K
29-08-2025 15:54:00,569.50,569.61,569.18,569.47,414.32K
29-08-2025 15:51:00,569.70,569.91,569.51,569.52,277.02K
29-08-2025 15:48:00,570.83,570.84,569.67,569.69,393.52K
29-08-2025 15:45:00,570.44,570.85,570.35,570.83,297.82K
29-08-2025 15:42:00,570.24,570.55,570.20,570.44,170.44K
29-08-2025 15:39:00,569.90,570.32,569.90,570.24,170.72K
29-08-2025 15:36:00,569.67,569.98,569.67,569.90,123.42K
29-08-2025 15:33:00,570.08,570.15,569.66,569.67,98.55K
29-08-2025 15:30:00,570.10,570.33,570.08,570.08,145.35K
29-08-2025 15:27:00,570.19,570.19,569.92,570.10,125.12K
29-08-2025 15:24:00,570.26,570.38,570.15,570.21,98.16K
29-08-2025 15:21:00,570.51,570.63,570.20,570.25,102.52K
29-08-2025 15:18:00,570.37,570.51,570.30,570.51,91.27K
29-08-2025 15:15:00,570.18,570.42,570.15,570.37,75.66K
29-08-2025 15:12:00,570.13,570.29,570.05,570.18,89.62K
29-08-2025 15:09:00,570.27,570.37,570.13,570.13,83.48K
29-08-2025 15:06:00,570.00,570.29,569.94,570.28,68.85K
29-08-2025 15:03:00,569.98,570.13,569.98,570.01,56.13K
29-08-2025 15:00:00,569.98,570.05,569.83,569.99,94.14K
29-08-2025 14:57:00,569.77,570.00,569.72,569.99,53.60K
29-08-2025 14:54:00,569.69,569.82,569.65,569.77,89.41K
29-08-2025 14:51:00,569.65,569.76,569.48,569.73,79.77K
29-08-2025 14:48:00,569.68,569.72,569.54,569.67,65.79K
29-08-2025 14:45:00,569.61,569.76,569.57,569.69,61.61K
29-08-2025 14:42:00,569.78,569.85,569.59,569.61,48.77K
29-08-2025 14:39:00,569.91,569.92,569.62,569.80,67.09K
29-08-2025 14:36:00,570.05,570.05,569.81,569.89,60.04K
29-08-2025 14:33:00,569.99,570.07,569.89,570.05,76.45K
29-08-2025 14:30:00,569.55,570.07,569.55,570.00,92.66K
29-08-2025 14:27:00,569.57,569.65,569.46,569.54,53.98K
29-08-2025 14:24:00,569.89,569.91,569.57,569.57,80.48K
29-08-2025 14:21:00,569.61,569.89,569.60,569.89,55.05K
29-08-2025 14:18:00,569.96,570.01,569.44,569.58,95.56K
29-08-2025 14:15:00,570.00,570.11,569.89,569.96,56.46K
29-08-2025 14:12:00,569.97,570.08,569.77,570.01,51.70K
29-08-2025 14:09:00,570.03,570.16,569.93,569.96,62.03K
29-08-2025 14:06:00,569.60,570.10,569.57,570.05,81.79K
29-08-2025 14:03:00,569.68,569.84,569.59,569.60,77.73K
29-08-2025 14:00:00,569.98,569.98,569.61,569.70,91.40K
29-08-2025 13:57:00,570.06,570.07,569.64,569.98,82.17K
29-08-2025 13:54:00,570.20,570.28,570.01,570.05,75.46K
29-08-2025 13:51:00,569.94,570.38,569.94,570.20,133.64K
29-08-2025 13:48:00,569.70,569.98,569.69,569.92,80.45K
29-08-2025 13:45:00,569.54,569.81,569.53,569.71,68.56K
29-08-2025 13:42:00,569.49,569.59,569.30,569.55,71.33K
29-08-2025 13:39:00,569.33,569.66,569.31,569.52,92.90K
29-08-2025 13:36:00,569.15,569.39,568.93,569.34,103.55K
29-08-2025 13:33:00,569.09,569.19,569.02,569.15,54.94K
29-08-2025 13:30:00,569.23,569.60,569.06,569.07,112.37K
29-08-2025 13:27:00,569.40,569.40,569.13,569.22,50.38K
29-08-2025 13:24:00,569.16,569.49,569.15,569.42,74.22K
29-08-2025 13:21:00,569.15,569.39,569.09,569.15,107.80K
29-08-2025 13:18:00,568.63,569.16,568.63,569.15,124.83K
29-08-2025 13:15:00,569.01,569.14,568.54,568.61,139.20K
29-08-2025 13:12:00,569.14,569.28,568.95,569.01,83.87K
29-08-2025 13:09:00,569.53,569.63,569.04,569.13,74.05K
29-08-2025 13:06:00,569.23,569.70,569.09,569.55,103.58K
29-08-2025 13:03:00,569.92,569.92,569.19,569.25,129.88K
29-08-2025 13:00:00,570.40,570.40,569.75,569.95,145.27K
29-08-2025 12:57:00,570.48,570.69,570.42,570.42,93.02K
29-08-2025 12:54:00,570.51,570.66,570.40,570.47,77.96K
29-08-2025 12:51:00,570.52,570.53,570.35,570.52,79.49K
29-08-2025 12:48:00,570.63,570.66,570.29,570.55,81.68K
29-08-2025 12:45:00,570.55,570.74,570.53,570.63,94.45K
29-08-2025 12:42:00,570.55,570.58,570.47,570.57,45.17K
29-08-2025 12:39:00,570.47,570.57,570.36,570.57,74.92K
29-08-2025 12:36:00,570.42,570.52,570.25,570.47,68.11K
29-08-2025 12:33:00,570.37,570.46,570.28,570.46,51.55K
29-08-2025 12:30:00,569.85,570.41,569.85,570.36,60.34K
29-08-2025 12:27:00,570.08,570.08,569.72,569.86,71.45K
29-08-2025 12:24:00,570.24,570.36,570.04,570.06,66.76K
29-08-2025 12:21:00,570.30,570.43,570.20,570.24,46.82K
29-08-2025 12:18:00,570.40,570.41,570.11,570.32,98.62K
29-08-2025 12:15:00,570.25,570.46,570.24,570.41,49.22K
29-08-2025 12:12:00,570.12,570.40,570.09,570.26,96.72K
29-08-2025 12:09:00,569.84,570.19,569.78,570.13,71.46K
29-08-2025 12:06:00,569.36,569.86,569.36,569.85,81.40K
29-08-2025 12:03:00,569.78,569.92,569.37,569.39,145.66K
29-08-2025 12:00:00,569.33,569.84,569.26,569.77,159.34K
29-08-2025 11:57:00,569.46,569.64,569.17,569.32,117.66K
29-08-2025 11:54:00,569.59,569.81,569.45,569.48,105.77K
29-08-2025 11:51:00,569.49,570.00,569.49,569.58,116.59K
29-08-2025 11:48:00,569.73,569.86,569.41,569.46,90.39K
29-08-2025 11:45:00,569.94,569.97,569.70,569.74,110.45K
29-08-2025 11:42:00,570.29,570.30,569.91,569.93,90.68K
29-08-2025 11:39:00,570.22,570.34,569.90,570.31,91.51K
29-08-2025 11:36:00,569.89,570.42,569.89,570.28,74.07K
29-08-2025 11:33:00,570.07,570.24,569.80,569.89,104.50K
29-08-2025 11:30:00,570.54,570.64,570.00,570.07,136.85K
29-08-2025 11:27:00,570.88,570.88,570.40,570.54,103.66K
29-08-2025 11:24:00,570.54,570.93,570.51,570.91,94.39K
29-08-2025 11:21:00,570.46,570.68,570.25,570.52,94.80K
29-08-2025 11:18:00,570.28,570.47,570.05,570.47,89.06K
29-08-2025 11:15:00,570.20,570.52,570.17,570.31,74.09K
29-08-2025 11:12:00,570.15,570.51,570.14,570.20,69.29K
29-08-2025 11:09:00,570.15,570.56,570.08,570.16,111.74K
29-08-2025 11:06:00,569.81,570.29,569.63,570.18,121.68K
29-08-2025 11:03:00,569.61,569.98,569.58,569.83,161.82K
29-08-2025 11:00:00,569.40,569.93,569.28,569.61,191.65K
29-08-2025 10:57:00,569.48,569.58,568.96,569.42,151.78K
29-08-2025 10:54:00,569.25,569.83,569.13,569.45,218.83K
29-08-2025 10:51:00,569.29,569.65,569.09,569.25,151.45K
29-08-2025 10:48:00,569.97,570.12,569.22,569.26,184.21K
29-08-2025 10:45:00,570.28,570.52,569.92,569.98,140.61K
29-08-2025 10:42:00,570.69,571.09,570.27,570.32,129.96K
29-08-2025 10:39:00,571.12,571.37,570.67,570.70,161.44K
29-08-2025 10:36:00,570.54,571.23,570.52,571.10,137.66K
29-08-2025 10:33:00,570.84,571.53,570.50,570.51,163.54K
29-08-2025 10:30:00,570.94,571.05,570.41,570.85,167.03K
29-08-2025 10:27:00,569.81,570.96,569.80,570.95,226.08K
29-08-2025 10:24:00,570.62,570.82,569.73,569.84,230.30K
29-08-2025 10:21:00,570.55,570.96,570.37,570.61,233.24K
29-08-2025 10:18:00,570.10,570.70,569.65,570.56,309.92K
29-08-2025 10:15:00,569.99,570.21,569.25,570.12,235.60K
29-08-2025 10:12:00,569.65,570.20,569.34,569.98,296.71K
29-08-2025 10:09:00,569.83,570.30,569.55,569.62,336.92K
29-08-2025 10:06:00,570.14,574.93,569.66,569.83,313.45K
29-08-2025 10:03:00,571.53,571.75,570.14,570.14,335.28K
29-08-2025 10:00:00,571.46,572.23,571.07,571.53,279.70K
29-08-2025 09:57:00,571.40,571.75,571.15,571.44,281.48K
29-08-2025 09:54:00,572.50,572.55,571.29,571.42,307.28K
29-08-2025 09:51:00,572.01,572.77,571.98,572.52,235.42K
29-08-2025 09:48:00,572.16,572.57,571.62,572.02,286.83K
29-08-2025 09:45:00,573.42,573.43,571.98,572.18,414.78K
29-08-2025 09:42:00,573.78,574.04,573.13,573.44,295.88K
29-08-2025 09:39:00,573.97,573.97,573.23,573.78,364.20K
29-08-2025 09:36:00,574.28,574.45,573.63,573.96,290.29K
29-08-2025 09:33:00,574.42,574.50,574.10,574.31,198.72K
29-08-2025 09:30:00,574.67,575.03,574.28,574.41,393.07K
28-08-2025 15:57:00,577.44,577.51,577.04,577.07,768.62K
28-08-2025 15:54:00,577.83,577.99,577.36,577.45,329.33K
28-08-2025 15:51:00,577.51,577.88,577.43,577.83,201.92K
28-08-2025 15:48:00,577.83,577.88,577.44,577.52,165.17K
28-08-2025 15:45:00,577.64,577.87,577.61,577.84,153.57K
28-08-2025 15:42:00,577.62,577.67,577.55,577.63,133.38K
28-08-2025 15:39:00,577.44,577.67,577.39,577.63,109.02K
28-08-2025 15:36:00,577.53,577.54,577.34,577.45,93.84K
28-08-2025 15:33:00,577.32,577.56,577.24,577.52,89.66K
28-08-2025 15:30:00,577.37,577.38,577.22,577.31,72.37K
28-08-2025 15:27:00,577.28,577.46,577.28,577.38,92.24K
28-08-2025 15:24:00,577.38,577.41,577.25,577.27,90.20K
28-08-2025 15:21:00,577.45,577.51,577.35,577.38,72.12K
28-08-2025 15:18:00,577.41,577.54,577.41,577.43,82.71K
28-08-2025 15:15:00,577.59,577.59,577.36,577.43,88.60K
28-08-2025 15:12:00,577.61,577.71,577.58,577.60,97.24K
28-08-2025 15:09:00,577.56,577.69,577.54,577.60,78.32K
28-08-2025 15:06:00,577.50,577.62,577.50,577.56,75.02K
28-08-2025 15:03:00,577.75,577.75,577.39,577.49,116.38K
28-08-2025 15:00:00,577.64,577.85,577.60,577.76,92.47K
28-08-2025 14:57:00,577.67,577.73,577.60,577.64,78.99K
28-08-2025 14:54:00,577.56,577.67,577.53,577.65,70.27K
28-08-2025 14:51:00,577.45,577.58,577.43,577.56,41.98K
28-08-2025 14:48:00,577.44,577.52,577.41,577.45,56.44K
28-08-2025 14:45:00,577.45,577.53,577.42,577.45,57.43K
28-08-2025 14:42:00,577.52,577.58,577.42,577.45,100.14K
28-08-2025 14:39:00,577.29,577.54,577.29,577.51,73.31K
28-08-2025 14:36:00,577.43,577.45,577.22,577.29,58.11K
28-08-2025 14:33:00,577.41,577.49,577.38,577.43,48.95K
28-08-2025 14:30:00,577.34,577.50,577.33,577.41,79.13K
28-08-2025 14:27:00,577.23,577.37,577.23,577.34,59.98K
28-08-2025 14:24:00,577.16,577.31,577.16,577.22,53.57K
28-08-2025 14:21:00,577.17,577.26,577.13,577.16,43.98K
28-08-2025 14:18:00,577.09,577.19,577.05,577.17,41.21K
28-08-2025 14:15:00,577.17,577.20,576.99,577.09,62.22K
28-08-2025 14:12:00,577.25,577.25,577.12,577.15,43.73K
28-08-2025 14:09:00,577.27,577.34,577.12,577.26,73.42K
28-08-2025 14:06:00,577.21,577.33,577.20,577.26,56.70K
28-08-2025 14:03:00,577.18,577.25,577.10,577.21,47.82K
28-08-2025 14:00:00,577.10,577.20,577.01,577.17,67.22K
28-08-2025 13:57:00,577.11,577.16,576.98,577.10,59.02K
28-08-2025 13:54:00,577.19,577.22,577.06,577.14,85.61K
28-08-2025 13:51:00,577.08,577.24,577.07,577.18,66.13K
28-08-2025 13:48:00,576.96,577.12,576.96,577.11,62.20K
28-08-2025 13:45:00,577.07,577.15,576.96,576.97,65.25K
28-08-2025 13:42:00,577.01,577.13,576.98,577.06,57.19K
28-08-2025 13:39:00,577.05,577.07,576.97,577.01,65.50K
28-08-2025 13:36:00,577.16,577.16,576.98,577.04,54.80K
28-08-2025 13:33:00,577.03,577.18,576.84,577.14,117.65K
28-08-2025 13:30:00,576.97,577.20,576.55,577.02,159.66K
28-08-2025 13:27:00,576.77,576.98,576.77,576.97,90.14K
28-08-2025 13:24:00,576.59,576.78,576.54,576.77,81.14K
28-08-2025 13:21:00,576.38,576.66,576.37,576.61,63.92K
28-08-2025 13:18:00,576.38,576.44,576.27,576.36,50.47K
28-08-2025 13:15:00,576.36,576.45,576.32,576.39,54.30K
28-08-2025 13:12:00,576.40,576.45,576.27,576.36,43.81K
28-08-2025 13:09:00,576.31,576.45,576.22,576.39,69.68K
28-08-2025 13:06:00,576.36,576.38,576.12,576.32,63.40K
28-08-2025 13:03:00,576.19,576.48,576.19,576.35,80.60K
28-08-2025 13:00:00,576.26,576.33,576.05,576.20,127.69K
28-08-2025 12:57:00,576.59,576.62,576.18,576.26,125.06K
28-08-2025 12:54:00,576.91,576.93,576.56,576.58,109.34K
28-08-2025 12:51:00,576.81,576.97,576.75,576.91,85.29K
28-08-2025 12:48:00,576.75,576.82,576.55,576.79,126.47K
28-08-2025 12:45:00,576.53,576.73,576.53,576.72,85.50K
28-08-2025 12:42:00,576.47,576.57,576.43,576.54,50.95K
28-08-2025 12:39:00,576.56,576.57,576.37,576.48,91.14K
28-08-2025 12:36:00,576.37,576.58,576.29,576.57,92.70K
28-08-2025 12:33:00,576.34,576.39,576.23,576.38,66.98K
28-08-2025 12:30:00,576.81,576.95,576.25,576.35,202.12K
28-08-2025 12:27:00,576.62,577.09,576.61,576.82,135.23K
28-08-2025 12:24:00,576.20,576.63,576.18,576.62,105.26K
28-08-2025 12:21:00,576.20,576.31,576.04,576.19,68.43K
28-08-2025 12:18:00,576.02,576.20,576.00,576.19,66.82K
28-08-2025 12:15:00,576.16,576.28,575.90,576.01,107.00K
28-08-2025 12:12:00,575.64,576.20,575.57,576.16,75.12K
28-08-2025 12:09:00,575.60,575.66,575.51,575.63,49.46K
28-08-2025 12:06:00,575.24,575.61,575.24,575.61,53.61K
28-08-2025 12:03:00,575.26,575.41,575.19,575.23,41.38K
28-08-2025 12:00:00,575.21,575.28,575.10,575.26,44.25K
28-08-2025 11:57:00,575.32,575.48,575.16,575.24,56.52K
28-08-2025 11:54:00,575.16,575.34,575.03,575.32,60.96K
28-08-2025 11:51:00,575.35,575.49,575.04,575.23,67.95K
28-08-2025 11:48:00,575.18,575.37,575.07,575.35,54.77K
28-08-2025 11:45:00,575.20,575.23,574.93,575.20,57.66K
28-08-2025 11:42:00,575.59,575.59,575.16,575.22,74.89K
28-08-2025 11:39:00,575.74,575.79,575.37,575.63,76.88K
28-08-2025 11:36:00,575.77,575.96,575.67,575.74,72.94K
28-08-2025 11:33:00,575.56,575.95,575.56,575.77,107.61K
28-08-2025 11:30:00,574.86,575.61,574.82,575.58,115.09K
28-08-2025 11:27:00,575.08,575.16,574.67,574.86,123.34K
28-08-2025 11:24:00,575.49,575.69,574.87,575.11,151.41K
28-08-2025 11:21:00,575.97,576.11,575.49,575.51,127.66K
28-08-2025 11:18:00,576.72,576.72,575.98,575.98,125.69K
28-08-2025 11:15:00,576.17,576.76,576.09,576.71,144.81K
28-08-2025 11:12:00,576.09,576.26,576.07,576.13,81.76K
28-08-2025 11:09:00,575.77,576.16,575.75,576.10,62.35K
28-08-2025 11:06:00,575.51,575.87,575.50,575.77,70.88K
28-08-2025 11:03:00,575.85,575.88,575.45,575.50,99.13K
28-08-2025 11:00:00,575.87,575.99,575.74,575.84,86.13K
28-08-2025 10:57:00,576.18,576.22,575.83,575.85,106.37K
28-08-2025 10:54:00,575.71,576.22,575.67,576.18,113.59K
28-08-2025 10:51:00,575.82,575.88,575.39,575.72,110.24K
28-08-2025 10:48:00,575.88,575.98,575.58,575.82,125.94K
28-08-2025 10:45:00,575.38,575.89,575.13,575.86,122.72K
28-08-2025 10:42:00,575.06,575.53,575.02,575.36,151.57K
28-08-2025 10:39:00,574.49,575.40,574.49,575.07,138.98K
28-08-2025 10:36:00,574.31,574.55,574.21,574.48,83.32K
28-08-2025 10:33:00,574.38,574.96,574.17,574.31,147.38K
28-08-2025 10:30:00,573.82,574.36,573.80,574.34,100.23K
28-08-2025 10:27:00,573.86,574.28,573.76,573.81,86.69K
28-08-2025 10:24:00,574.33,574.41,573.70,573.80,87.50K
28-08-2025 10:21:00,574.18,574.79,574.10,574.35,107.56K
28-08-2025 10:18:00,574.28,574.54,573.99,574.12,140.47K
28-08-2025 10:15:00,574.72,574.89,574.24,574.25,119.69K
28-08-2025 10:12:00,574.54,574.88,574.46,574.71,103.29K
28-08-2025 10:09:00,574.93,574.93,574.27,574.53,138.89K
28-08-2025 10:06:00,573.94,574.97,573.79,574.93,239.77K
28-08-2025 10:03:00,573.76,574.01,573.11,573.96,257.54K
28-08-2025 10:00:00,573.34,573.85,572.98,573.80,302.18K
28-08-2025 09:57:00,572.62,573.36,572.46,573.35,345.89K
28-08-2025 09:54:00,573.11,573.80,572.52,572.61,302.89K
28-08-2025 09:51:00,573.56,573.96,572.96,573.16,321.84K
28-08-2025 09:48:00,575.25,575.36,573.33,573.59,298.17K
28-08-2025 09:45:00,575.59,575.74,574.71,575.28,285.27K
28-08-2025 09:42:00,575.58,576.38,575.28,575.61,266.86K
28-08-2025 09:39:00,575.65,576.23,575.55,575.55,221.72K
28-08-2025 09:36:00,575.39,575.93,575.09,575.64,327.39K
28-08-2025 09:33:00,575.87,576.53,575.24,575.38,273.35K
28-08-2025 09:30:00,574.11,576.37,573.85,575.86,438.08K
27-08-2025 15:57:00,574.06,574.14,573.54,573.54,367.56K
27-08-2025 15:54:00,573.94,574.14,573.75,574.07,213.94K
27-08-2025 15:51:00,573.84,573.99,573.79,573.93,172.71K
27-08-2025 15:48:00,573.59,574.01,573.54,573.86,170.57K
27-08-2025 15:45:00,573.61,573.68,573.54,573.58,138.57K
27-08-2025 15:42:00,573.51,573.72,573.49,573.63,116.62K
27-08-2025 15:39:00,573.50,573.54,573.45,573.51,85.31K
27-08-2025 15:36:00,573.30,573.51,573.20,573.51,121.71K
27-08-2025 15:33:00,573.11,573.32,573.10,573.32,85.36K
27-08-2025 15:30:00,572.99,573.17,572.98,573.11,99.30K
27-08-2025 15:27:00,573.03,573.05,572.83,572.99,92.44K
27-08-2025 15:24:00,573.05,573.13,572.90,573.04,76.33K
27-08-2025 15:21:00,572.97,573.08,572.73,573.05,115.41K
27-08-2025 15:18:00,572.52,572.98,572.51,572.97,171.90K
27-08-2025 15:15:00,572.30,572.67,572.26,572.53,157.07K
27-08-2025 15:12:00,572.95,572.96,571.94,572.27,369.12K
27-08-2025 15:09:00,573.29,573.37,572.91,572.96,161.46K
27-08-2025 15:06:00,573.44,573.45,573.25,573.29,68.79K
27-08-2025 15:03:00,573.59,573.59,573.39,573.44,94.54K
27-08-2025 15:00:00,573.67,573.69,573.42,573.59,81.36K
27-08-2025 14:57:00,573.68,573.77,573.63,573.68,64.21K
27-08-2025 14:54:00,573.72,573.82,573.67,573.69,76.42K
27-08-2025 14:51:00,573.92,573.98,573.72,573.73,75.02K
27-08-2025 14:48:00,573.98,574.00,573.91,573.92,56.41K
27-08-2025 14:45:00,574.01,574.12,573.98,573.99,48.91K
27-08-2025 14:42:00,574.07,574.10,573.98,574.00,49.52K
27-08-2025 14:39:00,574.13,574.14,574.04,574.06,50.03K
27-08-2025 14:36:00,574.13,574.18,574.05,574.15,43.34K
27-08-2025 14:33:00,574.14,574.23,574.09,574.12,53.16K
27-08-2025 14:30:00,574.20,574.25,574.07,574.14,66.75K
27-08-2025 14:27:00,574.24,574.31,574.20,574.22,38.62K
27-08-2025 14:24:00,574.37,574.38,574.21,574.25,57.45K
27-08-2025 14:21:00,574.23,574.40,574.14,574.38,66.99K
27-08-2025 14:18:00,574.30,574.31,574.21,574.24,66.22K
27-08-2025 14:15:00,574.26,574.40,574.20,574.29,87.84K
27-08-2025 14:12:00,573.74,574.31,573.72,574.24,145.19K
27-08-2025 14:09:00,573.65,573.75,573.63,573.74,29.47K
27-08-2025 14:06:00,573.45,573.71,573.43,573.64,40.26K
27-08-2025 14:03:00,573.56,573.60,573.39,573.45,41.49K
27-08-2025 14:00:00,573.54,573.64,573.53,573.56,65.75K
27-08-2025 13:57:00,573.45,573.62,573.45,573.55,44.05K
27-08-2025 13:54:00,573.48,573.55,573.43,573.45,46.07K
27-08-2025 13:51:00,573.39,573.54,573.39,573.48,44.70K
27-08-2025 13:48:00,573.50,573.51,573.38,573.39,40.10K
27-08-2025 13:45:00,573.44,573.59,573.44,573.50,31.34K
27-08-2025 13:42:00,573.43,573.48,573.37,573.43,41.95K
27-08-2025 13:39:00,573.31,573.44,573.29,573.43,51.39K
27-08-2025 13:36:00,573.18,573.32,573.16,573.30,46.60K
27-08-2025 13:33:00,573.19,573.24,573.11,573.20,30.86K
27-08-2025 13:30:00,573.09,573.25,573.09,573.19,38.84K
27-08-2025 13:27:00,573.09,573.17,573.01,573.08,44.36K
27-08-2025 13:24:00,573.02,573.10,572.96,573.09,40.40K
27-08-2025 13:21:00,572.77,573.05,572.73,573.03,41.63K
27-08-2025 13:18:00,572.85,572.99,572.76,572.76,48.15K
27-08-2025 13:15:00,573.12,573.12,572.87,572.87,43.82K
27-08-2025 13:12:00,573.06,573.18,573.03,573.10,32.88K
27-08-2025 13:09:00,573.00,573.09,572.98,573.06,47.48K
27-08-2025 13:06:00,573.12,573.12,572.94,573.00,33.48K
27-08-2025 13:03:00,573.01,573.17,573.00,573.12,47.78K
27-08-2025 13:00:00,573.06,573.12,572.78,573.01,82.95K
27-08-2025 12:57:00,573.28,573.29,573.05,573.06,71.94K
27-08-2025 12:54:00,573.18,573.32,573.03,573.28,59.76K
27-08-2025 12:51:00,573.01,573.20,572.95,573.15,78.64K
27-08-2025 12:48:00,572.78,573.00,572.74,573.00,65.54K
27-08-2025 12:45:00,572.34,572.79,572.31,572.78,95.81K
27-08-2025 12:42:00,572.43,572.54,572.35,572.36,69.40K
27-08-2025 12:39:00,571.92,572.44,571.92,572.43,86.70K
27-08-2025 12:36:00,572.33,572.35,571.65,571.91,119.54K
27-08-2025 12:33:00,572.28,572.35,572.13,572.32,59.48K
27-08-2025 12:30:00,572.23,572.39,572.16,572.29,97.48K
27-08-2025 12:27:00,571.88,572.25,571.74,572.25,178.00K
27-08-2025 12:24:00,572.47,572.55,571.84,571.90,172.01K
27-08-2025 12:21:00,572.62,572.74,572.41,572.48,105.83K
27-08-2025 12:18:00,572.95,573.06,572.60,572.62,95.72K
27-08-2025 12:15:00,573.17,573.20,572.91,572.96,52.86K
27-08-2025 12:12:00,573.34,573.38,573.15,573.19,38.88K
27-08-2025 12:09:00,573.46,573.50,573.32,573.37,36.37K
27-08-2025 12:06:00,573.42,573.50,573.38,573.47,45.22K
27-08-2025 12:03:00,573.56,573.59,573.36,573.41,66.58K
27-08-2025 12:00:00,573.59,573.62,573.47,573.57,78.45K
27-08-2025 11:57:00,573.74,573.77,573.58,573.60,61.08K
27-08-2025 11:54:00,573.58,573.76,573.48,573.73,85.24K
27-08-2025 11:51:00,573.48,573.61,573.40,573.58,57.96K
27-08-2025 11:48:00,573.41,573.65,573.35,573.49,113.05K
27-08-2025 11:45:00,573.04,573.47,572.98,573.40,80.73K
27-08-2025 11:42:00,572.84,573.05,572.82,573.05,42.27K
27-08-2025 11:39:00,573.06,573.18,572.41,572.81,171.23K
27-08-2025 11:36:00,572.97,573.09,572.92,573.06,38.90K
27-08-2025 11:33:00,572.63,572.98,572.63,572.98,37.05K
27-08-2025 11:30:00,572.79,572.96,572.57,572.59,73.64K
27-08-2025 11:27:00,572.89,572.91,572.75,572.81,68.42K
27-08-2025 11:24:00,573.17,573.18,572.88,572.91,66.60K
27-08-2025 11:21:00,573.07,573.25,572.96,573.17,48.44K
27-08-2025 11:18:00,573.03,573.12,572.90,573.07,31.92K
27-08-2025 11:15:00,573.00,573.11,572.88,573.05,42.56K
27-08-2025 11:12:00,572.99,573.04,572.79,573.00,58.35K
27-08-2025 11:09:00,572.86,573.14,572.84,572.99,77.66K
27-08-2025 11:06:00,572.84,573.06,572.77,572.85,81.73K
27-08-2025 11:03:00,573.11,573.12,572.78,572.80,102.37K
27-08-2025 11:00:00,573.06,573.25,572.99,573.09,82.75K
27-08-2025 10:57:00,573.19,573.19,572.98,573.04,87.01K
27-08-2025 10:54:00,573.07,573.27,573.04,573.21,83.09K
27-08-2025 10:51:00,573.10,573.13,572.83,573.09,67.92K
27-08-2025 10:48:00,573.01,573.16,572.91,573.10,74.10K
27-08-2025 10:45:00,573.09,573.13,572.65,573.02,145.50K
27-08-2025 10:42:00,573.15,573.27,573.00,573.09,107.25K
27-08-2025 10:39:00,573.17,573.40,573.14,573.15,107.46K
27-08-2025 10:36:00,573.19,573.23,572.98,573.19,102.29K
27-08-2025 10:33:00,573.06,573.22,572.98,573.20,106.90K
27-08-2025 10:30:00,572.99,573.25,572.94,573.06,110.49K
27-08-2025 10:27:00,573.14,573.17,572.88,572.97,133.73K
27-08-2025 10:24:00,572.88,573.18,572.82,573.14,81.06K
27-08-2025 10:21:00,572.98,573.13,572.78,572.87,150.42K
27-08-2025 10:18:00,572.56,573.07,572.52,572.96,145.89K
27-08-2025 10:15:00,572.22,572.57,572.22,572.56,145.88K
27-08-2025 10:12:00,571.85,572.24,571.70,572.23,77.56K
27-08-2025 10:09:00,571.90,572.07,571.77,571.87,94.54K
27-08-2025 10:06:00,571.76,572.02,571.59,571.90,90.83K
27-08-2025 10:03:00,571.57,571.78,571.29,571.75,125.09K
27-08-2025 10:00:00,571.47,571.60,571.28,571.59,116.37K
27-08-2025 09:57:00,571.35,571.50,571.19,571.47,92.08K
27-08-2025 09:54:00,571.15,571.63,571.04,571.36,184.43K
27-08-2025 09:51:00,570.85,571.20,570.67,571.10,106.39K
27-08-2025 09:48:00,571.13,571.35,570.37,570.88,265.31K
27-08-2025 09:45:00,571.23,571.23,570.50,571.13,264.00K
27-08-2025 09:42:00,571.64,571.65,570.97,571.23,248.90K
27-08-2025 09:39:00,571.75,572.14,571.50,571.61,155.09K
27-08-2025 09:36:00,571.67,572.20,571.60,571.77,174.53K
27-08-2025 09:33:00,571.98,572.21,571.67,571.67,193.68K
27-08-2025 09:30:00,571.59,572.06,571.22,571.98,453.55K
26-08-2025 15:57:00,572.64,572.90,572.52,572.67,381.77K
26-08-2025 15:54:00,572.80,572.86,572.25,572.65,261.91K
26-08-2025 15:51:00,572.63,572.92,572.38,572.80,176.79K
26-08-2025 15:48:00,571.60,572.63,571.56,572.63,207.66K
26-08-2025 15:45:00,571.39,571.71,571.37,571.62,110.72K
26-08-2025 15:42:00,571.47,571.60,571.34,571.40,101.46K
26-08-2025 15:39:00,571.84,571.84,571.46,571.47,146.07K
26-08-2025 15:36:00,572.04,572.07,571.83,571.83,92.75K
26-08-2025 15:33:00,572.25,572.35,572.03,572.03,100.45K
26-08-2025 15:30:00,572.13,572.40,572.07,572.24,99.96K
26-08-2025 15:27:00,572.11,572.16,572.06,572.15,56.62K
26-08-2025 15:24:00,572.14,572.17,571.87,572.10,83.75K
26-08-2025 15:21:00,571.78,572.42,571.77,572.14,201.11K
26-08-2025 15:18:00,571.57,571.81,571.55,571.79,57.89K
26-08-2025 15:15:00,571.66,571.72,571.55,571.56,41.80K
26-08-2025 15:12:00,571.56,571.67,571.53,571.65,51.45K
26-08-2025 15:09:00,571.43,571.64,571.38,571.56,69.07K
26-08-2025 15:06:00,571.51,571.55,571.41,571.44,83.66K
26-08-2025 15:03:00,571.59,571.68,571.45,571.50,122.27K
26-08-2025 15:00:00,571.72,571.79,571.59,571.60,145.55K
26-08-2025 14:57:00,571.73,571.95,571.68,571.73,70.98K
26-08-2025 14:54:00,571.60,571.76,571.57,571.71,38.55K
26-08-2025 14:51:00,571.64,571.71,571.52,571.59,49.03K
26-08-2025 14:48:00,571.50,571.74,571.47,571.64,62.28K
26-08-2025 14:45:00,571.58,571.59,571.46,571.50,45.51K
26-08-2025 14:42:00,571.62,571.68,571.54,571.57,62.79K
26-08-2025 14:39:00,571.62,571.79,571.56,571.62,109.83K
26-08-2025 14:36:00,571.52,571.71,571.51,571.62,60.02K
26-08-2025 14:33:00,571.46,571.55,571.41,571.51,39.31K
26-08-2025 14:30:00,571.46,571.68,571.42,571.44,112.12K
26-08-2025 14:27:00,571.39,571.47,571.32,571.46,49.64K
26-08-2025 14:24:00,571.32,571.39,571.27,571.39,34.74K
26-08-2025 14:21:00,571.30,571.37,571.20,571.34,37.68K
26-08-2025 14:18:00,571.28,571.41,571.26,571.30,87.12K
26-08-2025 14:15:00,571.09,571.35,571.09,571.27,86.29K
26-08-2025 14:12:00,571.12,571.12,570.89,571.09,68.21K
26-08-2025 14:09:00,570.95,571.26,570.91,571.12,78.35K
26-08-2025 14:06:00,570.74,570.97,570.74,570.95,64.81K
26-08-2025 14:03:00,570.75,570.91,570.71,570.76,96.60K
26-08-2025 14:00:00,570.61,570.81,570.52,570.73,116.22K
26-08-2025 13:57:00,570.45,570.68,570.43,570.60,57.38K
26-08-2025 13:54:00,570.49,570.50,570.05,570.45,80.49K
26-08-2025 13:51:00,570.74,570.74,570.45,570.51,51.29K
26-08-2025 13:48:00,570.77,570.85,570.64,570.76,56.30K
26-08-2025 13:45:00,570.77,570.81,570.63,570.76,136.43K
26-08-2025 13:42:00,570.83,570.85,570.68,570.78,52.80K
26-08-2025 13:39:00,570.95,570.96,570.78,570.84,40.47K
26-08-2025 13:36:00,571.12,571.15,570.90,570.96,40.59K
26-08-2025 13:33:00,571.25,571.25,571.00,571.11,59.15K
26-08-2025 13:30:00,571.45,571.50,571.21,571.25,41.56K
26-08-2025 13:27:00,571.43,571.52,571.37,571.43,33.64K
26-08-2025 13:24:00,571.39,571.48,571.27,571.42,43.91K
26-08-2025 13:21:00,571.30,571.41,571.27,571.37,30.66K
26-08-2025 13:18:00,571.11,571.31,571.05,571.29,37.57K
26-08-2025 13:15:00,571.22,571.26,571.00,571.12,53.99K
26-08-2025 13:12:00,570.83,571.25,570.79,571.24,85.18K
26-08-2025 13:09:00,571.19,571.20,570.80,570.83,79.39K
26-08-2025 13:06:00,571.54,571.54,571.14,571.18,80.90K
26-08-2025 13:03:00,571.40,571.59,571.33,571.58,70.82K
26-08-2025 13:00:00,571.48,571.58,571.39,571.41,72.67K
26-08-2025 12:57:00,571.36,571.53,571.36,571.49,32.38K
26-08-2025 12:54:00,571.26,571.42,571.21,571.34,45.01K
26-08-2025 12:51:00,571.16,571.44,571.14,571.25,32.34K
26-08-2025 12:48:00,571.34,571.38,571.18,571.19,53.53K
26-08-2025 12:45:00,571.52,571.59,571.26,571.30,51.50K
26-08-2025 12:42:00,571.70,571.71,571.47,571.50,19.68K
26-08-2025 12:39:00,571.55,571.73,571.50,571.72,28.40K
26-08-2025 12:36:00,571.65,571.68,571.53,571.55,28.13K
26-08-2025 12:33:00,571.68,571.68,571.55,571.66,48.88K
26-08-2025 12:30:00,571.57,571.70,571.55,571.66,31.42K
26-08-2025 12:27:00,571.57,571.63,571.51,571.57,28.15K
26-08-2025 12:24:00,571.50,571.61,571.43,571.59,61.28K
26-08-2025 12:21:00,571.62,571.86,571.46,571.50,68.56K
26-08-2025 12:18:00,571.69,571.82,571.58,571.61,43.83K
26-08-2025 12:15:00,571.58,571.88,571.57,571.68,74.49K
26-08-2025 12:12:00,571.28,571.60,571.26,571.60,44.21K
26-08-2025 12:09:00,571.39,571.43,571.27,571.28,37.38K
26-08-2025 12:06:00,571.31,571.41,571.25,571.40,37.40K
26-08-2025 12:03:00,571.25,571.38,571.22,571.31,50.02K
26-08-2025 12:00:00,570.99,571.33,570.99,571.24,80.21K
26-08-2025 11:57:00,571.04,571.05,570.83,570.97,30.40K
26-08-2025 11:54:00,570.93,571.09,570.87,571.04,46.98K
26-08-2025 11:51:00,570.57,571.07,570.50,570.94,58.82K
26-08-2025 11:48:00,570.96,570.96,570.57,570.58,49.72K
26-08-2025 11:45:00,570.94,571.06,570.87,570.95,42.28K
26-08-2025 11:42:00,570.94,570.99,570.83,570.91,23.89K
26-08-2025 11:39:00,570.90,570.99,570.82,570.95,38.19K
26-08-2025 11:36:00,570.71,570.91,570.53,570.89,66.59K
26-08-2025 11:33:00,570.64,570.82,570.37,570.73,78.20K
26-08-2025 11:30:00,570.70,570.92,570.64,570.66,59.45K