SPX: Timestamp,SPX: Open,SPX: High,SPX: Low,SPX: Close,SPX: Volume
05-09-2025 16:54:00,6481.50,6481.50,6481.50,6481.50,0.00
05-09-2025 16:18:00,6481.50,6481.50,6481.50,6481.50,0.00
05-09-2025 16:15:00,6481.50,6481.50,6481.50,6481.50,0.00
05-09-2025 16:12:00,6481.50,6481.50,6481.50,6481.50,0.00
05-09-2025 16:09:00,6481.50,6481.50,6481.50,6481.50,0.00
05-09-2025 16:06:00,6481.50,6481.50,6481.50,6481.50,0.00
05-09-2025 16:03:00,6481.50,6481.50,6481.50,6481.50,0.00
05-09-2025 16:00:00,6481.56,6481.79,6481.50,6481.50,0.00
05-09-2025 15:57:00,6476.26,6482.16,6473.96,6482.16,0.00
05-09-2025 15:54:00,6473.19,6480.38,6472.42,6476.28,0.00
05-09-2025 15:51:00,6477.14,6477.43,6472.88,6473.13,0.00
05-09-2025 15:48:00,6476.88,6479.00,6475.07,6477.00,0.00
05-09-2025 15:45:00,6477.50,6479.99,6476.57,6476.82,0.00
05-09-2025 15:42:00,6479.15,6479.40,6475.88,6477.48,0.00
05-09-2025 15:39:00,6478.57,6480.02,6477.64,6479.03,0.00
05-09-2025 15:36:00,6480.23,6482.15,6478.05,6478.44,0.00
05-09-2025 15:33:00,6475.21,6480.31,6474.77,6480.24,0.00
05-09-2025 15:30:00,6482.03,6482.24,6474.97,6475.28,0.00
05-09-2025 15:27:00,6483.28,6483.96,6481.51,6481.98,0.00
05-09-2025 15:24:00,6482.62,6484.25,6482.51,6483.41,0.00
05-09-2025 15:21:00,6480.17,6482.70,6479.55,6482.63,0.00
05-09-2025 15:18:00,6480.79,6481.36,6479.48,6480.22,0.00
05-09-2025 15:15:00,6477.74,6482.29,6477.72,6480.75,0.00
05-09-2025 15:12:00,6477.78,6478.30,6477.00,6477.75,0.00
05-09-2025 15:09:00,6476.00,6478.21,6476.00,6477.87,0.00
05-09-2025 15:06:00,6475.22,6477.77,6475.17,6476.03,0.00
05-09-2025 15:03:00,6470.83,6475.27,6470.83,6475.22,0.00
05-09-2025 15:00:00,6473.79,6473.79,6470.03,6470.74,0.00
05-09-2025 14:57:00,6471.14,6473.80,6470.81,6473.80,0.00
05-09-2025 14:54:00,6470.62,6471.12,6469.19,6471.01,0.00
05-09-2025 14:51:00,6471.41,6471.57,6469.47,6470.61,0.00
05-09-2025 14:48:00,6471.68,6473.24,6471.00,6471.40,0.00
05-09-2025 14:45:00,6471.33,6471.82,6470.06,6471.54,0.00
05-09-2025 14:42:00,6470.06,6471.50,6469.23,6471.32,0.00
05-09-2025 14:39:00,6470.99,6471.73,6469.60,6470.02,0.00
05-09-2025 14:36:00,6468.63,6472.17,6468.35,6471.10,0.00
05-09-2025 14:33:00,6472.36,6472.39,6468.66,6468.66,0.00
05-09-2025 14:30:00,6467.27,6472.75,6467.27,6472.36,0.00
05-09-2025 14:27:00,6463.66,6467.52,6463.66,6467.38,0.00
05-09-2025 14:24:00,6468.56,6468.73,6463.55,6463.65,0.00
05-09-2025 14:21:00,6469.45,6469.83,6467.24,6468.65,0.00
05-09-2025 14:18:00,6466.95,6469.98,6466.95,6469.56,0.00
05-09-2025 14:15:00,6464.24,6467.15,6464.16,6466.86,0.00
05-09-2025 14:12:00,6463.52,6464.01,6461.06,6464.01,0.00
05-09-2025 14:09:00,6461.34,6463.54,6460.77,6463.49,0.00
05-09-2025 14:06:00,6463.28,6463.66,6460.18,6461.38,0.00
05-09-2025 14:03:00,6460.70,6463.20,6459.76,6463.19,0.00
05-09-2025 14:00:00,6461.80,6463.87,6460.53,6460.74,0.00
05-09-2025 13:57:00,6460.00,6462.52,6458.77,6461.77,0.00
05-09-2025 13:54:00,6462.67,6462.70,6459.42,6459.87,0.00
05-09-2025 13:51:00,6462.25,6463.20,6460.10,6462.62,0.00
05-09-2025 13:48:00,6462.73,6462.84,6460.36,6462.31,0.00
05-09-2025 13:45:00,6462.04,6464.15,6460.87,6462.86,0.00
05-09-2025 13:42:00,6463.96,6463.96,6457.25,6462.07,0.00
05-09-2025 13:39:00,6466.47,6467.65,6463.60,6463.99,0.00
05-09-2025 13:36:00,6470.15,6470.21,6464.53,6466.52,0.00
05-09-2025 13:33:00,6468.31,6470.72,6467.45,6470.10,0.00
05-09-2025 13:30:00,6469.20,6470.62,6467.73,6468.27,0.00
05-09-2025 13:27:00,6472.02,6472.99,6468.99,6469.13,0.00
05-09-2025 13:24:00,6475.08,6475.86,6471.97,6472.05,0.00
05-09-2025 13:21:00,6472.73,6475.45,6471.90,6475.03,0.00
05-09-2025 13:18:00,6474.52,6474.82,6471.28,6472.93,0.00
05-09-2025 13:15:00,6472.92,6475.66,6472.67,6474.48,0.00
05-09-2025 13:12:00,6472.58,6473.70,6471.44,6472.94,0.00
05-09-2025 13:09:00,6467.95,6472.81,6467.95,6472.81,0.00
05-09-2025 13:06:00,6465.46,6468.93,6464.81,6467.87,0.00
05-09-2025 13:03:00,6469.29,6471.00,6465.15,6465.67,0.00
05-09-2025 13:00:00,6475.06,6475.06,6469.09,6469.11,0.00
05-09-2025 12:57:00,6470.58,6475.03,6470.26,6475.03,0.00
05-09-2025 12:54:00,6466.73,6470.45,6466.73,6470.40,0.00
05-09-2025 12:51:00,6466.72,6468.65,6465.81,6466.84,0.00
05-09-2025 12:48:00,6466.54,6470.03,6466.18,6466.94,0.00
05-09-2025 12:45:00,6472.21,6474.33,6466.57,6466.66,0.00
05-09-2025 12:42:00,6472.19,6472.52,6469.23,6472.23,0.00
05-09-2025 12:39:00,6467.46,6472.30,6465.32,6472.30,0.00
05-09-2025 12:36:00,6464.76,6467.43,6463.37,6467.41,0.00
05-09-2025 12:33:00,6469.61,6469.61,6464.26,6464.68,0.00
05-09-2025 12:30:00,6467.91,6470.10,6466.31,6469.69,0.00
05-09-2025 12:27:00,6470.91,6471.18,6467.38,6467.82,0.00
05-09-2025 12:24:00,6469.40,6472.63,6468.40,6470.93,0.00
05-09-2025 12:21:00,6474.02,6474.39,6466.08,6469.28,0.00
05-09-2025 12:18:00,6471.86,6474.55,6470.46,6474.06,0.00
05-09-2025 12:15:00,6477.34,6478.22,6472.08,6472.09,0.00
05-09-2025 12:12:00,6474.03,6477.70,6474.03,6477.48,0.00
05-09-2025 12:09:00,6470.69,6474.20,6470.41,6473.97,0.00
05-09-2025 12:06:00,6468.26,6470.64,6464.97,6470.64,0.00
05-09-2025 12:03:00,6467.22,6468.25,6464.18,6468.25,0.00
05-09-2025 12:00:00,6467.50,6470.92,6466.12,6467.00,0.00
05-09-2025 11:57:00,6473.16,6473.31,6464.91,6467.47,0.00
05-09-2025 11:54:00,6469.79,6473.37,6467.72,6473.28,0.00
05-09-2025 11:51:00,6468.98,6472.05,6468.98,6469.79,0.00
05-09-2025 11:48:00,6473.20,6475.11,6468.95,6468.95,0.00
05-09-2025 11:45:00,6478.48,6478.48,6469.81,6473.18,0.00
05-09-2025 11:42:00,6476.68,6479.70,6476.64,6478.43,0.00
05-09-2025 11:39:00,6476.02,6477.05,6473.60,6476.61,0.00
05-09-2025 11:36:00,6474.58,6477.30,6474.20,6476.03,0.00
05-09-2025 11:33:00,6468.53,6474.45,6468.34,6474.45,0.00
05-09-2025 11:30:00,6473.09,6474.18,6467.46,6468.56,0.00
05-09-2025 11:27:00,6466.06,6473.31,6465.80,6472.89,0.00
05-09-2025 11:24:00,6467.33,6469.07,6464.76,6466.11,0.00
05-09-2025 11:21:00,6464.32,6467.53,6461.54,6467.30,0.00
05-09-2025 11:18:00,6460.95,6464.31,6457.88,6464.31,0.00
05-09-2025 11:15:00,6459.21,6463.29,6458.67,6460.74,0.00
05-09-2025 11:12:00,6451.75,6459.38,6447.59,6459.15,0.00
05-09-2025 11:09:00,6451.52,6451.82,6443.98,6451.79,0.00
05-09-2025 11:06:00,6453.45,6457.07,6449.67,6451.48,0.00
05-09-2025 11:03:00,6447.87,6455.12,6447.87,6453.11,0.00
05-09-2025 11:00:00,6452.40,6455.35,6448.13,6448.13,0.00
05-09-2025 10:57:00,6462.03,6463.87,6451.93,6452.53,0.00
05-09-2025 10:54:00,6465.74,6469.16,6461.02,6461.92,0.00
05-09-2025 10:51:00,6452.85,6465.57,6452.85,6465.47,0.00
05-09-2025 10:48:00,6459.64,6459.64,6452.65,6452.65,0.00
05-09-2025 10:45:00,6462.65,6462.65,6456.22,6459.51,0.00
05-09-2025 10:42:00,6461.59,6464.94,6459.71,6462.52,0.00
05-09-2025 10:39:00,6467.58,6469.00,6460.82,6461.18,0.00
05-09-2025 10:36:00,6465.81,6471.61,6465.26,6467.66,0.00
05-09-2025 10:33:00,6471.66,6476.30,6465.81,6465.81,0.00
05-09-2025 10:30:00,6475.76,6476.98,6471.81,6471.81,0.00
05-09-2025 10:27:00,6476.65,6481.88,6471.69,6475.87,0.00
05-09-2025 10:24:00,6482.94,6482.94,6475.42,6476.79,0.00
05-09-2025 10:21:00,6492.74,6492.74,6479.69,6483.25,0.00
05-09-2025 10:18:00,6496.16,6496.16,6485.10,6492.55,0.00
05-09-2025 10:15:00,6499.57,6501.14,6494.19,6495.98,0.00
05-09-2025 10:12:00,6505.38,6506.48,6499.77,6499.77,0.00
05-09-2025 10:09:00,6508.36,6509.55,6504.37,6505.45,0.00
05-09-2025 10:06:00,6510.30,6511.14,6507.59,6508.49,0.00
05-09-2025 10:03:00,6512.31,6515.63,6509.52,6509.97,0.00
05-09-2025 10:00:00,6520.80,6520.80,6508.86,6512.43,0.00
05-09-2025 09:57:00,6519.78,6521.35,6515.54,6521.27,0.00
05-09-2025 09:54:00,6524.08,6524.47,6517.42,6519.44,0.00
05-09-2025 09:51:00,6530.09,6530.78,6518.71,6523.61,0.00
05-09-2025 09:48:00,6523.09,6532.23,6522.16,6529.94,0.00
05-09-2025 09:45:00,6530.95,6531.94,6521.92,6523.28,0.00
05-09-2025 09:42:00,6528.13,6532.65,6528.13,6530.79,0.00
05-09-2025 09:39:00,6525.48,6531.74,6524.43,6528.26,0.00
05-09-2025 09:36:00,6528.82,6528.82,6523.54,6525.56,0.00
05-09-2025 09:33:00,6527.82,6530.92,6524.60,6528.64,0.00
05-09-2025 09:30:00,6529.08,6532.45,6525.57,6527.67,0.00
04-09-2025 16:48:00,6502.08,6502.08,6502.08,6502.08,0.00
04-09-2025 16:18:00,6502.08,6502.08,6502.08,6502.08,0.00
04-09-2025 16:15:00,6502.08,6502.08,6502.08,6502.08,0.00
04-09-2025 16:12:00,6502.08,6502.08,6502.08,6502.08,0.00
04-09-2025 16:09:00,6502.08,6502.08,6502.08,6502.08,0.00
04-09-2025 16:06:00,6502.08,6502.08,6502.08,6502.08,0.00
04-09-2025 16:03:00,6502.08,6502.08,6502.08,6502.08,0.00
04-09-2025 16:00:00,6501.74,6502.12,6501.74,6502.08,0.00
04-09-2025 15:57:00,6500.29,6502.54,6499.38,6501.50,0.00
04-09-2025 15:54:00,6496.27,6500.54,6496.20,6500.38,0.00
04-09-2025 15:51:00,6493.70,6496.35,6493.06,6496.32,0.00
04-09-2025 15:48:00,6492.22,6493.82,6491.07,6493.69,0.00
04-09-2025 15:45:00,6493.77,6493.77,6492.00,6492.30,0.00
04-09-2025 15:42:00,6492.91,6494.09,6492.69,6493.81,0.00
04-09-2025 15:39:00,6491.24,6493.80,6490.65,6492.95,0.00
04-09-2025 15:36:00,6490.10,6491.26,6490.01,6491.26,0.00
04-09-2025 15:33:00,6490.31,6490.58,6489.74,6490.18,0.00
04-09-2025 15:30:00,6490.44,6490.69,6489.53,6490.19,0.00
04-09-2025 15:27:00,6491.93,6492.35,6490.43,6490.49,0.00
04-09-2025 15:24:00,6492.33,6492.73,6491.88,6491.90,0.00
04-09-2025 15:21:00,6492.90,6493.04,6491.75,6492.22,0.00
04-09-2025 15:18:00,6492.19,6492.92,6491.23,6492.92,0.00
04-09-2025 15:15:00,6492.90,6493.09,6491.90,6492.20,0.00
04-09-2025 15:12:00,6490.15,6493.27,6490.09,6492.91,0.00
04-09-2025 15:09:00,6489.76,6490.27,6488.94,6490.18,0.00
04-09-2025 15:06:00,6488.79,6489.89,6488.36,6489.77,0.00
04-09-2025 15:03:00,6488.01,6489.15,6487.36,6488.88,0.00
04-09-2025 15:00:00,6487.37,6488.70,6487.00,6488.02,0.00
04-09-2025 14:57:00,6487.13,6487.59,6486.89,6487.34,0.00
04-09-2025 14:54:00,6487.02,6487.67,6486.41,6487.16,0.00
04-09-2025 14:51:00,6487.39,6488.00,6486.54,6487.08,0.00
04-09-2025 14:48:00,6484.87,6487.55,6484.79,6487.36,0.00
04-09-2025 14:45:00,6483.62,6485.04,6483.58,6484.86,0.00
04-09-2025 14:42:00,6485.66,6485.80,6483.63,6483.63,0.00
04-09-2025 14:39:00,6485.30,6485.87,6484.38,6485.64,0.00
04-09-2025 14:36:00,6485.44,6485.50,6484.71,6485.27,0.00
04-09-2025 14:33:00,6484.89,6485.98,6484.86,6485.38,0.00
04-09-2025 14:30:00,6483.14,6484.94,6482.69,6484.88,0.00
04-09-2025 14:27:00,6483.82,6484.22,6483.09,6483.16,0.00
04-09-2025 14:24:00,6484.37,6484.94,6483.76,6483.88,0.00
04-09-2025 14:21:00,6484.88,6485.14,6484.16,6484.37,0.00
04-09-2025 14:18:00,6485.94,6486.01,6484.81,6484.87,0.00
04-09-2025 14:15:00,6485.51,6487.05,6485.42,6485.90,0.00
04-09-2025 14:12:00,6485.15,6485.79,6484.60,6485.53,0.00
04-09-2025 14:09:00,6483.44,6485.61,6483.35,6485.13,0.00
04-09-2025 14:06:00,6483.97,6484.40,6482.98,6483.46,0.00
04-09-2025 14:03:00,6484.25,6484.75,6483.69,6484.05,0.00
04-09-2025 14:00:00,6483.13,6485.34,6483.10,6484.32,0.00
04-09-2025 13:57:00,6482.99,6483.28,6482.25,6483.15,0.00
04-09-2025 13:54:00,6485.55,6485.64,6483.03,6483.04,0.00
04-09-2025 13:51:00,6481.82,6485.62,6481.75,6485.62,0.00
04-09-2025 13:48:00,6480.68,6482.06,6480.54,6481.89,0.00
04-09-2025 13:45:00,6479.37,6480.76,6479.01,6480.66,0.00
04-09-2025 13:42:00,6480.14,6480.15,6479.20,6479.37,0.00
04-09-2025 13:39:00,6477.54,6480.18,6477.54,6480.12,0.00
04-09-2025 13:36:00,6478.08,6479.39,6477.54,6477.67,0.00
04-09-2025 13:33:00,6477.86,6478.26,6477.18,6478.13,0.00
04-09-2025 13:30:00,6479.49,6479.95,6477.32,6477.74,0.00
04-09-2025 13:27:00,6478.96,6480.39,6478.96,6479.54,0.00
04-09-2025 13:24:00,6478.74,6479.34,6478.50,6479.08,0.00
04-09-2025 13:21:00,6477.88,6479.47,6477.41,6478.81,0.00
04-09-2025 13:18:00,6476.83,6478.13,6476.81,6477.88,0.00
04-09-2025 13:15:00,6474.32,6476.86,6474.28,6476.85,0.00
04-09-2025 13:12:00,6475.15,6476.02,6474.24,6474.34,0.00
04-09-2025 13:09:00,6478.46,6478.48,6474.79,6475.11,0.00
04-09-2025 13:06:00,6476.11,6478.53,6475.47,6478.39,0.00
04-09-2025 13:03:00,6475.23,6476.52,6474.30,6476.10,0.00
04-09-2025 13:00:00,6470.33,6475.18,6470.11,6475.18,0.00
04-09-2025 12:57:00,6473.59,6473.69,6470.25,6470.30,0.00
04-09-2025 12:54:00,6474.49,6475.06,6473.17,6473.68,0.00
04-09-2025 12:51:00,6474.91,6474.93,6473.11,6474.50,0.00
04-09-2025 12:48:00,6472.05,6475.43,6472.05,6474.93,0.00
04-09-2025 12:45:00,6470.66,6472.22,6470.63,6472.02,0.00
04-09-2025 12:42:00,6470.13,6470.83,6469.58,6470.62,0.00
04-09-2025 12:39:00,6472.31,6472.34,6469.48,6470.10,0.00
04-09-2025 12:36:00,6470.91,6472.73,6470.49,6472.34,0.00
04-09-2025 12:33:00,6471.31,6471.70,6470.51,6470.91,0.00
04-09-2025 12:30:00,6470.31,6472.24,6469.94,6471.36,0.00
04-09-2025 12:27:00,6472.22,6472.22,6469.34,6470.32,0.00
04-09-2025 12:24:00,6473.31,6473.62,6472.07,6472.24,0.00
04-09-2025 12:21:00,6476.29,6476.29,6473.21,6473.29,0.00
04-09-2025 12:18:00,6474.96,6476.09,6474.35,6476.09,0.00
04-09-2025 12:15:00,6475.33,6475.71,6473.98,6475.03,0.00
04-09-2025 12:12:00,6475.30,6476.26,6474.88,6475.29,0.00
04-09-2025 12:09:00,6474.72,6476.40,6474.63,6475.18,0.00
04-09-2025 12:06:00,6474.73,6475.21,6473.67,6474.68,0.00
04-09-2025 12:03:00,6473.80,6474.89,6473.12,6474.65,0.00
04-09-2025 12:00:00,6473.48,6474.51,6472.56,6473.76,0.00
04-09-2025 11:57:00,6475.44,6476.50,6473.53,6473.57,0.00
04-09-2025 11:54:00,6475.41,6476.75,6474.77,6475.45,0.00
04-09-2025 11:51:00,6473.10,6475.50,6473.10,6475.50,0.00
04-09-2025 11:48:00,6471.64,6473.75,6471.62,6473.12,0.00
04-09-2025 11:45:00,6471.79,6472.94,6471.12,6471.62,0.00
04-09-2025 11:42:00,6470.53,6474.07,6470.53,6471.83,0.00
04-09-2025 11:39:00,6469.75,6471.83,6469.75,6470.51,0.00
04-09-2025 11:36:00,6471.33,6471.98,6469.62,6469.83,0.00
04-09-2025 11:33:00,6470.68,6473.06,6470.37,6471.30,0.00
04-09-2025 11:30:00,6473.46,6473.52,6470.42,6470.71,0.00
04-09-2025 11:27:00,6473.39,6475.54,6473.35,6473.54,0.00
04-09-2025 11:24:00,6471.53,6473.39,6471.22,6473.32,0.00
04-09-2025 11:21:00,6470.42,6473.08,6470.40,6471.54,0.00
04-09-2025 11:18:00,6471.09,6471.24,6469.96,6470.43,0.00
04-09-2025 11:15:00,6466.16,6470.99,6466.08,6470.99,0.00
04-09-2025 11:12:00,6464.17,6466.36,6464.17,6466.08,0.00
04-09-2025 11:09:00,6468.52,6469.35,6464.06,6464.09,0.00
04-09-2025 11:06:00,6468.72,6469.43,6467.34,6468.54,0.00
04-09-2025 11:03:00,6469.20,6469.59,6467.38,6468.68,0.00
04-09-2025 11:00:00,6467.19,6469.64,6466.95,6469.22,0.00
04-09-2025 10:57:00,6464.88,6467.29,6464.29,6467.17,0.00
04-09-2025 10:54:00,6466.44,6467.42,6464.06,6464.81,0.00
04-09-2025 10:51:00,6468.36,6468.54,6464.13,6466.54,0.00
04-09-2025 10:48:00,6467.11,6468.60,6466.26,6468.30,0.00
04-09-2025 10:45:00,6464.26,6467.19,6464.08,6466.97,0.00
04-09-2025 10:42:00,6467.40,6467.40,6463.76,6464.21,0.00
04-09-2025 10:39:00,6468.27,6468.57,6465.97,6467.43,0.00
04-09-2025 10:36:00,6464.14,6468.73,6463.39,6468.26,0.00
04-09-2025 10:33:00,6464.10,6464.32,6460.89,6464.04,0.00
04-09-2025 10:30:00,6459.92,6464.49,6459.73,6463.91,0.00
04-09-2025 10:27:00,6458.64,6460.08,6457.19,6459.79,0.00
04-09-2025 10:24:00,6458.18,6462.05,6457.62,6458.67,0.00
04-09-2025 10:21:00,6453.63,6458.09,6453.02,6458.09,0.00
04-09-2025 10:18:00,6449.21,6453.61,6447.82,6453.54,0.00
04-09-2025 10:15:00,6450.09,6450.12,6445.98,6449.29,0.00
04-09-2025 10:12:00,6452.32,6455.64,6450.10,6450.10,0.00
04-09-2025 10:09:00,6450.49,6452.27,6448.79,6452.27,0.00
04-09-2025 10:06:00,6451.09,6452.74,6449.90,6450.40,0.00
04-09-2025 10:03:00,6456.55,6457.01,6449.26,6451.07,0.00
04-09-2025 10:00:00,6459.93,6459.99,6455.58,6456.62,0.00
04-09-2025 09:57:00,6461.91,6462.53,6459.49,6459.88,0.00
04-09-2025 09:54:00,6459.87,6462.28,6457.64,6461.86,0.00
04-09-2025 09:51:00,6460.97,6463.03,6458.52,6459.74,0.00
04-09-2025 09:48:00,6463.70,6464.13,6456.29,6460.79,0.00
04-09-2025 09:45:00,6462.18,6464.28,6460.12,6463.72,0.00
04-09-2025 09:42:00,6458.97,6462.32,6457.68,6461.96,0.00
04-09-2025 09:39:00,6456.97,6462.42,6456.70,6458.68,0.00
04-09-2025 09:36:00,6460.81,6463.82,6456.28,6457.16,0.00
04-09-2025 09:33:00,6455.77,6463.06,6455.00,6461.32,0.00
04-09-2025 09:30:00,6456.60,6459.25,6453.58,6455.52,0.00
03-09-2025 16:48:00,6448.26,6448.26,6448.26,6448.26,0.00
03-09-2025 16:18:00,6448.26,6448.26,6448.26,6448.26,0.00
03-09-2025 16:15:00,6448.26,6448.26,6448.26,6448.26,0.00
03-09-2025 16:12:00,6448.26,6448.26,6448.26,6448.26,0.00
03-09-2025 16:09:00,6448.26,6448.26,6448.26,6448.26,0.00
03-09-2025 16:06:00,6448.26,6448.26,6448.26,6448.26,0.00
03-09-2025 16:03:00,6448.28,6448.28,6448.26,6448.26,0.00
03-09-2025 16:00:00,6448.04,6448.29,6448.00,6448.28,0.00
03-09-2025 15:57:00,6443.69,6447.81,6441.78,6447.81,0.00
03-09-2025 15:54:00,6441.00,6444.52,6440.26,6443.60,0.00
03-09-2025 15:51:00,6438.14,6441.96,6438.14,6440.93,0.00
03-09-2025 15:48:00,6435.81,6440.12,6435.17,6438.05,0.00
03-09-2025 15:45:00,6433.49,6435.86,6432.50,6435.81,0.00
03-09-2025 15:42:00,6430.73,6433.96,6430.42,6433.43,0.00
03-09-2025 15:39:00,6428.96,6430.86,6428.42,6430.76,0.00
03-09-2025 15:36:00,6427.90,6429.64,6427.28,6429.00,0.00
03-09-2025 15:33:00,6424.80,6429.46,6424.31,6427.93,0.00
03-09-2025 15:30:00,6421.70,6425.60,6421.70,6424.83,0.00
03-09-2025 15:27:00,6422.49,6423.40,6421.51,6421.77,0.00
03-09-2025 15:24:00,6421.94,6423.38,6421.70,6422.50,0.00
03-09-2025 15:21:00,6420.33,6422.72,6420.33,6421.94,0.00
03-09-2025 15:18:00,6419.17,6421.68,6418.87,6420.35,0.00
03-09-2025 15:15:00,6418.99,6420.42,6418.61,6419.12,0.00
03-09-2025 15:12:00,6419.12,6420.52,6418.49,6418.91,0.00
03-09-2025 15:09:00,6419.79,6420.92,6418.51,6419.15,0.00
03-09-2025 15:06:00,6421.35,6422.85,6419.61,6419.72,0.00
03-09-2025 15:03:00,6420.61,6421.61,6419.84,6421.39,0.00
03-09-2025 15:00:00,6420.28,6420.52,6417.40,6420.52,0.00
03-09-2025 14:57:00,6421.02,6421.13,6418.87,6420.24,0.00
03-09-2025 14:54:00,6421.56,6421.95,6420.61,6420.99,0.00
03-09-2025 14:51:00,6419.45,6422.54,6419.39,6421.53,0.00
03-09-2025 14:48:00,6421.64,6421.78,6419.34,6419.34,0.00
03-09-2025 14:45:00,6422.19,6423.63,6421.40,6421.54,0.00
03-09-2025 14:42:00,6418.14,6422.33,6418.14,6422.22,0.00
03-09-2025 14:39:00,6417.25,6418.99,6416.17,6417.97,0.00
03-09-2025 14:36:00,6420.60,6420.60,6417.13,6417.22,0.00
03-09-2025 14:33:00,6419.20,6421.35,6419.16,6420.60,0.00
03-09-2025 14:30:00,6423.03,6423.03,6418.63,6419.18,0.00
03-09-2025 14:27:00,6423.20,6423.96,6422.18,6423.06,0.00
03-09-2025 14:24:00,6422.24,6423.43,6419.87,6423.24,0.00
03-09-2025 14:21:00,6420.13,6422.40,6419.41,6422.29,0.00
03-09-2025 14:18:00,6422.32,6422.68,6420.18,6420.18,0.00
03-09-2025 14:15:00,6422.03,6422.47,6419.24,6422.19,0.00
03-09-2025 14:12:00,6419.93,6423.07,6419.02,6422.23,0.00
03-09-2025 14:09:00,6419.17,6421.10,6419.17,6419.98,0.00
03-09-2025 14:06:00,6418.61,6421.80,6418.04,6419.15,0.00
03-09-2025 14:03:00,6421.71,6421.71,6419.21,6419.24,0.00
03-09-2025 14:00:00,6421.38,6422.28,6417.19,6421.75,0.00
03-09-2025 13:57:00,6419.82,6421.59,6419.82,6421.43,0.00
03-09-2025 13:54:00,6424.24,6424.59,6418.77,6419.79,0.00
03-09-2025 13:51:00,6423.56,6427.49,6423.54,6424.27,0.00
03-09-2025 13:48:00,6424.41,6425.57,6423.23,6423.64,0.00
03-09-2025 13:45:00,6423.73,6424.46,6417.94,6424.38,0.00
03-09-2025 13:42:00,6427.08,6428.11,6423.63,6423.67,0.00
03-09-2025 13:39:00,6431.31,6431.51,6427.09,6427.09,0.00
03-09-2025 13:36:00,6431.94,6432.53,6430.40,6431.33,0.00
03-09-2025 13:33:00,6434.94,6435.35,6431.62,6431.92,0.00
03-09-2025 13:30:00,6433.90,6435.36,6433.41,6434.96,0.00
03-09-2025 13:27:00,6431.76,6434.20,6431.76,6434.09,0.00
03-09-2025 13:24:00,6436.46,6436.90,6431.48,6431.76,0.00
03-09-2025 13:21:00,6437.47,6437.53,6435.85,6436.37,0.00
03-09-2025 13:18:00,6439.31,6439.79,6437.17,6437.47,0.00
03-09-2025 13:15:00,6437.56,6439.60,6437.55,6439.30,0.00
03-09-2025 13:12:00,6437.82,6439.30,6437.44,6437.44,0.00
03-09-2025 13:09:00,6433.94,6437.90,6433.32,6437.90,0.00
03-09-2025 13:06:00,6434.20,6434.62,6432.98,6433.87,0.00
03-09-2025 13:03:00,6432.54,6434.20,6432.33,6434.14,0.00
03-09-2025 13:00:00,6429.93,6432.84,6429.80,6432.48,0.00
03-09-2025 12:57:00,6430.68,6431.95,6429.65,6429.77,0.00
03-09-2025 12:54:00,6427.12,6431.08,6426.20,6430.75,0.00
03-09-2025 12:51:00,6426.77,6428.07,6426.06,6427.07,0.00
03-09-2025 12:48:00,6430.54,6431.23,6427.24,6427.33,0.00
03-09-2025 12:45:00,6430.40,6431.61,6428.49,6430.56,0.00
03-09-2025 12:42:00,6431.32,6432.68,6430.06,6430.39,0.00
03-09-2025 12:39:00,6432.71,6433.07,6428.72,6431.29,0.00
03-09-2025 12:36:00,6434.59,6435.48,6432.78,6432.78,0.00
03-09-2025 12:33:00,6436.35,6436.37,6434.28,6434.64,0.00
03-09-2025 12:30:00,6435.99,6436.76,6434.73,6436.42,0.00
03-09-2025 12:27:00,6438.10,6438.89,6435.98,6435.98,0.00
03-09-2025 12:24:00,6439.08,6439.43,6434.22,6438.09,0.00
03-09-2025 12:21:00,6440.78,6442.56,6439.10,6439.12,0.00
03-09-2025 12:18:00,6434.89,6440.80,6434.46,6440.80,0.00
03-09-2025 12:15:00,6435.16,6435.52,6433.90,6434.90,0.00
03-09-2025 12:12:00,6435.02,6435.65,6434.55,6435.12,0.00
03-09-2025 12:09:00,6436.76,6437.65,6434.45,6435.13,0.00
03-09-2025 12:06:00,6433.60,6436.82,6432.69,6436.72,0.00
03-09-2025 12:03:00,6434.19,6434.22,6432.09,6433.56,0.00
03-09-2025 12:00:00,6435.14,6436.95,6433.73,6434.10,0.00
03-09-2025 11:57:00,6435.93,6435.93,6433.33,6435.21,0.00
03-09-2025 11:54:00,6435.63,6438.18,6435.18,6435.87,0.00
03-09-2025 11:51:00,6438.48,6440.13,6435.65,6435.68,0.00
03-09-2025 11:48:00,6437.66,6438.50,6435.48,6438.50,0.00
03-09-2025 11:45:00,6439.31,6439.79,6436.22,6437.67,0.00
03-09-2025 11:42:00,6440.37,6440.74,6439.44,6439.44,0.00
03-09-2025 11:39:00,6437.89,6441.09,6437.83,6440.31,0.00
03-09-2025 11:36:00,6437.31,6438.90,6436.05,6437.98,0.00
03-09-2025 11:33:00,6434.64,6438.53,6433.85,6437.13,0.00
03-09-2025 11:30:00,6435.78,6437.88,6433.39,6434.91,0.00
03-09-2025 11:27:00,6439.93,6441.09,6435.02,6435.70,0.00
03-09-2025 11:24:00,6442.83,6444.75,6439.87,6439.87,0.00
03-09-2025 11:21:00,6445.93,6445.96,6442.01,6442.69,0.00
03-09-2025 11:18:00,6445.69,6447.49,6445.44,6445.95,0.00
03-09-2025 11:15:00,6448.07,6448.64,6445.54,6445.58,0.00
03-09-2025 11:12:00,6451.04,6451.41,6447.27,6448.04,0.00
03-09-2025 11:09:00,6450.01,6452.47,6450.01,6450.88,0.00
03-09-2025 11:06:00,6452.12,6453.67,6449.45,6449.82,0.00
03-09-2025 11:03:00,6451.74,6452.88,6450.85,6452.25,0.00
03-09-2025 11:00:00,6451.46,6452.99,6449.89,6451.79,0.00
03-09-2025 10:57:00,6450.77,6452.36,6450.71,6451.49,0.00
03-09-2025 10:54:00,6449.77,6451.53,6449.34,6450.65,0.00
03-09-2025 10:51:00,6452.51,6453.60,6449.99,6449.99,0.00
03-09-2025 10:48:00,6451.75,6452.91,6450.81,6452.35,0.00
03-09-2025 10:45:00,6449.16,6451.92,6447.87,6451.69,0.00
03-09-2025 10:42:00,6447.31,6450.47,6446.05,6449.20,0.00
03-09-2025 10:39:00,6443.78,6447.54,6443.74,6447.51,0.00
03-09-2025 10:36:00,6443.61,6445.56,6442.66,6443.53,0.00
03-09-2025 10:33:00,6443.24,6444.29,6442.23,6443.66,0.00
03-09-2025 10:30:00,6435.59,6443.29,6435.59,6443.10,0.00
03-09-2025 10:27:00,6442.71,6443.04,6435.41,6435.41,0.00
03-09-2025 10:24:00,6440.54,6443.75,6439.30,6442.53,0.00
03-09-2025 10:21:00,6440.39,6440.95,6437.79,6440.35,0.00
03-09-2025 10:18:00,6432.72,6440.51,6432.71,6440.26,0.00
03-09-2025 10:15:00,6428.36,6433.09,6428.36,6432.74,0.00
03-09-2025 10:12:00,6436.99,6437.03,6428.10,6428.27,0.00
03-09-2025 10:09:00,6437.33,6439.32,6435.79,6437.08,0.00
03-09-2025 10:06:00,6435.63,6440.49,6434.69,6437.15,0.00
03-09-2025 10:03:00,6436.26,6440.13,6435.65,6435.65,0.00
03-09-2025 10:00:00,6432.46,6438.18,6430.62,6436.39,0.00
03-09-2025 09:57:00,6433.68,6434.64,6430.57,6431.71,0.00
03-09-2025 09:54:00,6435.58,6436.78,6431.66,6433.55,0.00
03-09-2025 09:51:00,6438.09,6442.32,6435.22,6435.49,0.00
03-09-2025 09:48:00,6437.87,6438.72,6433.17,6438.02,0.00
03-09-2025 09:45:00,6442.52,6443.10,6435.71,6437.86,0.00
03-09-2025 09:42:00,6440.20,6443.42,6437.73,6442.48,0.00
03-09-2025 09:39:00,6441.69,6443.88,6437.58,6440.37,0.00
03-09-2025 09:36:00,6442.19,6444.45,6438.75,6441.44,0.00
03-09-2025 09:33:00,6440.13,6444.83,6440.13,6441.58,0.00
03-09-2025 09:30:00,6445.82,6445.82,6436.30,6440.26,0.00
02-09-2025 16:48:00,6415.54,6415.54,6415.54,6415.54,0.00
02-09-2025 16:18:00,6415.54,6415.54,6415.54,6415.54,0.00
02-09-2025 16:15:00,6415.54,6415.54,6415.54,6415.54,0.00
02-09-2025 16:12:00,6415.54,6415.54,6415.54,6415.54,0.00
02-09-2025 16:09:00,6415.54,6415.54,6415.54,6415.54,0.00
02-09-2025 16:06:00,6415.54,6415.54,6415.54,6415.54,0.00
02-09-2025 16:03:00,6415.54,6415.54,6415.54,6415.54,0.00
02-09-2025 16:00:00,6414.63,6415.55,6414.63,6415.54,0.00
02-09-2025 15:57:00,6415.67,6416.54,6411.63,6414.95,0.00
02-09-2025 15:54:00,6411.02,6415.71,6410.89,6415.60,0.00
02-09-2025 15:51:00,6411.55,6412.71,6411.09,6411.22,0.00
02-09-2025 15:48:00,6405.52,6413.14,6405.25,6411.57,0.00
02-09-2025 15:45:00,6407.27,6407.77,6404.66,6405.66,0.00
02-09-2025 15:42:00,6408.39,6409.85,6406.18,6407.25,0.00
02-09-2025 15:39:00,6407.03,6408.33,6406.21,6408.32,0.00
02-09-2025 15:36:00,6404.56,6407.05,6404.54,6407.00,0.00
02-09-2025 15:33:00,6404.72,6405.65,6402.47,6404.56,0.00
02-09-2025 15:30:00,6402.61,6404.74,6402.09,6404.74,0.00
02-09-2025 15:27:00,6401.93,6403.27,6401.24,6402.59,0.00
02-09-2025 15:24:00,6401.34,6401.80,6399.26,6401.80,0.00
02-09-2025 15:21:00,6403.33,6403.60,6401.31,6401.39,0.00
02-09-2025 15:18:00,6399.77,6404.12,6399.77,6403.31,0.00
02-09-2025 15:15:00,6398.89,6400.19,6397.86,6399.65,0.00
02-09-2025 15:12:00,6395.32,6399.19,6395.32,6398.98,0.00
02-09-2025 15:09:00,6396.72,6396.88,6395.16,6395.29,0.00
02-09-2025 15:06:00,6395.13,6396.93,6395.10,6396.72,0.00
02-09-2025 15:03:00,6396.05,6396.14,6391.64,6395.10,0.00
02-09-2025 15:00:00,6392.18,6396.82,6392.18,6396.04,0.00
02-09-2025 14:57:00,6394.91,6395.03,6391.05,6392.20,0.00
02-09-2025 14:54:00,6396.88,6397.39,6392.81,6394.90,0.00
02-09-2025 14:51:00,6396.27,6400.22,6395.36,6396.87,0.00
02-09-2025 14:48:00,6386.35,6396.25,6386.35,6396.25,0.00
02-09-2025 14:45:00,6386.73,6387.96,6385.88,6386.40,0.00
02-09-2025 14:42:00,6386.51,6386.62,6385.10,6386.62,0.00
02-09-2025 14:39:00,6387.98,6388.14,6385.79,6386.57,0.00
02-09-2025 14:36:00,6387.14,6387.99,6386.40,6387.99,0.00
02-09-2025 14:33:00,6389.63,6390.04,6386.92,6387.09,0.00
02-09-2025 14:30:00,6388.56,6391.82,6388.48,6389.64,0.00
02-09-2025 14:27:00,6389.71,6389.97,6388.11,6388.54,0.00
02-09-2025 14:24:00,6391.36,6392.03,6389.69,6389.77,0.00
02-09-2025 14:21:00,6391.29,6393.00,6390.97,6391.29,0.00
02-09-2025 14:18:00,6391.78,6391.90,6389.12,6391.26,0.00
02-09-2025 14:15:00,6392.33,6393.06,6391.11,6391.74,0.00
02-09-2025 14:12:00,6393.90,6394.27,6392.37,6392.37,0.00
02-09-2025 14:09:00,6393.73,6394.68,6391.91,6393.85,0.00
02-09-2025 14:06:00,6394.22,6395.62,6392.63,6393.54,0.00
02-09-2025 14:03:00,6397.86,6398.37,6394.26,6394.26,0.00
02-09-2025 14:00:00,6395.09,6399.14,6394.66,6397.88,0.00
02-09-2025 13:57:00,6396.43,6397.01,6395.15,6395.15,0.00
02-09-2025 13:54:00,6398.94,6399.13,6396.14,6396.51,0.00
02-09-2025 13:51:00,6400.28,6401.50,6398.03,6398.93,0.00
02-09-2025 13:48:00,6400.60,6401.22,6398.92,6400.33,0.00
02-09-2025 13:45:00,6399.90,6400.57,6398.35,6400.57,0.00
02-09-2025 13:42:00,6399.57,6400.68,6397.66,6399.89,0.00
02-09-2025 13:39:00,6396.10,6399.91,6396.08,6399.70,0.00
02-09-2025 13:36:00,6394.54,6396.38,6394.39,6396.07,0.00
02-09-2025 13:33:00,6392.48,6395.09,6391.33,6394.60,0.00
02-09-2025 13:30:00,6387.70,6392.52,6387.65,6392.27,0.00
02-09-2025 13:27:00,6388.85,6389.51,6386.34,6387.70,0.00
02-09-2025 13:24:00,6383.72,6388.79,6383.54,6388.79,0.00
02-09-2025 13:21:00,6380.80,6383.68,6380.68,6383.66,0.00
02-09-2025 13:18:00,6378.41,6381.57,6378.32,6380.80,0.00
02-09-2025 13:15:00,6378.53,6380.26,6378.13,6378.51,0.00
02-09-2025 13:12:00,6378.91,6379.02,6377.20,6378.56,0.00
02-09-2025 13:09:00,6383.17,6383.24,6378.80,6379.04,0.00
02-09-2025 13:06:00,6382.59,6383.97,6381.75,6383.16,0.00
02-09-2025 13:03:00,6381.96,6382.67,6380.75,6382.58,0.00
02-09-2025 13:00:00,6380.41,6382.47,6380.29,6381.92,0.00
02-09-2025 12:57:00,6380.09,6380.24,6378.91,6380.24,0.00
02-09-2025 12:54:00,6375.82,6380.39,6374.92,6380.12,0.00
02-09-2025 12:51:00,6373.31,6376.19,6373.00,6375.85,0.00
02-09-2025 12:48:00,6371.88,6373.30,6368.61,6373.30,0.00
02-09-2025 12:45:00,6372.90,6373.91,6372.10,6372.18,0.00
02-09-2025 12:42:00,6372.67,6375.72,6372.60,6372.84,0.00
02-09-2025 12:39:00,6368.96,6372.52,6368.59,6372.52,0.00
02-09-2025 12:36:00,6369.55,6371.92,6368.71,6368.92,0.00
02-09-2025 12:33:00,6368.16,6369.55,6368.03,6369.51,0.00
02-09-2025 12:30:00,6367.79,6369.85,6367.77,6368.18,0.00
02-09-2025 12:27:00,6369.38,6369.96,6367.13,6367.83,0.00
02-09-2025 12:24:00,6369.82,6370.17,6367.24,6369.44,0.00
02-09-2025 12:21:00,6370.86,6371.61,6370.01,6370.05,0.00
02-09-2025 12:18:00,6369.77,6371.00,6368.79,6370.84,0.00
02-09-2025 12:15:00,6367.17,6370.64,6366.99,6369.81,0.00
02-09-2025 12:12:00,6364.49,6367.82,6364.48,6367.13,0.00
02-09-2025 12:09:00,6363.32,6365.45,6362.20,6364.45,0.00
02-09-2025 12:06:00,6363.04,6365.69,6362.43,6363.41,0.00
02-09-2025 12:03:00,6364.13,6364.44,6361.69,6362.97,0.00
02-09-2025 12:00:00,6363.37,6366.95,6363.29,6364.14,0.00
02-09-2025 11:57:00,6363.74,6363.74,6360.58,6363.25,0.00
02-09-2025 11:54:00,6361.02,6366.38,6361.02,6363.67,0.00
02-09-2025 11:51:00,6362.48,6363.59,6360.98,6360.98,0.00
02-09-2025 11:48:00,6366.42,6366.84,6362.76,6362.76,0.00
02-09-2025 11:45:00,6365.99,6368.03,6365.78,6366.45,0.00
02-09-2025 11:42:00,6367.68,6367.88,6365.57,6365.95,0.00
02-09-2025 11:39:00,6367.61,6368.83,6365.98,6367.70,0.00
02-09-2025 11:36:00,6368.84,6369.44,6367.00,6367.67,0.00
02-09-2025 11:33:00,6374.74,6375.23,6368.59,6368.87,0.00
02-09-2025 11:30:00,6377.21,6377.21,6374.40,6374.60,0.00
02-09-2025 11:27:00,6376.93,6379.52,6376.37,6377.26,0.00
02-09-2025 11:24:00,6375.35,6377.41,6375.35,6376.74,0.00
02-09-2025 11:21:00,6375.44,6376.88,6372.97,6375.22,0.00
02-09-2025 11:18:00,6377.16,6377.26,6374.56,6375.58,0.00
02-09-2025 11:15:00,6381.14,6382.10,6377.12,6377.12,0.00
02-09-2025 11:12:00,6385.37,6385.37,6380.47,6380.99,0.00
02-09-2025 11:09:00,6381.99,6385.98,6381.86,6385.42,0.00
02-09-2025 11:06:00,6383.44,6383.85,6380.15,6381.86,0.00
02-09-2025 11:03:00,6386.74,6388.23,6383.50,6383.50,0.00
02-09-2025 11:00:00,6388.21,6390.86,6385.90,6386.67,0.00
02-09-2025 10:57:00,6386.66,6388.61,6385.56,6388.41,0.00
02-09-2025 10:54:00,6385.54,6388.09,6383.86,6386.87,0.00
02-09-2025 10:51:00,6384.90,6387.61,6383.65,6385.52,0.00
02-09-2025 10:48:00,6388.06,6388.35,6384.68,6385.11,0.00
02-09-2025 10:45:00,6392.09,6393.49,6387.10,6388.19,0.00
02-09-2025 10:42:00,6397.49,6397.69,6391.38,6391.88,0.00
02-09-2025 10:39:00,6401.17,6402.23,6397.45,6397.68,0.00
02-09-2025 10:36:00,6404.15,6406.92,6401.70,6401.70,0.00
02-09-2025 10:33:00,6402.95,6406.96,6402.95,6404.38,0.00
02-09-2025 10:30:00,6405.46,6405.46,6401.01,6403.10,0.00
02-09-2025 10:27:00,6395.27,6405.62,6394.57,6405.62,0.00
02-09-2025 10:24:00,6400.50,6401.04,6393.99,6395.36,0.00
02-09-2025 10:21:00,6401.32,6405.35,6400.43,6400.65,0.00
02-09-2025 10:18:00,6403.03,6404.39,6400.38,6401.56,0.00
02-09-2025 10:15:00,6400.52,6403.76,6396.07,6402.97,0.00
02-09-2025 10:12:00,6401.27,6406.02,6399.14,6400.52,0.00
02-09-2025 10:09:00,6401.57,6403.67,6398.63,6401.32,0.00
02-09-2025 10:06:00,6402.54,6404.77,6399.91,6401.39,0.00
02-09-2025 10:03:00,6403.82,6407.12,6401.04,6402.33,0.00
02-09-2025 10:00:00,6403.53,6412.01,6403.53,6404.32,0.00
02-09-2025 09:57:00,6403.78,6403.97,6399.66,6401.80,0.00
02-09-2025 09:54:00,6396.97,6404.19,6396.97,6403.87,0.00
02-09-2025 09:51:00,6394.66,6401.15,6394.17,6397.05,0.00
02-09-2025 09:48:00,6376.10,6394.72,6376.10,6394.72,0.00
02-09-2025 09:45:00,6381.78,6384.76,6375.61,6375.96,0.00
02-09-2025 09:42:00,6383.99,6384.65,6379.72,6381.93,0.00
02-09-2025 09:39:00,6382.31,6383.91,6376.80,6383.91,0.00
02-09-2025 09:36:00,6378.16,6383.71,6378.16,6382.09,0.00
02-09-2025 09:33:00,6372.45,6381.69,6369.97,6378.14,0.00
02-09-2025 09:30:00,6401.51,6401.51,6369.57,6372.53,0.00
29-08-2025 16:18:00,6460.26,6460.26,6460.26,6460.26,0.00
29-08-2025 16:15:00,6460.26,6460.26,6460.26,6460.26,0.00
29-08-2025 16:12:00,6460.26,6460.26,6460.26,6460.26,0.00
29-08-2025 16:09:00,6460.26,6460.26,6460.26,6460.26,0.00
29-08-2025 16:06:00,6460.26,6460.26,6460.26,6460.26,0.00
29-08-2025 16:03:00,6460.26,6460.26,6460.26,6460.26,0.00
29-08-2025 16:00:00,6460.82,6461.07,6460.26,6460.26,0.00
29-08-2025 15:57:00,6454.94,6461.82,6454.75,6461.82,0.00
29-08-2025 15:54:00,6453.29,6455.04,6450.45,6455.03,0.00
29-08-2025 15:51:00,6453.30,6455.76,6452.08,6453.34,0.00
29-08-2025 15:48:00,6463.87,6463.88,6453.49,6453.49,0.00
29-08-2025 15:45:00,6460.59,6463.82,6459.88,6463.82,0.00
29-08-2025 15:42:00,6458.93,6461.53,6458.72,6460.61,0.00
29-08-2025 15:39:00,6456.22,6459.23,6456.19,6458.87,0.00
29-08-2025 15:36:00,6454.54,6456.70,6454.19,6456.25,0.00
29-08-2025 15:33:00,6458.44,6458.96,6454.59,6454.59,0.00
29-08-2025 15:30:00,6458.49,6460.37,6458.49,6458.54,0.00
29-08-2025 15:27:00,6459.62,6459.62,6457.03,6458.48,0.00
29-08-2025 15:24:00,6459.54,6460.58,6459.33,6459.68,0.00
29-08-2025 15:21:00,6461.77,6462.62,6459.29,6459.54,0.00
29-08-2025 15:18:00,6460.34,6461.71,6459.91,6461.71,0.00
29-08-2025 15:15:00,6458.74,6460.52,6458.58,6460.36,0.00
29-08-2025 15:12:00,6458.88,6459.82,6458.23,6458.76,0.00
29-08-2025 15:09:00,6460.79,6460.86,6458.88,6458.88,0.00
29-08-2025 15:06:00,6458.98,6460.89,6458.38,6460.79,0.00
29-08-2025 15:03:00,6457.21,6459.56,6457.13,6459.05,0.00
29-08-2025 15:00:00,6457.58,6457.93,6456.01,6457.19,0.00
29-08-2025 14:57:00,6456.57,6457.56,6456.04,6457.56,0.00
29-08-2025 14:54:00,6456.59,6457.11,6455.74,6456.53,0.00
29-08-2025 14:51:00,6456.39,6456.97,6454.80,6456.59,0.00
29-08-2025 14:48:00,6456.90,6457.09,6455.98,6456.46,0.00
29-08-2025 14:45:00,6455.74,6457.14,6455.64,6456.91,0.00
29-08-2025 14:42:00,6457.65,6457.96,6455.77,6455.78,0.00
29-08-2025 14:39:00,6458.76,6458.76,6456.59,6457.67,0.00
29-08-2025 14:36:00,6459.97,6459.99,6458.48,6458.69,0.00
29-08-2025 14:33:00,6458.54,6459.99,6458.06,6459.96,0.00
29-08-2025 14:30:00,6455.53,6458.82,6455.53,6458.55,0.00
29-08-2025 14:27:00,6455.52,6455.92,6454.75,6455.56,0.00
29-08-2025 14:24:00,6457.01,6457.62,6455.44,6455.56,0.00
29-08-2025 14:21:00,6454.96,6456.85,6454.90,6456.85,0.00
29-08-2025 14:18:00,6458.40,6458.47,6454.17,6454.72,0.00
29-08-2025 14:15:00,6458.19,6459.47,6457.63,6458.43,0.00
29-08-2025 14:12:00,6458.93,6459.87,6457.32,6458.05,0.00
29-08-2025 14:09:00,6458.68,6459.95,6458.20,6458.92,0.00
29-08-2025 14:06:00,6455.69,6458.92,6455.58,6458.62,0.00
29-08-2025 14:03:00,6456.65,6457.48,6455.39,6455.67,0.00
29-08-2025 14:00:00,6459.54,6459.55,6456.16,6456.59,0.00
29-08-2025 13:57:00,6460.37,6460.45,6456.92,6459.50,0.00
29-08-2025 13:54:00,6461.37,6461.78,6460.04,6460.36,0.00
29-08-2025 13:51:00,6458.94,6462.71,6458.94,6461.41,0.00
29-08-2025 13:48:00,6458.10,6459.41,6457.80,6459.03,0.00
29-08-2025 13:45:00,6456.43,6458.47,6456.37,6458.10,0.00
29-08-2025 13:42:00,6455.96,6456.61,6455.07,6456.37,0.00
29-08-2025 13:39:00,6454.92,6456.88,6454.67,6455.98,0.00
29-08-2025 13:36:00,6452.64,6455.05,6452.14,6454.88,0.00
29-08-2025 13:33:00,6451.37,6453.01,6451.37,6452.64,0.00
29-08-2025 13:30:00,6452.38,6455.14,6451.34,6451.34,0.00
29-08-2025 13:27:00,6453.17,6453.30,6452.09,6452.24,0.00
29-08-2025 13:24:00,6451.27,6453.34,6451.15,6453.16,0.00
29-08-2025 13:21:00,6451.90,6453.21,6450.44,6451.29,0.00
29-08-2025 13:18:00,6447.81,6451.99,6447.81,6451.88,0.00
29-08-2025 13:15:00,6451.10,6451.62,6448.23,6448.23,0.00
29-08-2025 13:12:00,6451.46,6452.53,6450.62,6451.08,0.00
29-08-2025 13:09:00,6454.09,6455.05,6450.94,6451.47,0.00
29-08-2025 13:06:00,6451.64,6454.70,6450.91,6454.04,0.00
29-08-2025 13:03:00,6456.39,6456.39,6451.61,6451.67,0.00
29-08-2025 13:00:00,6460.17,6460.17,6455.58,6456.52,0.00
29-08-2025 12:57:00,6460.34,6461.53,6460.19,6460.22,0.00
29-08-2025 12:54:00,6459.99,6461.73,6459.99,6460.36,0.00
29-08-2025 12:51:00,6460.26,6460.26,6459.22,6460.00,0.00
29-08-2025 12:48:00,6461.95,6462.15,6459.15,6460.25,0.00
29-08-2025 12:45:00,6462.17,6462.87,6461.75,6461.97,0.00
29-08-2025 12:42:00,6461.71,6462.11,6460.97,6462.03,0.00
29-08-2025 12:39:00,6461.50,6462.06,6460.67,6461.54,0.00
29-08-2025 12:36:00,6461.25,6461.70,6459.88,6461.47,0.00
29-08-2025 12:33:00,6459.24,6461.22,6459.04,6461.21,0.00
29-08-2025 12:30:00,6454.81,6459.41,6454.81,6459.21,0.00
29-08-2025 12:27:00,6456.73,6456.90,6454.34,6454.80,0.00
29-08-2025 12:24:00,6458.54,6459.60,6456.62,6456.68,0.00
29-08-2025 12:21:00,6458.66,6459.48,6458.32,6458.54,0.00
29-08-2025 12:18:00,6459.88,6459.88,6457.24,6458.69,0.00
29-08-2025 12:15:00,6458.71,6460.37,6458.70,6459.95,0.00
29-08-2025 12:12:00,6457.48,6459.34,6457.39,6458.67,0.00
29-08-2025 12:09:00,6456.72,6458.08,6456.17,6457.67,0.00
29-08-2025 12:06:00,6453.56,6456.82,6453.55,6456.76,0.00
29-08-2025 12:03:00,6455.31,6457.13,6453.54,6453.54,0.00
29-08-2025 12:00:00,6451.31,6455.56,6450.95,6455.30,0.00
29-08-2025 11:57:00,6452.13,6453.34,6450.28,6451.30,0.00
29-08-2025 11:54:00,6451.11,6453.37,6451.11,6452.17,0.00
29-08-2025 11:51:00,6450.78,6453.84,6450.78,6451.23,0.00
29-08-2025 11:48:00,6453.42,6454.04,6450.55,6450.76,0.00
29-08-2025 11:45:00,6454.67,6455.05,6453.49,6453.56,0.00
29-08-2025 11:42:00,6456.86,6456.86,6454.50,6454.64,0.00
29-08-2025 11:39:00,6456.70,6456.78,6454.25,6456.70,0.00
29-08-2025 11:36:00,6453.98,6457.71,6453.98,6456.74,0.00
29-08-2025 11:33:00,6453.78,6455.58,6453.11,6453.98,0.00
29-08-2025 11:30:00,6457.03,6457.97,6453.48,6453.72,0.00
29-08-2025 11:27:00,6460.17,6460.17,6456.38,6456.99,0.00
29-08-2025 11:24:00,6457.11,6460.30,6457.11,6460.20,0.00
29-08-2025 11:21:00,6456.82,6458.10,6454.83,6457.07,0.00
29-08-2025 11:18:00,6456.43,6457.21,6454.54,6456.82,0.00
29-08-2025 11:15:00,6456.54,6458.28,6456.25,6456.47,0.00
29-08-2025 11:12:00,6457.23,6459.16,6456.53,6456.53,0.00
29-08-2025 11:09:00,6457.31,6460.16,6456.97,6457.53,0.00
29-08-2025 11:06:00,6453.82,6458.51,6453.00,6457.38,0.00
29-08-2025 11:03:00,6452.84,6454.72,6452.35,6453.69,0.00
29-08-2025 11:00:00,6450.60,6454.87,6449.88,6452.82,0.00
29-08-2025 10:57:00,6450.03,6450.62,6447.89,6450.41,0.00
29-08-2025 10:54:00,6446.94,6452.50,6446.53,6449.96,0.00
29-08-2025 10:51:00,6446.09,6448.37,6444.57,6446.81,0.00
29-08-2025 10:48:00,6452.55,6453.33,6445.97,6446.09,0.00
29-08-2025 10:45:00,6455.04,6455.90,6451.75,6452.53,0.00
29-08-2025 10:42:00,6460.05,6462.18,6455.10,6455.25,0.00
29-08-2025 10:39:00,6461.26,6463.37,6459.99,6459.99,0.00
29-08-2025 10:36:00,6458.21,6461.96,6458.21,6461.16,0.00
29-08-2025 10:33:00,6459.10,6461.79,6458.55,6458.60,0.00
29-08-2025 10:30:00,6459.17,6460.05,6456.21,6459.03,0.00
29-08-2025 10:27:00,6452.02,6459.11,6451.87,6459.11,0.00
29-08-2025 10:24:00,6457.18,6458.06,6451.30,6452.00,0.00
29-08-2025 10:21:00,6457.93,6460.39,6456.47,6457.21,0.00
29-08-2025 10:18:00,6454.76,6457.84,6451.07,6457.76,0.00
29-08-2025 10:15:00,6455.87,6455.87,6449.52,6454.72,0.00
29-08-2025 10:12:00,6452.31,6456.42,6451.06,6455.89,0.00
29-08-2025 10:09:00,6452.30,6456.33,6450.60,6452.57,0.00
29-08-2025 10:06:00,6454.71,6456.74,6451.16,6452.15,0.00
29-08-2025 10:03:00,6467.98,6469.10,6454.81,6454.83,0.00
29-08-2025 10:00:00,6467.93,6473.55,6467.61,6468.08,0.00
29-08-2025 09:57:00,6468.40,6470.04,6466.82,6468.00,0.00
29-08-2025 09:54:00,6475.05,6475.65,6467.97,6468.27,0.00
29-08-2025 09:51:00,6473.16,6476.25,6473.16,6475.22,0.00
29-08-2025 09:48:00,6475.16,6477.13,6470.80,6473.28,0.00
29-08-2025 09:45:00,6483.51,6483.51,6474.31,6475.17,0.00
29-08-2025 09:42:00,6484.31,6486.21,6480.63,6483.77,0.00
29-08-2025 09:39:00,6484.48,6484.94,6480.87,6484.39,0.00
29-08-2025 09:36:00,6486.10,6487.68,6482.44,6484.42,0.00
29-08-2025 09:33:00,6487.50,6487.60,6485.24,6486.05,0.00
29-08-2025 09:30:00,6489.28,6491.76,6486.70,6487.60,0.00
28-08-2025 16:45:00,6501.86,6501.86,6501.86,6501.86,0.00
28-08-2025 16:18:00,6501.86,6501.86,6501.86,6501.86,0.00
28-08-2025 16:15:00,6501.86,6501.86,6501.86,6501.86,0.00
28-08-2025 16:12:00,6501.86,6501.86,6501.86,6501.86,0.00
28-08-2025 16:09:00,6501.86,6501.86,6501.86,6501.86,0.00
28-08-2025 16:06:00,6501.86,6501.86,6501.86,6501.86,0.00
28-08-2025 16:03:00,6501.86,6501.86,6501.86,6501.86,0.00
28-08-2025 16:00:00,6502.01,6502.02,6501.86,6501.86,0.00
28-08-2025 15:57:00,6505.89,6506.40,6501.27,6502.31,0.00
28-08-2025 15:54:00,6506.39,6508.23,6503.48,6505.90,0.00
28-08-2025 15:51:00,6502.99,6506.59,6501.36,6506.37,0.00
28-08-2025 15:48:00,6506.81,6506.88,6502.55,6502.94,0.00
28-08-2025 15:45:00,6504.51,6507.14,6504.29,6506.82,0.00
28-08-2025 15:42:00,6504.38,6504.83,6503.73,6504.47,0.00
28-08-2025 15:39:00,6502.16,6504.61,6501.82,6504.36,0.00
28-08-2025 15:36:00,6503.21,6503.21,6501.18,6502.13,0.00
28-08-2025 15:33:00,6502.43,6503.30,6501.44,6503.20,0.00
28-08-2025 15:30:00,6503.00,6503.15,6502.08,6502.46,0.00
28-08-2025 15:27:00,6502.32,6503.99,6502.32,6502.93,0.00
28-08-2025 15:24:00,6503.21,6503.50,6502.09,6502.34,0.00
28-08-2025 15:21:00,6503.39,6504.23,6503.09,6503.15,0.00
28-08-2025 15:18:00,6503.42,6504.28,6503.27,6503.33,0.00
28-08-2025 15:15:00,6505.31,6505.31,6503.21,6503.46,0.00
28-08-2025 15:12:00,6504.77,6505.89,6504.73,6505.35,0.00
28-08-2025 15:09:00,6504.25,6505.21,6504.23,6504.69,0.00
28-08-2025 15:06:00,6503.25,6504.78,6503.14,6504.25,0.00
28-08-2025 15:03:00,6505.08,6505.08,6502.63,6503.25,0.00
28-08-2025 15:00:00,6503.54,6505.13,6503.38,6505.07,0.00
28-08-2025 14:57:00,6503.16,6504.02,6503.16,6503.44,0.00
28-08-2025 14:54:00,6503.13,6503.56,6502.57,6503.20,0.00
28-08-2025 14:51:00,6502.06,6503.30,6501.88,6503.09,0.00
28-08-2025 14:48:00,6502.47,6502.80,6501.66,6502.35,0.00
28-08-2025 14:45:00,6501.82,6503.07,6501.75,6502.40,0.00
28-08-2025 14:42:00,6503.51,6503.89,6501.70,6501.88,0.00
28-08-2025 14:39:00,6501.87,6503.68,6501.85,6503.44,0.00
28-08-2025 14:36:00,6501.89,6502.15,6500.96,6501.88,0.00
28-08-2025 14:33:00,6501.42,6502.04,6501.26,6501.84,0.00
28-08-2025 14:30:00,6500.35,6502.07,6500.35,6501.46,0.00
28-08-2025 14:27:00,6498.83,6500.49,6498.83,6500.34,0.00
28-08-2025 14:24:00,6498.71,6499.96,6498.67,6498.80,0.00
28-08-2025 14:21:00,6498.41,6499.10,6498.04,6498.74,0.00
28-08-2025 14:18:00,6498.32,6498.59,6497.53,6498.42,0.00
28-08-2025 14:15:00,6498.23,6498.79,6497.37,6498.39,0.00
28-08-2025 14:12:00,6498.77,6499.00,6497.83,6498.17,0.00
28-08-2025 14:09:00,6498.41,6498.92,6497.72,6498.82,0.00
28-08-2025 14:06:00,6498.23,6498.69,6498.12,6498.38,0.00
28-08-2025 14:03:00,6497.88,6498.31,6497.38,6498.20,0.00
28-08-2025 14:00:00,6497.59,6498.13,6497.09,6497.81,0.00
28-08-2025 13:57:00,6497.99,6498.00,6496.66,6497.56,0.00
28-08-2025 13:54:00,6498.57,6498.59,6496.82,6498.02,0.00
28-08-2025 13:51:00,6497.86,6498.93,6497.75,6498.60,0.00
28-08-2025 13:48:00,6497.41,6498.42,6497.31,6497.83,0.00
28-08-2025 13:45:00,6497.20,6497.94,6497.20,6497.42,0.00
28-08-2025 13:42:00,6496.61,6497.48,6496.27,6497.18,0.00
28-08-2025 13:39:00,6495.41,6496.56,6495.19,6496.56,0.00
28-08-2025 13:36:00,6497.03,6497.15,6495.14,6495.61,0.00
28-08-2025 13:33:00,6496.08,6497.06,6495.03,6496.99,0.00
28-08-2025 13:30:00,6494.95,6496.87,6494.95,6496.12,0.00
28-08-2025 13:27:00,6494.30,6495.17,6494.30,6494.98,0.00
28-08-2025 13:24:00,6492.95,6494.32,6492.48,6494.27,0.00
28-08-2025 13:21:00,6491.41,6493.11,6491.28,6492.96,0.00
28-08-2025 13:18:00,6491.83,6491.98,6490.88,6491.35,0.00
28-08-2025 13:15:00,6491.53,6492.45,6491.52,6491.92,0.00
28-08-2025 13:12:00,6491.07,6491.66,6490.35,6491.32,0.00
28-08-2025 13:09:00,6490.74,6491.77,6490.00,6491.00,0.00
28-08-2025 13:06:00,6490.88,6491.05,6489.45,6490.68,0.00
28-08-2025 13:03:00,6488.95,6491.23,6488.95,6490.91,0.00
28-08-2025 13:00:00,6490.63,6490.63,6488.63,6488.97,0.00
28-08-2025 12:57:00,6494.06,6494.15,6490.31,6490.55,0.00
28-08-2025 12:54:00,6496.92,6496.96,6493.28,6494.10,0.00
28-08-2025 12:51:00,6496.02,6497.35,6495.96,6496.92,0.00
28-08-2025 12:48:00,6495.43,6496.12,6493.62,6495.99,0.00
28-08-2025 12:45:00,6493.62,6495.45,6493.62,6495.42,0.00
28-08-2025 12:42:00,6493.29,6493.83,6493.00,6493.55,0.00
28-08-2025 12:39:00,6493.51,6493.62,6492.53,6493.27,0.00
28-08-2025 12:36:00,6492.19,6493.44,6491.53,6493.44,0.00
28-08-2025 12:33:00,6491.76,6492.31,6491.11,6492.18,0.00
28-08-2025 12:30:00,6495.28,6496.01,6490.79,6491.74,0.00
28-08-2025 12:27:00,6492.83,6496.19,6492.82,6495.20,0.00
28-08-2025 12:24:00,6490.33,6492.92,6490.33,6492.74,0.00
28-08-2025 12:21:00,6490.07,6491.13,6489.63,6490.29,0.00
28-08-2025 12:18:00,6489.43,6490.39,6488.81,6490.06,0.00
28-08-2025 12:15:00,6491.25,6491.91,6488.99,6489.50,0.00
28-08-2025 12:12:00,6488.02,6491.22,6487.40,6491.22,0.00
28-08-2025 12:09:00,6487.30,6488.17,6487.01,6488.08,0.00
28-08-2025 12:06:00,6484.38,6487.43,6484.28,6487.06,0.00
28-08-2025 12:03:00,6484.60,6485.42,6483.96,6484.39,0.00
28-08-2025 12:00:00,6484.28,6484.78,6483.30,6484.62,0.00
28-08-2025 11:57:00,6484.32,6485.44,6483.85,6484.40,0.00
28-08-2025 11:54:00,6482.52,6484.36,6481.57,6484.26,0.00
28-08-2025 11:51:00,6483.30,6483.90,6481.38,6482.45,0.00
28-08-2025 11:48:00,6482.28,6483.53,6481.48,6483.28,0.00
28-08-2025 11:45:00,6482.09,6482.30,6480.10,6482.30,0.00
28-08-2025 11:42:00,6483.34,6483.43,6481.78,6482.20,0.00
28-08-2025 11:39:00,6484.09,6484.18,6481.69,6483.38,0.00
28-08-2025 11:36:00,6482.88,6484.56,6482.65,6484.06,0.00
28-08-2025 11:33:00,6480.72,6483.19,6480.56,6482.89,0.00
28-08-2025 11:30:00,6476.28,6480.74,6476.28,6480.72,0.00
28-08-2025 11:27:00,6477.89,6477.89,6474.86,6476.40,0.00
28-08-2025 11:24:00,6479.87,6480.82,6476.26,6477.78,0.00
28-08-2025 11:21:00,6484.39,6485.24,6479.84,6479.84,0.00
28-08-2025 11:18:00,6489.53,6489.53,6484.60,6484.71,0.00
28-08-2025 11:15:00,6485.51,6490.03,6484.74,6489.49,0.00
28-08-2025 11:12:00,6484.12,6485.63,6484.12,6485.58,0.00
28-08-2025 11:09:00,6481.69,6484.42,6481.58,6484.08,0.00
28-08-2025 11:06:00,6481.36,6483.27,6481.36,6481.68,0.00
28-08-2025 11:03:00,6483.97,6484.22,6480.98,6481.56,0.00
28-08-2025 11:00:00,6483.07,6484.99,6482.68,6483.97,0.00
28-08-2025 10:57:00,6484.75,6485.33,6483.27,6483.47,0.00
28-08-2025 10:54:00,6482.32,6485.10,6481.96,6484.72,0.00
28-08-2025 10:51:00,6483.03,6483.06,6479.94,6482.26,0.00
28-08-2025 10:48:00,6483.86,6485.25,6482.07,6483.04,0.00
28-08-2025 10:45:00,6482.12,6484.47,6479.71,6483.92,0.00
28-08-2025 10:42:00,6480.11,6483.41,6479.81,6482.19,0.00
28-08-2025 10:39:00,6475.41,6481.26,6475.41,6479.89,0.00
28-08-2025 10:36:00,6474.64,6476.15,6473.77,6475.40,0.00
28-08-2025 10:33:00,6475.81,6480.25,6474.47,6474.72,0.00
28-08-2025 10:30:00,6473.35,6476.27,6473.35,6475.84,0.00
28-08-2025 10:27:00,6472.76,6476.27,6472.72,6473.47,0.00
28-08-2025 10:24:00,6476.62,6477.15,6472.44,6472.72,0.00
28-08-2025 10:21:00,6476.33,6479.49,6474.72,6476.63,0.00
28-08-2025 10:18:00,6475.91,6477.26,6474.23,6476.69,0.00
28-08-2025 10:15:00,6478.15,6479.64,6475.96,6475.96,0.00
28-08-2025 10:12:00,6478.96,6480.56,6477.32,6478.15,0.00
28-08-2025 10:09:00,6480.67,6480.67,6476.85,6478.72,0.00
28-08-2025 10:06:00,6474.76,6480.55,6473.86,6480.55,0.00
28-08-2025 10:03:00,6475.83,6476.20,6469.78,6474.83,0.00
28-08-2025 10:00:00,6474.42,6475.93,6470.83,6475.64,0.00
28-08-2025 09:57:00,6467.55,6472.96,6466.96,6472.75,0.00
28-08-2025 09:54:00,6471.82,6475.20,6467.06,6467.56,0.00
28-08-2025 09:51:00,6474.06,6476.16,6470.59,6471.76,0.00
28-08-2025 09:48:00,6482.62,6483.71,6471.82,6473.93,0.00
28-08-2025 09:45:00,6486.41,6487.66,6481.03,6482.49,0.00
28-08-2025 09:42:00,6485.24,6490.55,6484.90,6486.28,0.00
28-08-2025 09:39:00,6487.28,6489.98,6485.21,6485.21,0.00
28-08-2025 09:36:00,6486.85,6489.04,6484.63,6487.05,0.00
28-08-2025 09:33:00,6491.09,6495.44,6485.83,6486.54,0.00
28-08-2025 09:30:00,6483.84,6494.98,6482.92,6491.52,0.00
27-08-2025 16:39:00,6481.40,6481.40,6481.40,6481.40,0.00
27-08-2025 16:18:00,6481.40,6481.40,6481.40,6481.40,0.00
27-08-2025 16:15:00,6481.40,6481.40,6481.40,6481.40,0.00
27-08-2025 16:12:00,6481.40,6481.40,6481.40,6481.40,0.00
27-08-2025 16:09:00,6481.40,6481.40,6481.40,6481.40,0.00
27-08-2025 16:06:00,6481.40,6481.40,6481.40,6481.40,0.00
27-08-2025 16:03:00,6481.38,6481.40,6481.38,6481.40,0.00
27-08-2025 16:00:00,6480.84,6481.40,6480.84,6481.38,0.00
27-08-2025 15:57:00,6486.61,6487.04,6480.85,6480.85,0.00
27-08-2025 15:54:00,6485.09,6487.06,6483.52,6486.51,0.00
27-08-2025 15:51:00,6485.04,6485.99,6484.40,6485.06,0.00
27-08-2025 15:48:00,6484.27,6486.84,6483.75,6485.10,0.00
27-08-2025 15:45:00,6485.21,6485.62,6484.05,6484.30,0.00
27-08-2025 15:42:00,6484.57,6485.98,6484.43,6485.26,0.00
27-08-2025 15:39:00,6484.28,6484.64,6483.89,6484.55,0.00
27-08-2025 15:36:00,6482.64,6484.23,6481.88,6484.23,0.00
27-08-2025 15:33:00,6481.13,6482.57,6480.96,6482.57,0.00
27-08-2025 15:30:00,6480.26,6481.57,6480.26,6481.14,0.00
27-08-2025 15:27:00,6480.16,6480.32,6478.93,6480.22,0.00
27-08-2025 15:24:00,6479.95,6480.76,6479.16,6480.18,0.00
27-08-2025 15:21:00,6479.82,6480.04,6477.87,6479.99,0.00
27-08-2025 15:18:00,6477.64,6480.26,6477.54,6479.78,0.00
27-08-2025 15:15:00,6474.67,6478.31,6474.67,6477.64,0.00
27-08-2025 15:12:00,6479.90,6480.01,6472.62,6474.72,0.00
27-08-2025 15:09:00,6481.91,6482.34,6479.82,6479.92,0.00
27-08-2025 15:06:00,6482.78,6482.94,6481.70,6481.88,0.00
27-08-2025 15:03:00,6483.33,6483.38,6482.53,6482.77,0.00
27-08-2025 15:00:00,6484.03,6484.03,6482.31,6483.34,0.00
27-08-2025 14:57:00,6484.02,6484.35,6483.66,6484.03,0.00
27-08-2025 14:54:00,6484.88,6485.02,6484.07,6484.12,0.00
27-08-2025 14:51:00,6486.07,6486.35,6484.70,6484.85,0.00
27-08-2025 14:48:00,6486.00,6486.41,6485.96,6486.06,0.00
27-08-2025 14:45:00,6485.43,6486.40,6485.43,6485.98,0.00
27-08-2025 14:42:00,6485.28,6485.83,6485.06,6485.41,0.00
27-08-2025 14:39:00,6485.84,6485.92,6485.18,6485.26,0.00
27-08-2025 14:36:00,6485.85,6486.20,6485.01,6485.86,0.00
27-08-2025 14:33:00,6485.85,6486.42,6485.50,6485.80,0.00
27-08-2025 14:30:00,6486.51,6486.62,6485.56,6485.90,0.00
27-08-2025 14:27:00,6486.26,6487.03,6486.26,6486.52,0.00
27-08-2025 14:24:00,6486.90,6486.90,6485.76,6486.29,0.00
27-08-2025 14:21:00,6485.17,6486.88,6484.35,6486.88,0.00
27-08-2025 14:18:00,6486.11,6486.27,6485.06,6485.22,0.00
27-08-2025 14:15:00,6485.91,6486.95,6485.61,6486.17,0.00
27-08-2025 14:12:00,6481.69,6486.14,6481.52,6485.86,0.00
27-08-2025 14:09:00,6481.11,6481.79,6480.79,6481.60,0.00
27-08-2025 14:06:00,6479.84,6481.40,6479.56,6481.08,0.00
27-08-2025 14:03:00,6480.66,6480.86,6479.45,6479.83,0.00
27-08-2025 14:00:00,6481.10,6481.72,6480.43,6480.64,0.00
27-08-2025 13:57:00,6480.08,6481.49,6480.08,6481.17,0.00
27-08-2025 13:54:00,6480.70,6480.95,6480.04,6480.07,0.00
27-08-2025 13:51:00,6479.62,6480.99,6479.57,6480.71,0.00
27-08-2025 13:48:00,6479.92,6480.23,6479.25,6479.61,0.00
27-08-2025 13:45:00,6480.15,6480.69,6479.62,6479.93,0.00
27-08-2025 13:42:00,6480.24,6480.67,6479.61,6480.15,0.00
27-08-2025 13:39:00,6480.18,6480.77,6479.88,6480.23,0.00
27-08-2025 13:36:00,6479.94,6480.45,6479.65,6480.16,0.00
27-08-2025 13:33:00,6479.78,6480.15,6478.93,6479.91,0.00
27-08-2025 13:30:00,6478.17,6479.92,6478.15,6479.81,0.00
27-08-2025 13:27:00,6477.80,6478.82,6477.50,6478.17,0.00
27-08-2025 13:24:00,6477.83,6478.42,6477.44,6477.82,0.00
27-08-2025 13:21:00,6476.83,6478.10,6476.30,6477.87,0.00
27-08-2025 13:18:00,6476.89,6478.30,6476.88,6476.97,0.00
27-08-2025 13:15:00,6478.80,6478.88,6476.98,6476.98,0.00
27-08-2025 13:12:00,6478.42,6479.15,6478.22,6478.76,0.00
27-08-2025 13:09:00,6477.84,6478.48,6477.53,6478.40,0.00
27-08-2025 13:06:00,6477.58,6477.89,6476.95,6477.87,0.00
27-08-2025 13:03:00,6475.35,6477.68,6475.35,6477.55,0.00
27-08-2025 13:00:00,6476.90,6476.98,6474.44,6475.36,0.00
27-08-2025 12:57:00,6478.65,6478.82,6476.93,6476.93,0.00
27-08-2025 12:54:00,6478.01,6478.99,6476.82,6478.76,0.00
27-08-2025 12:51:00,6476.72,6478.01,6476.62,6478.00,0.00
27-08-2025 12:48:00,6474.62,6476.77,6474.49,6476.65,0.00
27-08-2025 12:45:00,6472.20,6474.52,6471.69,6474.51,0.00
27-08-2025 12:42:00,6473.10,6473.74,6472.40,6472.40,0.00
27-08-2025 12:39:00,6469.64,6473.02,6469.57,6473.02,0.00
27-08-2025 12:36:00,6473.41,6473.59,6468.09,6469.64,0.00
27-08-2025 12:33:00,6473.21,6473.49,6471.80,6473.44,0.00
27-08-2025 12:30:00,6473.14,6474.29,6472.66,6473.27,0.00
27-08-2025 12:27:00,6469.91,6473.05,6468.76,6473.05,0.00
27-08-2025 12:24:00,6473.62,6474.04,6469.60,6470.24,0.00
27-08-2025 12:21:00,6474.66,6475.64,6473.04,6473.64,0.00
27-08-2025 12:18:00,6477.15,6477.93,6474.62,6474.62,0.00
27-08-2025 12:15:00,6478.24,6478.41,6477.06,6477.21,0.00
27-08-2025 12:12:00,6479.09,6479.47,6477.68,6478.29,0.00
27-08-2025 12:09:00,6480.08,6480.09,6478.88,6479.15,0.00
27-08-2025 12:06:00,6478.85,6479.98,6478.81,6479.98,0.00
27-08-2025 12:03:00,6479.19,6479.45,6478.68,6478.83,0.00
27-08-2025 12:00:00,6479.51,6479.81,6478.95,6479.24,0.00
27-08-2025 11:57:00,6480.38,6480.69,6479.40,6479.47,0.00
27-08-2025 11:54:00,6479.51,6480.49,6478.81,6480.33,0.00
27-08-2025 11:51:00,6479.62,6479.71,6478.91,6479.56,0.00
27-08-2025 11:48:00,6478.98,6480.50,6478.76,6479.66,0.00
27-08-2025 11:45:00,6476.97,6479.16,6476.59,6479.01,0.00
27-08-2025 11:42:00,6475.59,6476.97,6475.58,6476.97,0.00
27-08-2025 11:39:00,6477.42,6478.77,6472.62,6475.62,0.00
27-08-2025 11:36:00,6477.39,6477.83,6476.90,6477.46,0.00
27-08-2025 11:33:00,6475.02,6477.57,6475.02,6477.40,0.00
27-08-2025 11:30:00,6476.96,6477.95,6475.02,6475.02,0.00
27-08-2025 11:27:00,6477.47,6477.54,6476.45,6476.92,0.00
27-08-2025 11:24:00,6479.27,6479.27,6477.12,6477.68,0.00
27-08-2025 11:21:00,6477.56,6479.33,6477.11,6479.24,0.00
27-08-2025 11:18:00,6478.36,6478.59,6477.12,6477.57,0.00
27-08-2025 11:15:00,6477.63,6478.80,6476.97,6478.38,0.00
27-08-2025 11:12:00,6477.91,6478.01,6476.57,6477.63,0.00
27-08-2025 11:09:00,6477.00,6478.76,6476.89,6477.93,0.00
27-08-2025 11:06:00,6475.79,6477.68,6475.74,6476.93,0.00
27-08-2025 11:03:00,6476.85,6477.49,6475.80,6475.82,0.00
27-08-2025 11:00:00,6475.56,6477.72,6475.56,6476.78,0.00
27-08-2025 10:57:00,6477.62,6477.62,6475.57,6475.57,0.00
27-08-2025 10:54:00,6476.64,6477.79,6476.15,6477.59,0.00
27-08-2025 10:51:00,6475.24,6476.99,6474.15,6476.62,0.00
27-08-2025 10:48:00,6474.05,6475.39,6473.41,6475.29,0.00
27-08-2025 10:45:00,6474.92,6475.28,6471.91,6473.96,0.00
27-08-2025 10:42:00,6474.78,6476.51,6474.55,6474.87,0.00
27-08-2025 10:39:00,6475.95,6476.53,6474.78,6474.78,0.00
27-08-2025 10:36:00,6477.51,6477.68,6475.28,6475.94,0.00
27-08-2025 10:33:00,6476.27,6477.68,6476.04,6477.49,0.00
27-08-2025 10:30:00,6474.89,6477.06,6474.53,6476.28,0.00
27-08-2025 10:27:00,6476.52,6476.76,6474.12,6474.85,0.00
27-08-2025 10:24:00,6474.73,6477.06,6474.66,6476.38,0.00
27-08-2025 10:21:00,6476.56,6477.24,6474.10,6474.62,0.00
27-08-2025 10:18:00,6473.01,6476.87,6472.71,6476.66,0.00
27-08-2025 10:15:00,6472.58,6474.36,6472.19,6472.87,0.00
27-08-2025 10:12:00,6470.08,6472.75,6469.31,6472.45,0.00
27-08-2025 10:09:00,6470.02,6470.70,6469.39,6470.11,0.00
27-08-2025 10:06:00,6470.02,6470.89,6468.91,6469.94,0.00
27-08-2025 10:03:00,6469.47,6470.35,6466.63,6469.90,0.00
27-08-2025 10:00:00,6468.24,6469.37,6467.24,6469.37,0.00
27-08-2025 09:57:00,6465.43,6467.85,6465.24,6467.64,0.00
27-08-2025 09:54:00,6465.99,6468.68,6464.69,6465.48,0.00
27-08-2025 09:51:00,6463.48,6465.92,6461.79,6465.84,0.00
27-08-2025 09:48:00,6467.86,6468.42,6461.65,6463.43,0.00
27-08-2025 09:45:00,6467.90,6468.18,6464.10,6468.08,0.00
27-08-2025 09:42:00,6467.20,6469.11,6464.13,6467.99,0.00
27-08-2025 09:39:00,6466.51,6469.04,6464.97,6467.15,0.00
27-08-2025 09:36:00,6462.93,6467.76,6462.93,6466.62,0.00
27-08-2025 09:33:00,6464.21,6465.62,6462.09,6463.79,0.00
27-08-2025 09:30:00,6462.26,6464.59,6457.84,6463.79,0.00
26-08-2025 16:39:00,6465.94,6465.94,6465.94,6465.94,0.00
26-08-2025 16:18:00,6465.94,6465.94,6465.94,6465.94,0.00
26-08-2025 16:15:00,6465.94,6465.94,6465.94,6465.94,0.00
26-08-2025 16:12:00,6465.94,6465.94,6465.94,6465.94,0.00
26-08-2025 16:09:00,6465.94,6465.94,6465.94,6465.94,0.00
26-08-2025 16:06:00,6465.94,6465.94,6465.94,6465.94,0.00
26-08-2025 16:03:00,6465.94,6465.94,6465.94,6465.94,0.00
26-08-2025 16:00:00,6465.91,6465.94,6465.86,6465.94,0.00
26-08-2025 15:57:00,6465.89,6468.37,6465.55,6465.70,0.00
26-08-2025 15:54:00,6463.94,6465.87,6460.19,6465.87,0.00
26-08-2025 15:51:00,6462.86,6464.74,6460.91,6463.99,0.00
26-08-2025 15:48:00,6454.95,6462.80,6454.71,6462.80,0.00
26-08-2025 15:45:00,6452.80,6455.37,6452.72,6454.96,0.00
26-08-2025 15:42:00,6453.50,6454.48,6452.49,6452.69,0.00
26-08-2025 15:39:00,6456.62,6456.78,6453.51,6453.75,0.00
26-08-2025 15:36:00,6458.80,6458.84,6456.58,6456.59,0.00
26-08-2025 15:33:00,6461.06,6461.22,6458.84,6458.84,0.00
26-08-2025 15:30:00,6459.05,6461.79,6458.48,6461.10,0.00
26-08-2025 15:27:00,6458.62,6459.61,6458.58,6459.08,0.00
26-08-2025 15:24:00,6458.83,6459.28,6457.09,6458.52,0.00
26-08-2025 15:21:00,6454.15,6460.17,6454.10,6458.85,0.00
26-08-2025 15:18:00,6452.03,6454.30,6451.95,6454.19,0.00
26-08-2025 15:15:00,6452.50,6453.04,6451.94,6452.07,0.00
26-08-2025 15:12:00,6451.68,6452.53,6451.27,6452.41,0.00
26-08-2025 15:09:00,6450.07,6451.95,6449.91,6451.73,0.00
26-08-2025 15:06:00,6450.03,6450.54,6449.95,6450.07,0.00
26-08-2025 15:03:00,6451.19,6451.42,6449.93,6450.05,0.00
26-08-2025 15:00:00,6452.43,6452.57,6451.26,6451.26,0.00
26-08-2025 14:57:00,6451.98,6453.35,6451.98,6452.40,0.00
26-08-2025 14:54:00,6450.56,6452.23,6450.56,6452.00,0.00
26-08-2025 14:51:00,6450.82,6451.15,6449.56,6450.55,0.00
26-08-2025 14:48:00,6449.80,6451.43,6449.65,6450.83,0.00
26-08-2025 14:45:00,6450.65,6450.85,6449.75,6449.82,0.00
26-08-2025 14:42:00,6450.98,6451.15,6450.24,6450.66,0.00
26-08-2025 14:39:00,6450.33,6451.85,6449.95,6451.01,0.00