SPY: Timestamp,SPY: Open,SPY: High,SPY: Low,SPY: Close,SPY: Volume
05-09-2025 15:57:00,646.57,647.26,646.33,647.21,800.27K
05-09-2025 15:54:00,646.26,646.95,646.15,646.58,574.34K
05-09-2025 15:51:00,646.68,646.71,646.20,646.25,410.62K
05-09-2025 15:48:00,646.62,646.90,646.44,646.68,410.20K
05-09-2025 15:45:00,646.69,646.97,646.57,646.60,212.70K
05-09-2025 15:42:00,646.87,646.92,646.48,646.68,189.93K
05-09-2025 15:39:00,646.82,646.97,646.70,646.87,131.23K
05-09-2025 15:36:00,646.96,647.18,646.74,646.82,229.55K
05-09-2025 15:33:00,646.43,647.01,646.39,646.96,203.28K
05-09-2025 15:30:00,647.12,647.18,646.39,646.42,242.47K
05-09-2025 15:27:00,647.27,647.37,647.05,647.11,112.35K
05-09-2025 15:24:00,647.18,647.40,647.18,647.28,164.95K
05-09-2025 15:21:00,647.00,647.21,646.87,647.18,128.34K
05-09-2025 15:18:00,647.00,647.13,646.87,646.96,203.18K
05-09-2025 15:15:00,646.71,647.26,646.68,647.00,252.23K
05-09-2025 15:12:00,646.70,646.76,646.61,646.70,123.72K
05-09-2025 15:09:00,646.57,646.75,646.53,646.70,108.53K
05-09-2025 15:06:00,646.45,646.77,646.42,646.56,220.85K
05-09-2025 15:03:00,646.04,646.49,646.04,646.45,219.21K
05-09-2025 15:00:00,646.27,646.28,645.91,646.03,195.83K
05-09-2025 14:57:00,646.05,646.31,646.00,646.31,190.93K
05-09-2025 14:54:00,646.06,646.10,645.85,646.05,117.12K
05-09-2025 14:51:00,646.10,646.13,645.89,646.05,111.51K
05-09-2025 14:48:00,646.15,646.30,646.03,646.11,71.96K
05-09-2025 14:45:00,646.09,646.15,645.93,646.14,79.08K
05-09-2025 14:42:00,645.95,646.12,645.86,646.08,92.34K
05-09-2025 14:39:00,646.07,646.17,645.88,645.96,78.74K
05-09-2025 14:36:00,645.84,646.22,645.78,646.09,133.63K
05-09-2025 14:33:00,646.21,646.21,645.82,645.83,136.68K
05-09-2025 14:30:00,645.71,646.28,645.71,646.21,158.63K
05-09-2025 14:27:00,645.33,645.77,645.33,645.71,132.84K
05-09-2025 14:24:00,645.78,645.80,645.26,645.29,117.95K
05-09-2025 14:21:00,645.89,645.94,645.63,645.77,118.89K
05-09-2025 14:18:00,645.65,645.99,645.64,645.89,119.24K
05-09-2025 14:15:00,645.44,645.69,645.38,645.63,187.84K
05-09-2025 14:12:00,645.30,645.44,645.01,645.43,118.66K
05-09-2025 14:09:00,645.06,645.35,645.01,645.30,62.46K
05-09-2025 14:06:00,645.32,645.34,644.91,645.07,95.91K
05-09-2025 14:03:00,645.03,645.32,644.90,645.32,73.84K
05-09-2025 14:00:00,645.14,645.42,644.97,645.04,222.57K
05-09-2025 13:57:00,644.90,645.25,644.76,645.12,140.01K
05-09-2025 13:54:00,645.22,645.25,644.86,644.94,96.80K
05-09-2025 13:51:00,645.19,645.31,644.93,645.24,65.54K
05-09-2025 13:48:00,645.21,645.26,644.94,645.19,98.38K
05-09-2025 13:45:00,645.26,645.45,645.00,645.20,164.03K
05-09-2025 13:42:00,645.31,645.31,644.61,645.24,296.45K
05-09-2025 13:39:00,645.60,645.73,645.25,645.32,122.34K
05-09-2025 13:36:00,645.95,645.96,645.35,645.63,121.19K
05-09-2025 13:33:00,645.79,646.05,645.71,645.97,67.92K
05-09-2025 13:30:00,645.87,646.04,645.66,645.80,119.32K
05-09-2025 13:27:00,646.12,646.26,645.80,645.86,103.82K
05-09-2025 13:24:00,646.44,646.54,646.08,646.10,100.76K
05-09-2025 13:21:00,646.16,646.51,646.07,646.43,127.17K
05-09-2025 13:18:00,646.34,646.41,645.99,646.17,117.86K
05-09-2025 13:15:00,646.23,646.51,646.18,646.35,124.65K
05-09-2025 13:12:00,646.19,646.37,646.03,646.24,95.63K
05-09-2025 13:09:00,645.70,646.25,645.70,646.18,108.19K
05-09-2025 13:06:00,645.43,645.86,645.37,645.71,120.87K
05-09-2025 13:03:00,645.86,646.01,645.42,645.45,97.40K
05-09-2025 13:00:00,646.47,646.47,645.78,645.81,100.81K
05-09-2025 12:57:00,646.06,646.46,645.96,646.46,89.25K
05-09-2025 12:54:00,645.63,646.07,645.57,646.07,113.99K
05-09-2025 12:51:00,645.58,645.90,645.45,645.62,85.16K
05-09-2025 12:48:00,645.59,645.97,645.47,645.54,111.98K
05-09-2025 12:45:00,646.15,646.39,645.58,645.59,130.13K
05-09-2025 12:42:00,646.17,646.20,645.82,646.20,84.82K
05-09-2025 12:39:00,645.64,646.20,645.42,646.20,131.57K
05-09-2025 12:36:00,645.45,645.72,645.23,645.69,122.57K
05-09-2025 12:33:00,645.84,645.84,645.34,645.43,93.67K
05-09-2025 12:30:00,645.74,645.97,645.53,645.90,107.70K
05-09-2025 12:27:00,646.04,646.10,645.63,645.73,94.33K
05-09-2025 12:24:00,645.87,646.24,645.74,646.03,85.24K
05-09-2025 12:21:00,646.31,646.39,645.50,645.91,127.44K
05-09-2025 12:18:00,646.06,646.44,645.92,646.33,145.22K
05-09-2025 12:15:00,646.66,646.75,646.04,646.04,124.50K
05-09-2025 12:12:00,646.32,646.74,646.31,646.66,185.24K
05-09-2025 12:09:00,646.01,646.38,645.93,646.31,177.31K
05-09-2025 12:06:00,645.74,646.02,645.37,646.01,156.50K
05-09-2025 12:03:00,645.64,645.79,645.29,645.76,106.40K
05-09-2025 12:00:00,645.67,646.04,645.49,645.64,151.13K
05-09-2025 11:57:00,646.22,646.24,645.34,645.67,244.42K
05-09-2025 11:54:00,645.85,646.28,645.67,646.25,197.43K
05-09-2025 11:51:00,645.83,646.14,645.80,645.88,120.98K
05-09-2025 11:48:00,646.21,646.44,645.76,645.79,136.55K
05-09-2025 11:45:00,646.75,646.75,645.85,646.23,258.58K
05-09-2025 11:42:00,646.58,646.90,646.56,646.75,192.71K
05-09-2025 11:39:00,646.48,646.66,646.26,646.58,157.69K
05-09-2025 11:36:00,646.37,646.64,646.33,646.49,144.49K
05-09-2025 11:33:00,645.75,646.38,645.72,646.36,193.33K
05-09-2025 11:30:00,646.21,646.38,645.60,645.75,212.36K
05-09-2025 11:27:00,645.53,646.28,645.48,646.20,217.34K
05-09-2025 11:24:00,645.64,645.85,645.35,645.53,224.99K
05-09-2025 11:21:00,645.31,645.72,645.02,645.65,213.37K
05-09-2025 11:18:00,644.98,645.38,644.67,645.33,214.88K
05-09-2025 11:15:00,644.87,645.33,644.84,644.99,235.63K
05-09-2025 11:12:00,644.10,644.93,643.69,644.87,225.63K
05-09-2025 11:09:00,644.06,644.17,643.33,644.15,302.17K
05-09-2025 11:06:00,644.35,644.72,643.82,644.05,216.13K
05-09-2025 11:03:00,643.80,644.52,643.79,644.37,247.74K
05-09-2025 11:00:00,644.11,644.54,643.74,643.75,349.49K
05-09-2025 10:57:00,645.13,645.40,644.09,644.17,298.68K
05-09-2025 10:54:00,645.55,645.98,645.06,645.14,420.71K
05-09-2025 10:51:00,644.24,645.59,644.24,645.58,493.94K
05-09-2025 10:48:00,644.90,644.91,644.18,644.23,327.85K
05-09-2025 10:45:00,645.20,645.20,644.57,644.96,277.93K
05-09-2025 10:42:00,645.16,645.57,644.90,645.18,339.59K
05-09-2025 10:39:00,645.69,646.00,645.02,645.15,322.83K
05-09-2025 10:36:00,645.54,646.15,645.38,645.71,317.61K
05-09-2025 10:33:00,646.08,646.59,645.48,645.50,374.04K
05-09-2025 10:30:00,646.52,646.66,646.05,646.05,325.10K
05-09-2025 10:27:00,646.58,647.18,646.05,646.57,458.74K
05-09-2025 10:24:00,647.23,647.29,646.45,646.58,443.01K
05-09-2025 10:21:00,648.27,648.27,646.86,647.23,400.15K
05-09-2025 10:18:00,648.56,648.59,647.48,648.27,482.82K
05-09-2025 10:15:00,648.97,649.08,648.33,648.55,366.08K
05-09-2025 10:12:00,649.47,649.65,648.95,648.96,270.92K
05-09-2025 10:09:00,649.79,649.95,649.38,649.50,313.80K
05-09-2025 10:06:00,650.02,650.11,649.74,649.82,265.25K
05-09-2025 10:03:00,650.23,650.56,649.91,650.02,236.78K
05-09-2025 10:00:00,651.10,651.10,649.83,650.25,349.83K
05-09-2025 09:57:00,650.93,651.10,650.54,651.07,186.20K
05-09-2025 09:54:00,651.35,651.38,650.67,650.94,436.27K
05-09-2025 09:51:00,651.97,652.05,650.86,651.38,400.63K
05-09-2025 09:48:00,651.29,652.21,651.16,651.97,324.79K
05-09-2025 09:45:00,652.07,652.16,651.13,651.27,321.79K
05-09-2025 09:42:00,651.77,652.15,651.77,652.06,238.65K
05-09-2025 09:39:00,651.44,652.00,651.39,651.77,259.62K
05-09-2025 09:36:00,651.72,651.77,651.35,651.45,272.45K
05-09-2025 09:33:00,651.86,651.99,651.44,651.73,290.97K
05-09-2025 09:30:00,651.47,652.18,651.39,651.87,633.96K
04-09-2025 15:57:00,648.89,649.15,648.76,649.00,1.22M
04-09-2025 15:54:00,648.53,648.89,648.51,648.89,663.56K
04-09-2025 15:51:00,648.25,648.54,648.20,648.53,471.48K
04-09-2025 15:48:00,648.13,648.29,647.96,648.25,362.82K
04-09-2025 15:45:00,648.27,648.27,648.08,648.13,199.13K
04-09-2025 15:42:00,648.20,648.32,648.16,648.28,166.17K
04-09-2025 15:39:00,648.01,648.29,647.96,648.20,174.42K
04-09-2025 15:36:00,647.90,648.06,647.88,648.02,127.54K
04-09-2025 15:33:00,647.92,647.95,647.86,647.90,92.10K
04-09-2025 15:30:00,647.89,647.94,647.81,647.89,170.29K
04-09-2025 15:27:00,648.08,648.12,647.89,647.91,104.50K
04-09-2025 15:24:00,648.12,648.16,648.05,648.08,62.96K
04-09-2025 15:21:00,648.18,648.19,648.03,648.12,161.91K
04-09-2025 15:18:00,648.10,648.20,647.97,648.19,113.50K
04-09-2025 15:15:00,648.16,648.21,648.04,648.10,147.42K
04-09-2025 15:12:00,647.89,648.25,647.88,648.17,241.18K
04-09-2025 15:09:00,647.85,647.93,647.75,647.90,157.61K
04-09-2025 15:06:00,647.75,647.85,647.71,647.85,122.83K
04-09-2025 15:03:00,647.66,647.81,647.60,647.75,96.05K
04-09-2025 15:00:00,647.62,647.74,647.60,647.67,124.45K
04-09-2025 14:57:00,647.61,647.66,647.54,647.63,77.95K
04-09-2025 14:54:00,647.62,647.67,647.53,647.61,97.65K
04-09-2025 14:51:00,647.60,647.67,647.52,647.62,94.01K
04-09-2025 14:48:00,647.38,647.62,647.38,647.59,147.51K
04-09-2025 14:45:00,647.26,647.40,647.25,647.38,59.36K
04-09-2025 14:42:00,647.48,647.48,647.24,647.24,64.62K
04-09-2025 14:39:00,647.40,647.49,647.30,647.48,48.48K
04-09-2025 14:36:00,647.42,647.45,647.35,647.39,101.44K
04-09-2025 14:33:00,647.38,647.49,647.38,647.43,52.18K
04-09-2025 14:30:00,647.23,647.40,647.08,647.38,89.72K
04-09-2025 14:27:00,647.25,647.34,647.21,647.23,93.08K
04-09-2025 14:24:00,647.33,647.40,647.25,647.25,59.98K
04-09-2025 14:21:00,647.36,647.40,647.28,647.34,68.06K
04-09-2025 14:18:00,647.48,647.49,647.34,647.37,96.82K
04-09-2025 14:15:00,647.42,647.61,647.42,647.47,100.01K
04-09-2025 14:12:00,647.34,647.44,647.31,647.42,59.20K
04-09-2025 14:09:00,647.19,647.42,647.19,647.34,77.06K
04-09-2025 14:06:00,647.25,647.29,647.16,647.21,42.05K
04-09-2025 14:03:00,647.25,647.34,647.18,647.25,75.50K
04-09-2025 14:00:00,647.14,647.38,647.13,647.26,97.87K
04-09-2025 13:57:00,647.13,647.17,647.06,647.14,95.19K
04-09-2025 13:54:00,647.44,647.46,647.12,647.12,145.09K
04-09-2025 13:51:00,647.07,647.46,647.05,647.44,133.99K
04-09-2025 13:48:00,646.96,647.11,646.92,647.07,91.51K
04-09-2025 13:45:00,646.83,646.98,646.78,646.96,52.52K
04-09-2025 13:42:00,646.89,646.89,646.79,646.82,55.05K
04-09-2025 13:39:00,646.65,646.90,646.65,646.88,100.01K
04-09-2025 13:36:00,646.73,646.85,646.60,646.65,75.01K
04-09-2025 13:33:00,646.69,646.75,646.59,646.74,98.89K
04-09-2025 13:30:00,646.84,646.92,646.64,646.69,105.29K
04-09-2025 13:27:00,646.83,646.97,646.79,646.86,101.02K
04-09-2025 13:24:00,646.78,646.84,646.74,646.83,43.29K
04-09-2025 13:21:00,646.67,646.87,646.63,646.77,62.93K
04-09-2025 13:18:00,646.58,646.72,646.58,646.68,59.60K
04-09-2025 13:15:00,646.37,646.61,646.35,646.58,60.48K
04-09-2025 13:12:00,646.40,646.49,646.30,646.35,60.59K
04-09-2025 13:09:00,646.71,646.72,646.32,646.39,111.65K
04-09-2025 13:06:00,646.49,646.79,646.43,646.71,105.53K
04-09-2025 13:03:00,646.38,646.57,646.32,646.50,90.25K
04-09-2025 13:00:00,645.95,646.43,645.92,646.39,89.77K
04-09-2025 12:57:00,646.29,646.29,645.93,645.94,83.17K
04-09-2025 12:54:00,646.32,646.48,646.24,646.30,63.02K
04-09-2025 12:51:00,646.38,646.39,646.17,646.32,55.95K
04-09-2025 12:48:00,646.13,646.46,646.13,646.38,90.48K
04-09-2025 12:45:00,645.97,646.15,645.93,646.13,59.95K
04-09-2025 12:42:00,645.90,646.00,645.82,645.99,64.09K
04-09-2025 12:39:00,646.13,646.13,645.81,645.89,62.20K
04-09-2025 12:36:00,646.00,646.17,645.91,646.12,64.55K
04-09-2025 12:33:00,646.04,646.07,645.92,646.00,48.50K
04-09-2025 12:30:00,645.93,646.14,645.88,646.03,74.99K
04-09-2025 12:27:00,646.11,646.13,645.83,645.95,91.01K
04-09-2025 12:24:00,646.23,646.26,646.10,646.12,76.64K
04-09-2025 12:21:00,646.50,646.50,646.20,646.22,59.30K
04-09-2025 12:18:00,646.40,646.51,646.35,646.50,69.00K
04-09-2025 12:15:00,646.43,646.45,646.26,646.39,41.79K
04-09-2025 12:12:00,646.44,646.50,646.37,646.41,55.36K
04-09-2025 12:09:00,646.34,646.56,646.34,646.41,84.37K
04-09-2025 12:06:00,646.36,646.39,646.21,646.33,61.93K
04-09-2025 12:03:00,646.27,646.39,646.20,646.35,43.21K
04-09-2025 12:00:00,646.18,646.39,646.14,646.28,71.26K
04-09-2025 11:57:00,646.41,646.53,646.17,646.17,99.94K
04-09-2025 11:54:00,646.38,646.59,646.31,646.40,117.94K
04-09-2025 11:51:00,646.20,646.42,646.19,646.38,95.80K
04-09-2025 11:48:00,646.08,646.30,646.05,646.17,62.87K
04-09-2025 11:45:00,646.04,646.21,645.98,646.07,71.38K
04-09-2025 11:42:00,645.94,646.31,645.94,646.05,72.24K
04-09-2025 11:39:00,645.88,646.11,645.88,645.93,57.10K
04-09-2025 11:36:00,646.03,646.10,645.82,645.87,90.04K
04-09-2025 11:33:00,645.98,646.23,645.95,646.03,87.89K
04-09-2025 11:30:00,646.23,646.26,645.91,645.98,101.84K
04-09-2025 11:27:00,646.24,646.43,646.21,646.21,168.26K
04-09-2025 11:24:00,646.03,646.25,646.00,646.23,96.76K
04-09-2025 11:21:00,645.92,646.25,645.92,646.03,104.53K
04-09-2025 11:18:00,646.03,646.04,645.87,645.92,103.30K
04-09-2025 11:15:00,645.52,646.05,645.52,646.04,120.48K
04-09-2025 11:12:00,645.34,645.59,645.32,645.51,89.98K
04-09-2025 11:09:00,645.75,645.87,645.31,645.33,126.53K
04-09-2025 11:06:00,645.77,645.88,645.63,645.75,82.00K
04-09-2025 11:03:00,645.83,645.85,645.60,645.76,104.51K
04-09-2025 11:00:00,645.65,645.87,645.59,645.84,139.25K
04-09-2025 10:57:00,645.41,645.67,645.31,645.64,65.65K
04-09-2025 10:54:00,645.56,645.64,645.31,645.39,51.57K
04-09-2025 10:51:00,645.72,645.73,645.29,645.56,99.44K
04-09-2025 10:48:00,645.59,645.74,645.54,645.73,98.27K
04-09-2025 10:45:00,645.35,645.63,645.26,645.59,123.56K
04-09-2025 10:42:00,645.57,645.59,645.25,645.35,134.66K
04-09-2025 10:39:00,645.68,645.72,645.43,645.58,192.74K
04-09-2025 10:36:00,645.27,645.78,645.11,645.70,230.10K
04-09-2025 10:33:00,645.30,645.30,644.96,645.27,143.02K
04-09-2025 10:30:00,644.87,645.36,644.84,645.29,189.89K
04-09-2025 10:27:00,644.70,644.89,644.57,644.89,119.44K
04-09-2025 10:24:00,644.72,645.10,644.61,644.69,217.85K
04-09-2025 10:21:00,644.29,644.70,644.17,644.70,134.57K
04-09-2025 10:18:00,643.88,644.30,643.74,644.29,149.74K
04-09-2025 10:15:00,643.93,643.95,643.51,643.88,182.15K
04-09-2025 10:12:00,644.18,644.50,643.90,643.90,180.93K
04-09-2025 10:09:00,643.95,644.17,643.80,644.16,196.51K
04-09-2025 10:06:00,644.03,644.24,643.90,643.92,193.51K
04-09-2025 10:03:00,644.54,644.62,643.82,644.04,334.48K
04-09-2025 10:00:00,644.89,645.02,644.43,644.53,160.33K
04-09-2025 09:57:00,645.04,645.13,644.85,644.85,83.04K
04-09-2025 09:54:00,644.86,645.10,644.67,645.05,103.76K
04-09-2025 09:51:00,644.93,645.15,644.75,644.85,132.19K
04-09-2025 09:48:00,645.16,645.22,644.48,644.95,293.94K
04-09-2025 09:45:00,645.04,645.27,644.84,645.16,243.06K
04-09-2025 09:42:00,644.79,645.08,644.62,645.05,128.97K
04-09-2025 09:39:00,644.58,645.15,644.58,644.77,188.14K
04-09-2025 09:36:00,645.08,645.25,644.57,644.58,204.62K
04-09-2025 09:33:00,644.50,645.30,644.44,645.07,232.09K
04-09-2025 09:30:00,644.42,644.67,644.19,644.49,237.37K
03-09-2025 15:57:00,643.17,643.73,642.97,643.65,1.21M
03-09-2025 15:54:00,642.91,643.27,642.87,643.16,828.12K
03-09-2025 15:51:00,642.67,643.03,642.65,642.92,478.00K
03-09-2025 15:48:00,642.43,642.87,642.34,642.66,514.82K
03-09-2025 15:45:00,642.20,642.47,642.02,642.44,386.98K
03-09-2025 15:42:00,641.91,642.29,641.86,642.20,241.55K
03-09-2025 15:39:00,641.73,641.96,641.68,641.93,188.56K
03-09-2025 15:36:00,641.62,641.84,641.52,641.76,152.46K
03-09-2025 15:33:00,641.29,641.84,641.23,641.63,216.64K
03-09-2025 15:30:00,641.03,641.41,641.01,641.29,115.08K
03-09-2025 15:27:00,641.08,641.20,640.99,641.03,81.77K
03-09-2025 15:24:00,640.98,641.18,640.97,641.07,97.83K
03-09-2025 15:21:00,640.87,641.11,640.86,640.99,105.91K
03-09-2025 15:18:00,640.75,641.00,640.73,640.87,186.88K
03-09-2025 15:15:00,640.74,640.91,640.67,640.75,159.16K
03-09-2025 15:12:00,640.76,640.90,640.67,640.74,61.96K
03-09-2025 15:09:00,640.85,640.98,640.66,640.75,55.59K
03-09-2025 15:06:00,640.97,641.14,640.78,640.83,105.89K
03-09-2025 15:03:00,640.93,641.04,640.80,640.99,78.95K
03-09-2025 15:00:00,640.88,640.93,640.56,640.93,162.10K
03-09-2025 14:57:00,640.96,640.97,640.72,640.89,122.33K
03-09-2025 14:54:00,641.03,641.05,640.89,640.94,59.35K
03-09-2025 14:51:00,640.87,641.12,640.80,641.00,109.07K
03-09-2025 14:48:00,641.04,641.07,640.79,640.82,104.41K
03-09-2025 14:45:00,641.09,641.28,641.00,641.06,114.03K
03-09-2025 14:42:00,640.71,641.16,640.70,641.10,149.28K
03-09-2025 14:39:00,640.63,640.80,640.46,640.72,145.27K
03-09-2025 14:36:00,640.93,640.95,640.54,640.61,79.78K
03-09-2025 14:33:00,640.79,641.04,640.77,640.94,123.60K
03-09-2025 14:30:00,641.11,641.11,640.67,640.77,99.43K
03-09-2025 14:27:00,641.16,641.29,641.03,641.12,59.14K
03-09-2025 14:24:00,641.07,641.23,640.80,641.19,76.60K
03-09-2025 14:21:00,640.86,641.13,640.76,641.06,84.64K
03-09-2025 14:18:00,641.10,641.16,640.85,640.85,67.42K
03-09-2025 14:15:00,641.05,641.13,640.78,641.08,102.24K
03-09-2025 14:12:00,640.85,641.19,640.73,641.07,91.03K
03-09-2025 14:09:00,640.80,641.00,640.77,640.86,104.97K
03-09-2025 14:06:00,640.74,641.09,640.64,640.77,131.45K
03-09-2025 14:03:00,641.03,641.03,640.71,640.71,114.16K
03-09-2025 14:00:00,640.98,641.14,640.54,641.02,206.02K
03-09-2025 13:57:00,640.83,641.06,640.83,640.98,134.92K
03-09-2025 13:54:00,641.26,641.33,640.70,640.83,97.75K
03-09-2025 13:51:00,641.19,641.68,641.19,641.25,89.28K
03-09-2025 13:48:00,641.27,641.46,641.14,641.21,112.73K
03-09-2025 13:45:00,641.24,641.34,640.63,641.28,365.55K
03-09-2025 13:42:00,641.54,641.66,641.18,641.21,177.11K
03-09-2025 13:39:00,641.98,642.00,641.52,641.53,102.95K
03-09-2025 13:36:00,642.02,642.14,641.83,641.98,60.47K
03-09-2025 13:33:00,642.34,642.42,641.96,642.05,74.04K
03-09-2025 13:30:00,642.26,642.43,642.19,642.35,80.58K
03-09-2025 13:27:00,642.07,642.32,642.07,642.27,54.01K
03-09-2025 13:24:00,642.50,642.52,641.95,642.05,86.06K
03-09-2025 13:21:00,642.59,642.59,642.41,642.49,54.08K
03-09-2025 13:18:00,642.76,642.82,642.53,642.62,67.48K
03-09-2025 13:15:00,642.56,642.85,642.56,642.76,48.62K
03-09-2025 13:12:00,642.65,642.78,642.52,642.56,118.25K
03-09-2025 13:09:00,642.25,642.68,642.13,642.65,95.81K
03-09-2025 13:06:00,642.28,642.31,642.10,642.27,57.69K
03-09-2025 13:03:00,642.10,642.29,642.03,642.26,94.25K
03-09-2025 13:00:00,641.82,642.16,641.82,642.05,89.33K
03-09-2025 12:57:00,641.93,642.11,641.78,641.82,113.66K
03-09-2025 12:54:00,641.55,641.99,641.48,641.92,223.90K
03-09-2025 12:51:00,641.50,641.69,641.43,641.55,86.92K
03-09-2025 12:48:00,641.88,641.99,641.49,641.50,164.38K
03-09-2025 12:45:00,641.84,642.03,641.67,641.89,113.80K
03-09-2025 12:42:00,641.97,642.16,641.82,641.86,60.06K
03-09-2025 12:39:00,642.11,642.18,641.71,642.01,169.38K
03-09-2025 12:36:00,642.29,642.43,642.11,642.13,67.64K
03-09-2025 12:33:00,642.47,642.49,642.23,642.30,51.89K
03-09-2025 12:30:00,642.44,642.51,642.28,642.49,48.64K
03-09-2025 12:27:00,642.63,642.74,642.40,642.43,66.45K
03-09-2025 12:24:00,642.68,642.76,642.24,642.64,93.75K
03-09-2025 12:21:00,642.92,643.13,642.67,642.67,102.03K
03-09-2025 12:18:00,642.29,642.93,642.27,642.92,100.29K
03-09-2025 12:15:00,642.30,642.37,642.17,642.32,44.97K
03-09-2025 12:12:00,642.29,642.38,642.25,642.32,50.72K
03-09-2025 12:09:00,642.51,642.61,642.23,642.28,71.64K
03-09-2025 12:06:00,642.16,642.55,642.09,642.50,84.21K
03-09-2025 12:03:00,642.25,642.30,642.00,642.18,131.44K
03-09-2025 12:00:00,642.38,642.54,642.19,642.25,77.95K
03-09-2025 11:57:00,642.37,642.41,642.13,642.38,82.93K
03-09-2025 11:54:00,642.38,642.63,642.33,642.40,72.02K
03-09-2025 11:51:00,642.65,642.85,642.33,642.35,69.97K
03-09-2025 11:48:00,642.62,642.68,642.34,642.66,82.52K
03-09-2025 11:45:00,642.72,642.83,642.42,642.62,112.14K
03-09-2025 11:42:00,642.86,642.90,642.73,642.73,59.95K
03-09-2025 11:39:00,642.58,642.97,642.58,642.88,111.54K
03-09-2025 11:36:00,642.54,642.72,642.37,642.59,159.07K
03-09-2025 11:33:00,642.26,642.67,642.18,642.55,176.06K
03-09-2025 11:30:00,642.43,642.68,642.13,642.27,221.30K
03-09-2025 11:27:00,642.83,642.96,642.30,642.43,292.97K
03-09-2025 11:24:00,643.13,643.36,642.78,642.83,167.36K
03-09-2025 11:21:00,643.40,643.45,643.00,643.13,177.45K
03-09-2025 11:18:00,643.41,643.58,643.40,643.41,83.59K
03-09-2025 11:15:00,643.62,643.68,643.38,643.42,137.01K
03-09-2025 11:12:00,643.90,643.92,643.51,643.63,117.95K
03-09-2025 11:09:00,643.84,644.06,643.81,643.89,67.94K
03-09-2025 11:06:00,644.03,644.21,643.74,643.79,129.23K
03-09-2025 11:03:00,643.99,644.12,643.86,644.03,116.28K
03-09-2025 11:00:00,643.96,644.12,643.83,643.99,131.19K
03-09-2025 10:57:00,643.87,644.07,643.86,643.97,106.81K
03-09-2025 10:54:00,643.78,643.98,643.74,643.85,112.81K
03-09-2025 10:51:00,644.05,644.16,643.78,643.78,151.80K
03-09-2025 10:48:00,643.99,644.13,643.87,644.05,139.13K
03-09-2025 10:45:00,643.68,644.04,643.58,644.00,162.03K
03-09-2025 10:42:00,643.51,643.88,643.41,643.69,231.34K
03-09-2025 10:39:00,643.17,643.56,643.17,643.51,155.54K
03-09-2025 10:36:00,643.14,643.32,643.05,643.19,143.53K
03-09-2025 10:33:00,643.14,643.27,643.02,643.12,143.96K
03-09-2025 10:30:00,642.36,643.18,642.34,643.14,170.72K
03-09-2025 10:27:00,643.12,643.18,642.32,642.36,166.13K
03-09-2025 10:24:00,642.86,643.22,642.75,643.13,123.92K
03-09-2025 10:21:00,642.93,642.96,642.60,642.85,153.76K
03-09-2025 10:18:00,642.08,642.94,642.07,642.93,208.83K
03-09-2025 10:15:00,641.62,642.14,641.62,642.03,196.97K
03-09-2025 10:12:00,642.51,642.51,641.59,641.62,272.72K
03-09-2025 10:09:00,642.55,642.77,642.38,642.49,181.62K
03-09-2025 10:06:00,642.38,642.89,642.26,642.54,142.69K
03-09-2025 10:03:00,642.46,642.86,642.33,642.35,228.16K
03-09-2025 10:00:00,642.00,642.64,641.74,642.45,274.69K
03-09-2025 09:57:00,642.16,642.31,641.83,641.94,164.70K
03-09-2025 09:54:00,642.35,642.51,641.98,642.16,212.79K
03-09-2025 09:51:00,642.61,643.05,642.26,642.30,169.12K
03-09-2025 09:48:00,642.58,642.69,642.12,642.61,220.70K
03-09-2025 09:45:00,643.02,643.10,642.41,642.57,248.70K
03-09-2025 09:42:00,642.84,643.13,642.53,643.00,158.57K
03-09-2025 09:39:00,642.94,643.09,642.52,642.85,286.39K
03-09-2025 09:36:00,643.04,643.17,642.65,642.92,252.21K
03-09-2025 09:33:00,642.75,643.23,642.73,643.01,325.74K
03-09-2025 09:30:00,642.67,642.97,642.41,642.75,496.60K
02-09-2025 15:57:00,640.41,640.49,639.92,640.31,1.24M
02-09-2025 15:54:00,639.93,640.41,639.92,640.40,747.63K
02-09-2025 15:51:00,639.99,640.15,639.92,639.93,622.37K
02-09-2025 15:48:00,639.40,640.17,639.36,640.00,559.45K
02-09-2025 15:45:00,639.58,639.64,639.31,639.41,254.63K
02-09-2025 15:42:00,639.71,639.86,639.45,639.59,281.32K
02-09-2025 15:39:00,639.58,639.73,639.48,639.72,242.59K
02-09-2025 15:36:00,639.32,639.59,639.32,639.57,211.66K
02-09-2025 15:33:00,639.34,639.46,639.06,639.32,219.21K
02-09-2025 15:30:00,639.13,639.37,639.04,639.34,185.46K
02-09-2025 15:27:00,639.09,639.24,638.98,639.14,152.86K
02-09-2025 15:24:00,638.99,639.09,638.74,639.09,113.69K
02-09-2025 15:21:00,639.19,639.25,638.96,638.99,142.73K
02-09-2025 15:18:00,638.86,639.31,638.85,639.20,204.72K
02-09-2025 15:15:00,638.76,638.90,638.64,638.87,140.59K
02-09-2025 15:12:00,638.38,638.80,638.38,638.76,116.71K
02-09-2025 15:09:00,638.50,638.55,638.33,638.37,60.14K
02-09-2025 15:06:00,638.35,638.58,638.33,638.52,74.55K
02-09-2025 15:03:00,638.45,638.49,638.08,638.34,138.02K
02-09-2025 15:00:00,638.05,638.58,638.04,638.46,120.56K
02-09-2025 14:57:00,638.36,638.38,637.92,638.05,88.72K
02-09-2025 14:54:00,638.55,638.62,638.10,638.36,192.42K
02-09-2025 14:51:00,638.48,638.93,638.38,638.55,252.63K
02-09-2025 14:48:00,637.50,638.51,637.50,638.50,251.34K
02-09-2025 14:45:00,637.51,637.66,637.39,637.48,71.54K
02-09-2025 14:42:00,637.47,637.53,637.32,637.53,74.31K
02-09-2025 14:39:00,637.62,637.67,637.38,637.47,81.63K
02-09-2025 14:36:00,637.57,637.68,637.47,637.66,132.75K
02-09-2025 14:33:00,637.77,637.89,637.52,637.57,98.08K
02-09-2025 14:30:00,637.72,638.09,637.70,637.80,99.03K
02-09-2025 14:27:00,637.81,637.88,637.65,637.73,78.97K
02-09-2025 14:24:00,638.00,638.09,637.81,637.81,55.63K
02-09-2025 14:21:00,637.99,638.21,637.92,637.99,101.19K
02-09-2025 14:18:00,638.05,638.05,637.73,638.00,83.88K
02-09-2025 14:15:00,638.12,638.18,637.94,638.06,71.38K
02-09-2025 14:12:00,638.17,638.29,638.06,638.08,96.04K
02-09-2025 14:09:00,638.21,638.33,637.98,638.21,104.56K
02-09-2025 14:06:00,638.24,638.41,638.07,638.20,64.89K
02-09-2025 14:03:00,638.63,638.67,638.23,638.24,111.97K
02-09-2025 14:00:00,638.33,638.81,638.29,638.62,95.81K
02-09-2025 13:57:00,638.51,638.60,638.34,638.35,104.54K
02-09-2025 13:54:00,638.72,638.77,638.44,638.51,133.79K
02-09-2025 13:51:00,638.87,639.03,638.61,638.73,140.12K
02-09-2025 13:48:00,638.90,638.99,638.71,638.90,113.79K
02-09-2025 13:45:00,638.84,638.93,638.66,638.91,122.72K
02-09-2025 13:42:00,638.80,638.95,638.58,638.85,130.23K
02-09-2025 13:39:00,638.46,638.88,638.45,638.79,194.55K
02-09-2025 13:36:00,638.30,638.52,638.26,638.46,149.89K
02-09-2025 13:33:00,638.13,638.38,637.97,638.31,138.61K
02-09-2025 13:30:00,637.63,638.14,637.63,638.14,142.17K
02-09-2025 13:27:00,637.74,637.85,637.46,637.63,119.47K
02-09-2025 13:24:00,637.23,637.76,637.19,637.75,194.14K
02-09-2025 13:21:00,636.93,637.24,636.89,637.23,95.97K
02-09-2025 13:18:00,636.71,637.02,636.71,636.92,88.71K
02-09-2025 13:15:00,636.71,636.92,636.66,636.69,52.61K
02-09-2025 13:12:00,636.74,636.79,636.53,636.72,81.09K
02-09-2025 13:09:00,637.17,637.17,636.70,636.74,101.74K
02-09-2025 13:06:00,637.10,637.28,637.01,637.15,82.08K
02-09-2025 13:03:00,637.04,637.15,636.90,637.12,111.82K
02-09-2025 13:00:00,636.94,637.12,636.89,637.04,169.05K
02-09-2025 12:57:00,636.83,636.94,636.73,636.94,113.14K
02-09-2025 12:54:00,636.39,636.97,636.32,636.85,116.44K
02-09-2025 12:51:00,636.20,636.48,636.15,636.39,110.60K
02-09-2025 12:48:00,636.02,636.22,635.68,636.22,156.99K
02-09-2025 12:45:00,636.13,636.26,636.01,636.01,83.35K
02-09-2025 12:42:00,636.16,636.50,636.06,636.14,156.18K
02-09-2025 12:39:00,635.77,636.19,635.72,636.17,121.30K
02-09-2025 12:36:00,635.83,636.12,635.72,635.77,69.41K
02-09-2025 12:33:00,635.65,635.86,635.62,635.83,61.97K
02-09-2025 12:30:00,635.61,635.87,635.61,635.66,72.90K
02-09-2025 12:27:00,635.80,635.91,635.56,635.61,69.34K
02-09-2025 12:24:00,635.80,635.89,635.56,635.80,110.12K
02-09-2025 12:21:00,635.97,636.07,635.79,635.79,74.44K
02-09-2025 12:18:00,635.82,636.00,635.75,635.98,84.81K
02-09-2025 12:15:00,635.56,635.96,635.56,635.83,191.72K
02-09-2025 12:12:00,635.34,635.69,635.34,635.57,124.20K
02-09-2025 12:09:00,635.21,635.48,635.09,635.33,130.76K
02-09-2025 12:06:00,635.21,635.48,635.09,635.20,80.16K
02-09-2025 12:03:00,635.21,635.28,635.03,635.19,108.96K
02-09-2025 12:00:00,635.21,635.61,635.18,635.22,132.01K
02-09-2025 11:57:00,635.26,635.27,634.92,635.22,125.21K
02-09-2025 11:54:00,634.99,635.57,634.98,635.26,196.36K
02-09-2025 11:51:00,635.16,635.27,634.96,634.98,189.18K
02-09-2025 11:48:00,635.52,635.58,635.15,635.15,161.63K
02-09-2025 11:45:00,635.49,635.74,635.46,635.51,90.69K
02-09-2025 11:42:00,635.58,635.63,635.42,635.48,56.19K
02-09-2025 11:39:00,635.62,635.77,635.45,635.60,105.39K
02-09-2025 11:36:00,635.72,635.85,635.50,635.62,177.03K
02-09-2025 11:33:00,636.30,636.40,635.71,635.72,191.78K
02-09-2025 11:30:00,636.55,636.57,636.25,636.33,114.40K
02-09-2025 11:27:00,636.55,636.81,636.46,636.56,116.41K
02-09-2025 11:24:00,636.47,636.63,636.41,636.55,117.09K
02-09-2025 11:21:00,636.42,636.59,636.17,636.45,136.98K
02-09-2025 11:18:00,636.62,636.66,636.37,636.41,193.16K
02-09-2025 11:15:00,637.00,637.10,636.62,636.63,158.48K
02-09-2025 11:12:00,637.42,637.42,636.91,637.02,77.97K
02-09-2025 11:09:00,637.12,637.51,637.05,637.43,98.48K
02-09-2025 11:06:00,637.23,637.25,636.89,637.10,114.30K
02-09-2025 11:03:00,637.56,637.72,637.18,637.21,74.43K
02-09-2025 11:00:00,637.65,637.94,637.39,637.54,86.62K
02-09-2025 10:57:00,637.52,637.76,637.38,637.65,153.46K
02-09-2025 10:54:00,637.49,637.73,637.24,637.50,165.93K
02-09-2025 10:51:00,637.43,637.71,637.24,637.47,149.40K
02-09-2025 10:48:00,637.70,637.76,637.34,637.42,187.55K
02-09-2025 10:45:00,638.13,638.27,637.52,637.70,185.63K
02-09-2025 10:42:00,638.54,638.67,637.97,638.09,172.26K
02-09-2025 10:39:00,638.95,639.08,638.55,638.57,94.27K
02-09-2025 10:36:00,639.25,639.57,638.91,638.91,92.92K
02-09-2025 10:33:00,639.16,639.63,639.16,639.25,123.89K
02-09-2025 10:30:00,639.43,639.43,638.94,639.12,152.12K
02-09-2025 10:27:00,638.38,639.49,638.30,639.46,194.69K
02-09-2025 10:24:00,638.90,639.01,638.18,638.36,157.08K
02-09-2025 10:21:00,638.97,639.45,638.88,638.89,161.15K
02-09-2025 10:18:00,639.18,639.38,638.87,638.97,115.67K
02-09-2025 10:15:00,638.89,639.26,638.45,639.19,205.49K
02-09-2025 10:12:00,639.04,639.52,638.77,638.90,175.88K
02-09-2025 10:09:00,639.03,639.27,638.67,639.04,153.28K
02-09-2025 10:06:00,639.15,639.38,638.89,639.01,140.49K
02-09-2025 10:03:00,639.26,639.60,638.98,639.15,215.41K
02-09-2025 10:00:00,639.01,640.14,638.87,639.25,361.64K
02-09-2025 09:57:00,639.30,639.33,638.83,639.00,176.47K
02-09-2025 09:54:00,638.61,639.36,638.57,639.30,283.77K
02-09-2025 09:51:00,638.37,639.04,638.34,638.60,330.39K
02-09-2025 09:48:00,636.50,638.44,636.50,638.40,410.23K
02-09-2025 09:45:00,637.07,637.38,636.45,636.52,297.70K
02-09-2025 09:42:00,637.37,637.43,636.85,637.10,198.50K
02-09-2025 09:39:00,637.22,637.43,636.58,637.37,342.12K
02-09-2025 09:36:00,636.82,637.34,636.80,637.22,375.55K
02-09-2025 09:33:00,636.22,637.17,636.06,636.83,714.12K
02-09-2025 09:30:00,637.50,637.53,636.05,636.26,965.39K
29-08-2025 15:57:00,644.23,645.04,644.12,645.04,1.68M
29-08-2025 15:54:00,644.03,644.26,643.77,644.23,502.14K
29-08-2025 15:51:00,644.05,644.33,643.92,644.04,458.74K
29-08-2025 15:48:00,645.13,645.14,644.05,644.05,373.37K
29-08-2025 15:45:00,644.77,645.13,644.68,645.13,263.06K
29-08-2025 15:42:00,644.60,644.89,644.57,644.78,180.60K
29-08-2025 15:39:00,644.35,644.65,644.35,644.59,164.41K
29-08-2025 15:36:00,644.14,644.41,644.08,644.36,232.06K
29-08-2025 15:33:00,644.55,644.63,644.13,644.14,308.68K
29-08-2025 15:30:00,644.58,644.80,644.53,644.54,266.33K
29-08-2025 15:27:00,644.67,644.67,644.38,644.59,132.78K
29-08-2025 15:24:00,644.68,644.82,644.65,644.68,120.04K
29-08-2025 15:21:00,644.90,644.99,644.63,644.68,166.41K
29-08-2025 15:18:00,644.75,644.91,644.71,644.91,201.10K
29-08-2025 15:15:00,644.61,644.79,644.60,644.75,78.60K
29-08-2025 15:12:00,644.55,644.71,644.53,644.61,111.27K
29-08-2025 15:09:00,644.80,644.80,644.55,644.55,95.23K
29-08-2025 15:06:00,644.59,644.83,644.55,644.80,142.73K
29-08-2025 15:03:00,644.45,644.71,644.45,644.60,154.16K
29-08-2025 15:00:00,644.49,644.53,644.30,644.46,163.75K
29-08-2025 14:57:00,644.37,644.50,644.32,644.50,64.51K
29-08-2025 14:54:00,644.34,644.44,644.25,644.38,68.69K
29-08-2025 14:51:00,644.35,644.40,644.17,644.35,133.56K
29-08-2025 14:48:00,644.41,644.45,644.33,644.36,41.69K
29-08-2025 14:45:00,644.27,644.48,644.27,644.42,55.10K
29-08-2025 14:42:00,644.50,644.55,644.27,644.27,52.94K
29-08-2025 14:39:00,644.58,644.58,644.35,644.50,85.71K
29-08-2025 14:36:00,644.72,644.72,644.53,644.58,81.70K
29-08-2025 14:33:00,644.59,644.74,644.51,644.71,83.20K
29-08-2025 14:30:00,644.26,644.63,644.26,644.58,63.71K
29-08-2025 14:27:00,644.23,644.34,644.22,644.26,69.28K
29-08-2025 14:24:00,644.43,644.51,644.24,644.25,52.07K
29-08-2025 14:21:00,644.23,644.44,644.21,644.44,51.76K
29-08-2025 14:18:00,644.52,644.56,644.17,644.21,129.83K
29-08-2025 14:15:00,644.53,644.66,644.49,644.52,108.39K
29-08-2025 14:12:00,644.58,644.68,644.40,644.53,92.64K
29-08-2025 14:09:00,644.56,644.70,644.52,644.59,104.06K
29-08-2025 14:06:00,644.26,644.60,644.23,644.57,52.73K
29-08-2025 14:03:00,644.35,644.46,644.22,644.26,62.25K
29-08-2025 14:00:00,644.64,644.66,644.30,644.37,88.04K
29-08-2025 13:57:00,644.75,644.75,644.40,644.65,89.13K
29-08-2025 13:54:00,644.87,644.90,644.67,644.74,77.93K
29-08-2025 13:51:00,644.63,645.01,644.63,644.83,102.78K
29-08-2025 13:48:00,644.49,644.67,644.45,644.63,82.81K
29-08-2025 13:45:00,644.36,644.59,644.33,644.50,119.87K
29-08-2025 13:42:00,644.29,644.39,644.20,644.35,108.48K
29-08-2025 13:39:00,644.18,644.42,644.15,644.31,86.99K
29-08-2025 13:36:00,644.01,644.24,643.94,644.18,87.14K
29-08-2025 13:33:00,643.84,644.04,643.84,644.02,58.53K
29-08-2025 13:30:00,644.00,644.26,643.84,643.84,74.06K
29-08-2025 13:27:00,644.04,644.10,643.94,644.00,44.34K
29-08-2025 13:24:00,643.85,644.11,643.83,644.06,114.16K
29-08-2025 13:21:00,643.92,644.09,643.77,643.84,95.27K
29-08-2025 13:18:00,643.51,643.95,643.50,643.92,123.28K
29-08-2025 13:15:00,643.83,643.95,643.46,643.51,148.21K
29-08-2025 13:12:00,643.88,644.02,643.78,643.82,58.64K
29-08-2025 13:09:00,644.14,644.26,643.80,643.89,93.46K
29-08-2025 13:06:00,643.89,644.23,643.78,644.14,74.88K
29-08-2025 13:03:00,644.35,644.37,643.86,643.89,155.24K
29-08-2025 13:00:00,644.70,644.70,644.27,644.37,98.13K
29-08-2025 12:57:00,644.74,644.87,644.71,644.73,124.92K
29-08-2025 12:54:00,644.71,644.91,644.67,644.73,93.72K
29-08-2025 12:51:00,644.72,644.75,644.63,644.71,97.25K
29-08-2025 12:48:00,644.93,644.95,644.59,644.75,58.57K
29-08-2025 12:45:00,644.93,645.04,644.89,644.93,42.84K
29-08-2025 12:42:00,644.90,644.94,644.78,644.94,35.95K
29-08-2025 12:39:00,644.87,644.95,644.73,644.89,48.24K
29-08-2025 12:36:00,644.86,644.91,644.68,644.87,62.67K
29-08-2025 12:33:00,644.64,644.86,644.63,644.86,89.21K
29-08-2025 12:30:00,644.18,644.67,644.18,644.64,62.60K
29-08-2025 12:27:00,644.40,644.41,644.09,644.16,52.88K
29-08-2025 12:24:00,644.53,644.65,644.35,644.39,37.98K
29-08-2025 12:21:00,644.57,644.68,644.53,644.54,54.85K
29-08-2025 12:18:00,644.66,644.68,644.39,644.57,91.17K
29-08-2025 12:15:00,644.55,644.76,644.54,644.68,52.80K
29-08-2025 12:12:00,644.44,644.68,644.43,644.55,88.84K
29-08-2025 12:09:00,644.36,644.55,644.26,644.44,75.46K
29-08-2025 12:06:00,644.00,644.39,643.98,644.38,64.53K
29-08-2025 12:03:00,644.23,644.42,644.00,644.02,126.41K
29-08-2025 12:00:00,643.78,644.25,643.75,644.22,145.18K
29-08-2025 11:57:00,643.93,644.06,643.73,643.79,140.98K
29-08-2025 11:54:00,643.86,644.10,643.85,643.91,58.46K
29-08-2025 11:51:00,643.76,644.12,643.76,643.86,75.13K
29-08-2025 11:48:00,644.03,644.13,643.72,643.76,85.80K
29-08-2025 11:45:00,644.13,644.25,644.02,644.03,67.84K
29-08-2025 11:42:00,644.42,644.43,644.14,644.15,53.37K
29-08-2025 11:39:00,644.40,644.47,644.13,644.45,117.28K
29-08-2025 11:36:00,644.13,644.51,644.09,644.38,104.29K
29-08-2025 11:33:00,644.09,644.29,644.02,644.12,85.43K
29-08-2025 11:30:00,644.41,644.55,644.01,644.10,81.65K
29-08-2025 11:27:00,644.73,644.73,644.30,644.41,113.44K
29-08-2025 11:24:00,644.43,644.77,644.39,644.74,87.70K
29-08-2025 11:21:00,644.40,644.56,644.20,644.44,62.51K
29-08-2025 11:18:00,644.41,644.48,644.21,644.40,77.25K
29-08-2025 11:15:00,644.37,644.61,644.33,644.41,90.06K
29-08-2025 11:12:00,644.43,644.68,644.35,644.36,106.39K
29-08-2025 11:09:00,644.47,644.76,644.41,644.43,109.78K
29-08-2025 11:06:00,644.14,644.62,644.04,644.48,103.59K
29-08-2025 11:03:00,644.02,644.26,643.95,644.15,77.63K
29-08-2025 11:00:00,643.82,644.24,643.68,644.01,106.11K
29-08-2025 10:57:00,643.75,643.83,643.52,643.83,141.86K
29-08-2025 10:54:00,643.46,644.03,643.40,643.76,252.07K
29-08-2025 10:51:00,643.32,643.59,643.14,643.46,250.04K
29-08-2025 10:48:00,643.95,644.07,643.29,643.31,236.78K
29-08-2025 10:45:00,644.20,644.34,643.88,643.96,161.52K
29-08-2025 10:42:00,644.72,644.94,644.17,644.20,125.48K
29-08-2025 10:39:00,644.85,645.11,644.66,644.69,165.13K
29-08-2025 10:36:00,644.53,644.94,644.53,644.85,143.70K
29-08-2025 10:33:00,644.64,644.93,644.53,644.53,153.51K
29-08-2025 10:30:00,644.67,644.71,644.33,644.63,138.62K
29-08-2025 10:27:00,643.90,644.68,643.89,644.67,140.38K
29-08-2025 10:24:00,644.38,644.52,643.82,643.91,161.39K
29-08-2025 10:21:00,644.48,644.79,644.32,644.39,200.83K
29-08-2025 10:18:00,644.14,644.55,643.81,644.52,271.14K
29-08-2025 10:15:00,644.32,644.32,643.63,644.15,422.19K
29-08-2025 10:12:00,643.97,644.39,643.84,644.33,479.37K
29-08-2025 10:09:00,643.99,644.38,643.79,643.97,362.02K
29-08-2025 10:06:00,644.17,644.43,643.82,644.00,410.38K
29-08-2025 10:03:00,645.49,645.63,644.17,644.17,411.63K
29-08-2025 10:00:00,645.51,646.06,645.23,645.50,297.94K
29-08-2025 09:57:00,645.58,645.75,645.35,645.51,268.37K
29-08-2025 09:54:00,646.20,646.27,645.52,645.58,240.71K
29-08-2025 09:51:00,646.00,646.35,646.00,646.20,207.47K
29-08-2025 09:48:00,646.23,646.41,645.77,646.01,330.90K
29-08-2025 09:45:00,647.01,647.01,646.11,646.26,320.78K
29-08-2025 09:42:00,647.11,647.27,646.80,647.01,186.82K
29-08-2025 09:39:00,647.15,647.19,646.83,647.10,241.81K
29-08-2025 09:36:00,647.32,647.44,646.95,647.14,259.62K
29-08-2025 09:33:00,647.51,647.54,647.25,647.31,247.11K
29-08-2025 09:30:00,647.47,647.83,647.35,647.51,373.49K
28-08-2025 15:57:00,649.27,649.32,648.82,648.89,1.09M
28-08-2025 15:54:00,649.31,649.48,649.05,649.25,443.17K
28-08-2025 15:51:00,648.95,649.33,648.80,649.30,411.51K
28-08-2025 15:48:00,649.35,649.37,648.89,648.96,464.45K
28-08-2025 15:45:00,649.11,649.38,649.10,649.35,287.62K
28-08-2025 15:42:00,649.07,649.14,649.02,649.10,145.84K
28-08-2025 15:39:00,648.88,649.12,648.82,649.08,226.94K
28-08-2025 15:36:00,648.95,648.96,648.74,648.87,207.80K
28-08-2025 15:33:00,648.89,648.97,648.78,648.95,138.91K
28-08-2025 15:30:00,648.95,648.97,648.85,648.88,137.91K
28-08-2025 15:27:00,648.88,649.06,648.88,648.96,105.18K
28-08-2025 15:24:00,648.97,648.99,648.86,648.86,120.12K
28-08-2025 15:21:00,649.00,649.06,648.94,648.97,92.66K
28-08-2025 15:18:00,648.97,649.07,648.95,649.00,159.88K
28-08-2025 15:15:00,649.16,649.16,648.92,648.98,175.27K
28-08-2025 15:12:00,649.12,649.25,649.12,649.18,110.82K
28-08-2025 15:09:00,649.07,649.15,649.07,649.12,107.58K
28-08-2025 15:06:00,648.93,649.12,648.92,649.08,62.56K
28-08-2025 15:03:00,649.14,649.14,648.84,648.92,86.64K
28-08-2025 15:00:00,648.97,649.16,648.96,649.13,101.56K
28-08-2025 14:57:00,648.96,649.05,648.93,648.97,93.49K
28-08-2025 14:54:00,648.91,648.96,648.84,648.95,81.48K
28-08-2025 14:51:00,648.79,648.95,648.78,648.92,115.41K
28-08-2025 14:48:00,648.82,648.88,648.77,648.78,98.67K
28-08-2025 14:45:00,648.82,648.91,648.80,648.82,93.09K
28-08-2025 14:42:00,648.95,648.99,648.79,648.80,262.93K
28-08-2025 14:39:00,648.80,649.00,648.77,648.95,122.00K
28-08-2025 14:36:00,648.83,648.84,648.71,648.78,107.40K
28-08-2025 14:33:00,648.75,648.85,648.72,648.83,67.97K
28-08-2025 14:30:00,648.65,648.86,648.63,648.75,222.46K
28-08-2025 14:27:00,648.48,648.68,648.48,648.64,82.83K
28-08-2025 14:24:00,648.49,648.58,648.48,648.49,108.01K
28-08-2025 14:21:00,648.46,648.58,648.43,648.49,55.16K
28-08-2025 14:18:00,648.44,648.49,648.37,648.47,70.76K
28-08-2025 14:15:00,648.47,648.51,648.35,648.46,103.92K
28-08-2025 14:12:00,648.54,648.56,648.43,648.47,115.01K
28-08-2025 14:09:00,648.48,648.56,648.37,648.54,63.69K
28-08-2025 14:06:00,648.45,648.53,648.42,648.48,66.72K
28-08-2025 14:03:00,648.41,648.48,648.36,648.43,93.60K
28-08-2025 14:00:00,648.37,648.46,648.32,648.42,141.77K
28-08-2025 13:57:00,648.38,648.43,648.26,648.38,82.43K
28-08-2025 13:54:00,648.45,648.47,648.29,648.39,86.48K
28-08-2025 13:51:00,648.39,648.51,648.38,648.45,101.23K
28-08-2025 13:48:00,648.33,648.46,648.32,648.40,58.91K
28-08-2025 13:45:00,648.36,648.44,648.32,648.33,83.90K
28-08-2025 13:42:00,648.28,648.39,648.25,648.36,74.66K
28-08-2025 13:39:00,648.21,648.32,648.17,648.29,60.44K
28-08-2025 13:36:00,648.33,648.34,648.14,648.20,55.92K
28-08-2025 13:33:00,648.22,648.35,648.08,648.33,139.86K
28-08-2025 13:30:00,648.13,648.34,648.12,648.21,90.05K
28-08-2025 13:27:00,648.07,648.15,648.01,648.13,65.09K
28-08-2025 13:24:00,647.95,648.09,647.87,648.06,72.72K
28-08-2025 13:21:00,647.82,647.97,647.77,647.96,54.46K
28-08-2025 13:18:00,647.80,647.84,647.71,647.81,44.05K
28-08-2025 13:15:00,647.80,647.90,647.77,647.80,53.88K
28-08-2025 13:12:00,647.78,647.84,647.70,647.82,61.41K
28-08-2025 13:09:00,647.74,647.87,647.62,647.78,90.42K
28-08-2025 13:06:00,647.75,647.78,647.58,647.74,68.89K
28-08-2025 13:03:00,647.55,647.80,647.55,647.74,101.70K
28-08-2025 13:00:00,647.67,647.69,647.45,647.56,67.54K
28-08-2025 12:57:00,647.98,648.02,647.62,647.67,83.51K
28-08-2025 12:54:00,648.30,648.30,647.91,647.99,135.95K
28-08-2025 12:51:00,648.24,648.37,648.19,648.30,111.78K
28-08-2025 12:48:00,648.15,648.25,647.95,648.23,95.05K
28-08-2025 12:45:00,648.00,648.15,648.00,648.15,110.31K
28-08-2025 12:42:00,647.97,648.04,647.90,648.01,59.43K
28-08-2025 12:39:00,648.00,648.01,647.86,647.98,68.17K
28-08-2025 12:36:00,647.79,648.00,647.76,648.00,60.69K
28-08-2025 12:33:00,647.77,647.83,647.73,647.81,32.55K
28-08-2025 12:30:00,648.14,648.26,647.70,647.79,125.57K
28-08-2025 12:27:00,647.92,648.38,647.91,648.15,182.57K
28-08-2025 12:24:00,647.66,647.94,647.66,647.93,76.62K
28-08-2025 12:21:00,647.65,647.75,647.57,647.66,71.99K
28-08-2025 12:18:00,647.54,647.65,647.47,647.65,103.73K
28-08-2025 12:15:00,647.76,647.85,647.46,647.54,174.79K
28-08-2025 12:12:00,647.41,647.78,647.31,647.76,112.39K
28-08-2025 12:09:00,647.33,647.44,647.30,647.40,83.83K
28-08-2025 12:06:00,647.05,647.34,647.05,647.34,79.91K
28-08-2025 12:03:00,647.03,647.19,646.99,647.05,69.05K
28-08-2025 12:00:00,647.02,647.09,646.94,647.06,71.30K
28-08-2025 11:57:00,647.07,647.19,646.99,647.03,64.44K
28-08-2025 11:54:00,646.91,647.07,646.80,647.07,47.02K
28-08-2025 11:51:00,646.92,647.04,646.75,646.91,91.47K
28-08-2025 11:48:00,646.87,646.97,646.76,646.93,89.67K
28-08-2025 11:45:00,646.84,646.88,646.63,646.87,103.48K
28-08-2025 11:42:00,646.93,646.98,646.81,646.87,79.32K
28-08-2025 11:39:00,647.01,647.04,646.73,646.98,86.11K
28-08-2025 11:36:00,646.92,647.09,646.88,647.00,115.90K
28-08-2025 11:33:00,646.65,646.93,646.65,646.91,105.26K
28-08-2025 11:30:00,646.27,646.68,646.25,646.66,96.57K
28-08-2025 11:27:00,646.40,646.46,646.08,646.25,139.78K
28-08-2025 11:24:00,646.54,646.73,646.19,646.42,171.91K
28-08-2025 11:21:00,647.04,647.13,646.55,646.56,78.39K
28-08-2025 11:18:00,647.58,647.58,647.02,647.02,131.90K
28-08-2025 11:15:00,647.17,647.66,647.09,647.58,257.94K
28-08-2025 11:12:00,647.02,647.17,647.02,647.15,101.27K
28-08-2025 11:09:00,646.76,647.07,646.75,647.02,110.32K
28-08-2025 11:06:00,646.72,646.92,646.70,646.76,63.47K
28-08-2025 11:03:00,646.96,647.06,646.68,646.72,63.50K
28-08-2025 11:00:00,646.90,647.08,646.81,646.95,102.17K
28-08-2025 10:57:00,647.10,647.17,646.87,646.88,138.88K
28-08-2025 10:54:00,646.84,647.12,646.80,647.10,94.05K
28-08-2025 10:51:00,646.84,646.89,646.59,646.84,93.96K
28-08-2025 10:48:00,646.98,647.10,646.74,646.84,185.10K
28-08-2025 10:45:00,646.80,647.03,646.52,646.99,143.43K
28-08-2025 10:42:00,646.63,646.93,646.62,646.81,105.90K
28-08-2025 10:39:00,646.14,646.74,646.14,646.64,105.05K
28-08-2025 10:36:00,646.13,646.24,645.94,646.13,67.84K
28-08-2025 10:33:00,646.26,646.66,646.00,646.05,116.77K
28-08-2025 10:30:00,645.97,646.21,645.94,646.21,72.25K
28-08-2025 10:27:00,645.93,646.30,645.89,645.96,82.60K
28-08-2025 10:24:00,646.28,646.36,645.84,645.90,71.96K
28-08-2025 10:21:00,646.24,646.60,646.11,646.28,107.53K
28-08-2025 10:18:00,646.18,646.37,645.95,646.25,99.60K
28-08-2025 10:15:00,646.36,646.57,646.15,646.15,78.08K
28-08-2025 10:12:00,646.51,646.61,646.28,646.34,96.85K
28-08-2025 10:09:00,646.66,646.66,646.20,646.48,162.78K
28-08-2025 10:06:00,646.06,646.68,645.97,646.64,209.11K
28-08-2025 10:03:00,646.14,646.19,645.58,646.06,160.90K
28-08-2025 10:00:00,645.93,646.22,645.62,646.15,200.23K
28-08-2025 09:57:00,645.41,645.95,645.34,645.94,304.22K
28-08-2025 09:54:00,645.79,646.24,645.37,645.39,226.55K
28-08-2025 09:51:00,646.02,646.27,645.71,645.78,269.51K
28-08-2025 09:48:00,646.77,646.98,645.79,646.04,269.02K
28-08-2025 09:45:00,647.19,647.33,646.62,646.80,203.79K
28-08-2025 09:42:00,647.09,647.62,647.07,647.18,146.15K
28-08-2025 09:39:00,647.22,647.56,647.07,647.08,198.41K
28-08-2025 09:36:00,647.29,647.50,646.98,647.20,301.81K
28-08-2025 09:33:00,647.78,648.08,647.22,647.29,437.10K
28-08-2025 09:30:00,647.27,648.03,646.87,647.78,400.01K
27-08-2025 15:57:00,647.30,647.36,646.60,646.62,586.95K
27-08-2025 15:54:00,647.14,647.37,646.96,647.30,364.06K
27-08-2025 15:51:00,647.13,647.24,647.05,647.14,224.32K
27-08-2025 15:48:00,647.07,647.36,647.01,647.14,250.46K
27-08-2025 15:45:00,647.15,647.22,647.04,647.08,170.29K
27-08-2025 15:42:00,647.08,647.27,647.08,647.15,158.72K
27-08-2025 15:39:00,647.06,647.11,647.01,647.10,100.12K
27-08-2025 15:36:00,646.89,647.07,646.82,647.07,109.49K
27-08-2025 15:33:00,646.70,646.91,646.70,646.90,91.21K
27-08-2025 15:30:00,646.65,646.78,646.65,646.72,110.54K
27-08-2025 15:27:00,646.65,646.67,646.52,646.65,79.37K
27-08-2025 15:24:00,646.63,646.72,646.52,646.65,76.14K
27-08-2025 15:21:00,646.59,646.65,646.39,646.63,71.54K
27-08-2025 15:18:00,646.40,646.66,646.39,646.59,197.18K
27-08-2025 15:15:00,646.14,646.49,646.11,646.40,259.00K
27-08-2025 15:12:00,646.63,646.66,645.83,646.12,436.87K
27-08-2025 15:09:00,646.83,646.90,646.59,646.63,139.99K
27-08-2025 15:06:00,646.92,646.94,646.79,646.82,120.99K
27-08-2025 15:03:00,646.98,647.00,646.88,646.91,55.13K
27-08-2025 15:00:00,647.03,647.06,646.85,646.98,153.52K
27-08-2025 14:57:00,647.03,647.10,647.01,647.04,47.24K
27-08-2025 14:54:00,647.11,647.18,647.02,647.05,115.48K
27-08-2025 14:51:00,647.23,647.28,647.09,647.12,83.22K
27-08-2025 14:48:00,647.24,647.28,647.20,647.23,75.47K
27-08-2025 14:45:00,647.18,647.31,647.17,647.24,84.69K
27-08-2025 14:42:00,647.16,647.24,647.14,647.18,102.98K
27-08-2025 14:39:00,647.21,647.23,647.15,647.16,41.17K
27-08-2025 14:36:00,647.22,647.28,647.14,647.23,70.47K
27-08-2025 14:33:00,647.22,647.31,647.19,647.23,49.20K
27-08-2025 14:30:00,647.24,647.30,647.15,647.22,50.10K
27-08-2025 14:27:00,647.27,647.35,647.24,647.26,52.58K
27-08-2025 14:24:00,647.33,647.33,647.21,647.28,50.96K
27-08-2025 14:21:00,647.14,647.34,647.06,647.33,68.02K
27-08-2025 14:18:00,647.25,647.26,647.11,647.14,106.58K
27-08-2025 14:15:00,647.20,647.36,647.15,647.25,152.41K
27-08-2025 14:12:00,646.79,647.29,646.76,647.18,227.90K
27-08-2025 14:09:00,646.74,646.82,646.70,646.79,53.02K
27-08-2025 14:06:00,646.63,646.79,646.59,646.74,60.53K
27-08-2025 14:03:00,646.70,646.73,646.58,646.63,137.43K
27-08-2025 14:00:00,646.75,646.81,646.68,646.70,72.33K
27-08-2025 13:57:00,646.63,646.82,646.63,646.76,48.24K
27-08-2025 13:54:00,646.71,646.74,646.62,646.64,35.99K
27-08-2025 13:51:00,646.59,646.76,646.59,646.70,48.05K
27-08-2025 13:48:00,646.61,646.65,646.53,646.59,33.33K
27-08-2025 13:45:00,646.63,646.71,646.58,646.61,43.59K
27-08-2025 13:42:00,646.63,646.70,646.57,646.64,41.27K
27-08-2025 13:39:00,646.62,646.71,646.59,646.63,54.96K
27-08-2025 13:36:00,646.62,646.67,646.57,646.62,41.61K
27-08-2025 13:33:00,646.60,646.67,646.51,646.63,59.34K
27-08-2025 13:30:00,646.45,646.64,646.44,646.59,56.40K
27-08-2025 13:27:00,646.39,646.51,646.38,646.45,56.03K
27-08-2025 13:24:00,646.40,646.46,646.34,646.40,36.61K
27-08-2025 13:21:00,646.27,646.44,646.23,646.40,47.43K
27-08-2025 13:18:00,646.33,646.43,646.27,646.27,51.49K
27-08-2025 13:15:00,646.48,646.50,646.32,646.33,60.63K
27-08-2025 13:12:00,646.47,646.55,646.41,646.49,97.12K
27-08-2025 13:09:00,646.42,646.49,646.37,646.46,54.05K
27-08-2025 13:06:00,646.42,646.43,646.32,646.41,82.82K
27-08-2025 13:03:00,646.21,646.41,646.18,646.40,60.20K
27-08-2025 13:00:00,646.29,646.32,646.04,646.19,77.98K
27-08-2025 12:57:00,646.48,646.49,646.29,646.30,97.22K
27-08-2025 12:54:00,646.43,646.53,646.28,646.48,92.30K
27-08-2025 12:51:00,646.30,646.45,646.28,646.41,87.98K
27-08-2025 12:48:00,646.12,646.32,646.09,646.28,123.02K
27-08-2025 12:45:00,645.78,646.13,645.74,646.13,77.82K
27-08-2025 12:42:00,645.94,645.98,645.80,645.80,60.08K
27-08-2025 12:39:00,645.59,645.96,645.59,645.96,47.08K
27-08-2025 12:36:00,645.96,645.96,645.39,645.58,77.41K
27-08-2025 12:33:00,645.93,645.98,645.75,645.96,46.89K
27-08-2025 12:30:00,645.96,646.05,645.85,645.93,58.22K
27-08-2025 12:27:00,645.63,645.97,645.48,645.96,196.96K
27-08-2025 12:24:00,646.00,646.07,645.56,645.63,224.53K
27-08-2025 12:21:00,646.10,646.22,645.91,646.02,90.83K
27-08-2025 12:18:00,646.32,646.39,646.07,646.09,60.63K
27-08-2025 12:15:00,646.44,646.46,646.29,646.32,39.03K
27-08-2025 12:12:00,646.53,646.56,646.38,646.46,37.21K
27-08-2025 12:09:00,646.60,646.60,646.50,646.52,20.85K
27-08-2025 12:06:00,646.52,646.59,646.48,646.59,25.05K
27-08-2025 12:03:00,646.51,646.56,646.47,646.51,19.41K
27-08-2025 12:00:00,646.55,646.58,646.47,646.53,32.95K
27-08-2025 11:57:00,646.66,646.68,646.52,646.54,73.54K
27-08-2025 11:54:00,646.60,646.68,646.50,646.67,38.94K
27-08-2025 11:51:00,646.54,646.61,646.50,646.60,40.22K
27-08-2025 11:48:00,646.50,646.69,646.47,646.55,87.28K
27-08-2025 11:45:00,646.31,646.57,646.29,646.50,52.90K
27-08-2025 11:42:00,646.23,646.36,646.22,646.32,65.62K
27-08-2025 11:39:00,646.40,646.53,645.91,646.22,170.00K
27-08-2025 11:36:00,646.35,646.41,646.30,646.40,32.15K
27-08-2025 11:33:00,646.13,646.39,646.13,646.35,45.79K
27-08-2025 11:30:00,646.30,646.41,646.11,646.14,54.59K
27-08-2025 11:27:00,646.35,646.37,646.25,646.30,55.25K
27-08-2025 11:24:00,646.52,646.54,646.32,646.36,94.25K
27-08-2025 11:21:00,646.40,646.54,646.33,646.53,86.64K
27-08-2025 11:18:00,646.43,646.45,646.31,646.38,39.38K
27-08-2025 11:15:00,646.38,646.48,646.30,646.43,54.21K
27-08-2025 11:12:00,646.43,646.43,646.29,646.38,45.02K
27-08-2025 11:09:00,646.32,646.49,646.28,646.43,67.08K
27-08-2025 11:06:00,646.20,646.41,646.19,646.32,91.73K
27-08-2025 11:03:00,646.37,646.37,646.18,646.20,50.96K
27-08-2025 11:00:00,646.20,646.40,646.20,646.34,65.59K
27-08-2025 10:57:00,646.36,646.36,646.18,646.18,57.94K
27-08-2025 10:54:00,646.26,646.40,646.21,646.37,80.23K
27-08-2025 10:51:00,646.15,646.30,646.02,646.25,59.53K
27-08-2025 10:48:00,645.98,646.20,645.93,646.15,50.20K
27-08-2025 10:45:00,646.10,646.13,645.76,645.97,132.37K
27-08-2025 10:42:00,646.09,646.23,646.06,646.10,78.55K
27-08-2025 10:39:00,646.19,646.25,646.09,646.10,89.62K
27-08-2025 10:36:00,646.35,646.35,646.13,646.19,78.27K
27-08-2025 10:33:00,646.21,646.41,646.21,646.36,103.03K
27-08-2025 10:30:00,646.12,646.30,646.04,646.21,98.44K
27-08-2025 10:27:00,646.23,646.25,646.02,646.12,100.55K
27-08-2025 10:24:00,646.08,646.29,646.06,646.24,73.26K
27-08-2025 10:21:00,646.29,646.34,646.00,646.08,163.29K
27-08-2025 10:18:00,645.90,646.33,645.85,646.28,178.19K
27-08-2025 10:15:00,645.84,646.01,645.83,645.90,128.75K
27-08-2025 10:12:00,645.65,645.87,645.57,645.84,102.80K
27-08-2025 10:09:00,645.64,645.70,645.56,645.66,90.28K
27-08-2025 10:06:00,645.56,645.71,645.49,645.64,95.91K
27-08-2025 10:03:00,645.55,645.62,645.27,645.53,149.34K
27-08-2025 10:00:00,645.35,645.56,645.26,645.56,112.40K
27-08-2025 09:57:00,645.12,645.36,645.08,645.35,78.66K
27-08-2025 09:54:00,645.17,645.44,645.03,645.13,128.27K
27-08-2025 09:51:00,644.95,645.20,644.82,645.18,96.24K
27-08-2025 09:48:00,645.33,645.40,644.81,644.98,229.81K
27-08-2025 09:45:00,645.38,645.39,645.02,645.33,181.16K
27-08-2025 09:42:00,645.25,645.53,645.04,645.36,188.25K
27-08-2025 09:39:00,645.25,645.47,645.11,645.27,157.83K
27-08-2025 09:36:00,644.93,645.38,644.89,645.25,160.17K
27-08-2025 09:33:00,645.06,645.19,644.88,644.93,135.26K
27-08-2025 09:30:00,644.56,645.09,644.42,645.06,248.50K
26-08-2025 15:57:00,645.24,645.51,645.13,645.15,775.91K
26-08-2025 15:54:00,645.04,645.26,644.66,645.25,446.79K
26-08-2025 15:51:00,644.94,645.12,644.74,645.03,256.96K
26-08-2025 15:48:00,644.16,644.93,644.12,644.93,297.00K
26-08-2025 15:45:00,643.96,644.22,643.92,644.16,202.75K
26-08-2025 15:42:00,644.00,644.14,643.92,643.95,190.97K
26-08-2025 15:39:00,644.32,644.35,643.98,644.00,299.35K
26-08-2025 15:36:00,644.51,644.53,644.29,644.31,156.59K
26-08-2025 15:33:00,644.75,644.76,644.51,644.51,151.26K
26-08-2025 15:30:00,644.54,644.85,644.46,644.75,155.74K
26-08-2025 15:27:00,644.52,644.64,644.50,644.56,107.15K
26-08-2025 15:24:00,644.53,644.60,644.29,644.52,176.93K
26-08-2025 15:21:00,644.09,644.71,644.06,644.53,264.82K
26-08-2025 15:18:00,643.85,644.10,643.85,644.08,77.44K
26-08-2025 15:15:00,643.91,643.99,643.83,643.84,113.94K
26-08-2025 15:12:00,643.82,643.92,643.77,643.91,57.21K
26-08-2025 15:09:00,643.66,643.86,643.64,643.82,71.17K
26-08-2025 15:06:00,643.68,643.71,643.64,643.66,55.05K
26-08-2025 15:03:00,643.76,643.81,643.62,643.66,60.32K
26-08-2025 15:00:00,643.89,643.91,643.76,643.76,74.73K
26-08-2025 14:57:00,643.86,644.05,643.86,643.89,129.03K
26-08-2025 14:54:00,643.74,643.88,643.71,643.86,94.42K
26-08-2025 14:51:00,643.72,643.76,643.60,643.73,64.55K
26-08-2025 14:48:00,643.62,643.81,643.60,643.72,56.31K
26-08-2025 14:45:00,643.73,643.74,643.62,643.64,61.73K
26-08-2025 14:42:00,643.73,643.76,643.65,643.73,48.32K
26-08-2025 14:39:00,643.66,643.87,643.62,643.74,85.34K
26-08-2025 14:36:00,643.62,643.74,643.62,643.65,84.51K
26-08-2025 14:33:00,643.58,643.64,643.53,643.62,41.93K
26-08-2025 14:30:00,643.52,643.74,643.51,643.58,117.65K
26-08-2025 14:27:00,643.42,643.53,643.41,643.51,46.59K
26-08-2025 14:24:00,643.43,643.45,643.35,643.41,54.94K
26-08-2025 14:21:00,643.38,643.46,643.32,643.43,69.99K
26-08-2025 14:18:00,643.35,643.48,643.35,643.38,70.40K
26-08-2025 14:15:00,643.26,643.43,643.25,643.34,51.02K
26-08-2025 14:12:00,643.27,643.29,643.10,643.26,69.70K
26-08-2025 14:09:00,643.12,643.40,643.09,643.27,91.45K
26-08-2025 14:06:00,642.95,643.16,642.95,643.12,82.84K
26-08-2025 14:03:00,642.92,643.05,642.89,642.98,54.24K
26-08-2025 14:00:00,642.86,642.98,642.79,642.92,60.31K
26-08-2025 13:57:00,642.76,642.92,642.73,642.87,75.30K
26-08-2025 13:54:00,642.82,642.83,642.43,642.76,118.46K
26-08-2025 13:51:00,643.00,643.00,642.78,642.83,51.35K
26-08-2025 13:48:00,643.00,643.07,642.92,643.01,33.16K
26-08-2025 13:45:00,643.03,643.06,642.89,643.00,52.01K
26-08-2025 13:42:00,643.03,643.04,642.88,643.03,91.75K
26-08-2025 13:39:00,643.18,643.19,642.97,643.04,66.71K
26-08-2025 13:36:00,643.27,643.29,643.10,643.18,37.23K
26-08-2025 13:33:00,643.36,643.37,643.13,643.26,71.55K
26-08-2025 13:30:00,643.50,643.58,643.35,643.37,81.87K
26-08-2025 13:27:00,643.45,643.59,643.41,643.51,83.08K
26-08-2025 13:24:00,643.30,643.49,643.28,643.45,84.47K
26-08-2025 13:21:00,643.22,643.30,643.20,643.29,25.65K
26-08-2025 13:18:00,643.15,643.23,643.10,643.21,20.68K
26-08-2025 13:15:00,643.27,643.27,643.09,643.18,39.40K
26-08-2025 13:12:00,642.94,643.30,642.89,643.29,91.83K
26-08-2025 13:09:00,643.20,643.22,642.91,642.96,60.93K
26-08-2025 13:06:00,643.45,643.45,643.17,643.20,33.62K
26-08-2025 13:03:00,643.27,643.47,643.20,643.46,46.60K
26-08-2025 13:00:00,643.30,643.37,643.20,643.28,22.93K
26-08-2025 12:57:00,643.16,643.36,643.16,643.32,29.35K
26-08-2025 12:54:00,643.19,643.23,643.13,643.15,24.43K
26-08-2025 12:51:00,643.17,643.36,643.14,643.18,35.73K
26-08-2025 12:48:00,643.28,643.32,643.10,643.16,59.32K
26-08-2025 12:45:00,643.40,643.47,643.25,643.28,93.24K
26-08-2025 12:42:00,643.48,643.50,643.38,643.39,30.83K
26-08-2025 12:39:00,643.35,643.49,643.27,643.48,44.70K
26-08-2025 12:36:00,643.39,643.44,643.32,643.33,43.93K
26-08-2025 12:33:00,643.38,643.41,643.29,643.38,33.20K
26-08-2025 12:30:00,643.33,643.42,643.29,643.37,40.37K
26-08-2025 12:27:00,643.31,643.38,643.27,643.32,28.08K
26-08-2025 12:24:00,643.26,643.34,643.12,643.32,70.56K
26-08-2025 12:21:00,643.34,643.55,643.22,643.26,105.62K
26-08-2025 12:18:00,643.33,643.47,643.28,643.32,80.63K
26-08-2025 12:15:00,643.23,643.44,643.21,643.33,122.65K
26-08-2025 12:12:00,642.96,643.24,642.96,643.24,59.69K
26-08-2025 12:09:00,643.05,643.10,642.95,642.97,42.59K
26-08-2025 12:06:00,643.02,643.06,642.90,643.05,61.52K
26-08-2025 12:03:00,643.00,643.09,642.98,643.01,42.78K
26-08-2025 12:00:00,642.76,643.09,642.76,643.01,83.77K
26-08-2025 11:57:00,642.84,642.87,642.70,642.76,42.21K
26-08-2025 11:54:00,642.74,642.91,642.69,642.85,45.98K
26-08-2025 11:51:00,642.46,642.83,642.39,642.74,69.61K
26-08-2025 11:48:00,642.68,642.68,642.45,642.47,66.78K
26-08-2025 11:45:00,642.70,642.78,642.64,642.68,29.29K
26-08-2025 11:42:00,642.69,642.74,642.60,642.68,29.05K
26-08-2025 11:39:00,642.66,642.77,642.61,642.70,33.34K
26-08-2025 11:36:00,642.54,642.68,642.43,642.67,49.93K
26-08-2025 11:33:00,642.47,642.62,642.29,642.52,63.65K
26-08-2025 11:30:00,642.41,642.64,642.39,642.48,52.35K