Time,MAXGEX,MINGEX,MAXVEX,MINVEX,MAXDEX,MINDEX,ZERO,BAC,SAC,BAP,SAP,MAXCP,MINCP,LONGGAMMA,SHORTGAMMA,LONGCALLS,SHORTCALLS,LONGPUTS,SHORTPUTS,SPOT
2026-04-26 09:51:00,720.0,,714.0,,700.0,719.0,715.9,714.0,,714.0,,720.0,710.0,714.0,716.0,714.0,716.0,713.0,709.0,714.01
2026-04-26 09:52:00,720.0,,714.0,,700.0,719.0,715.9,,,,,720.0,710.0,714.0,716.0,714.0,716.0,713.0,709.0,714.01
2026-04-26 09:53:00,720.0,,714.0,,700.0,719.0,715.9,,,,,720.0,710.0,714.0,716.0,714.0,716.0,713.0,709.0,714.01
2026-04-26 09:54:00,720.0,,714.0,,700.0,719.0,715.9,,,,,720.0,710.0,714.0,716.0,714.0,716.0,713.0,709.0,714.01
2026-04-26 09:55:00,720.0,,714.0,,700.0,719.0,715.89,,,,,720.0,710.0,714.0,716.0,714.0,716.0,713.0,709.0,714.01
2026-04-26 09:56:00,720.0,,714.0,,700.0,719.0,715.89,,,,,720.0,710.0,714.0,716.0,714.0,716.0,713.0,709.0,714.01
2026-04-26 09:57:00,720.0,,714.0,,700.0,719.0,715.89,,,,,720.0,710.0,714.0,716.0,714.0,716.0,713.0,709.0,714.01
2026-04-26 09:58:00,720.0,,714.0,,700.0,719.0,715.89,,,,,720.0,710.0,714.0,716.0,714.0,716.0,713.0,709.0,714.01
2026-04-26 09:59:00,720.0,,714.0,,700.0,719.0,715.89,,,,,720.0,710.0,714.0,716.0,714.0,716.0,713.0,709.0,714.01
2026-04-26 10:00:00,720.0,,714.0,,700.0,719.0,715.89,,,,,720.0,710.0,714.0,716.0,714.0,716.0,713.0,709.0,714.01
2026-04-26 10:02:00,,695.0,714.0,,692.0,737.0,715.9,,,,,720.0,710.0,714.0,716.0,714.0,716.0,713.0,709.0,714.01
2026-04-26 10:03:00,720.0,,714.0,,700.0,719.0,715.9,,,,,720.0,710.0,714.0,716.0,714.0,716.0,713.0,709.0,714.01
2026-04-26 10:04:00,720.0,,714.0,,700.0,719.0,715.9,,,,,720.0,710.0,714.0,716.0,714.0,716.0,713.0,709.0,714.01
2026-04-26 10:05:00,720.0,,714.0,,700.0,719.0,715.9,,,,,720.0,710.0,714.0,716.0,714.0,716.0,713.0,709.0,714.01
2026-04-26 10:06:00,720.0,,714.0,,700.0,719.0,715.9,,,,,720.0,710.0,714.0,716.0,714.0,716.0,713.0,709.0,714.01
2026-04-26 10:07:00,720.0,,714.0,,700.0,719.0,715.89,,,,,720.0,710.0,714.0,716.0,714.0,716.0,713.0,709.0,714.01
2026-04-26 10:08:00,720.0,,714.0,,700.0,719.0,715.9,714.0,,714.0,,720.0,710.0,714.0,716.0,714.0,716.0,713.0,709.0,714.01
2026-04-26 10:09:00,720.0,,714.0,,700.0,719.0,715.9,,,,,720.0,710.0,714.0,716.0,714.0,716.0,713.0,709.0,714.01
2026-04-26 10:10:00,720.0,,714.0,,700.0,719.0,715.9,,,,,720.0,710.0,714.0,716.0,714.0,716.0,713.0,709.0,714.01
2026-04-26 10:11:00,720.0,,714.0,,700.0,719.0,715.9,,,,,720.0,710.0,714.0,716.0,714.0,716.0,713.0,709.0,714.01
2026-04-26 10:12:00,720.0,,714.0,,700.0,719.0,715.9,,,,,720.0,710.0,714.0,716.0,714.0,716.0,713.0,709.0,714.01
2026-04-26 10:13:00,720.0,,714.0,,700.0,719.0,715.9,,,,,720.0,710.0,714.0,716.0,714.0,716.0,713.0,709.0,714.01
2026-04-26 10:14:00,720.0,,714.0,,700.0,719.0,715.9,,,,,720.0,710.0,714.0,716.0,714.0,716.0,713.0,709.0,714.01
2026-04-26 10:15:00,720.0,,714.0,,700.0,719.0,715.9,,,,,720.0,710.0,714.0,716.0,714.0,716.0,713.0,709.0,714.01
2026-04-26 10:16:00,720.0,,714.0,,700.0,719.0,715.9,,,,,720.0,710.0,714.0,716.0,714.0,716.0,713.0,709.0,714.01
2026-04-26 10:17:00,720.0,,714.0,,700.0,719.0,715.89,,,,,720.0,710.0,714.0,716.0,714.0,716.0,713.0,709.0,714.01
2026-04-26 10:18:00,720.0,,714.0,,700.0,719.0,715.89,,,,,720.0,710.0,714.0,716.0,714.0,716.0,713.0,709.0,714.01
2026-04-26 10:19:00,720.0,,714.0,,700.0,719.0,715.89,,,,,720.0,710.0,714.0,716.0,714.0,716.0,713.0,709.0,714.01
2026-04-26 10:20:00,720.0,,714.0,,700.0,719.0,715.89,,,,,720.0,710.0,714.0,716.0,714.0,716.0,713.0,709.0,714.01
2026-04-26 10:21:00,720.0,,714.0,,700.0,719.0,715.89,,,,,720.0,710.0,714.0,716.0,714.0,716.0,713.0,709.0,714.01
2026-04-26 10:22:00,720.0,,714.0,,700.0,719.0,715.89,,,,,720.0,710.0,714.0,716.0,714.0,716.0,713.0,709.0,714.01
2026-04-26 10:23:00,720.0,,714.0,,700.0,719.0,715.89,,,,,720.0,710.0,714.0,716.0,714.0,716.0,713.0,709.0,714.01
2026-04-26 10:24:00,720.0,,714.0,,700.0,719.0,715.89,,,,,720.0,710.0,714.0,716.0,714.0,716.0,713.0,709.0,714.01
2026-04-26 10:26:00,720.0,,714.0,,700.0,719.0,715.89,,,,,720.0,710.0,714.0,716.0,714.0,716.0,713.0,709.0,714.01
2026-04-26 10:27:00,720.0,,714.0,,700.0,719.0,715.88,,,,,720.0,710.0,714.0,716.0,714.0,716.0,713.0,709.0,714.01
2026-04-26 10:28:00,720.0,,714.0,,700.0,719.0,715.88,,,,,720.0,710.0,714.0,716.0,714.0,716.0,713.0,709.0,714.01
2026-04-26 10:29:00,720.0,,714.0,,700.0,719.0,715.88,,,,,720.0,710.0,714.0,716.0,714.0,716.0,713.0,709.0,714.01
2026-04-26 10:30:00,720.0,,714.0,,700.0,719.0,715.88,,,,,720.0,710.0,714.0,716.0,714.0,716.0,713.0,709.0,714.01
2026-04-26 10:31:00,720.0,,714.0,,700.0,719.0,715.88,,,,,720.0,710.0,714.0,716.0,714.0,716.0,713.0,709.0,714.01
2026-04-26 10:32:00,720.0,,714.0,,700.0,719.0,715.88,,,,,720.0,710.0,714.0,716.0,714.0,716.0,713.0,709.0,714.01
2026-04-26 10:33:00,720.0,,714.0,,700.0,719.0,715.88,,,,,720.0,710.0,714.0,716.0,714.0,716.0,713.0,709.0,714.01
2026-04-26 10:34:00,720.0,,714.0,,700.0,719.0,715.88,,,,,720.0,710.0,714.0,716.0,714.0,716.0,713.0,709.0,714.01
2026-04-26 10:35:00,720.0,,714.0,,700.0,719.0,715.88,,,,,720.0,710.0,714.0,716.0,714.0,716.0,713.0,709.0,714.01
2026-04-26 10:36:00,720.0,,714.0,,700.0,719.0,715.91,,,,,720.0,710.0,714.0,716.0,714.0,716.0,713.0,709.0,714.01
2026-04-26 10:37:00,720.0,,714.0,,700.0,719.0,715.91,,,,,720.0,710.0,714.0,716.0,714.0,716.0,713.0,709.0,714.01
2026-04-26 10:38:00,720.0,,714.0,,700.0,719.0,715.91,,,,,720.0,710.0,714.0,716.0,714.0,716.0,713.0,709.0,714.01
2026-04-26 10:39:00,720.0,,714.0,,700.0,719.0,715.91,,,,,720.0,710.0,714.0,716.0,714.0,716.0,713.0,709.0,714.01
2026-04-26 10:40:00,720.0,,714.0,,700.0,719.0,715.91,,,,,720.0,710.0,714.0,716.0,714.0,716.0,713.0,709.0,714.01
2026-04-26 10:41:00,720.0,,714.0,,700.0,719.0,715.9,,,,,720.0,710.0,714.0,716.0,714.0,716.0,713.0,709.0,714.01
2026-04-26 10:42:00,720.0,,714.0,,700.0,719.0,715.9,,,,,720.0,710.0,714.0,716.0,714.0,716.0,713.0,709.0,714.01
2026-04-26 10:43:00,720.0,,714.0,,700.0,719.0,715.9,,,,,720.0,710.0,714.0,716.0,714.0,716.0,713.0,709.0,714.01
2026-04-26 10:44:00,720.0,,714.0,,700.0,719.0,715.9,,,,,720.0,710.0,714.0,716.0,714.0,716.0,713.0,709.0,714.01
2026-04-26 10:45:00,720.0,,714.0,,700.0,719.0,715.9,,,,,720.0,710.0,714.0,716.0,714.0,716.0,713.0,709.0,714.01
2026-04-26 10:46:00,720.0,,714.0,,700.0,719.0,715.9,,,,,720.0,710.0,714.0,716.0,714.0,716.0,713.0,709.0,714.01
2026-04-26 10:47:00,720.0,,714.0,,700.0,719.0,715.9,,,,,720.0,710.0,714.0,716.0,714.0,716.0,713.0,709.0,714.01
2026-04-26 10:48:00,720.0,,714.0,,700.0,719.0,715.9,,,,,720.0,710.0,714.0,716.0,714.0,716.0,713.0,709.0,714.01
2026-04-26 10:49:00,720.0,,714.0,,700.0,719.0,715.9,,,,,720.0,710.0,714.0,716.0,714.0,716.0,713.0,709.0,714.01
2026-04-26 10:52:00,720.0,,714.0,,700.0,719.0,715.91,714.0,,714.0,,720.0,710.0,714.0,716.0,714.0,716.0,713.0,709.0,714.01
2026-04-26 10:53:00,720.0,,714.0,,700.0,719.0,715.91,,,,,720.0,710.0,714.0,716.0,714.0,716.0,713.0,709.0,714.01
2026-04-26 10:54:00,720.0,,714.0,,700.0,719.0,715.91,,,,,720.0,710.0,714.0,716.0,714.0,716.0,713.0,709.0,714.01
2026-04-26 10:55:00,720.0,,714.0,,700.0,719.0,715.91,,,,,720.0,710.0,714.0,716.0,714.0,716.0,713.0,709.0,714.01
2026-04-26 10:56:00,720.0,,714.0,,700.0,719.0,715.91,,,,,720.0,710.0,714.0,716.0,714.0,716.0,713.0,709.0,714.01
2026-04-26 10:57:00,720.0,,714.0,,700.0,719.0,715.91,,,,,720.0,710.0,714.0,716.0,714.0,716.0,713.0,709.0,714.01
2026-04-26 10:58:00,720.0,,714.0,,700.0,719.0,715.91,,,,,720.0,710.0,714.0,716.0,714.0,716.0,713.0,709.0,714.01
2026-04-26 10:59:00,720.0,,714.0,,700.0,719.0,715.91,,,,,720.0,710.0,714.0,716.0,714.0,716.0,713.0,709.0,714.01
2026-04-26 11:00:00,720.0,,714.0,,700.0,719.0,715.91,,,,,720.0,710.0,714.0,716.0,714.0,716.0,713.0,709.0,714.01
2026-04-26 11:01:00,720.0,,714.0,,700.0,719.0,715.9,,,,,720.0,710.0,714.0,716.0,714.0,716.0,713.0,709.0,714.01
2026-04-26 11:02:00,720.0,,714.0,,700.0,719.0,715.9,,,,,720.0,710.0,714.0,716.0,714.0,716.0,713.0,709.0,714.01
2026-04-26 11:03:00,720.0,,714.0,,700.0,719.0,715.9,,,,,720.0,710.0,714.0,716.0,714.0,716.0,713.0,709.0,714.01
2026-04-26 11:04:00,720.0,,714.0,,700.0,719.0,715.9,,,,,720.0,710.0,714.0,716.0,714.0,716.0,713.0,709.0,714.01
2026-04-26 11:05:00,720.0,,714.0,,700.0,719.0,715.9,,,,,720.0,710.0,714.0,716.0,714.0,716.0,713.0,709.0,714.01
2026-04-26 11:06:00,720.0,,714.0,,700.0,719.0,715.9,,,,,720.0,710.0,714.0,716.0,714.0,716.0,713.0,709.0,714.01
2026-04-26 11:07:00,720.0,,714.0,,700.0,719.0,715.9,,,,,720.0,710.0,714.0,716.0,714.0,716.0,713.0,709.0,714.01
2026-04-26 11:08:00,720.0,,714.0,,700.0,719.0,715.9,,,,,720.0,710.0,714.0,716.0,714.0,716.0,713.0,709.0,714.01
2026-04-26 11:09:00,720.0,,714.0,,700.0,719.0,715.9,,,,,720.0,710.0,714.0,716.0,714.0,716.0,713.0,709.0,714.01
2026-04-26 11:10:00,720.0,,714.0,,700.0,719.0,715.89,,,,,720.0,710.0,714.0,716.0,714.0,716.0,713.0,709.0,714.01
2026-04-26 11:11:00,720.0,,714.0,,700.0,719.0,715.89,,,,,720.0,710.0,714.0,716.0,714.0,716.0,713.0,709.0,714.01
2026-04-26 11:12:00,720.0,,714.0,,700.0,719.0,715.89,,,,,720.0,710.0,714.0,716.0,714.0,716.0,713.0,709.0,714.01
2026-04-26 11:13:00,720.0,,714.0,,700.0,719.0,715.89,,,,,720.0,710.0,714.0,716.0,714.0,716.0,713.0,709.0,714.01
2026-04-26 11:14:00,720.0,,714.0,,700.0,719.0,715.89,,,,,720.0,710.0,714.0,716.0,714.0,716.0,713.0,709.0,714.01
2026-04-26 11:15:00,720.0,,714.0,,700.0,719.0,715.89,,,,,720.0,710.0,714.0,716.0,714.0,716.0,713.0,709.0,714.01
2026-04-26 11:17:00,720.0,,714.0,,700.0,719.0,715.89,,,,,720.0,710.0,714.0,716.0,714.0,716.0,713.0,709.0,714.01
2026-04-26 11:18:00,720.0,,714.0,,700.0,719.0,715.89,,,,,720.0,710.0,714.0,716.0,714.0,716.0,713.0,709.0,714.01
2026-04-26 11:18:00,720.0,,714.0,,700.0,719.0,715.89,714.0,,714.0,,720.0,710.0,714.0,716.0,714.0,716.0,713.0,709.0,714.01
2026-04-26 11:19:00,720.0,,714.0,,700.0,719.0,715.88,,,,,720.0,710.0,714.0,716.0,714.0,716.0,713.0,709.0,714.01
2026-04-26 11:20:00,720.0,,714.0,,700.0,719.0,715.88,,,,,720.0,710.0,714.0,716.0,714.0,716.0,713.0,709.0,714.01
2026-04-26 11:21:00,720.0,,714.0,,700.0,719.0,715.88,,,,,720.0,710.0,714.0,716.0,714.0,716.0,713.0,709.0,714.01
2026-04-26 11:22:00,720.0,,714.0,,700.0,719.0,715.88,,,,,720.0,710.0,714.0,716.0,714.0,716.0,713.0,709.0,714.01
2026-04-26 11:23:00,720.0,,714.0,,700.0,719.0,715.88,,,,,720.0,710.0,714.0,716.0,714.0,716.0,713.0,709.0,714.01
2026-04-26 11:24:00,720.0,,714.0,,700.0,719.0,715.88,,,,,720.0,710.0,714.0,716.0,714.0,716.0,713.0,709.0,714.01
2026-04-26 11:25:00,720.0,,714.0,,700.0,719.0,715.88,,,,,720.0,710.0,714.0,716.0,714.0,716.0,713.0,709.0,714.01
2026-04-26 11:26:00,720.0,,714.0,,700.0,719.0,715.88,,,,,720.0,710.0,714.0,716.0,714.0,716.0,713.0,709.0,714.01
2026-04-26 11:27:00,720.0,,714.0,,700.0,719.0,715.87,,,,,720.0,710.0,714.0,716.0,714.0,716.0,713.0,709.0,714.01
2026-04-26 11:28:00,720.0,,714.0,,700.0,719.0,715.87,,,,,720.0,710.0,714.0,716.0,714.0,716.0,713.0,709.0,714.01
2026-04-26 11:29:00,720.0,,714.0,,700.0,719.0,715.87,,,,,720.0,710.0,714.0,716.0,714.0,716.0,713.0,709.0,714.01
2026-04-26 11:30:00,720.0,,714.0,,700.0,719.0,715.87,,,,,720.0,710.0,714.0,716.0,714.0,716.0,713.0,709.0,714.01
2026-04-26 11:31:00,720.0,,714.0,,700.0,719.0,715.87,,,,,720.0,710.0,714.0,716.0,714.0,716.0,713.0,709.0,714.01
2026-04-26 11:32:00,720.0,,714.0,,700.0,719.0,715.87,,,,,720.0,710.0,714.0,716.0,714.0,716.0,713.0,709.0,714.01
2026-04-26 11:33:00,720.0,,714.0,,700.0,719.0,715.87,,,,,720.0,710.0,714.0,716.0,714.0,716.0,713.0,709.0,714.01
2026-04-26 11:34:00,720.0,,714.0,,700.0,719.0,715.87,,,,,720.0,710.0,714.0,716.0,714.0,716.0,713.0,709.0,714.01
2026-04-26 11:35:00,720.0,,714.0,,700.0,719.0,715.87,,,,,720.0,710.0,714.0,716.0,714.0,716.0,713.0,709.0,714.01
2026-04-26 11:36:00,720.0,,714.0,,700.0,719.0,715.86,,,,,720.0,710.0,714.0,716.0,714.0,716.0,713.0,709.0,714.01
2026-04-26 11:38:00,720.0,,714.0,,700.0,719.0,715.86,,,,,720.0,710.0,714.0,716.0,714.0,716.0,713.0,709.0,714.01
2026-04-26 11:39:00,720.0,,714.0,,700.0,719.0,715.86,,,,,720.0,710.0,714.0,716.0,714.0,716.0,713.0,709.0,714.01
2026-04-26 11:40:00,720.0,,714.0,,700.0,719.0,715.86,,,,,720.0,710.0,714.0,716.0,714.0,716.0,713.0,709.0,714.01
2026-04-26 11:41:00,720.0,,714.0,,700.0,719.0,715.86,,,,,720.0,710.0,714.0,716.0,714.0,716.0,713.0,709.0,714.01
2026-04-26 11:42:00,720.0,,714.0,,700.0,719.0,715.86,,,,,720.0,710.0,714.0,716.0,714.0,716.0,713.0,709.0,714.01
2026-04-26 11:43:00,720.0,,714.0,,700.0,719.0,715.86,,,,,720.0,710.0,714.0,716.0,714.0,716.0,713.0,709.0,714.01
2026-04-26 11:44:00,720.0,,714.0,,700.0,719.0,715.86,,,,,720.0,710.0,714.0,716.0,714.0,716.0,713.0,709.0,714.01
2026-04-26 11:45:00,720.0,,714.0,,700.0,719.0,715.85,,,,,720.0,710.0,714.0,716.0,714.0,716.0,713.0,709.0,714.01
2026-04-26 11:46:00,720.0,,714.0,,700.0,719.0,715.85,,,,,720.0,710.0,714.0,716.0,714.0,716.0,713.0,709.0,714.01
2026-04-26 11:47:00,720.0,,714.0,,700.0,719.0,715.85,,,,,720.0,710.0,714.0,716.0,714.0,716.0,713.0,709.0,714.01
2026-04-26 11:48:00,720.0,,714.0,,700.0,719.0,715.85,,,,,720.0,710.0,714.0,716.0,714.0,716.0,713.0,709.0,714.01
2026-04-26 11:49:00,720.0,,714.0,,700.0,719.0,715.85,,,,,720.0,710.0,714.0,716.0,714.0,716.0,713.0,709.0,714.01
2026-04-26 11:50:00,720.0,,714.0,,700.0,719.0,715.85,,,,,720.0,710.0,714.0,716.0,714.0,716.0,713.0,709.0,714.01
2026-04-26 11:51:00,720.0,,714.0,,700.0,719.0,715.85,,,,,720.0,710.0,714.0,716.0,714.0,716.0,713.0,709.0,714.01
2026-04-26 11:52:00,720.0,,714.0,,700.0,719.0,715.85,,,,,720.0,710.0,714.0,716.0,714.0,716.0,713.0,709.0,714.01
2026-04-26 11:53:00,720.0,,714.0,,700.0,719.0,715.85,,,,,720.0,710.0,714.0,716.0,714.0,716.0,713.0,709.0,714.01
2026-04-26 11:54:00,720.0,,714.0,,700.0,719.0,715.84,,,,,720.0,710.0,714.0,716.0,714.0,716.0,713.0,709.0,714.01
2026-04-26 11:55:00,720.0,,714.0,,700.0,719.0,715.84,,,,,720.0,710.0,714.0,716.0,714.0,716.0,713.0,709.0,714.01
2026-04-26 11:56:00,720.0,,714.0,,700.0,719.0,715.84,,,,,720.0,710.0,714.0,716.0,714.0,716.0,713.0,709.0,714.01
2026-04-26 11:57:00,720.0,,714.0,,700.0,719.0,715.84,,,,,720.0,710.0,714.0,716.0,714.0,716.0,713.0,709.0,714.01
2026-04-26 11:58:00,720.0,,714.0,,700.0,719.0,715.84,,,,,720.0,710.0,714.0,716.0,714.0,716.0,713.0,709.0,714.01
2026-04-26 11:59:00,720.0,,714.0,,700.0,719.0,715.84,,,,,720.0,710.0,714.0,716.0,714.0,716.0,713.0,709.0,714.01
2026-04-26 12:00:00,720.0,,714.0,,700.0,719.0,715.84,,,,,720.0,710.0,714.0,716.0,714.0,716.0,713.0,709.0,714.01
2026-04-26 12:01:00,720.0,,714.0,,700.0,719.0,715.84,,,,,720.0,710.0,714.0,716.0,714.0,716.0,713.0,709.0,714.01
2026-04-26 12:02:00,720.0,,714.0,,700.0,719.0,715.83,,,,,720.0,710.0,714.0,716.0,714.0,716.0,713.0,709.0,714.01
2026-04-26 12:03:00,720.0,,714.0,,700.0,719.0,715.83,,,,,720.0,710.0,714.0,716.0,714.0,716.0,713.0,709.0,714.01
2026-04-26 12:04:00,720.0,,714.0,,700.0,719.0,715.83,,,,,720.0,710.0,714.0,716.0,714.0,716.0,713.0,709.0,714.01
2026-04-26 12:05:00,720.0,,714.0,,700.0,719.0,715.83,,,,,720.0,710.0,714.0,716.0,714.0,716.0,713.0,709.0,714.01
2026-04-26 12:06:00,720.0,,714.0,,700.0,719.0,715.83,,,,,720.0,710.0,714.0,716.0,714.0,716.0,713.0,709.0,714.01
2026-04-26 12:07:00,720.0,,714.0,,700.0,719.0,715.83,,,,,720.0,710.0,714.0,716.0,714.0,716.0,713.0,709.0,714.01
2026-04-26 12:08:00,720.0,,714.0,,700.0,719.0,715.83,,,,,720.0,710.0,714.0,716.0,714.0,716.0,713.0,709.0,714.01
2026-04-26 12:09:00,720.0,,714.0,,700.0,719.0,715.83,,,,,720.0,710.0,714.0,716.0,714.0,716.0,713.0,709.0,714.01
2026-04-26 12:10:00,720.0,,714.0,,700.0,719.0,715.82,,,,,720.0,710.0,714.0,716.0,714.0,716.0,713.0,709.0,714.01
2026-04-26 12:11:00,720.0,,714.0,,700.0,719.0,715.82,,,,,720.0,710.0,714.0,716.0,714.0,716.0,713.0,709.0,714.01
2026-04-26 12:12:00,720.0,,714.0,,700.0,719.0,715.82,,,,,720.0,710.0,714.0,716.0,714.0,716.0,713.0,709.0,714.01
2026-04-26 12:13:00,720.0,,714.0,,700.0,719.0,715.82,,,,,720.0,710.0,714.0,716.0,714.0,716.0,713.0,709.0,714.01
2026-04-26 12:14:00,720.0,,714.0,,700.0,719.0,715.82,,,,,720.0,710.0,714.0,716.0,714.0,716.0,713.0,709.0,714.01
2026-04-26 12:15:00,720.0,,714.0,,700.0,719.0,715.82,,,,,720.0,710.0,714.0,716.0,714.0,716.0,713.0,709.0,714.01
2026-04-26 12:16:00,720.0,,714.0,,700.0,719.0,715.82,,,,,720.0,710.0,714.0,716.0,714.0,716.0,713.0,709.0,714.01
2026-04-26 12:18:00,720.0,,714.0,,700.0,719.0,715.82,,,,,720.0,710.0,714.0,716.0,714.0,716.0,713.0,709.0,714.01
2026-04-26 12:19:00,720.0,,714.0,,700.0,719.0,715.81,,,,,720.0,710.0,714.0,716.0,714.0,716.0,713.0,709.0,714.01
2026-04-26 12:20:00,720.0,,714.0,,700.0,719.0,715.81,,,,,720.0,710.0,714.0,716.0,714.0,716.0,713.0,709.0,714.01
2026-04-26 12:21:00,720.0,,714.0,,700.0,719.0,715.81,714.0,,714.0,,720.0,710.0,714.0,716.0,714.0,716.0,713.0,709.0,714.01
2026-04-26 12:22:00,720.0,,714.0,,700.0,719.0,715.81,,,,,720.0,710.0,714.0,716.0,714.0,716.0,713.0,709.0,714.01
2026-04-26 12:23:00,720.0,,714.0,,700.0,719.0,715.81,,,,,720.0,710.0,714.0,716.0,714.0,716.0,713.0,709.0,714.01
2026-04-26 12:24:00,720.0,,714.0,,700.0,719.0,715.81,,,,,720.0,710.0,714.0,716.0,714.0,716.0,713.0,709.0,714.01
2026-04-26 12:25:00,720.0,,714.0,,700.0,719.0,715.81,,,,,720.0,710.0,714.0,716.0,714.0,716.0,713.0,709.0,714.01
2026-04-26 12:26:00,720.0,,714.0,,700.0,719.0,715.81,714.0,,714.0,,720.0,710.0,714.0,716.0,714.0,716.0,713.0,709.0,714.01
2026-04-26 12:27:00,720.0,,714.0,,700.0,719.0,715.8,,,,,720.0,710.0,714.0,716.0,714.0,716.0,713.0,709.0,714.01
2026-04-26 12:35:00,720.0,,714.0,,700.0,719.0,715.8,714.0,,714.0,,720.0,710.0,714.0,716.0,714.0,716.0,713.0,709.0,714.01
2026-04-26 12:36:00,720.0,,714.0,,700.0,719.0,715.79,,,,,720.0,710.0,714.0,716.0,714.0,716.0,713.0,709.0,714.01
2026-04-26 12:37:00,720.0,,714.0,,700.0,719.0,715.79,,,,,720.0,710.0,714.0,716.0,714.0,716.0,713.0,709.0,714.01
2026-04-26 12:38:00,720.0,,714.0,,700.0,719.0,715.79,,,,,720.0,710.0,714.0,716.0,714.0,716.0,713.0,709.0,714.01
2026-04-26 12:39:00,720.0,,714.0,,700.0,719.0,715.79,,,,,720.0,710.0,714.0,716.0,714.0,716.0,713.0,709.0,714.01
2026-04-26 12:40:00,720.0,,714.0,,700.0,719.0,715.79,,,,,720.0,710.0,714.0,716.0,714.0,716.0,713.0,709.0,714.01
2026-04-26 12:41:00,720.0,,714.0,,700.0,719.0,715.79,,,,,720.0,710.0,714.0,716.0,714.0,716.0,713.0,709.0,714.01
2026-04-26 12:42:00,720.0,,714.0,,700.0,719.0,715.79,,,,,720.0,710.0,714.0,716.0,714.0,716.0,713.0,709.0,714.01
2026-04-26 12:43:00,720.0,,714.0,,700.0,719.0,715.79,,,,,720.0,710.0,714.0,716.0,714.0,716.0,713.0,709.0,714.01
2026-04-26 12:44:00,720.0,,714.0,,700.0,719.0,715.78,,,,,720.0,710.0,714.0,716.0,714.0,716.0,713.0,709.0,714.01
2026-04-26 12:45:00,720.0,,714.0,,700.0,719.0,715.78,714.0,,714.0,,720.0,710.0,714.0,716.0,714.0,716.0,713.0,709.0,714.01
2026-04-26 12:46:00,720.0,,714.0,,700.0,719.0,715.78,,,,,720.0,710.0,714.0,716.0,714.0,716.0,713.0,709.0,714.01
2026-04-26 12:47:00,720.0,,714.0,,700.0,719.0,715.78,,,,,720.0,710.0,714.0,716.0,714.0,716.0,713.0,709.0,714.01
2026-04-26 12:48:00,720.0,,714.0,,700.0,719.0,715.78,,,,,720.0,710.0,714.0,716.0,714.0,716.0,713.0,709.0,714.01
2026-04-26 12:50:00,720.0,,714.0,,700.0,719.0,715.78,,,,,720.0,710.0,714.0,716.0,714.0,716.0,713.0,709.0,714.01
2026-04-26 12:51:00,720.0,,714.0,,700.0,719.0,715.78,,,,,720.0,710.0,714.0,716.0,714.0,716.0,713.0,709.0,714.01
2026-04-26 12:52:00,720.0,,714.0,,700.0,719.0,715.77,,,,,720.0,710.0,714.0,716.0,714.0,716.0,713.0,709.0,714.01
2026-04-26 12:53:00,720.0,,714.0,,700.0,719.0,715.77,,,,,720.0,710.0,714.0,716.0,714.0,716.0,713.0,709.0,714.01
2026-04-26 12:54:00,720.0,,714.0,,700.0,719.0,715.77,,,,,720.0,710.0,714.0,716.0,714.0,716.0,713.0,709.0,714.01
2026-04-26 12:55:00,720.0,,714.0,,700.0,719.0,715.77,,,,,720.0,710.0,714.0,716.0,714.0,716.0,713.0,709.0,714.01
2026-04-26 12:56:00,720.0,,714.0,,700.0,719.0,715.77,,,,,720.0,710.0,714.0,716.0,714.0,716.0,713.0,709.0,714.01
2026-04-26 12:57:00,720.0,,714.0,,700.0,719.0,715.77,,,,,720.0,710.0,714.0,716.0,714.0,716.0,713.0,709.0,714.01
2026-04-26 12:58:00,720.0,,714.0,,700.0,719.0,715.77,,,,,720.0,710.0,714.0,716.0,714.0,716.0,713.0,709.0,714.01
2026-04-26 12:59:00,720.0,,714.0,,700.0,719.0,715.77,,,,,720.0,710.0,714.0,716.0,714.0,716.0,713.0,709.0,714.01
2026-04-26 13:00:00,720.0,,714.0,,700.0,719.0,715.76,,,,,720.0,710.0,714.0,716.0,714.0,716.0,713.0,709.0,714.01
2026-04-26 13:01:00,720.0,,714.0,,700.0,719.0,715.76,,,,,720.0,710.0,714.0,716.0,714.0,716.0,713.0,709.0,714.01
2026-04-26 13:02:00,720.0,,714.0,,700.0,719.0,715.76,,,,,720.0,710.0,714.0,716.0,714.0,716.0,713.0,709.0,714.01
2026-04-26 13:04:00,720.0,,714.0,,700.0,719.0,715.76,,,,,720.0,710.0,714.0,716.0,714.0,716.0,713.0,709.0,714.01
2026-04-26 13:05:00,720.0,,714.0,,700.0,719.0,715.76,,,,,720.0,710.0,714.0,716.0,714.0,716.0,713.0,709.0,714.01
2026-04-26 13:06:00,720.0,,714.0,,700.0,719.0,715.76,,,,,720.0,710.0,714.0,716.0,714.0,716.0,713.0,709.0,714.01
2026-04-26 13:07:00,720.0,,714.0,,700.0,719.0,715.76,,,,,720.0,710.0,714.0,716.0,714.0,716.0,713.0,709.0,714.01
2026-04-26 13:08:00,720.0,,714.0,,700.0,719.0,715.76,714.0,,714.0,,720.0,710.0,714.0,716.0,714.0,716.0,713.0,709.0,714.01
2026-04-26 13:09:00,720.0,,714.0,,700.0,719.0,715.75,,,,,720.0,710.0,714.0,716.0,714.0,716.0,713.0,709.0,714.01
2026-04-26 13:10:00,720.0,,714.0,,700.0,719.0,715.75,,,,,720.0,710.0,714.0,716.0,714.0,716.0,713.0,709.0,714.01
2026-04-26 13:11:00,720.0,,714.0,,700.0,719.0,715.75,,,,,720.0,710.0,714.0,716.0,714.0,716.0,713.0,709.0,714.01
2026-04-26 13:12:00,720.0,,714.0,,700.0,719.0,715.75,,,,,720.0,710.0,714.0,716.0,714.0,716.0,713.0,709.0,714.01
2026-04-26 13:13:00,720.0,,714.0,,700.0,719.0,715.75,,,,,720.0,710.0,714.0,716.0,714.0,716.0,713.0,709.0,714.01
2026-04-26 13:14:00,720.0,,714.0,,700.0,719.0,715.75,,,,,720.0,710.0,714.0,716.0,714.0,716.0,713.0,709.0,714.01
2026-04-26 13:15:00,720.0,,714.0,,700.0,719.0,715.75,,,,,720.0,710.0,714.0,716.0,714.0,716.0,713.0,709.0,714.01
2026-04-26 13:17:00,720.0,,714.0,,700.0,719.0,715.74,,,,,720.0,710.0,714.0,716.0,714.0,716.0,713.0,709.0,714.01
2026-04-26 13:18:00,720.0,,714.0,,700.0,719.0,715.74,,,,,720.0,710.0,714.0,716.0,714.0,716.0,713.0,709.0,714.01
2026-04-26 13:19:00,720.0,,714.0,,700.0,719.0,715.74,,,,,720.0,710.0,714.0,716.0,714.0,716.0,713.0,709.0,714.01
2026-04-26 13:20:00,720.0,,714.0,,700.0,719.0,715.95,,,,,720.0,710.0,714.0,716.0,714.0,716.0,713.0,709.0,714.01
2026-04-26 13:21:00,720.0,,714.0,,700.0,719.0,715.95,,,,,720.0,710.0,714.0,716.0,714.0,716.0,713.0,709.0,714.01
2026-04-26 13:22:00,720.0,,714.0,,700.0,719.0,715.94,,,,,720.0,710.0,714.0,716.0,714.0,716.0,713.0,709.0,714.01
2026-04-26 13:23:00,720.0,,714.0,,700.0,719.0,715.94,,,,,720.0,710.0,714.0,716.0,714.0,716.0,713.0,709.0,714.01
2026-04-26 13:24:00,720.0,,714.0,,700.0,719.0,715.94,,,,,720.0,710.0,714.0,716.0,714.0,716.0,713.0,709.0,714.01
2026-04-26 13:25:00,720.0,,714.0,,700.0,719.0,715.94,,,,,720.0,710.0,714.0,716.0,714.0,716.0,713.0,709.0,714.01
2026-04-26 13:26:00,720.0,,714.0,,700.0,719.0,715.94,,,,,720.0,710.0,714.0,716.0,714.0,716.0,713.0,709.0,714.01
2026-04-26 13:27:00,720.0,,714.0,,700.0,719.0,715.94,,,,,720.0,710.0,714.0,716.0,714.0,716.0,713.0,709.0,714.01
2026-04-26 13:28:00,720.0,,714.0,,700.0,719.0,715.94,,,,,720.0,710.0,714.0,716.0,714.0,716.0,713.0,709.0,714.01
2026-04-26 13:29:00,720.0,,714.0,,700.0,719.0,715.94,,,,,720.0,710.0,714.0,716.0,714.0,716.0,713.0,709.0,714.01
2026-04-26 13:31:00,720.0,,714.0,,700.0,719.0,715.93,,,,,720.0,710.0,714.0,716.0,714.0,716.0,713.0,709.0,714.01
2026-04-26 13:32:00,720.0,,714.0,,700.0,719.0,715.93,,,,,720.0,710.0,714.0,716.0,714.0,716.0,713.0,709.0,714.01
2026-04-26 13:33:00,720.0,,714.0,,700.0,719.0,715.93,,,,,720.0,710.0,714.0,716.0,714.0,716.0,713.0,709.0,714.01
2026-04-26 13:34:00,720.0,,714.0,,700.0,719.0,715.93,,,,,720.0,710.0,714.0,716.0,714.0,716.0,713.0,709.0,714.01
2026-04-26 13:35:00,720.0,,714.0,,700.0,719.0,715.93,,,,,720.0,710.0,714.0,716.0,714.0,716.0,713.0,709.0,714.01
2026-04-26 13:36:00,720.0,,714.0,,700.0,719.0,715.93,,,,,720.0,710.0,714.0,716.0,714.0,716.0,713.0,709.0,714.01
2026-04-26 13:37:00,720.0,,714.0,,700.0,719.0,715.93,,,,,720.0,710.0,714.0,716.0,714.0,716.0,713.0,709.0,714.01
2026-04-26 13:38:00,720.0,,714.0,,700.0,719.0,715.92,,,,,720.0,710.0,714.0,716.0,714.0,716.0,713.0,709.0,714.01
2026-04-26 13:39:00,720.0,,714.0,,700.0,719.0,715.92,,,,,720.0,710.0,714.0,716.0,714.0,716.0,713.0,709.0,714.01
2026-04-26 13:40:00,720.0,,714.0,,700.0,719.0,715.92,,,,,720.0,710.0,714.0,716.0,714.0,716.0,713.0,709.0,714.01
2026-04-26 13:41:00,720.0,,714.0,,700.0,719.0,715.92,,,,,720.0,710.0,714.0,716.0,714.0,716.0,713.0,709.0,714.01
2026-04-26 13:42:00,720.0,,714.0,,700.0,719.0,715.92,,,,,720.0,710.0,714.0,716.0,714.0,716.0,713.0,709.0,714.01
2026-04-26 13:43:00,720.0,,714.0,,700.0,719.0,715.92,,,,,720.0,710.0,714.0,716.0,714.0,716.0,713.0,709.0,714.01
2026-04-26 13:45:00,720.0,,714.0,,700.0,719.0,715.92,,,,,720.0,710.0,714.0,716.0,714.0,716.0,713.0,709.0,714.01
2026-04-26 13:46:00,720.0,,714.0,,700.0,719.0,715.92,,,,,720.0,710.0,714.0,716.0,714.0,716.0,713.0,709.0,714.01
2026-04-26 13:47:00,720.0,,714.0,,700.0,719.0,715.91,,,,,720.0,710.0,714.0,716.0,714.0,716.0,713.0,709.0,714.01
2026-04-26 13:48:00,720.0,,714.0,,700.0,719.0,715.91,,,,,720.0,710.0,714.0,716.0,714.0,716.0,713.0,709.0,714.01
2026-04-26 13:49:00,720.0,,714.0,,700.0,719.0,715.91,,,,,720.0,710.0,714.0,716.0,714.0,716.0,713.0,709.0,714.01
2026-04-26 13:50:00,720.0,,714.0,,700.0,719.0,715.91,,,,,720.0,710.0,714.0,716.0,714.0,716.0,713.0,709.0,714.01
2026-04-26 13:51:00,720.0,,714.0,,700.0,719.0,715.91,,,,,720.0,710.0,714.0,716.0,714.0,716.0,713.0,709.0,714.01
2026-04-26 13:52:00,720.0,,714.0,,700.0,719.0,715.91,,,,,720.0,710.0,714.0,716.0,714.0,716.0,713.0,709.0,714.01
2026-04-26 13:53:00,720.0,,714.0,,700.0,719.0,715.91,,,,,720.0,710.0,714.0,716.0,714.0,716.0,713.0,709.0,714.01
2026-04-26 13:54:00,720.0,,714.0,,700.0,719.0,715.9,,,,,720.0,710.0,714.0,716.0,714.0,716.0,713.0,709.0,714.01
2026-04-26 13:55:00,720.0,,714.0,,700.0,719.0,715.9,,,,,720.0,710.0,714.0,716.0,714.0,716.0,713.0,709.0,714.01
2026-04-26 13:56:00,720.0,,714.0,,700.0,719.0,715.9,,,,,720.0,710.0,714.0,716.0,714.0,716.0,713.0,709.0,714.01
2026-04-26 13:57:00,720.0,,714.0,,700.0,719.0,715.9,,,,,720.0,710.0,714.0,716.0,714.0,716.0,713.0,709.0,714.01
2026-04-26 13:59:00,720.0,,714.0,,700.0,719.0,715.9,,,,,720.0,710.0,714.0,716.0,714.0,716.0,713.0,709.0,714.01
2026-04-26 14:00:00,720.0,,714.0,,700.0,719.0,715.9,,,,,720.0,710.0,714.0,716.0,714.0,716.0,713.0,709.0,714.01
2026-04-26 14:01:00,720.0,,714.0,,700.0,719.0,715.9,,,,,720.0,710.0,714.0,716.0,714.0,716.0,713.0,709.0,714.01
2026-04-26 14:02:00,720.0,,714.0,,700.0,719.0,715.89,,,,,720.0,710.0,714.0,716.0,714.0,716.0,713.0,709.0,714.01
2026-04-26 14:03:00,720.0,,714.0,,700.0,719.0,715.89,,,,,720.0,710.0,714.0,716.0,714.0,716.0,713.0,709.0,714.01
2026-04-26 14:04:00,720.0,,714.0,,700.0,719.0,715.89,,,,,720.0,710.0,714.0,716.0,714.0,716.0,713.0,709.0,714.01
2026-04-26 14:05:00,720.0,,714.0,,700.0,719.0,715.89,,,,,720.0,710.0,714.0,716.0,714.0,716.0,713.0,709.0,714.01
2026-04-26 14:06:00,720.0,,714.0,,700.0,719.0,715.89,,,,,720.0,710.0,714.0,716.0,714.0,716.0,713.0,709.0,714.01
2026-04-26 14:07:00,720.0,,714.0,,700.0,719.0,715.89,,,,,720.0,710.0,714.0,716.0,714.0,716.0,713.0,709.0,714.01
2026-04-26 14:08:00,720.0,,714.0,,700.0,719.0,715.89,,,,,720.0,710.0,714.0,716.0,714.0,716.0,713.0,709.0,714.01
2026-04-26 14:09:00,720.0,,714.0,,700.0,719.0,715.89,,,,,720.0,710.0,714.0,716.0,714.0,716.0,713.0,709.0,714.01
2026-04-26 14:10:00,720.0,,714.0,,700.0,719.0,715.88,,,,,720.0,710.0,714.0,716.0,714.0,716.0,713.0,709.0,714.01
2026-04-26 14:12:00,720.0,,714.0,,700.0,719.0,715.88,,,,,720.0,710.0,714.0,716.0,714.0,716.0,713.0,709.0,714.01
2026-04-26 14:13:00,720.0,,714.0,,700.0,719.0,715.88,,,,,720.0,710.0,714.0,716.0,714.0,716.0,713.0,709.0,714.01
2026-04-26 14:14:00,720.0,,714.0,,700.0,719.0,715.88,,,,,720.0,710.0,714.0,716.0,714.0,716.0,713.0,709.0,714.01
2026-04-26 14:15:00,720.0,,714.0,,700.0,719.0,715.88,,,,,720.0,710.0,714.0,716.0,714.0,716.0,713.0,709.0,714.01
2026-04-26 14:16:00,720.0,,714.0,,700.0,719.0,715.88,,,,,720.0,710.0,714.0,716.0,714.0,716.0,713.0,709.0,714.01
2026-04-26 14:17:00,720.0,,714.0,,700.0,719.0,715.88,,,,,720.0,710.0,714.0,716.0,714.0,716.0,713.0,709.0,714.01
2026-04-26 14:18:00,720.0,,714.0,,700.0,719.0,715.87,,,,,720.0,710.0,714.0,716.0,714.0,716.0,713.0,709.0,714.01
2026-04-26 14:19:00,720.0,,714.0,,700.0,719.0,715.87,,,,,720.0,710.0,714.0,716.0,714.0,716.0,713.0,709.0,714.01
2026-04-26 14:20:00,720.0,,714.0,,700.0,719.0,715.87,,,,,720.0,710.0,714.0,716.0,714.0,716.0,713.0,709.0,714.01
2026-04-26 14:21:00,720.0,,714.0,,700.0,719.0,715.87,,,,,720.0,710.0,714.0,716.0,714.0,716.0,713.0,709.0,714.01
2026-04-26 14:22:00,720.0,,714.0,,700.0,719.0,715.87,,,,,720.0,710.0,714.0,716.0,714.0,716.0,713.0,709.0,714.01
2026-04-26 14:23:00,720.0,,714.0,,700.0,719.0,715.87,,,,,720.0,710.0,714.0,716.0,714.0,716.0,713.0,709.0,714.01
2026-04-26 14:24:00,720.0,,714.0,,700.0,719.0,715.87,,,,,720.0,710.0,714.0,716.0,714.0,716.0,713.0,709.0,714.01
2026-04-26 14:26:00,720.0,,714.0,,700.0,719.0,715.86,,,,,720.0,710.0,714.0,716.0,714.0,716.0,713.0,709.0,714.01
2026-04-26 14:27:00,720.0,,714.0,,700.0,719.0,715.86,,,,,720.0,710.0,714.0,716.0,714.0,716.0,713.0,709.0,714.01
2026-04-26 14:28:00,720.0,,714.0,,700.0,719.0,715.86,,,,,720.0,710.0,714.0,716.0,714.0,716.0,713.0,709.0,714.01
2026-04-26 14:29:00,720.0,,714.0,,700.0,719.0,715.86,,,,,720.0,710.0,714.0,716.0,714.0,716.0,713.0,709.0,714.01
2026-04-26 14:30:00,720.0,,714.0,,700.0,719.0,715.86,,,,,720.0,710.0,714.0,716.0,714.0,716.0,713.0,709.0,714.01
2026-04-26 14:31:00,720.0,,714.0,,700.0,719.0,715.86,,,,,720.0,710.0,714.0,716.0,714.0,716.0,713.0,709.0,714.01
2026-04-26 14:32:00,720.0,,714.0,,700.0,719.0,715.86,,,,,720.0,710.0,714.0,716.0,714.0,716.0,713.0,709.0,714.01
2026-04-26 14:38:00,720.0,,714.0,,700.0,719.0,715.85,,,,,720.0,710.0,714.0,716.0,714.0,716.0,713.0,709.0,714.01
2026-04-26 14:39:00,720.0,,714.0,,700.0,719.0,715.85,,,,,720.0,710.0,714.0,716.0,714.0,716.0,713.0,709.0,714.01
2026-04-26 14:40:00,720.0,,714.0,,700.0,719.0,715.85,,,,,720.0,710.0,714.0,716.0,714.0,716.0,713.0,709.0,714.01
2026-04-26 14:41:00,720.0,,714.0,,700.0,719.0,715.84,,,,,720.0,710.0,714.0,716.0,714.0,716.0,713.0,709.0,714.01
2026-04-26 14:42:00,720.0,,714.0,,700.0,719.0,715.84,,,,,720.0,710.0,714.0,716.0,714.0,716.0,713.0,709.0,714.01
2026-04-26 14:43:00,720.0,,714.0,,700.0,719.0,715.84,,,,,720.0,710.0,714.0,716.0,714.0,716.0,713.0,709.0,714.01
2026-04-26 14:44:00,720.0,,714.0,,700.0,719.0,715.84,,,,,720.0,710.0,714.0,716.0,714.0,716.0,713.0,709.0,714.01
2026-04-26 14:45:00,720.0,,714.0,,700.0,719.0,715.84,,,,,720.0,710.0,714.0,716.0,714.0,716.0,713.0,709.0,714.01
2026-04-26 14:46:00,720.0,,714.0,,700.0,719.0,715.84,,,,,720.0,710.0,714.0,716.0,714.0,716.0,713.0,709.0,714.01
2026-04-26 14:47:00,720.0,,714.0,,700.0,719.0,715.84,,,,,720.0,710.0,714.0,716.0,714.0,716.0,713.0,709.0,714.01
2026-04-26 14:48:00,720.0,,714.0,,700.0,719.0,715.83,,,,,720.0,710.0,714.0,716.0,714.0,716.0,713.0,709.0,714.01
2026-04-26 14:49:00,720.0,,714.0,,700.0,719.0,715.83,,,,,720.0,710.0,714.0,716.0,714.0,716.0,713.0,709.0,714.01
2026-04-26 14:51:00,720.0,,714.0,,700.0,719.0,715.83,,,,,720.0,710.0,714.0,716.0,714.0,716.0,713.0,709.0,714.01
2026-04-26 14:52:00,720.0,,714.0,,700.0,719.0,715.83,,,,,720.0,710.0,714.0,716.0,714.0,716.0,713.0,709.0,714.01
2026-04-26 14:53:00,720.0,,714.0,,700.0,719.0,715.83,,,,,720.0,710.0,714.0,716.0,714.0,716.0,713.0,709.0,714.01
2026-04-26 14:54:00,720.0,,714.0,,700.0,719.0,715.83,,,,,720.0,710.0,714.0,716.0,714.0,716.0,713.0,709.0,714.01
2026-04-26 14:55:00,720.0,,714.0,,700.0,719.0,715.83,,,,,720.0,710.0,714.0,716.0,714.0,716.0,713.0,709.0,714.01
2026-04-26 14:56:00,720.0,,714.0,,700.0,719.0,715.82,,,,,720.0,710.0,714.0,716.0,714.0,716.0,713.0,709.0,714.01
2026-04-26 14:57:00,720.0,,714.0,,700.0,719.0,715.82,,,,,720.0,710.0,714.0,716.0,714.0,716.0,713.0,709.0,714.01
2026-04-26 14:58:00,720.0,,714.0,,700.0,719.0,715.82,,,,,720.0,710.0,714.0,716.0,714.0,716.0,713.0,709.0,714.01
2026-04-26 14:59:00,720.0,,714.0,,700.0,719.0,715.82,,,,,720.0,710.0,714.0,716.0,714.0,716.0,713.0,709.0,714.01
2026-04-26 15:00:00,720.0,,714.0,,700.0,719.0,715.82,,,,,720.0,710.0,714.0,716.0,714.0,716.0,713.0,709.0,714.01
2026-04-26 15:01:00,720.0,,714.0,,700.0,719.0,715.82,,,,,720.0,710.0,714.0,716.0,714.0,716.0,713.0,709.0,714.01
2026-04-26 15:02:00,720.0,,714.0,,700.0,719.0,715.82,,,,,720.0,710.0,714.0,716.0,714.0,716.0,713.0,709.0,714.01
2026-04-26 15:03:00,720.0,,714.0,,700.0,719.0,715.81,,,,,720.0,710.0,714.0,716.0,714.0,716.0,713.0,709.0,714.01
2026-04-26 15:05:00,720.0,,714.0,,700.0,719.0,715.81,,,,,720.0,710.0,714.0,716.0,714.0,716.0,713.0,709.0,714.01
2026-04-26 15:06:00,720.0,,714.0,,700.0,719.0,715.81,,,,,720.0,710.0,714.0,716.0,714.0,716.0,713.0,709.0,714.01
2026-04-26 15:07:00,720.0,,714.0,,700.0,719.0,715.81,,,,,720.0,710.0,714.0,716.0,714.0,716.0,713.0,709.0,714.01
2026-04-26 15:08:00,720.0,,714.0,,700.0,719.0,715.81,,,,,720.0,710.0,714.0,716.0,714.0,716.0,713.0,709.0,714.01
2026-04-26 15:09:00,720.0,,714.0,,700.0,719.0,715.81,,,,,720.0,710.0,714.0,716.0,714.0,716.0,713.0,709.0,714.01
2026-04-26 15:10:00,720.0,,714.0,,700.0,719.0,715.81,,,,,720.0,710.0,714.0,716.0,714.0,716.0,713.0,709.0,714.01
2026-04-26 15:11:00,720.0,,714.0,,700.0,719.0,715.8,,,,,720.0,710.0,714.0,716.0,714.0,716.0,713.0,709.0,714.01
2026-04-26 15:12:00,720.0,,714.0,,700.0,719.0,715.8,,,,,720.0,710.0,714.0,716.0,714.0,716.0,713.0,709.0,714.01
2026-04-26 15:13:00,720.0,,714.0,,700.0,719.0,715.8,,,,,720.0,710.0,714.0,716.0,714.0,716.0,713.0,709.0,714.01
2026-04-26 15:14:00,720.0,,714.0,,700.0,719.0,715.8,,,,,720.0,710.0,714.0,716.0,714.0,716.0,713.0,709.0,714.01
2026-04-26 15:15:00,720.0,,714.0,,700.0,719.0,715.8,,,,,720.0,710.0,714.0,716.0,714.0,716.0,713.0,709.0,714.01
2026-04-26 15:16:00,720.0,,714.0,,700.0,719.0,715.8,,,,,720.0,710.0,714.0,716.0,714.0,716.0,713.0,709.0,714.01
2026-04-26 15:18:00,720.0,,714.0,,700.0,719.0,715.8,,,,,720.0,710.0,714.0,716.0,714.0,716.0,713.0,709.0,714.01
2026-04-26 15:19:00,720.0,,714.0,,700.0,719.0,715.79,,,,,720.0,710.0,714.0,716.0,714.0,716.0,713.0,709.0,714.01
2026-04-26 15:20:00,720.0,,714.0,,700.0,719.0,715.79,,,,,720.0,710.0,714.0,716.0,714.0,716.0,713.0,709.0,714.01
2026-04-26 15:21:00,720.0,,714.0,,700.0,719.0,715.79,,,,,720.0,710.0,714.0,716.0,714.0,716.0,713.0,709.0,714.01
2026-04-26 15:22:00,720.0,,714.0,,700.0,719.0,715.79,,,,,720.0,710.0,714.0,716.0,714.0,716.0,713.0,709.0,714.01
2026-04-26 15:23:00,720.0,,714.0,,700.0,719.0,715.79,,,,,720.0,710.0,714.0,716.0,714.0,716.0,713.0,709.0,714.01
2026-04-26 15:24:00,720.0,,714.0,,700.0,719.0,715.79,,,,,720.0,710.0,714.0,716.0,714.0,716.0,713.0,709.0,714.01
2026-04-26 15:25:00,720.0,,714.0,,700.0,719.0,715.79,,,,,720.0,710.0,714.0,716.0,714.0,716.0,713.0,709.0,714.01
2026-04-26 15:26:00,720.0,,714.0,,700.0,719.0,715.78,,,,,720.0,710.0,714.0,716.0,714.0,716.0,713.0,709.0,714.01
2026-04-26 15:27:00,720.0,,714.0,,700.0,719.0,715.78,,,,,720.0,710.0,714.0,716.0,714.0,716.0,713.0,709.0,714.01
2026-04-26 15:28:00,720.0,,714.0,,700.0,719.0,715.78,,,,,720.0,710.0,714.0,716.0,714.0,716.0,713.0,709.0,714.01
2026-04-26 15:29:00,720.0,,714.0,,700.0,719.0,715.78,,,,,720.0,710.0,714.0,716.0,714.0,716.0,713.0,709.0,714.01
2026-04-26 15:30:00,720.0,,714.0,,700.0,719.0,715.78,,,,,720.0,710.0,714.0,716.0,714.0,716.0,713.0,709.0,714.01
2026-04-26 15:32:00,720.0,,714.0,,700.0,719.0,715.78,,,,,720.0,710.0,714.0,716.0,714.0,716.0,713.0,709.0,714.01
2026-04-26 15:33:00,720.0,,714.0,,700.0,719.0,715.78,,,,,720.0,710.0,714.0,716.0,714.0,716.0,713.0,709.0,714.01
2026-04-26 15:34:00,720.0,,714.0,,700.0,719.0,715.77,,,,,720.0,710.0,714.0,716.0,714.0,716.0,713.0,709.0,714.01
2026-04-26 15:35:00,720.0,,714.0,,700.0,719.0,715.77,,,,,720.0,710.0,714.0,716.0,714.0,716.0,713.0,709.0,714.01
2026-04-26 15:36:00,720.0,,714.0,,700.0,719.0,715.77,,,,,720.0,710.0,714.0,716.0,714.0,716.0,713.0,709.0,714.01
2026-04-26 15:37:00,720.0,,714.0,,700.0,719.0,715.77,,,,,720.0,710.0,714.0,716.0,714.0,716.0,713.0,709.0,714.01
2026-04-26 15:38:00,720.0,,714.0,,700.0,719.0,715.77,,,,,720.0,710.0,714.0,716.0,714.0,716.0,713.0,709.0,714.01
2026-04-26 15:39:00,720.0,,714.0,,700.0,719.0,715.77,,,,,720.0,710.0,714.0,716.0,714.0,716.0,713.0,709.0,714.01
2026-04-26 15:40:00,720.0,,714.0,,700.0,719.0,715.76,,,,,720.0,710.0,714.0,716.0,714.0,716.0,713.0,709.0,714.01
2026-04-26 15:41:00,720.0,,714.0,,700.0,719.0,715.76,,,,,720.0,710.0,714.0,716.0,714.0,716.0,713.0,709.0,714.01
2026-04-26 15:42:00,720.0,,714.0,,700.0,719.0,715.76,,,,,720.0,710.0,714.0,716.0,714.0,716.0,713.0,709.0,714.01
2026-04-26 15:43:00,720.0,,714.0,,700.0,719.0,715.76,,,,,720.0,710.0,714.0,716.0,714.0,716.0,713.0,709.0,714.01
2026-04-26 15:44:00,720.0,,714.0,,700.0,719.0,715.76,,,,,720.0,710.0,714.0,716.0,714.0,716.0,713.0,709.0,714.01
2026-04-26 15:46:00,720.0,,714.0,,700.0,719.0,715.76,,,,,720.0,710.0,714.0,716.0,714.0,716.0,713.0,709.0,714.01
2026-04-26 15:47:00,720.0,,714.0,,700.0,719.0,715.76,,,,,720.0,710.0,714.0,716.0,714.0,716.0,713.0,709.0,714.01
2026-04-26 15:48:00,720.0,,714.0,,700.0,719.0,715.75,,,,,720.0,710.0,714.0,716.0,714.0,716.0,713.0,709.0,714.01
2026-04-26 15:49:00,720.0,,714.0,,700.0,719.0,715.75,,,,,720.0,710.0,714.0,716.0,714.0,716.0,713.0,709.0,714.01
2026-04-26 15:50:00,720.0,,714.0,,700.0,719.0,715.75,,,,,720.0,710.0,714.0,716.0,714.0,716.0,713.0,709.0,714.01
2026-04-26 15:51:00,720.0,,714.0,,700.0,719.0,715.75,,,,,720.0,710.0,714.0,716.0,714.0,716.0,713.0,709.0,714.01
2026-04-26 15:52:00,720.0,,714.0,,700.0,719.0,715.75,,,,,720.0,710.0,714.0,716.0,714.0,716.0,713.0,709.0,714.01
2026-04-26 15:53:00,720.0,,714.0,,700.0,719.0,715.75,,,,,720.0,710.0,714.0,716.0,714.0,716.0,713.0,709.0,714.01
2026-04-26 15:54:00,720.0,,714.0,,700.0,719.0,715.75,,,,,720.0,710.0,714.0,716.0,714.0,716.0,713.0,709.0,714.01
2026-04-26 15:55:00,720.0,,714.0,,700.0,719.0,715.74,,,,,720.0,710.0,714.0,716.0,714.0,716.0,713.0,709.0,714.01
2026-04-26 15:56:00,720.0,,714.0,,700.0,719.0,715.74,,,,,720.0,710.0,714.0,716.0,714.0,716.0,713.0,709.0,714.01
2026-04-26 15:58:00,720.0,,714.0,,700.0,719.0,715.74,,,,,720.0,710.0,714.0,716.0,714.0,716.0,713.0,709.0,714.01
2026-04-26 15:59:00,720.0,,714.0,,700.0,719.0,715.98,,,,,720.0,710.0,714.0,716.0,714.0,716.0,713.0,709.0,714.01
2026-04-26 16:00:00,720.0,,714.0,,700.0,719.0,715.98,,,,,720.0,710.0,714.0,716.0,714.0,716.0,713.0,709.0,714.01
2026-04-26 16:01:00,720.0,,714.0,,700.0,719.0,715.98,,,,,720.0,710.0,714.0,716.0,714.0,716.0,713.0,709.0,714.01
2026-04-26 16:02:00,720.0,,714.0,,700.0,719.0,715.98,,,,,720.0,710.0,714.0,716.0,714.0,716.0,713.0,709.0,714.01
2026-04-26 16:03:00,720.0,,714.0,,700.0,719.0,715.98,,,,,720.0,710.0,714.0,716.0,714.0,716.0,713.0,709.0,714.01
2026-04-26 16:04:00,720.0,,714.0,,700.0,719.0,715.99,,,,,720.0,710.0,714.0,716.0,714.0,716.0,713.0,709.0,714.01
2026-04-26 16:05:00,720.0,,714.0,,700.0,719.0,715.99,,,,,720.0,710.0,714.0,716.0,714.0,716.0,713.0,709.0,714.01
2026-04-26 16:07:00,720.0,,714.0,,700.0,719.0,715.99,,,,,720.0,710.0,714.0,716.0,714.0,716.0,713.0,709.0,714.01
2026-04-26 16:08:00,720.0,,714.0,,700.0,719.0,715.99,,,,,720.0,710.0,714.0,716.0,714.0,716.0,713.0,709.0,714.01
2026-04-26 16:09:00,720.0,,714.0,,700.0,719.0,715.99,,,,,720.0,710.0,714.0,716.0,714.0,716.0,713.0,709.0,714.01
2026-04-26 16:11:00,720.0,,714.0,,700.0,719.0,715.99,,,,,720.0,710.0,714.0,716.0,714.0,716.0,713.0,709.0,714.01
2026-04-26 16:13:00,720.0,,714.0,,700.0,719.0,715.98,,,,,720.0,710.0,714.0,716.0,714.0,716.0,713.0,709.0,714.01
2026-04-26 16:14:00,720.0,,714.0,,700.0,719.0,715.98,,,,,720.0,710.0,714.0,716.0,714.0,716.0,713.0,709.0,714.01
2026-04-26 16:15:00,720.0,,714.0,,700.0,719.0,715.98,,,,,720.0,710.0,714.0,716.0,714.0,716.0,713.0,709.0,714.01
2026-04-26 16:16:00,720.0,,714.0,,700.0,719.0,715.98,,,,,720.0,710.0,714.0,716.0,714.0,716.0,713.0,709.0,714.01
2026-04-26 16:17:00,720.0,,714.0,,700.0,719.0,715.98,,,,,720.0,710.0,714.0,716.0,714.0,716.0,713.0,709.0,714.01
2026-04-26 16:18:00,720.0,,714.0,,700.0,719.0,715.98,,,,,720.0,710.0,714.0,716.0,714.0,716.0,713.0,709.0,714.01
2026-04-26 16:19:00,720.0,,714.0,,700.0,719.0,715.97,,,,,720.0,710.0,714.0,716.0,714.0,716.0,713.0,709.0,714.01
2026-04-26 16:20:00,720.0,,714.0,,700.0,719.0,715.97,,,,,720.0,710.0,714.0,716.0,714.0,716.0,713.0,709.0,714.01
2026-04-26 16:22:00,720.0,,714.0,,700.0,719.0,715.97,,,,,720.0,710.0,714.0,716.0,714.0,716.0,713.0,709.0,714.01
2026-04-26 16:23:00,720.0,,714.0,,700.0,719.0,715.97,,,,,720.0,710.0,714.0,716.0,714.0,716.0,713.0,709.0,714.01
2026-04-26 16:24:00,720.0,,714.0,,700.0,719.0,715.97,,,,,720.0,710.0,714.0,716.0,714.0,716.0,713.0,709.0,714.01
2026-04-26 16:25:00,720.0,,714.0,,700.0,719.0,715.97,,,,,720.0,710.0,714.0,716.0,714.0,716.0,713.0,709.0,714.01
2026-04-26 16:26:00,720.0,,714.0,,700.0,719.0,715.96,,,,,720.0,710.0,714.0,716.0,714.0,716.0,713.0,709.0,714.01
2026-04-26 16:27:00,720.0,,714.0,,700.0,719.0,715.96,,,,,720.0,710.0,714.0,716.0,714.0,716.0,713.0,709.0,714.01
2026-04-26 16:28:00,720.0,,714.0,,700.0,719.0,715.96,,,,,720.0,710.0,714.0,716.0,714.0,716.0,713.0,709.0,714.01
2026-04-26 16:29:00,720.0,,714.0,,700.0,719.0,715.96,,,,,720.0,710.0,714.0,716.0,714.0,716.0,713.0,709.0,714.01
2026-04-26 16:30:00,720.0,,714.0,,700.0,719.0,715.96,,,,,720.0,710.0,714.0,716.0,714.0,716.0,713.0,709.0,714.01
2026-04-26 16:32:00,720.0,,714.0,,700.0,719.0,715.96,,,,,720.0,710.0,714.0,716.0,714.0,716.0,713.0,709.0,714.01
2026-04-26 16:33:00,720.0,,714.0,,700.0,719.0,715.96,,,,,720.0,710.0,714.0,716.0,714.0,716.0,713.0,709.0,714.01
2026-04-26 16:34:00,720.0,,714.0,,700.0,719.0,715.95,,,,,720.0,710.0,714.0,716.0,714.0,716.0,713.0,709.0,714.01
2026-04-26 16:35:00,720.0,,714.0,,700.0,719.0,715.95,,,,,720.0,710.0,714.0,716.0,714.0,716.0,713.0,709.0,714.01
2026-04-26 16:36:00,720.0,,714.0,,700.0,719.0,715.95,,,,,720.0,710.0,714.0,716.0,714.0,716.0,713.0,709.0,714.01
2026-04-26 16:37:00,720.0,,714.0,,700.0,719.0,715.95,,,,,720.0,710.0,714.0,716.0,714.0,716.0,713.0,709.0,714.01
2026-04-26 16:38:00,720.0,,714.0,,700.0,719.0,715.95,,,,,720.0,710.0,714.0,716.0,714.0,716.0,713.0,709.0,714.01
2026-04-26 16:39:00,720.0,,714.0,,700.0,719.0,715.95,,,,,720.0,710.0,714.0,716.0,714.0,716.0,713.0,709.0,714.01
2026-04-26 16:40:00,720.0,,714.0,,700.0,719.0,715.94,,,,,720.0,710.0,714.0,716.0,714.0,716.0,713.0,709.0,714.01
2026-04-26 16:42:00,720.0,,714.0,,700.0,719.0,715.94,,,,,720.0,710.0,714.0,716.0,714.0,716.0,713.0,709.0,714.01
2026-04-26 16:43:00,720.0,,714.0,,700.0,719.0,715.94,,,,,720.0,710.0,714.0,716.0,714.0,716.0,713.0,709.0,714.01
2026-04-26 16:44:00,720.0,,714.0,,700.0,719.0,715.94,,,,,720.0,710.0,714.0,716.0,714.0,716.0,713.0,709.0,714.01
2026-04-26 16:45:00,720.0,,714.0,,700.0,719.0,715.94,,,,,720.0,710.0,714.0,716.0,714.0,716.0,713.0,709.0,714.01
2026-04-26 16:46:00,720.0,,714.0,,700.0,719.0,715.94,,,,,720.0,710.0,714.0,716.0,714.0,716.0,713.0,709.0,714.01
2026-04-26 16:47:00,720.0,,714.0,,700.0,719.0,715.93,,,,,720.0,710.0,714.0,716.0,714.0,716.0,713.0,709.0,714.01
2026-04-26 16:48:00,720.0,,714.0,,700.0,719.0,715.93,,,,,720.0,710.0,714.0,716.0,714.0,716.0,713.0,709.0,714.01
2026-04-26 16:50:00,720.0,,714.0,,700.0,719.0,715.93,,,,,720.0,710.0,714.0,716.0,714.0,716.0,713.0,709.0,714.01
2026-04-26 16:51:00,720.0,,714.0,,700.0,719.0,715.93,,,,,720.0,710.0,714.0,716.0,714.0,716.0,713.0,709.0,714.01
2026-04-26 16:52:00,720.0,,714.0,,700.0,719.0,715.93,,,,,720.0,710.0,714.0,716.0,714.0,716.0,713.0,709.0,714.01
2026-04-26 16:53:00,720.0,,714.0,,700.0,719.0,715.93,,,,,720.0,710.0,714.0,716.0,714.0,716.0,713.0,709.0,714.01
2026-04-26 16:54:00,720.0,,714.0,,700.0,719.0,715.92,,,,,720.0,710.0,714.0,716.0,714.0,716.0,713.0,709.0,714.01
2026-04-26 16:55:00,720.0,,714.0,,700.0,719.0,715.66,,,,,720.0,710.0,714.0,716.0,714.0,716.0,713.0,709.0,714.01
2026-04-26 16:57:00,720.0,,714.0,,700.0,719.0,715.66,,,,,720.0,710.0,714.0,716.0,714.0,716.0,713.0,709.0,714.01
2026-04-26 16:58:00,720.0,,714.0,,700.0,719.0,715.66,,,,,720.0,710.0,714.0,716.0,714.0,716.0,713.0,709.0,714.01
2026-04-26 16:59:00,720.0,,714.0,,700.0,719.0,715.65,,,,,720.0,710.0,714.0,716.0,714.0,716.0,713.0,709.0,714.01
2026-04-26 17:00:00,720.0,,714.0,,700.0,719.0,715.65,,,,,720.0,710.0,714.0,716.0,714.0,716.0,713.0,709.0,714.01
2026-04-26 17:01:00,720.0,,714.0,,700.0,719.0,715.65,,,,,720.0,710.0,714.0,716.0,714.0,716.0,713.0,709.0,714.01
2026-04-26 17:02:00,720.0,,714.0,,700.0,719.0,715.65,,,,,720.0,710.0,714.0,716.0,714.0,716.0,713.0,709.0,714.01
2026-04-26 17:03:00,720.0,,714.0,,700.0,719.0,715.65,,,,,720.0,710.0,714.0,716.0,714.0,716.0,713.0,709.0,714.01
2026-04-26 17:04:00,720.0,,714.0,,700.0,719.0,715.65,,,,,720.0,710.0,714.0,716.0,714.0,716.0,713.0,709.0,714.01
2026-04-26 17:05:00,720.0,,714.0,,700.0,719.0,715.65,,,,,720.0,710.0,714.0,716.0,714.0,716.0,713.0,709.0,714.01
2026-04-26 17:06:00,720.0,,714.0,,700.0,719.0,715.64,,,,,720.0,710.0,714.0,716.0,714.0,716.0,713.0,709.0,714.01
2026-04-26 17:07:00,720.0,,714.0,,700.0,719.0,715.64,,,,,720.0,710.0,714.0,716.0,714.0,716.0,713.0,709.0,714.01
2026-04-26 17:08:00,720.0,,714.0,,700.0,719.0,715.64,,,,,720.0,710.0,714.0,716.0,714.0,716.0,713.0,709.0,714.01
2026-04-26 17:09:00,720.0,,714.0,,700.0,719.0,715.64,,,,,720.0,710.0,714.0,716.0,714.0,716.0,713.0,709.0,714.01
2026-04-26 17:10:00,720.0,,714.0,,700.0,719.0,715.64,,,,,720.0,710.0,714.0,716.0,714.0,716.0,713.0,709.0,714.01
2026-04-26 17:11:00,720.0,,714.0,,700.0,719.0,715.64,,,,,720.0,710.0,714.0,716.0,714.0,716.0,713.0,709.0,714.01
2026-04-26 17:12:00,720.0,,714.0,,700.0,719.0,715.63,,,,,720.0,710.0,714.0,716.0,714.0,716.0,713.0,709.0,714.01
2026-04-26 17:13:00,720.0,,714.0,,700.0,719.0,715.63,,,,,720.0,710.0,714.0,716.0,714.0,716.0,713.0,709.0,714.01
2026-04-26 17:14:00,720.0,,714.0,,700.0,719.0,715.63,,,,,720.0,710.0,714.0,716.0,714.0,716.0,713.0,709.0,714.01
2026-04-26 17:15:00,720.0,,714.0,,700.0,719.0,715.63,,,,,720.0,710.0,714.0,716.0,714.0,716.0,713.0,709.0,714.01
2026-04-26 17:16:00,720.0,,714.0,,700.0,719.0,715.63,,,,,720.0,710.0,714.0,716.0,714.0,716.0,713.0,709.0,714.01
2026-04-26 17:17:00,720.0,,714.0,,700.0,719.0,715.63,,,,,720.0,710.0,714.0,716.0,714.0,716.0,713.0,709.0,714.01
2026-04-26 17:18:00,720.0,,714.0,,700.0,719.0,715.63,,,,,720.0,710.0,714.0,716.0,714.0,716.0,713.0,709.0,714.01
2026-04-26 17:19:00,720.0,,714.0,,700.0,719.0,715.62,,,,,720.0,710.0,714.0,716.0,714.0,716.0,713.0,709.0,714.01
2026-04-26 17:20:00,720.0,,714.0,,700.0,719.0,715.62,,,,,720.0,710.0,714.0,716.0,714.0,716.0,713.0,709.0,714.01
2026-04-26 17:29:00,720.0,,714.0,,700.0,719.0,716.02,714.0,,714.0,,720.0,710.0,714.0,716.0,714.0,716.0,713.0,709.0,714.01
2026-04-26 17:30:00,720.0,,714.0,,700.0,719.0,716.02,,,,,720.0,710.0,714.0,716.0,714.0,716.0,713.0,709.0,714.01
2026-04-26 17:31:00,720.0,,714.0,,700.0,719.0,716.01,,,,,720.0,710.0,714.0,716.0,714.0,716.0,713.0,709.0,714.01
2026-04-26 17:34:00,720.0,,714.0,,700.0,719.0,716.02,,,,,720.0,710.0,714.0,716.0,714.0,716.0,713.0,709.0,714.01
2026-04-26 17:35:00,720.0,,714.0,,700.0,719.0,716.02,,,,,720.0,710.0,714.0,716.0,714.0,716.0,713.0,709.0,714.01
2026-04-26 17:36:00,720.0,,714.0,,700.0,719.0,716.02,,,,,720.0,710.0,714.0,716.0,714.0,716.0,713.0,709.0,714.01
2026-04-26 17:37:00,720.0,,714.0,,700.0,719.0,716.02,,,,,720.0,710.0,714.0,716.0,714.0,716.0,713.0,709.0,714.01
2026-04-26 17:38:00,720.0,,714.0,,700.0,719.0,716.02,,,,,720.0,710.0,714.0,716.0,714.0,716.0,713.0,709.0,714.01
2026-04-26 17:39:00,720.0,,714.0,,700.0,719.0,716.02,,,,,720.0,710.0,714.0,716.0,714.0,716.0,713.0,709.0,714.01
2026-04-26 17:40:00,720.0,,714.0,,700.0,719.0,716.02,,,,,720.0,710.0,714.0,716.0,714.0,716.0,713.0,709.0,714.01
2026-04-26 17:41:00,720.0,,714.0,,700.0,719.0,716.02,,,,,720.0,710.0,714.0,716.0,714.0,716.0,713.0,709.0,714.01
2026-04-26 17:42:00,720.0,,714.0,,700.0,719.0,716.02,,,,,720.0,710.0,714.0,716.0,714.0,716.0,713.0,709.0,714.01
2026-04-26 17:43:00,720.0,,714.0,,700.0,719.0,716.03,,,,,720.0,710.0,714.0,716.0,714.0,716.0,713.0,709.0,714.01
2026-04-26 17:44:00,720.0,,714.0,,700.0,719.0,716.02,,,,,720.0,710.0,714.0,716.0,714.0,716.0,713.0,709.0,714.01
2026-04-26 17:46:00,720.0,,714.0,,700.0,719.0,716.02,,,,,720.0,710.0,714.0,716.0,714.0,716.0,713.0,709.0,714.01
2026-04-26 17:47:00,720.0,,714.0,,700.0,719.0,716.03,,,,,720.0,710.0,714.0,716.0,714.0,716.0,713.0,709.0,714.01
2026-04-26 17:48:00,720.0,,714.0,,700.0,719.0,716.02,,,,,720.0,710.0,714.0,716.0,714.0,716.0,713.0,709.0,714.01
2026-04-26 17:49:00,720.0,,714.0,,700.0,719.0,716.03,,,,,720.0,710.0,714.0,716.0,714.0,716.0,713.0,709.0,714.01
2026-04-26 17:50:00,720.0,,714.0,,700.0,719.0,716.03,,,,,720.0,710.0,714.0,716.0,714.0,716.0,713.0,709.0,714.01
2026-04-26 17:51:00,720.0,,714.0,,700.0,719.0,716.03,,,,,720.0,710.0,714.0,716.0,714.0,716.0,713.0,709.0,714.01
2026-04-26 17:52:00,720.0,,714.0,,700.0,719.0,716.03,,,,,720.0,710.0,714.0,716.0,714.0,716.0,713.0,709.0,714.01
2026-04-26 17:53:00,720.0,,714.0,,700.0,719.0,716.03,,,,,720.0,710.0,714.0,716.0,714.0,716.0,713.0,709.0,714.01
2026-04-26 17:54:00,720.0,,714.0,,700.0,719.0,716.03,,,,,720.0,710.0,714.0,716.0,714.0,716.0,713.0,709.0,714.01
2026-04-26 17:55:00,720.0,,714.0,,700.0,719.0,716.02,,,,,720.0,710.0,714.0,716.0,714.0,716.0,713.0,709.0,714.01
2026-04-26 17:56:00,720.0,,714.0,,700.0,719.0,716.03,,,,,720.0,710.0,714.0,716.0,714.0,716.0,713.0,709.0,714.01
2026-04-26 17:57:00,720.0,,714.0,,700.0,719.0,716.03,,,,,720.0,710.0,714.0,716.0,714.0,716.0,713.0,709.0,714.01
2026-04-26 17:58:00,720.0,,714.0,,700.0,719.0,716.03,,,,,720.0,710.0,714.0,716.0,714.0,716.0,713.0,709.0,714.01
2026-04-26 18:00:00,720.0,,714.0,,700.0,719.0,716.03,,,,,720.0,710.0,714.0,716.0,714.0,716.0,713.0,709.0,714.01
2026-04-26 18:01:00,720.0,,714.0,,700.0,719.0,716.03,,,,,720.0,710.0,714.0,716.0,714.0,716.0,713.0,709.0,714.01
2026-04-26 18:02:00,720.0,,714.0,,700.0,719.0,716.03,,,,,720.0,710.0,714.0,716.0,714.0,716.0,713.0,709.0,714.01
2026-04-26 18:03:00,720.0,,714.0,,700.0,719.0,716.03,,,,,720.0,710.0,714.0,716.0,714.0,716.0,713.0,709.0,714.01
2026-04-26 18:04:00,720.0,,714.0,,700.0,719.0,716.03,,,,,720.0,710.0,714.0,716.0,714.0,716.0,713.0,709.0,714.01
2026-04-26 18:05:00,720.0,,714.0,,700.0,719.0,716.04,,,,,720.0,710.0,714.0,716.0,714.0,716.0,713.0,709.0,714.01
2026-04-26 18:06:00,720.0,,714.0,,700.0,719.0,716.03,,,,,720.0,710.0,714.0,716.0,714.0,716.0,713.0,709.0,714.01
2026-04-26 18:07:00,720.0,,714.0,,700.0,719.0,716.03,,,,,720.0,710.0,714.0,716.0,714.0,716.0,713.0,709.0,714.01
2026-04-26 18:08:00,720.0,,714.0,,700.0,719.0,716.03,,,,,720.0,710.0,714.0,716.0,714.0,716.0,713.0,709.0,714.01
2026-04-26 18:09:00,720.0,,714.0,,700.0,719.0,716.03,,,,,720.0,710.0,714.0,716.0,714.0,716.0,713.0,709.0,714.01
2026-04-26 18:10:00,720.0,,714.0,,700.0,719.0,716.04,,,,,720.0,710.0,714.0,716.0,714.0,716.0,713.0,709.0,714.01
2026-04-26 18:11:00,720.0,,714.0,,700.0,719.0,716.03,,,,,720.0,710.0,714.0,716.0,714.0,716.0,713.0,709.0,714.01
2026-04-26 18:12:00,720.0,,714.0,,700.0,719.0,716.04,,,,,720.0,710.0,714.0,716.0,714.0,716.0,713.0,709.0,714.01
2026-04-26 18:14:00,720.0,,714.0,,700.0,719.0,716.03,,,,,720.0,710.0,714.0,716.0,714.0,716.0,713.0,709.0,714.01
2026-04-26 18:15:00,720.0,,714.0,,700.0,719.0,716.04,,,,,720.0,710.0,714.0,716.0,714.0,716.0,713.0,709.0,714.01
2026-04-26 18:16:00,720.0,,714.0,,700.0,719.0,716.04,,,,,720.0,710.0,714.0,716.0,714.0,716.0,713.0,709.0,714.01
2026-04-26 18:17:00,720.0,,714.0,,700.0,719.0,716.04,,,,,720.0,710.0,714.0,716.0,714.0,716.0,713.0,709.0,714.01
2026-04-26 18:18:00,720.0,,714.0,,700.0,719.0,716.04,,,,,720.0,710.0,714.0,716.0,714.0,716.0,713.0,709.0,714.01
2026-04-26 18:19:00,720.0,,714.0,,700.0,719.0,716.04,,,,,720.0,710.0,714.0,716.0,714.0,716.0,713.0,709.0,714.01
2026-04-26 18:20:00,720.0,,714.0,,700.0,719.0,716.04,,,,,720.0,710.0,714.0,716.0,714.0,716.0,713.0,709.0,714.01
2026-04-26 18:21:00,720.0,,714.0,,700.0,719.0,716.04,,,,,720.0,710.0,714.0,716.0,714.0,716.0,713.0,709.0,714.01
2026-04-26 18:22:00,720.0,,714.0,,700.0,719.0,716.04,,,,,720.0,710.0,714.0,716.0,714.0,716.0,713.0,709.0,714.01
2026-04-26 18:23:00,720.0,,714.0,,700.0,719.0,716.04,,,,,720.0,710.0,714.0,716.0,714.0,716.0,713.0,709.0,714.01
2026-04-26 18:24:00,720.0,,714.0,,700.0,719.0,716.04,,,,,720.0,710.0,714.0,716.0,714.0,716.0,713.0,709.0,714.01
2026-04-26 18:25:00,720.0,,714.0,,700.0,719.0,716.04,,,,,720.0,710.0,714.0,716.0,714.0,716.0,713.0,709.0,714.01
2026-04-26 18:26:00,720.0,,714.0,,700.0,719.0,716.04,,,,,720.0,710.0,714.0,716.0,714.0,716.0,713.0,709.0,714.01
2026-04-26 18:28:00,720.0,,714.0,,700.0,719.0,716.04,,,,,720.0,710.0,714.0,716.0,714.0,716.0,713.0,709.0,714.01
2026-04-26 18:29:00,720.0,,714.0,,700.0,719.0,716.04,,,,,720.0,710.0,714.0,716.0,714.0,716.0,713.0,709.0,714.01
2026-04-26 18:30:00,720.0,,714.0,,700.0,719.0,716.04,,,,,720.0,710.0,714.0,716.0,714.0,716.0,713.0,709.0,714.01
2026-04-26 18:31:00,720.0,,714.0,,700.0,719.0,716.04,,,,,720.0,710.0,714.0,716.0,714.0,716.0,713.0,709.0,714.01
2026-04-26 18:32:00,720.0,,714.0,,700.0,719.0,716.04,,,,,720.0,710.0,714.0,716.0,714.0,716.0,713.0,709.0,714.01
2026-04-26 18:33:00,720.0,,714.0,,700.0,719.0,716.04,,,,,720.0,710.0,714.0,716.0,714.0,716.0,713.0,709.0,714.01
2026-04-26 18:34:00,720.0,,714.0,,700.0,719.0,716.04,,,,,720.0,710.0,714.0,716.0,714.0,716.0,713.0,709.0,714.01
2026-04-26 18:35:00,720.0,,714.0,,700.0,719.0,716.04,,,,,720.0,710.0,714.0,716.0,714.0,716.0,713.0,709.0,714.01
2026-04-26 18:36:00,720.0,,714.0,,700.0,719.0,716.04,,,,,720.0,710.0,714.0,716.0,714.0,716.0,713.0,709.0,714.01
2026-04-26 18:37:00,720.0,,714.0,,700.0,719.0,716.05,,,,,720.0,710.0,714.0,716.0,714.0,716.0,713.0,709.0,714.01
2026-04-26 18:38:00,720.0,,714.0,,700.0,719.0,716.04,,,,,720.0,710.0,714.0,716.0,714.0,716.0,713.0,709.0,714.01
2026-04-26 18:39:00,720.0,,714.0,,700.0,719.0,716.05,,,,,720.0,710.0,714.0,716.0,714.0,716.0,713.0,709.0,714.01
2026-04-26 18:40:00,720.0,,714.0,,700.0,719.0,716.04,,,,,720.0,710.0,714.0,716.0,714.0,716.0,713.0,709.0,714.01
2026-04-26 18:42:00,720.0,,714.0,,700.0,719.0,716.05,,,,,720.0,710.0,714.0,716.0,714.0,716.0,713.0,709.0,714.01
2026-04-26 18:43:00,720.0,,714.0,,700.0,719.0,716.05,,,,,720.0,710.0,714.0,716.0,714.0,716.0,713.0,709.0,714.01
2026-04-26 18:44:00,720.0,,714.0,,700.0,719.0,716.05,,,,,720.0,710.0,714.0,716.0,714.0,716.0,713.0,709.0,714.01
2026-04-26 18:45:00,720.0,,714.0,,700.0,719.0,716.05,,,,,720.0,710.0,714.0,716.0,714.0,716.0,713.0,709.0,714.01
2026-04-26 18:46:00,720.0,,714.0,,700.0,719.0,716.05,,,,,720.0,710.0,714.0,716.0,714.0,716.0,713.0,709.0,714.01
2026-04-26 18:47:00,720.0,,714.0,,700.0,719.0,716.05,,,,,720.0,710.0,714.0,716.0,714.0,716.0,713.0,709.0,714.01
2026-04-26 18:48:00,720.0,,714.0,,700.0,719.0,716.05,,,,,720.0,710.0,714.0,716.0,714.0,716.0,713.0,709.0,714.01
2026-04-26 18:49:00,720.0,,714.0,,700.0,719.0,716.05,,,,,720.0,710.0,714.0,716.0,714.0,716.0,713.0,709.0,714.01
2026-04-26 18:50:00,720.0,,714.0,,700.0,719.0,716.06,,,,,720.0,710.0,714.0,716.0,714.0,716.0,713.0,709.0,714.01
2026-04-26 18:51:00,720.0,,714.0,,700.0,719.0,716.05,,,,,720.0,710.0,714.0,716.0,714.0,716.0,713.0,709.0,714.01
2026-04-26 18:52:00,720.0,,714.0,,700.0,719.0,716.05,,,,,720.0,710.0,714.0,716.0,714.0,716.0,713.0,709.0,714.01
2026-04-26 18:53:00,720.0,,714.0,,700.0,719.0,716.05,,,,,720.0,710.0,714.0,716.0,714.0,716.0,713.0,709.0,714.01
2026-04-26 18:54:00,720.0,,714.0,,700.0,719.0,716.05,,,,,720.0,710.0,714.0,716.0,714.0,716.0,713.0,709.0,714.01
2026-04-26 18:56:00,720.0,,714.0,,700.0,719.0,716.05,,,,,720.0,710.0,714.0,716.0,714.0,716.0,713.0,709.0,714.01
2026-04-26 18:57:00,720.0,,714.0,,700.0,719.0,716.05,,,,,720.0,710.0,714.0,716.0,714.0,716.0,713.0,709.0,714.01
2026-04-26 18:58:00,720.0,,714.0,,700.0,719.0,716.05,,,,,720.0,710.0,714.0,716.0,714.0,716.0,713.0,709.0,714.01
2026-04-26 18:59:00,720.0,,714.0,,700.0,719.0,716.06,,,,,720.0,710.0,714.0,716.0,714.0,716.0,713.0,709.0,714.01
2026-04-26 19:00:00,720.0,,,710.0,700.0,719.0,712.47,,,,,720.0,710.0,714.0,716.0,714.0,716.0,713.0,709.0,712.47
2026-04-26 19:01:00,720.0,,720.0,,700.0,719.0,712.68,,,,,720.0,710.0,714.0,716.0,714.0,716.0,713.0,709.0,712.68
2026-04-26 19:02:00,720.0,,720.0,,700.0,719.0,712.72,,,,,720.0,710.0,714.0,716.0,714.0,716.0,713.0,709.0,712.72
2026-04-26 19:03:00,720.0,,720.0,,700.0,719.0,712.77,,,,,720.0,710.0,714.0,716.0,714.0,716.0,713.0,709.0,712.77
2026-04-26 19:04:00,720.0,,720.0,,700.0,719.0,712.69,,,,,720.0,710.0,714.0,716.0,714.0,716.0,713.0,709.0,712.69
2026-04-26 19:05:00,720.0,,720.0,,700.0,719.0,712.79,,,,,720.0,710.0,714.0,716.0,714.0,716.0,713.0,709.0,712.79
2026-04-26 19:06:00,720.0,,720.0,,700.0,719.0,712.61,,,,,720.0,710.0,714.0,716.0,714.0,716.0,713.0,709.0,712.61
2026-04-26 19:07:00,720.0,,,710.0,700.0,719.0,712.51,,,,,720.0,710.0,714.0,716.0,714.0,716.0,713.0,709.0,712.51
2026-04-26 19:08:00,720.0,,,710.0,700.0,719.0,712.53,,,,,720.0,710.0,714.0,716.0,714.0,716.0,713.0,709.0,712.53
2026-04-26 19:10:00,720.0,,720.0,,700.0,719.0,712.6,,,,,720.0,710.0,714.0,716.0,714.0,716.0,713.0,709.0,712.6
2026-04-26 19:11:00,720.0,,720.0,,700.0,719.0,712.66,,,,,720.0,710.0,714.0,716.0,714.0,716.0,713.0,709.0,712.66
2026-04-26 19:12:00,720.0,,720.0,,700.0,719.0,712.71,,,,,720.0,710.0,714.0,716.0,714.0,716.0,713.0,709.0,712.71
2026-04-26 19:13:00,720.0,,720.0,,700.0,719.0,712.75,,,,,720.0,710.0,714.0,716.0,714.0,716.0,713.0,709.0,712.75
2026-04-26 19:14:00,720.0,,720.0,,700.0,719.0,712.84,,,,,720.0,710.0,714.0,716.0,714.0,716.0,713.0,709.0,712.84
2026-04-26 19:15:00,720.0,,720.0,,700.0,719.0,712.75,,,,,720.0,710.0,714.0,716.0,714.0,716.0,713.0,709.0,712.75
2026-04-26 19:16:00,720.0,,,710.0,700.0,719.0,712.57,,,,,720.0,710.0,714.0,716.0,714.0,716.0,713.0,709.0,712.57
2026-04-26 19:17:00,720.0,,720.0,,700.0,719.0,712.77,,,,,720.0,710.0,714.0,716.0,714.0,716.0,713.0,709.0,712.77
2026-04-26 19:18:00,720.0,,720.0,,700.0,719.0,712.82,,,,,720.0,710.0,714.0,716.0,714.0,716.0,713.0,709.0,712.82
2026-04-26 19:19:00,720.0,,720.0,,700.0,719.0,712.83,,,,,720.0,710.0,714.0,716.0,714.0,716.0,713.0,709.0,712.83
2026-04-26 19:20:00,720.0,,720.0,,700.0,719.0,712.87,,,,,720.0,710.0,714.0,716.0,714.0,716.0,713.0,709.0,712.87
2026-04-26 19:21:00,720.0,,720.0,,700.0,719.0,712.8,,,,,720.0,710.0,714.0,716.0,714.0,716.0,713.0,709.0,712.8
2026-04-26 19:22:00,720.0,,720.0,,700.0,719.0,712.8,,,,,720.0,710.0,714.0,716.0,714.0,716.0,713.0,709.0,712.8
2026-04-26 19:24:00,720.0,,720.0,,700.0,719.0,712.75,,,,,720.0,710.0,714.0,716.0,714.0,716.0,713.0,709.0,712.75
2026-04-26 19:25:00,720.0,,720.0,,700.0,719.0,712.78,,,,,720.0,710.0,714.0,716.0,714.0,716.0,713.0,709.0,712.78
2026-04-26 19:26:00,720.0,,720.0,,700.0,719.0,712.77,,,,,720.0,710.0,714.0,716.0,714.0,716.0,713.0,709.0,712.77
2026-04-26 19:27:00,720.0,,720.0,,700.0,719.0,712.74,,,,,720.0,710.0,714.0,716.0,714.0,716.0,713.0,709.0,712.74
2026-04-26 19:28:00,720.0,,720.0,,700.0,719.0,712.8,,,,,720.0,710.0,714.0,716.0,714.0,716.0,713.0,709.0,712.8
2026-04-26 19:29:00,720.0,,720.0,,700.0,719.0,712.8,,,,,720.0,710.0,714.0,716.0,714.0,716.0,713.0,709.0,712.8
2026-04-26 19:30:00,720.0,,720.0,,700.0,719.0,712.77,,,,,720.0,710.0,714.0,716.0,714.0,716.0,713.0,709.0,712.77
2026-04-26 19:31:00,720.0,,720.0,,700.0,719.0,712.82,,,,,720.0,710.0,714.0,716.0,714.0,716.0,713.0,709.0,712.82
2026-04-26 19:32:00,720.0,,720.0,,700.0,719.0,712.76,,,,,720.0,710.0,714.0,716.0,714.0,716.0,713.0,709.0,712.76
2026-04-26 19:33:00,720.0,,720.0,,700.0,719.0,712.79,,,,,720.0,710.0,714.0,716.0,714.0,716.0,713.0,709.0,712.79
2026-04-26 19:34:00,720.0,,720.0,,700.0,719.0,712.74,,,,,720.0,710.0,714.0,716.0,714.0,716.0,713.0,709.0,712.74
2026-04-26 19:35:00,720.0,,720.0,,700.0,719.0,712.89,,,,,720.0,710.0,714.0,716.0,714.0,716.0,713.0,709.0,712.89
2026-04-26 19:36:00,720.0,,720.0,,700.0,719.0,712.82,,,,,720.0,710.0,714.0,716.0,714.0,716.0,713.0,709.0,712.82
2026-04-26 19:38:00,720.0,,720.0,,700.0,719.0,712.81,,,,,720.0,710.0,714.0,716.0,714.0,716.0,713.0,709.0,712.81
2026-04-26 19:39:00,720.0,,720.0,,700.0,719.0,712.91,,,,,720.0,710.0,714.0,716.0,714.0,716.0,713.0,709.0,712.91
2026-04-26 19:40:00,720.0,,720.0,,700.0,719.0,713.06,,,,,720.0,710.0,714.0,716.0,714.0,716.0,713.0,709.0,713.06
2026-04-26 19:41:00,720.0,,720.0,,700.0,719.0,713.05,,,,,720.0,710.0,714.0,716.0,714.0,716.0,713.0,709.0,713.05
2026-04-26 19:42:00,720.0,,720.0,,700.0,719.0,723.97,,,,,720.0,710.0,714.0,716.0,714.0,716.0,713.0,709.0,713.17
2026-04-26 19:43:00,720.0,,720.0,,700.0,719.0,724.73,,,,,720.0,710.0,714.0,716.0,714.0,716.0,713.0,709.0,713.15
2026-04-26 19:44:00,720.0,,720.0,,700.0,719.0,724.73,,,,,720.0,710.0,714.0,716.0,714.0,716.0,713.0,709.0,713.15
2026-04-26 19:45:00,720.0,,720.0,,700.0,719.0,725.55,,,,,720.0,710.0,714.0,716.0,714.0,716.0,713.0,709.0,713.14
2026-04-26 19:46:00,720.0,,720.0,,700.0,719.0,723.56,,,,,720.0,710.0,714.0,716.0,714.0,716.0,713.0,709.0,713.17
2026-04-26 19:47:00,720.0,,720.0,,700.0,719.0,722.61,,,,,720.0,710.0,714.0,716.0,714.0,716.0,713.0,709.0,713.2
2026-04-26 19:48:00,720.0,,720.0,,700.0,719.0,723.0,,,,,720.0,710.0,714.0,716.0,714.0,716.0,713.0,709.0,713.18
2026-04-26 19:49:00,720.0,,720.0,,700.0,719.0,724.18,,,,,720.0,710.0,714.0,716.0,714.0,716.0,713.0,709.0,713.16
2026-04-26 19:51:00,720.0,,720.0,,700.0,719.0,725.56,,,,,720.0,710.0,714.0,716.0,714.0,716.0,713.0,709.0,713.14
2026-04-26 19:52:00,720.0,,720.0,,700.0,719.0,725.56,,,,,720.0,710.0,714.0,716.0,714.0,716.0,713.0,709.0,713.14
2026-04-26 19:53:00,720.0,,720.0,,700.0,719.0,690.0,,,,,720.0,710.0,714.0,716.0,714.0,716.0,713.0,709.0,713.09
2026-04-26 19:54:00,720.0,,720.0,,700.0,719.0,721.49,,,,,720.0,710.0,714.0,716.0,714.0,716.0,713.0,709.0,713.27
2026-04-26 19:55:00,720.0,,720.0,,700.0,719.0,720.97,,,,,720.0,710.0,714.0,716.0,714.0,716.0,713.0,709.0,713.3
2026-04-26 19:56:00,720.0,,720.0,,700.0,719.0,719.88,,,,,720.0,710.0,714.0,716.0,714.0,716.0,713.0,709.0,713.39
2026-04-26 19:57:00,720.0,,720.0,,700.0,719.0,719.79,,,,,720.0,710.0,714.0,716.0,714.0,716.0,713.0,709.0,713.42
2026-04-26 19:58:00,720.0,,715.0,,700.0,719.0,718.97,,,,,720.0,710.0,714.0,716.0,714.0,716.0,713.0,709.0,713.66
2026-04-26 19:59:00,720.0,,715.0,,700.0,719.0,718.76,,,,,720.0,710.0,714.0,716.0,714.0,716.0,713.0,709.0,713.68
2026-04-26 20:00:00,720.0,,714.0,,700.0,719.0,716.55,,,,,720.0,710.0,714.0,716.0,714.0,716.0,713.0,709.0,713.94
2026-04-26 20:01:00,720.0,,714.0,,700.0,719.0,714.45,,,,,720.0,710.0,714.0,716.0,714.0,716.0,713.0,709.0,714.58
2026-04-26 20:02:00,720.0,,714.0,,700.0,719.0,714.79,,,,,720.0,710.0,714.0,716.0,714.0,716.0,713.0,709.0,714.4
2026-04-26 20:03:00,720.0,,714.0,,700.0,719.0,715.15,,,,,720.0,710.0,714.0,716.0,714.0,716.0,713.0,709.0,714.26
2026-04-26 20:05:00,720.0,,714.0,,700.0,719.0,714.86,,,,,720.0,710.0,714.0,716.0,714.0,716.0,713.0,709.0,714.37
2026-04-26 20:06:00,720.0,,714.0,,700.0,719.0,715.09,,,,,720.0,710.0,714.0,716.0,714.0,716.0,713.0,709.0,714.28
2026-04-26 20:07:00,720.0,,714.0,,700.0,719.0,716.15,,,,,720.0,710.0,714.0,716.0,714.0,716.0,713.0,709.0,714.0
2026-04-26 20:08:00,720.0,,714.0,,700.0,719.0,716.55,,,,,720.0,710.0,714.0,716.0,714.0,716.0,713.0,709.0,713.94
2026-04-26 20:09:00,720.0,,714.0,,700.0,719.0,716.55,,,,,720.0,710.0,714.0,716.0,714.0,716.0,713.0,709.0,713.94
2026-04-26 20:10:00,720.0,,714.0,,700.0,719.0,716.55,,,,,720.0,710.0,714.0,716.0,714.0,716.0,713.0,709.0,713.94
2026-04-26 20:11:00,720.0,,714.0,,700.0,719.0,716.55,,,,,720.0,710.0,714.0,716.0,714.0,716.0,713.0,709.0,713.94
2026-04-26 20:12:00,720.0,,714.0,,700.0,719.0,716.55,,,,,720.0,710.0,714.0,716.0,714.0,716.0,713.0,709.0,713.94
2026-04-26 20:13:00,720.0,,714.0,,700.0,719.0,716.55,,,,,720.0,710.0,714.0,716.0,714.0,716.0,713.0,709.0,713.94
2026-04-26 20:14:00,720.0,,714.0,,700.0,719.0,716.55,,,,,720.0,710.0,714.0,716.0,714.0,716.0,713.0,709.0,713.94
2026-04-26 20:15:00,720.0,,714.0,,700.0,719.0,717.04,,,,,720.0,710.0,714.0,716.0,714.0,716.0,713.0,709.0,713.87
2026-04-26 20:16:00,720.0,,715.0,,700.0,719.0,718.88,,,,,720.0,710.0,714.0,716.0,714.0,716.0,713.0,709.0,713.67
2026-04-26 20:18:00,720.0,,714.0,,700.0,719.0,716.83,,,,,720.0,710.0,714.0,716.0,714.0,716.0,713.0,709.0,713.9
2026-04-26 20:19:00,720.0,,714.0,,700.0,719.0,716.56,,,,,720.0,710.0,714.0,716.0,714.0,716.0,713.0,709.0,713.94
2026-04-26 20:20:00,720.0,,714.0,,700.0,719.0,716.29,,,,,720.0,710.0,714.0,716.0,714.0,716.0,713.0,709.0,713.98
2026-04-26 20:21:00,720.0,,714.0,,700.0,719.0,716.56,,,,,720.0,710.0,714.0,716.0,714.0,716.0,713.0,709.0,713.94
2026-04-26 20:22:00,720.0,,714.0,,700.0,719.0,716.56,,,,,720.0,710.0,714.0,716.0,714.0,716.0,713.0,709.0,713.94
2026-04-26 20:23:00,720.0,,714.0,,700.0,719.0,715.87,,,,,720.0,710.0,714.0,716.0,714.0,716.0,713.0,709.0,714.06
2026-04-26 20:24:00,720.0,,714.0,,700.0,719.0,715.43,,,,,720.0,710.0,714.0,716.0,714.0,716.0,713.0,709.0,714.18
2026-04-26 20:25:00,720.0,,714.0,,700.0,719.0,716.05,,,,,720.0,710.0,714.0,716.0,714.0,716.0,713.0,709.0,714.02
2026-04-26 20:26:00,720.0,,714.0,,700.0,719.0,716.09,,,,,720.0,710.0,714.0,716.0,714.0,716.0,713.0,709.0,714.01
2026-04-26 20:27:00,720.0,,714.0,,700.0,719.0,716.56,,,,,720.0,710.0,714.0,716.0,714.0,716.0,713.0,709.0,713.94
2026-04-26 20:28:00,720.0,,714.0,,700.0,719.0,716.23,,,,,720.0,710.0,714.0,716.0,714.0,716.0,713.0,709.0,713.99
2026-04-26 20:29:00,720.0,,714.0,,700.0,719.0,715.3,,,,,720.0,710.0,714.0,716.0,714.0,716.0,713.0,709.0,714.22
2026-04-26 20:30:00,720.0,,714.0,,700.0,719.0,715.2,,,,,720.0,710.0,714.0,716.0,714.0,716.0,713.0,709.0,714.25
2026-04-26 20:32:00,720.0,,714.0,,700.0,719.0,714.94,,,,,720.0,710.0,714.0,716.0,714.0,716.0,713.0,709.0,714.34
2026-04-26 20:33:00,720.0,,714.0,,700.0,719.0,714.58,,,,,720.0,710.0,714.0,716.0,714.0,716.0,713.0,709.0,714.51
2026-04-26 20:34:00,720.0,,714.0,,700.0,719.0,714.49,,,,,720.0,710.0,714.0,716.0,714.0,716.0,713.0,709.0,714.56
2026-04-26 20:35:00,720.0,,714.0,,700.0,719.0,714.42,,,,,720.0,710.0,714.0,716.0,714.0,716.0,713.0,709.0,714.6
2026-04-26 20:36:00,720.0,,714.0,,700.0,719.0,714.37,,,,,720.0,710.0,714.0,716.0,714.0,716.0,713.0,709.0,714.63
2026-04-26 20:37:00,720.0,,714.0,,700.0,719.0,714.4,,,,,720.0,710.0,714.0,716.0,714.0,716.0,713.0,709.0,714.61
2026-04-26 20:38:00,720.0,,714.0,,700.0,719.0,714.42,,,,,720.0,710.0,714.0,716.0,714.0,716.0,713.0,709.0,714.6
2026-04-26 20:39:00,720.0,,714.0,,700.0,719.0,714.16,,,,,720.0,710.0,714.0,716.0,714.0,716.0,713.0,709.0,714.77
2026-04-26 20:40:00,720.0,,714.0,,700.0,719.0,714.21,,,,,720.0,710.0,714.0,716.0,714.0,716.0,713.0,709.0,714.73
2026-04-26 20:41:00,720.0,,714.0,,700.0,719.0,714.19,,,,,720.0,710.0,714.0,716.0,714.0,716.0,713.0,709.0,714.75
2026-04-26 20:42:00,720.0,,714.0,,700.0,719.0,714.16,,,,,720.0,710.0,714.0,716.0,714.0,716.0,713.0,709.0,714.77
2026-04-26 20:43:00,720.0,,714.0,,700.0,719.0,714.24,,,,,720.0,710.0,714.0,716.0,714.0,716.0,713.0,709.0,714.71
2026-04-26 20:44:00,720.0,,714.0,,700.0,719.0,714.24,,,,,720.0,710.0,714.0,716.0,714.0,716.0,713.0,709.0,714.71
2026-04-26 20:46:00,720.0,,714.0,,700.0,719.0,714.23,,,,,720.0,710.0,714.0,716.0,714.0,716.0,713.0,709.0,714.72
2026-04-26 20:47:00,720.0,,714.0,,700.0,719.0,714.26,,,,,720.0,710.0,714.0,716.0,714.0,716.0,713.0,709.0,714.7
2026-04-26 20:48:00,720.0,,714.0,,700.0,719.0,714.29,,,,,720.0,710.0,714.0,716.0,714.0,716.0,713.0,709.0,714.67
2026-04-26 20:49:00,720.0,,714.0,,700.0,719.0,714.03,,,,,720.0,710.0,714.0,716.0,714.0,716.0,713.0,709.0,714.83
2026-04-26 20:50:00,720.0,,714.0,,700.0,719.0,714.02,,,,,720.0,710.0,714.0,716.0,714.0,716.0,713.0,709.0,714.84
2026-04-26 20:51:00,720.0,,714.0,,710.0,719.0,713.9,,,,,720.0,710.0,714.0,716.0,714.0,716.0,713.0,709.0,715.17
2026-04-26 20:52:00,720.0,,714.0,,710.0,719.0,713.9,,,,,720.0,710.0,714.0,716.0,714.0,716.0,713.0,709.0,715.17
2026-04-26 20:53:00,720.0,,714.0,,700.0,719.0,713.91,,,,,720.0,710.0,714.0,716.0,714.0,716.0,713.0,709.0,715.09
2026-04-26 20:54:00,720.0,,714.0,,710.0,719.0,713.91,,,,,720.0,710.0,714.0,716.0,714.0,716.0,713.0,709.0,715.19
2026-04-26 20:55:00,720.0,,714.0,,700.0,719.0,713.89,,,,,720.0,710.0,714.0,716.0,714.0,716.0,713.0,709.0,715.14
2026-04-26 20:56:00,720.0,,714.0,,700.0,719.0,713.97,,,,,720.0,710.0,714.0,716.0,714.0,716.0,713.0,709.0,715.0
2026-04-26 20:57:00,720.0,,714.0,,700.0,719.0,713.97,,,,,720.0,710.0,714.0,716.0,714.0,716.0,713.0,709.0,715.0
2026-04-26 20:58:00,720.0,,714.0,,710.0,719.0,713.89,,,,,720.0,710.0,714.0,716.0,714.0,716.0,713.0,709.0,715.16
2026-04-26 21:00:00,720.0,,714.0,,700.0,719.0,713.77,,,,,720.0,710.0,714.0,716.0,714.0,716.0,713.0,709.0,715.24
2026-04-26 21:01:00,720.0,,714.0,,710.0,719.0,713.91,,,,,720.0,710.0,714.0,716.0,714.0,716.0,713.0,709.0,715.19
2026-04-26 21:02:00,720.0,,714.0,,700.0,719.0,713.89,,,,,720.0,710.0,714.0,716.0,714.0,716.0,713.0,709.0,715.14
2026-04-26 21:03:00,720.0,,714.0,,700.0,719.0,713.9,,,,,720.0,710.0,714.0,716.0,714.0,716.0,713.0,709.0,715.12
2026-04-26 21:04:00,720.0,,714.0,,700.0,719.0,713.91,,,,,720.0,710.0,714.0,716.0,714.0,716.0,713.0,709.0,715.1
2026-04-26 21:05:00,720.0,,714.0,,700.0,719.0,713.97,,,,,720.0,710.0,714.0,716.0,714.0,716.0,713.0,709.0,715.0
2026-04-26 21:06:00,720.0,,714.0,,700.0,719.0,714.01,,,,,720.0,710.0,714.0,716.0,714.0,716.0,713.0,709.0,714.91
2026-04-26 21:07:00,720.0,,714.0,,700.0,719.0,713.97,,,,,720.0,710.0,714.0,716.0,714.0,716.0,713.0,709.0,714.97
2026-04-26 21:08:00,720.0,,714.0,,700.0,719.0,713.89,,,,,720.0,710.0,714.0,716.0,714.0,716.0,713.0,709.0,715.01
2026-04-26 21:09:00,720.0,,714.0,,700.0,719.0,713.87,,,,,720.0,710.0,714.0,716.0,714.0,716.0,713.0,709.0,715.03
2026-04-26 21:10:00,720.0,,714.0,,700.0,719.0,713.97,,,,,720.0,710.0,714.0,716.0,714.0,716.0,713.0,709.0,715.0
2026-04-26 21:11:00,720.0,,714.0,,700.0,719.0,713.97,,,,,720.0,710.0,714.0,716.0,714.0,716.0,713.0,709.0,714.96
2026-04-26 21:13:00,720.0,,714.0,,700.0,719.0,713.97,,,,,720.0,710.0,714.0,716.0,714.0,716.0,713.0,709.0,715.0
2026-04-26 21:14:00,720.0,,714.0,,700.0,719.0,713.86,,,,,720.0,710.0,714.0,716.0,714.0,716.0,713.0,709.0,715.04
2026-04-26 21:15:00,720.0,,714.0,,700.0,719.0,713.86,,,,,720.0,710.0,714.0,716.0,714.0,716.0,713.0,709.0,715.05
2026-04-26 21:16:00,720.0,,714.0,,700.0,719.0,713.91,,,,,720.0,710.0,714.0,716.0,714.0,716.0,713.0,709.0,715.09
2026-04-26 21:17:00,720.0,,714.0,,700.0,719.0,713.91,,,,,720.0,710.0,714.0,716.0,714.0,716.0,713.0,709.0,715.09
2026-04-26 21:18:00,720.0,,714.0,,700.0,719.0,713.89,,,,,720.0,710.0,714.0,716.0,714.0,716.0,713.0,709.0,715.16
2026-04-26 21:19:00,720.0,,714.0,,700.0,719.0,713.99,,,,,720.0,710.0,714.0,716.0,714.0,716.0,713.0,709.0,714.94
2026-04-26 21:20:00,720.0,,714.0,,700.0,719.0,714.0,,,,,720.0,710.0,714.0,716.0,714.0,716.0,713.0,709.0,714.85
2026-04-26 21:21:00,720.0,,714.0,,700.0,719.0,714.1,,,,,720.0,710.0,714.0,716.0,714.0,716.0,713.0,709.0,714.81
2026-04-26 21:22:00,720.0,,714.0,,700.0,719.0,714.0,,,,,720.0,710.0,714.0,716.0,714.0,716.0,713.0,709.0,714.92
2026-04-26 21:23:00,720.0,,714.0,,700.0,719.0,713.99,,,,,720.0,710.0,714.0,716.0,714.0,716.0,713.0,709.0,714.93
2026-04-26 21:24:00,720.0,,714.0,,700.0,719.0,714.06,,,,,720.0,710.0,714.0,716.0,714.0,716.0,713.0,709.0,714.87
2026-04-26 21:25:00,720.0,,714.0,,700.0,719.0,714.02,,,,,720.0,710.0,714.0,716.0,714.0,716.0,713.0,709.0,714.84
2026-04-26 21:27:00,720.0,,714.0,,700.0,719.0,714.08,,,,,720.0,710.0,714.0,716.0,714.0,716.0,713.0,709.0,714.86
2026-04-26 21:28:00,720.0,,714.0,,700.0,719.0,714.03,,,,,720.0,710.0,714.0,716.0,714.0,716.0,713.0,709.0,714.83
2026-04-26 21:29:00,720.0,,714.0,,700.0,719.0,714.01,,,,,720.0,710.0,714.0,716.0,714.0,716.0,713.0,709.0,714.91
2026-04-26 21:30:00,720.0,,714.0,,700.0,719.0,714.0,,,,,720.0,710.0,714.0,716.0,714.0,716.0,713.0,709.0,714.92
2026-04-26 21:31:00,720.0,,714.0,,700.0,719.0,713.94,,,,,720.0,710.0,714.0,716.0,714.0,716.0,713.0,709.0,715.06
2026-04-26 21:32:00,720.0,,714.0,,700.0,719.0,713.86,,,,,720.0,710.0,714.0,716.0,714.0,716.0,713.0,709.0,715.05
2026-04-26 21:33:00,720.0,,714.0,,700.0,719.0,713.93,,,,,720.0,710.0,714.0,716.0,714.0,716.0,713.0,709.0,715.07
2026-04-26 21:34:00,720.0,,714.0,,700.0,719.0,713.99,,,,,720.0,710.0,714.0,716.0,714.0,716.0,713.0,709.0,714.93
2026-04-26 21:35:00,720.0,,714.0,,700.0,719.0,713.97,,,,,720.0,710.0,714.0,716.0,714.0,716.0,713.0,709.0,715.0
2026-04-26 21:36:00,720.0,,714.0,,700.0,719.0,713.87,,,,,720.0,710.0,714.0,716.0,714.0,716.0,713.0,709.0,715.03
2026-04-26 21:37:00,720.0,,714.0,,700.0,719.0,713.86,,,,,720.0,710.0,714.0,716.0,714.0,716.0,713.0,709.0,715.04
2026-04-26 21:39:00,720.0,,714.0,,700.0,719.0,713.91,,,,,720.0,710.0,714.0,716.0,714.0,716.0,713.0,709.0,715.1
2026-04-26 21:40:00,720.0,,714.0,,700.0,719.0,713.88,,,,,720.0,710.0,714.0,716.0,714.0,716.0,713.0,709.0,715.02
2026-04-26 21:41:00,720.0,,714.0,,700.0,719.0,713.98,,,,,720.0,710.0,714.0,716.0,714.0,716.0,713.0,709.0,714.95
2026-04-26 21:42:00,720.0,,714.0,,700.0,719.0,714.03,,,,,720.0,710.0,714.0,716.0,714.0,716.0,713.0,709.0,714.9
2026-04-26 21:43:00,720.0,,714.0,,700.0,719.0,714.01,,,,,720.0,710.0,714.0,716.0,714.0,716.0,713.0,709.0,714.91
2026-04-26 21:44:00,720.0,,714.0,,700.0,719.0,714.01,,,,,720.0,710.0,714.0,716.0,714.0,716.0,713.0,709.0,714.91
2026-04-26 21:45:00,720.0,,714.0,,700.0,719.0,714.01,,,,,720.0,710.0,714.0,716.0,714.0,716.0,713.0,709.0,714.91
2026-04-26 21:46:00,720.0,,714.0,,700.0,719.0,713.99,,,,,720.0,710.0,714.0,716.0,714.0,716.0,713.0,709.0,714.93
2026-04-26 21:47:00,720.0,,714.0,,700.0,719.0,713.99,,,,,720.0,710.0,714.0,716.0,714.0,716.0,713.0,709.0,714.94
2026-04-26 21:48:00,720.0,,714.0,,700.0,719.0,713.96,,,,,720.0,710.0,714.0,716.0,714.0,716.0,713.0,709.0,714.99
2026-04-26 21:49:00,720.0,,714.0,,700.0,719.0,713.94,,,,,720.0,710.0,714.0,716.0,714.0,716.0,713.0,709.0,715.06
2026-04-26 21:51:00,720.0,,714.0,,700.0,719.0,713.97,,,,,720.0,710.0,714.0,716.0,714.0,716.0,713.0,709.0,715.0
2026-04-26 21:52:00,720.0,,714.0,,700.0,719.0,714.05,,,,,720.0,710.0,714.0,716.0,714.0,716.0,713.0,709.0,714.88
2026-04-26 21:53:00,720.0,,714.0,,700.0,719.0,714.05,,,,,720.0,710.0,714.0,716.0,714.0,716.0,713.0,709.0,714.88
2026-04-26 21:54:00,720.0,,714.0,,700.0,719.0,714.03,,,,,720.0,710.0,714.0,716.0,714.0,716.0,713.0,709.0,714.83
2026-04-26 21:55:00,720.0,,714.0,,700.0,719.0,714.07,,,,,720.0,710.0,714.0,716.0,714.0,716.0,713.0,709.0,714.87
2026-04-26 21:56:00,720.0,,714.0,,700.0,719.0,714.05,,,,,720.0,710.0,714.0,716.0,714.0,716.0,713.0,709.0,714.88
2026-04-26 21:57:00,720.0,,714.0,,700.0,719.0,714.05,,,,,720.0,710.0,714.0,716.0,714.0,716.0,713.0,709.0,714.88
2026-04-26 21:59:00,720.0,,714.0,,700.0,719.0,713.99,,,,,720.0,710.0,714.0,716.0,714.0,716.0,713.0,709.0,714.93
2026-04-26 22:00:00,720.0,,714.0,,700.0,719.0,714.05,,,,,720.0,710.0,714.0,716.0,714.0,716.0,713.0,709.0,714.88
2026-04-26 22:01:00,720.0,,714.0,,700.0,719.0,714.05,,,,,720.0,710.0,714.0,716.0,714.0,716.0,713.0,709.0,714.88
2026-04-26 22:02:00,720.0,,714.0,,700.0,719.0,714.04,,,,,720.0,710.0,714.0,716.0,714.0,716.0,713.0,709.0,714.83
2026-04-26 22:03:00,720.0,,714.0,,700.0,719.0,714.03,,,,,720.0,710.0,714.0,716.0,714.0,716.0,713.0,709.0,714.9
2026-04-26 22:04:00,720.0,,714.0,,700.0,719.0,713.97,,,,,720.0,710.0,714.0,716.0,714.0,716.0,713.0,709.0,714.96
2026-04-26 22:05:00,720.0,,714.0,,700.0,719.0,714.15,,,,,720.0,710.0,714.0,716.0,714.0,716.0,713.0,709.0,714.81
2026-04-26 22:06:00,720.0,,714.0,,700.0,719.0,714.05,,,,,720.0,710.0,714.0,716.0,714.0,716.0,713.0,709.0,714.88
2026-04-26 22:07:00,720.0,,714.0,,700.0,719.0,714.02,,,,,720.0,710.0,714.0,716.0,714.0,716.0,713.0,709.0,714.84
2026-04-26 22:08:00,720.0,,714.0,,700.0,719.0,714.18,,,,,720.0,710.0,714.0,716.0,714.0,716.0,713.0,709.0,714.76
2026-04-26 22:09:00,720.0,,714.0,,700.0,719.0,714.17,,,,,720.0,710.0,714.0,716.0,714.0,716.0,713.0,709.0,714.77
2026-04-26 22:10:00,720.0,,714.0,,700.0,719.0,714.16,,,,,720.0,710.0,714.0,716.0,714.0,716.0,713.0,709.0,714.78
2026-04-26 22:12:00,720.0,,714.0,,700.0,719.0,714.29,,,,,720.0,710.0,714.0,716.0,714.0,716.0,713.0,709.0,714.68
2026-04-26 22:13:00,720.0,,714.0,,700.0,719.0,714.24,,,,,720.0,710.0,714.0,716.0,714.0,716.0,713.0,709.0,714.72
2026-04-26 22:14:00,720.0,,714.0,,700.0,719.0,714.21,,,,,720.0,710.0,714.0,716.0,714.0,716.0,713.0,709.0,714.74
2026-04-26 22:15:00,720.0,,714.0,,700.0,719.0,714.18,,,,,720.0,710.0,714.0,716.0,714.0,716.0,713.0,709.0,714.76
2026-04-26 22:16:00,720.0,,714.0,,700.0,719.0,714.18,,,,,720.0,710.0,714.0,716.0,714.0,716.0,713.0,709.0,714.76
2026-04-26 22:17:00,720.0,,714.0,,700.0,719.0,714.15,,,,,720.0,710.0,714.0,716.0,714.0,716.0,713.0,709.0,714.8
2026-04-26 22:18:00,720.0,,714.0,,700.0,719.0,714.14,,,,,720.0,710.0,714.0,716.0,714.0,716.0,713.0,709.0,714.8
2026-04-26 22:19:00,720.0,,714.0,,700.0,719.0,714.02,,,,,720.0,710.0,714.0,716.0,714.0,716.0,713.0,709.0,714.84
2026-04-26 22:20:00,720.0,,714.0,,700.0,719.0,714.06,,,,,720.0,710.0,714.0,716.0,714.0,716.0,713.0,709.0,714.88
2026-04-26 22:21:00,720.0,,714.0,,700.0,719.0,714.04,,,,,720.0,710.0,714.0,716.0,714.0,716.0,713.0,709.0,714.89
2026-04-26 22:22:00,720.0,,714.0,,700.0,719.0,714.03,,,,,720.0,710.0,714.0,716.0,714.0,716.0,713.0,709.0,714.9
2026-04-26 22:23:00,720.0,,714.0,,700.0,719.0,714.02,,,,,720.0,710.0,714.0,716.0,714.0,716.0,713.0,709.0,714.84
2026-04-26 22:25:00,720.0,,714.0,,700.0,719.0,714.08,,,,,720.0,710.0,714.0,716.0,714.0,716.0,713.0,709.0,714.86
2026-04-26 22:26:00,720.0,,714.0,,700.0,719.0,714.06,,,,,720.0,710.0,714.0,716.0,714.0,716.0,713.0,709.0,714.88
2026-04-26 22:27:00,720.0,,714.0,,700.0,719.0,714.06,,,,,720.0,710.0,714.0,716.0,714.0,716.0,713.0,709.0,714.88
2026-04-26 22:28:00,720.0,,714.0,,700.0,719.0,714.03,,,,,720.0,710.0,714.0,716.0,714.0,716.0,713.0,709.0,714.9
2026-04-26 22:29:00,720.0,,714.0,,700.0,719.0,714.0,,,,,720.0,710.0,714.0,716.0,714.0,716.0,713.0,709.0,714.93
2026-04-26 22:30:00,720.0,,714.0,,700.0,719.0,714.0,,,,,720.0,710.0,714.0,716.0,714.0,716.0,713.0,709.0,714.93
2026-04-26 22:31:00,720.0,,714.0,,700.0,719.0,714.0,,,,,720.0,710.0,714.0,716.0,714.0,716.0,713.0,709.0,714.93
2026-04-26 22:32:00,720.0,,714.0,,700.0,719.0,714.07,,,,,720.0,710.0,714.0,716.0,714.0,716.0,713.0,709.0,714.87
2026-04-26 22:33:00,720.0,,714.0,,700.0,719.0,714.07,,,,,720.0,710.0,714.0,716.0,714.0,716.0,713.0,709.0,714.87
2026-04-26 22:34:00,720.0,,714.0,,700.0,719.0,714.02,,,,,720.0,710.0,714.0,716.0,714.0,716.0,713.0,709.0,714.84
2026-04-26 22:36:00,720.0,,714.0,,700.0,719.0,714.05,,,,,720.0,710.0,714.0,716.0,714.0,716.0,713.0,709.0,714.82
2026-04-26 22:37:00,720.0,,714.0,,700.0,719.0,714.14,,,,,720.0,710.0,714.0,716.0,714.0,716.0,713.0,709.0,714.81
2026-04-26 22:38:00,720.0,,714.0,,700.0,719.0,714.14,,,,,720.0,710.0,714.0,716.0,714.0,716.0,713.0,709.0,714.81
2026-04-26 22:39:00,720.0,,714.0,,700.0,719.0,714.01,,,,,720.0,710.0,714.0,716.0,714.0,716.0,713.0,709.0,714.85
2026-04-26 22:40:00,720.0,,714.0,,700.0,719.0,714.15,,,,,720.0,710.0,714.0,716.0,714.0,716.0,713.0,709.0,714.8
2026-04-26 22:41:00,720.0,,714.0,,700.0,719.0,714.07,,,,,720.0,710.0,714.0,716.0,714.0,716.0,713.0,709.0,714.87
2026-04-26 22:42:00,720.0,,714.0,,700.0,719.0,714.04,,,,,720.0,710.0,714.0,716.0,714.0,716.0,713.0,709.0,714.89
2026-04-26 22:43:00,720.0,,714.0,,700.0,719.0,714.03,,,,,720.0,710.0,714.0,716.0,714.0,716.0,713.0,709.0,714.9
2026-04-26 22:44:00,720.0,,714.0,,700.0,719.0,714.03,,,,,720.0,710.0,714.0,716.0,714.0,716.0,713.0,709.0,714.9
2026-04-26 22:45:00,720.0,,714.0,,700.0,719.0,714.06,,,,,720.0,710.0,714.0,716.0,714.0,716.0,713.0,709.0,714.88
2026-04-26 22:47:00,720.0,,714.0,,700.0,719.0,714.08,,,,,720.0,710.0,714.0,716.0,714.0,716.0,713.0,709.0,714.86
2026-04-26 22:48:00,720.0,,714.0,,700.0,719.0,714.14,,,,,720.0,710.0,714.0,716.0,714.0,716.0,713.0,709.0,714.81
2026-04-26 22:49:00,720.0,,714.0,,700.0,719.0,714.04,,,,,720.0,710.0,714.0,716.0,714.0,716.0,713.0,709.0,714.83
2026-04-26 22:50:00,720.0,,714.0,,700.0,719.0,714.01,,,,,720.0,710.0,714.0,716.0,714.0,716.0,713.0,709.0,714.85
2026-04-26 22:51:00,720.0,,714.0,,700.0,719.0,714.04,,,,,720.0,710.0,714.0,716.0,714.0,716.0,713.0,709.0,714.83
2026-04-26 22:52:00,720.0,,714.0,,700.0,719.0,714.04,,,,,720.0,710.0,714.0,716.0,714.0,716.0,713.0,709.0,714.83
2026-04-26 22:53:00,720.0,,714.0,,700.0,719.0,714.04,,,,,720.0,710.0,714.0,716.0,714.0,716.0,713.0,709.0,714.83
2026-04-26 22:54:00,720.0,,714.0,,700.0,719.0,714.09,,,,,720.0,710.0,714.0,716.0,714.0,716.0,713.0,709.0,714.86
2026-04-26 22:55:00,720.0,,714.0,,700.0,719.0,714.04,,,,,720.0,710.0,714.0,716.0,714.0,716.0,713.0,709.0,714.83
2026-04-26 22:56:00,720.0,,714.0,,700.0,719.0,714.04,,,,,720.0,710.0,714.0,716.0,714.0,716.0,713.0,709.0,714.83
2026-04-26 22:58:00,720.0,,714.0,,700.0,719.0,714.04,,,,,720.0,710.0,714.0,716.0,714.0,716.0,713.0,709.0,714.83
2026-04-26 22:59:00,720.0,,714.0,,700.0,719.0,714.04,,,,,720.0,710.0,714.0,716.0,714.0,716.0,713.0,709.0,714.83
2026-04-26 23:00:00,720.0,,714.0,,700.0,719.0,714.15,,,,,720.0,710.0,714.0,716.0,714.0,716.0,713.0,709.0,714.8
2026-04-26 23:01:00,720.0,,714.0,,700.0,719.0,714.15,,,,,720.0,710.0,714.0,716.0,714.0,716.0,713.0,709.0,714.8
2026-04-26 23:02:00,720.0,,714.0,,700.0,719.0,714.15,,,,,720.0,710.0,714.0,716.0,714.0,716.0,713.0,709.0,714.8
2026-04-26 23:03:00,720.0,,714.0,,700.0,719.0,714.42,,,,,720.0,710.0,714.0,716.0,714.0,716.0,713.0,709.0,714.61
2026-04-26 23:04:00,720.0,,714.0,,700.0,719.0,714.44,,,,,720.0,710.0,714.0,716.0,714.0,716.0,713.0,709.0,714.6
2026-04-26 23:05:00,720.0,,714.0,,700.0,719.0,714.4,,,,,720.0,710.0,714.0,716.0,714.0,716.0,713.0,709.0,714.62
2026-04-26 23:07:00,720.0,,714.0,,700.0,719.0,714.27,,,,,720.0,710.0,714.0,716.0,714.0,716.0,713.0,709.0,714.7
2026-04-26 23:08:00,720.0,,714.0,,700.0,719.0,714.26,,,,,720.0,710.0,714.0,716.0,714.0,716.0,713.0,709.0,714.71
2026-04-26 23:09:00,720.0,,714.0,,700.0,719.0,714.24,,,,,720.0,710.0,714.0,716.0,714.0,716.0,713.0,709.0,714.72
2026-04-26 23:10:00,720.0,,714.0,,700.0,719.0,714.24,,,,,720.0,710.0,714.0,716.0,714.0,716.0,713.0,709.0,714.72
2026-04-26 23:11:00,720.0,,714.0,,700.0,719.0,714.4,,,,,720.0,710.0,714.0,716.0,714.0,716.0,713.0,709.0,714.62
2026-04-26 23:12:00,720.0,,714.0,,700.0,719.0,714.42,,,,,720.0,710.0,714.0,716.0,714.0,716.0,713.0,709.0,714.61
2026-04-26 23:14:00,720.0,,714.0,,700.0,719.0,714.42,,,,,720.0,710.0,714.0,716.0,714.0,716.0,713.0,709.0,714.61
2026-04-26 23:48:00,720.0,,714.0,,700.0,719.0,714.09,714.0,,714.0,,720.0,710.0,714.0,716.0,714.0,716.0,713.0,709.0,714.86
2026-04-26 23:49:00,720.0,,714.0,,700.0,719.0,714.0,,,,,720.0,710.0,714.0,716.0,714.0,716.0,713.0,709.0,714.93
2026-04-26 23:50:00,720.0,,714.0,,700.0,719.0,714.15,,,,,720.0,710.0,714.0,716.0,714.0,716.0,713.0,709.0,714.8
2026-04-26 23:51:00,720.0,,714.0,,700.0,719.0,714.26,,,,,720.0,710.0,714.0,716.0,714.0,716.0,713.0,709.0,714.71
2026-04-26 23:52:00,720.0,,714.0,,700.0,719.0,714.25,,,,,720.0,710.0,714.0,716.0,714.0,716.0,713.0,709.0,714.72
2026-04-26 23:53:00,720.0,,714.0,,700.0,719.0,714.25,,,,,720.0,710.0,714.0,716.0,714.0,716.0,713.0,709.0,714.72
2026-04-26 23:54:00,720.0,,714.0,,700.0,719.0,714.2,,,,,720.0,710.0,714.0,716.0,714.0,716.0,713.0,709.0,714.75
2026-04-26 23:55:00,720.0,,714.0,,700.0,719.0,714.21,,,,,720.0,710.0,714.0,716.0,714.0,716.0,713.0,709.0,714.75
2026-04-26 23:56:00,720.0,,714.0,,700.0,719.0,714.44,,,,,720.0,710.0,714.0,716.0,714.0,716.0,713.0,709.0,714.6
2026-04-26 23:58:00,720.0,,714.0,,700.0,719.0,714.61,,,,,720.0,710.0,714.0,716.0,714.0,716.0,713.0,709.0,714.51
2026-04-27 00:00:00,720.0,,714.0,,700.0,719.0,714.48,714.0,,714.0,,720.0,710.0,714.0,716.0,714.0,716.0,713.0,709.0,714.58
2026-04-27 00:01:00,720.0,,714.0,,700.0,719.0,714.64,,,,,720.0,710.0,714.0,716.0,714.0,716.0,713.0,709.0,714.5
2026-04-27 00:02:00,720.0,,714.0,,700.0,719.0,714.64,,,,,720.0,710.0,714.0,716.0,714.0,716.0,713.0,709.0,714.5
2026-04-27 00:03:00,720.0,,714.0,,700.0,719.0,714.78,,,,,720.0,710.0,714.0,716.0,714.0,716.0,713.0,709.0,714.43
2026-04-27 00:04:00,720.0,,714.0,,700.0,719.0,715.01,,,,,720.0,710.0,714.0,716.0,714.0,716.0,713.0,709.0,714.32
2026-04-27 00:05:00,720.0,,714.0,,700.0,719.0,715.67,,,,,720.0,710.0,714.0,716.0,714.0,716.0,713.0,709.0,714.13
2026-04-27 00:06:00,720.0,,714.0,,700.0,719.0,715.63,,,,,720.0,710.0,714.0,716.0,714.0,716.0,713.0,709.0,714.14
2026-04-27 00:07:00,720.0,,714.0,,700.0,719.0,715.41,,,,,720.0,710.0,714.0,716.0,714.0,716.0,713.0,709.0,714.2
2026-04-27 00:08:00,720.0,,714.0,,700.0,719.0,715.54,,,,,720.0,710.0,714.0,716.0,714.0,716.0,713.0,709.0,714.17
2026-04-27 00:09:00,720.0,,714.0,,700.0,719.0,715.14,,,,,720.0,710.0,714.0,716.0,714.0,716.0,713.0,709.0,714.28
2026-04-27 00:11:00,720.0,,714.0,,700.0,719.0,715.11,,,,,720.0,710.0,714.0,716.0,714.0,716.0,713.0,709.0,714.29
2026-04-27 00:12:00,720.0,,714.0,,700.0,719.0,715.11,,,,,720.0,710.0,714.0,716.0,714.0,716.0,713.0,709.0,714.29
2026-04-27 00:13:00,720.0,,714.0,,700.0,719.0,715.32,,,,,720.0,710.0,714.0,716.0,714.0,716.0,713.0,709.0,714.23
2026-04-27 00:14:00,720.0,,714.0,,700.0,719.0,715.38,,,,,720.0,710.0,714.0,716.0,714.0,716.0,713.0,709.0,714.21
2026-04-27 00:15:00,720.0,,714.0,,700.0,719.0,716.27,,,,,720.0,710.0,714.0,716.0,714.0,716.0,713.0,709.0,714.0
2026-04-27 00:16:00,720.0,,714.0,,700.0,719.0,715.97,,,,,720.0,710.0,714.0,716.0,714.0,716.0,713.0,709.0,714.05
2026-04-27 00:17:00,720.0,,714.0,,700.0,719.0,716.27,,,,,720.0,710.0,714.0,716.0,714.0,716.0,713.0,709.0,714.0
2026-04-27 00:18:00,720.0,,714.0,,700.0,719.0,715.89,,,,,720.0,710.0,714.0,716.0,714.0,716.0,713.0,709.0,714.07
2026-04-27 00:19:00,720.0,,714.0,,700.0,719.0,716.16,,,,,720.0,710.0,714.0,716.0,714.0,716.0,713.0,709.0,714.02
2026-04-27 00:20:00,720.0,,714.0,,700.0,719.0,716.27,,,,,720.0,710.0,714.0,716.0,714.0,716.0,713.0,709.0,714.0
2026-04-27 00:21:00,720.0,,714.0,,700.0,719.0,716.2,,,,,720.0,710.0,714.0,716.0,714.0,716.0,713.0,709.0,714.01
2026-04-27 00:23:00,720.0,,714.0,,700.0,719.0,715.83,,,,,720.0,710.0,714.0,716.0,714.0,716.0,713.0,709.0,714.09
2026-04-27 00:24:00,720.0,,714.0,,700.0,719.0,715.75,,,,,720.0,710.0,714.0,716.0,714.0,716.0,713.0,709.0,714.11
2026-04-27 00:25:00,720.0,,714.0,,700.0,719.0,716.1,,,,,720.0,710.0,714.0,716.0,714.0,716.0,713.0,709.0,714.03
2026-04-27 00:26:00,720.0,,714.0,,700.0,719.0,716.82,,,,,720.0,710.0,714.0,716.0,714.0,716.0,713.0,709.0,713.92
2026-04-27 00:27:00,720.0,,714.0,,700.0,719.0,716.95,,,,,720.0,710.0,714.0,716.0,714.0,716.0,713.0,709.0,713.9
2026-04-27 00:28:00,720.0,,714.0,,700.0,719.0,716.82,,,,,720.0,710.0,714.0,716.0,714.0,716.0,713.0,709.0,713.92
2026-04-27 00:29:00,720.0,,714.0,,700.0,719.0,717.36,,,,,720.0,710.0,714.0,716.0,714.0,716.0,713.0,709.0,713.85
2026-04-27 00:30:00,720.0,,714.0,,700.0,719.0,717.87,,,,,720.0,710.0,714.0,716.0,714.0,716.0,713.0,709.0,713.79
2026-04-27 00:31:00,720.0,,714.0,,700.0,719.0,717.62,,,,,720.0,710.0,714.0,716.0,714.0,716.0,713.0,709.0,713.82
2026-04-27 00:33:00,720.0,,714.0,,700.0,719.0,717.03,,,,,720.0,710.0,714.0,716.0,714.0,716.0,713.0,709.0,713.89
2026-04-27 00:34:00,720.0,,714.0,,700.0,719.0,717.7,,,,,720.0,710.0,714.0,716.0,714.0,716.0,713.0,709.0,713.81
2026-04-27 00:35:00,720.0,,715.0,,700.0,719.0,718.25,,,,,720.0,710.0,714.0,716.0,714.0,716.0,713.0,709.0,713.75
2026-04-27 00:36:00,720.0,,715.0,,700.0,719.0,718.97,,,,,720.0,710.0,714.0,716.0,714.0,716.0,713.0,709.0,713.68
2026-04-27 00:37:00,720.0,,715.0,,700.0,719.0,718.66,,,,,720.0,710.0,714.0,716.0,714.0,716.0,713.0,709.0,713.71
2026-04-27 00:38:00,720.0,,715.0,,700.0,719.0,719.21,,,,,720.0,710.0,714.0,716.0,714.0,716.0,713.0,709.0,713.61
2026-04-27 00:39:00,720.0,,715.0,,700.0,719.0,719.08,,,,,720.0,710.0,714.0,716.0,714.0,716.0,713.0,709.0,713.65
2026-04-27 00:40:00,720.0,,715.0,,700.0,719.0,719.12,,,,,720.0,710.0,714.0,716.0,714.0,716.0,713.0,709.0,713.64
2026-04-27 00:41:00,720.0,,715.0,,700.0,719.0,718.35,,,,,720.0,710.0,714.0,716.0,714.0,716.0,713.0,709.0,713.74
2026-04-27 00:42:00,720.0,,714.0,,700.0,719.0,717.71,,,,,720.0,710.0,714.0,716.0,714.0,716.0,713.0,709.0,713.81
2026-04-27 00:44:00,720.0,,714.0,,700.0,719.0,717.87,,,,,720.0,710.0,714.0,716.0,714.0,716.0,713.0,709.0,713.79
2026-04-27 00:46:00,720.0,,715.0,,700.0,719.0,718.06,,,,,720.0,710.0,714.0,716.0,714.0,716.0,713.0,709.0,713.77
2026-04-27 00:47:00,720.0,,715.0,,700.0,719.0,717.97,,,,,720.0,710.0,714.0,716.0,714.0,716.0,713.0,709.0,713.78
2026-04-27 00:49:00,720.0,,715.0,,700.0,719.0,718.16,,,,,720.0,710.0,714.0,716.0,714.0,716.0,713.0,709.0,713.76
2026-04-27 00:50:00,720.0,,720.0,,700.0,719.0,719.5,,,,,720.0,710.0,714.0,716.0,714.0,716.0,713.0,709.0,713.52
2026-04-27 00:53:00,720.0,,715.0,,700.0,719.0,719.21,,,,,720.0,710.0,714.0,716.0,714.0,716.0,713.0,709.0,713.61
2026-04-27 00:55:00,720.0,,715.0,,700.0,719.0,718.57,,,,,720.0,710.0,714.0,716.0,714.0,716.0,713.0,709.0,713.72
2026-04-27 00:58:00,720.0,,715.0,,700.0,719.0,718.98,,,,,720.0,710.0,714.0,716.0,714.0,716.0,713.0,709.0,713.68
2026-04-27 01:01:00,720.0,,715.0,,700.0,719.0,719.09,,,,,720.0,710.0,714.0,716.0,714.0,716.0,713.0,709.0,713.65
2026-04-27 01:06:00,720.0,,720.0,,700.0,719.0,719.57,,,,,720.0,710.0,714.0,716.0,714.0,716.0,713.0,709.0,713.5
2026-04-27 01:09:00,720.0,,720.0,,700.0,719.0,719.69,,,,,720.0,710.0,714.0,716.0,714.0,716.0,713.0,709.0,713.47
2026-04-27 01:12:00,720.0,,715.0,,700.0,719.0,719.25,,,,,720.0,710.0,714.0,716.0,714.0,716.0,713.0,709.0,713.6
2026-04-27 01:15:00,720.0,,720.0,,700.0,719.0,719.41,,,,,720.0,710.0,714.0,716.0,714.0,716.0,713.0,709.0,713.55
2026-04-27 01:23:00,720.0,,715.0,,700.0,719.0,718.19,,,,,720.0,710.0,714.0,716.0,714.0,716.0,713.0,709.0,713.76
2026-04-27 01:26:00,720.0,,715.0,,700.0,719.0,719.13,,,,,720.0,710.0,714.0,716.0,714.0,716.0,713.0,709.0,713.64
2026-04-27 01:31:00,720.0,,720.0,,700.0,719.0,690.0,,,,,720.0,710.0,714.0,716.0,714.0,716.0,713.0,709.0,713.4
2026-04-27 01:35:00,720.0,,720.0,,700.0,719.0,719.93,,,,,720.0,710.0,714.0,716.0,714.0,716.0,713.0,709.0,713.4
2026-04-27 01:39:00,720.0,,720.0,,700.0,719.0,719.66,,,,,720.0,710.0,714.0,716.0,714.0,716.0,713.0,709.0,713.48
2026-04-27 01:49:00,720.0,,720.0,,700.0,719.0,719.51,,,,,720.0,710.0,714.0,716.0,714.0,716.0,713.0,709.0,713.52
2026-04-27 01:56:00,720.0,,720.0,,700.0,719.0,719.52,,,,,720.0,710.0,714.0,716.0,714.0,716.0,713.0,709.0,713.52
2026-04-27 02:01:00,720.0,,736.0,,700.0,719.0,713.46,,,,,720.0,710.0,714.0,716.0,714.0,716.0,713.0,709.0,713.46
2026-04-27 02:06:00,720.0,,736.0,,700.0,719.0,713.38,,,,,720.0,710.0,714.0,716.0,714.0,716.0,713.0,709.0,713.38
2026-04-27 02:12:00,720.0,,736.0,,700.0,719.0,713.18,,,,,720.0,710.0,714.0,716.0,714.0,716.0,713.0,709.0,713.18
2026-04-27 02:18:00,720.0,,736.0,,700.0,719.0,713.29,,,,,720.0,710.0,714.0,716.0,714.0,716.0,713.0,709.0,713.29
2026-04-27 02:24:00,737.0,,737.0,,737.0,737.0,713.57,,,,,720.0,710.0,714.0,716.0,714.0,716.0,713.0,709.0,713.57
2026-04-27 02:30:00,720.0,,736.0,,700.0,719.0,713.45,,,,,720.0,710.0,714.0,716.0,714.0,716.0,713.0,709.0,713.45
2026-04-27 02:36:00,720.0,,736.0,,700.0,719.0,713.31,,,,,720.0,710.0,714.0,716.0,714.0,716.0,713.0,709.0,713.31
2026-04-27 02:43:00,720.0,,736.0,,700.0,719.0,713.36,,,,,720.0,710.0,714.0,716.0,714.0,716.0,713.0,709.0,713.36
2026-04-27 02:49:00,720.0,,736.0,,700.0,719.0,713.39,,,,,720.0,710.0,714.0,716.0,714.0,716.0,713.0,709.0,713.39
2026-04-27 02:56:00,720.0,,736.0,,700.0,719.0,713.44,,,,,720.0,710.0,714.0,716.0,714.0,716.0,713.0,709.0,713.44
2026-04-27 03:04:00,720.0,,736.0,,700.0,719.0,713.13,,,,,720.0,710.0,714.0,716.0,714.0,716.0,713.0,709.0,713.13
2026-04-27 03:11:00,720.0,,736.0,,700.0,719.0,712.92,,,,,720.0,710.0,714.0,716.0,714.0,716.0,713.0,709.0,712.92
2026-04-27 03:19:00,720.0,,736.0,,700.0,719.0,712.95,,,,,720.0,710.0,714.0,716.0,714.0,716.0,713.0,709.0,712.95
2026-04-27 03:27:00,720.0,,736.0,,700.0,719.0,713.18,,,,,720.0,710.0,714.0,716.0,714.0,716.0,713.0,709.0,713.18
2026-04-27 03:35:00,720.0,,736.0,,700.0,719.0,713.34,,,,,720.0,710.0,714.0,716.0,714.0,716.0,713.0,709.0,713.34
2026-04-27 03:44:00,720.0,,736.0,,700.0,719.0,713.36,,,,,720.0,710.0,714.0,716.0,714.0,716.0,713.0,709.0,713.36
2026-04-27 03:52:00,720.0,,736.0,,700.0,719.0,713.48,,,,,720.0,710.0,714.0,716.0,714.0,716.0,713.0,709.0,713.48
2026-04-27 04:05:00,720.0,,737.0,,700.0,719.0,713.56,,,,,720.0,710.0,714.0,716.0,714.0,716.0,713.0,709.0,713.56
2026-04-27 04:15:00,737.0,,737.0,,737.0,737.0,713.61,,,,,720.0,710.0,714.0,716.0,714.0,716.0,713.0,709.0,713.61
2026-04-27 04:24:00,720.0,,736.0,,700.0,719.0,713.44,,,,,720.0,710.0,714.0,716.0,714.0,716.0,713.0,709.0,713.44
2026-04-27 04:34:00,720.0,,737.0,,700.0,719.0,713.66,,,,,720.0,710.0,714.0,716.0,714.0,716.0,713.0,709.0,713.66
2026-04-27 04:43:00,737.0,,737.0,,737.0,737.0,713.5,,,,,720.0,710.0,714.0,716.0,714.0,716.0,713.0,709.0,713.5
2026-04-27 04:53:00,720.0,,737.0,,700.0,719.0,713.66,,,,,720.0,710.0,714.0,716.0,714.0,716.0,713.0,709.0,713.66
2026-04-27 05:04:00,720.0,,736.0,,700.0,719.0,713.49,,,,,720.0,710.0,714.0,716.0,714.0,716.0,713.0,709.0,713.49
2026-04-27 05:14:00,720.0,,736.0,,700.0,719.0,713.38,,,,,720.0,710.0,714.0,716.0,714.0,716.0,713.0,709.0,713.38
2026-04-27 05:18:00,720.0,,737.0,,700.0,719.0,713.53,,,,,,,,,,,,,713.53
2026-04-27 05:20:00,720.0,,737.0,,700.0,719.0,713.62,,,,,,,,,,,,,713.62
2026-04-27 05:21:00,720.0,,737.0,,700.0,719.0,713.65,,,,,,,,,,,,,713.65
2026-04-27 05:25:00,720.0,,737.0,,700.0,719.0,713.55,,,,,,,,,,,,,713.55
2026-04-27 05:50:00,720.0,,737.0,,720.0,712.0,713.93,,,,,,,,,,,,,713.93
2026-04-27 05:51:00,720.0,,737.0,,720.0,712.0,713.94,,,,,,,,,,,,,713.94
2026-04-27 05:57:00,720.0,,737.0,,720.0,712.0,714.01,,,,,,,,,,,,,714.01
2026-04-27 05:58:00,720.0,,737.0,,720.0,712.0,713.94,,,,,,,,,,,,,713.94
2026-04-27 06:00:00,720.0,,737.0,,720.0,712.0,714.02,,,,,,,,,,,,,714.02
2026-04-27 06:01:00,720.0,,737.0,,720.0,712.0,714.11,,,,,,,,,,,,,714.11
2026-04-27 06:02:00,720.0,,737.0,,720.0,712.0,714.14,,,,,,,,,,,,,714.14
2026-04-27 06:03:00,720.0,,737.0,,720.0,712.0,714.11,,,,,,,,,,,,,714.11
2026-04-27 06:04:00,720.0,,737.0,,720.0,712.0,714.0,,,,,,,,,,,,,714.0
2026-04-27 06:05:00,720.0,,737.0,,720.0,712.0,714.08,,,,,,,,,,,,,714.08
2026-04-27 06:06:00,720.0,,737.0,,720.0,712.0,714.09,,,,,,,,,,,,,714.09
2026-04-27 06:07:00,720.0,,737.0,,720.0,712.0,714.09,,,,,,,,,,,,,714.09
2026-04-27 06:08:00,720.0,,737.0,,720.0,712.0,714.06,,,,,,,,,,,,,714.06
2026-04-27 06:09:00,720.0,,737.0,,720.0,712.0,714.04,,,,,,,,,,,,,714.04
2026-04-27 06:10:00,720.0,,737.0,,720.0,712.0,714.06,,,,,,,,,,,,,714.06
2026-04-27 06:11:00,720.0,,737.0,,720.0,712.0,714.01,,,,,,,,,,,,,714.01
2026-04-27 06:13:00,720.0,,737.0,,720.0,712.0,714.1,,,,,,,,,,,,,714.1
2026-04-27 06:14:00,720.0,,737.0,,720.0,712.0,714.14,,,,,,,,,,,,,714.14
2026-04-27 06:15:00,720.0,,737.0,,720.0,712.0,713.97,,,,,,,,,,,,,713.97
2026-04-27 06:16:00,720.0,,737.0,,720.0,712.0,713.98,,,,,,,,,,,,,713.98
2026-04-27 06:17:00,720.0,,737.0,,720.0,712.0,713.98,,,,,,,,,,,,,713.98
2026-04-27 06:18:00,720.0,,737.0,,720.0,712.0,714.0,,,,,,,,,,,,,714.0
2026-04-27 06:19:00,720.0,,737.0,,720.0,712.0,714.08,,,,,,,,,,,,,714.08
2026-04-27 06:20:00,720.0,,737.0,,720.0,712.0,714.15,,,,,,,,,,,,,714.15
2026-04-27 06:21:00,720.0,,737.0,,720.0,712.0,714.12,,,,,,,,,,,,,714.12
2026-04-27 06:22:00,720.0,,737.0,,720.0,712.0,714.21,,,,,,,,,,,,,714.21
2026-04-27 06:23:00,720.0,,737.0,,720.0,712.0,714.32,,,,,,,,,,,,,714.32
2026-04-27 06:24:00,720.0,,737.0,,720.0,712.0,714.32,,,,,,,,,,,,,714.32
2026-04-27 06:26:00,720.0,,737.0,,720.0,712.0,714.27,,,,,,,,,,,,,714.27
2026-04-27 06:27:00,720.0,,737.0,,720.0,712.0,714.2,,,,,,,,,,,,,714.2
2026-04-27 06:28:00,720.0,,737.0,,720.0,712.0,714.2,,,,,,,,,,,,,714.2
2026-04-27 06:29:00,720.0,,737.0,,720.0,712.0,714.26,,,,,,,,,,,,,714.26
2026-04-27 06:31:00,720.0,,737.0,,720.0,712.0,714.31,,,,,,,,,,,,,714.31
2026-04-27 06:32:00,720.0,,737.0,,720.0,712.0,714.34,,,,,,,,,,,,,714.34
2026-04-27 06:33:00,720.0,,737.0,,720.0,712.0,714.34,,,,,,,,,,,,,714.34
2026-04-27 06:34:00,720.0,,737.0,,720.0,712.0,714.2,,,,,,,,,,,,,714.2
2026-04-27 06:35:00,720.0,,737.0,,720.0,712.0,714.24,,,,,,,,,,,,,714.24
2026-04-27 06:36:00,720.0,,737.0,,720.0,712.0,714.23,,,,,,,,,,,,,714.23
2026-04-27 06:37:00,720.0,,737.0,,720.0,712.0,714.22,,,,,,,,,,,,,714.22
2026-04-27 06:38:00,720.0,,737.0,,720.0,712.0,714.22,,,,,,,,,,,,,714.22
2026-04-27 06:39:00,720.0,,737.0,,720.0,712.0,714.29,,,,,,,,,,,,,714.29
2026-04-27 06:40:00,720.0,,737.0,,720.0,712.0,714.24,,,,,,,,,,,,,714.24
2026-04-27 06:41:00,720.0,,737.0,,720.0,712.0,714.22,,,,,,,,,,,,,714.22
2026-04-27 06:43:00,720.0,,737.0,,720.0,712.0,714.31,,,,,,,,,,,,,714.31
2026-04-27 06:57:00,720.0,,737.0,,720.0,712.0,714.18,,,,,,,,,,,,,714.18
2026-04-27 06:58:00,720.0,,737.0,,720.0,712.0,714.21,,,,,,,,,,,,,714.21
2026-04-27 06:59:00,720.0,,737.0,,720.0,712.0,714.25,,,,,,,,,,,,,714.25
2026-04-27 07:00:00,720.0,,737.0,,720.0,712.0,714.24,,,,,,,,,,,,,714.24
2026-04-27 07:01:00,720.0,,737.0,,720.0,712.0,714.26,,,,,,,,,,,,,714.26
2026-04-27 07:02:00,720.0,,737.0,,720.0,712.0,714.2,,,,,,,,,,,,,714.2
2026-04-27 07:03:00,720.0,,737.0,,720.0,712.0,714.16,,,,,,,,,,,,,714.16
2026-04-27 07:04:00,720.0,,737.0,,720.0,712.0,714.13,,,,,,,,,,,,,714.13
2026-04-27 07:05:00,720.0,,737.0,,720.0,712.0,714.18,,,,,,,,,,,,,714.18
2026-04-27 07:06:00,720.0,,737.0,,720.0,712.0,714.05,,,,,,,,,,,,,714.05
2026-04-27 07:08:00,720.0,,737.0,,720.0,712.0,713.98,,,,,,,,,,,,,713.98
2026-04-27 07:09:00,720.0,,737.0,,720.0,712.0,713.98,,,,,,,,,,,,,713.98
2026-04-27 07:10:00,720.0,,737.0,,720.0,712.0,713.98,,,,,,,,,,,,,713.98
2026-04-27 07:11:00,720.0,,737.0,,720.0,712.0,714.17,,,,,,,,,,,,,714.17
2026-04-27 07:12:00,720.0,,737.0,,720.0,712.0,714.24,,,,,,,,,,,,,714.24
2026-04-27 07:13:00,720.0,,737.0,,720.0,712.0,714.18,,,,,,,,,,,,,714.18
2026-04-27 07:14:00,720.0,,737.0,,720.0,712.0,714.06,,,,,,,,,,,,,714.06
2026-04-27 07:15:00,720.0,,737.0,,720.0,712.0,713.99,,,,,,,,,,,,,713.99
2026-04-27 07:16:00,720.0,,737.0,,720.0,712.0,714.02,,,,,,,,,,,,,714.02
2026-04-27 07:17:00,720.0,,737.0,,720.0,712.0,714.0,,,,,,,,,,,,,714.0
2026-04-27 07:18:00,720.0,,737.0,,720.0,712.0,713.94,,,,,,,,,,,,,713.94
2026-04-27 07:19:00,720.0,,737.0,,720.0,712.0,714.0,,,,,,,,,,,,,714.0
2026-04-27 07:21:00,720.0,,737.0,,720.0,712.0,713.95,,,,,,,,,,,,,713.95
2026-04-27 07:22:00,720.0,,737.0,,720.0,712.0,713.98,,,,,,,,,,,,,713.98
2026-04-27 07:23:00,720.0,,737.0,,720.0,712.0,713.94,,,,,,,,,,,,,713.94
2026-04-27 07:24:00,720.0,,737.0,,720.0,712.0,713.84,,,,,,,,,,,,,713.84
2026-04-27 07:25:00,720.0,,737.0,,720.0,712.0,713.76,,,,,,,,,,,,,713.76
2026-04-27 07:26:00,720.0,,736.0,,720.0,712.0,713.33,,,,,,,,,,,,,713.33
2026-04-27 07:27:00,720.0,,736.0,,720.0,712.0,713.3,,,,,,,,,,,,,713.3
2026-04-27 07:28:00,720.0,,736.0,,720.0,712.0,713.19,,,,,,,,,,,,,713.19
2026-04-27 07:29:00,720.0,,736.0,,720.0,712.0,713.42,,,,,,,,,,,,,713.42
2026-04-27 07:30:00,720.0,,736.0,,720.0,712.0,713.4,,,,,,,,,,,,,713.4
2026-04-27 07:31:00,720.0,,737.0,,720.0,712.0,713.58,,,,,,,,,,,,,713.58
2026-04-27 07:32:00,720.0,,736.0,,720.0,712.0,713.47,,,,,,,,,,,,,713.47
2026-04-27 07:34:00,720.0,,737.0,,720.0,712.0,713.58,,,,,,,,,,,,,713.58
2026-04-27 07:35:00,720.0,,737.0,,720.0,712.0,713.51,,,,,,,,,,,,,713.51
2026-04-27 07:36:00,720.0,,737.0,,720.0,712.0,713.6,,,,,,,,,,,,,713.6
2026-04-27 07:37:00,720.0,,736.0,,720.0,712.0,713.48,,,,,,,,,,,,,713.48
2026-04-27 07:38:00,720.0,,736.0,,720.0,712.0,713.41,,,,,,,,,,,,,713.41
2026-04-27 07:39:00,720.0,,736.0,,720.0,712.0,713.26,,,,,,,,,,,,,713.26
2026-04-27 07:40:00,720.0,,736.0,,720.0,712.0,713.48,,,,,,,,,,,,,713.48
2026-04-27 07:41:00,720.0,,736.0,,720.0,712.0,713.36,,,,,737.0,737.0,737.0,737.0,737.0,737.0,737.0,737.0,713.36
2026-04-27 07:42:00,720.0,,737.0,,720.0,712.0,713.51,,,,,737.0,737.0,737.0,737.0,737.0,737.0,737.0,737.0,713.51
2026-04-27 07:43:00,720.0,,737.0,,720.0,712.0,713.53,,,,,737.0,737.0,737.0,737.0,737.0,737.0,737.0,737.0,713.53
2026-04-27 07:44:00,720.0,,736.0,,720.0,712.0,713.46,,,,,737.0,737.0,737.0,737.0,737.0,737.0,737.0,737.0,713.46
