2025-12-03 08:40:00,82039464.0261475,0,0,0,0,0,0,0,25555.857
2025-12-03 08:41:00,82010538.661079,0,0,0,0,0,0,0,25555.857
2025-12-03 08:42:00,81986308.2175899,0,0,0,0,0,0,0,25555.857
2025-12-03 08:43:00,81985057.8402809,0,0,0,0,0,0,0,25555.857
2025-12-03 08:44:00,82036240.427783,0,0,0,0,0,0,0,25555.857
2025-12-03 08:45:00,82023845.8598284,0,0,0,0,0,0,0,25555.857
2025-12-03 08:46:00,82009602.1357962,0,0,0,0,0,0,0,25555.857
2025-12-03 08:47:00,82000274.8493943,0,0,0,0,0,0,0,25555.857
2025-12-03 08:48:00,81992507.6968326,0,0,0,0,0,0,0,25555.857
2025-12-03 08:49:00,82044258.1659533,0,0,0,0,0,0,0,25555.857
2025-12-03 08:50:00,82052944.0801574,0,0,0,0,0,0,0,25555.857
2025-12-03 08:51:00,82045582.9481193,0,0,0,0,0,0,0,25555.857
2025-12-03 08:52:00,82026332.5476283,0,0,0,0,0,0,0,25555.857
2025-12-03 08:53:00,82019972.9291715,0,0,0,0,0,0,0,25555.857
2025-12-03 08:54:00,82072253.9081662,0,0,0,0,0,0,0,25555.857
2025-12-03 08:55:00,82061869.8550124,0,0,0,0,0,0,0,25555.857
2025-12-03 08:56:00,82050718.8198197,0,0,0,0,0,0,0,25555.857
2025-12-03 08:57:00,82032773.4674907,0,0,0,0,0,0,0,25555.857
2025-12-03 08:58:00,82024335.1835878,0,0,0,0,0,0,0,25555.857
2025-12-03 08:59:00,82077214.3679679,0,0,0,0,0,0,0,25555.857
2025-12-03 09:00:00,82056991.0035431,0,0,0,0,0,0,0,25555.857
2025-12-03 09:01:00,82048081.1280799,0,0,0,0,0,0,0,25555.857
2025-12-03 09:02:00,82005921.2350328,0,0,0,0,0,0,0,25555.857
2025-12-03 09:03:00,81992827.1556415,0,0,0,0,0,0,0,25555.857
2025-12-03 09:04:00,82044454.0032525,0,0,0,0,0,0,0,25555.857
2025-12-03 09:05:00,82041295.0278968,0,0,0,0,0,0,0,25555.857
2025-12-03 09:06:00,82041010.4151535,0,0,0,0,0,0,0,25555.857
2025-12-03 09:07:00,82037438.4737654,0,0,0,0,0,0,0,25555.857
2025-12-03 09:08:00,82028622.6817908,0,0,0,0,0,0,0,25555.857
2025-12-03 09:09:00,82082584.290268,0,0,0,0,0,0,0,25555.857
2025-12-03 09:10:00,82062771.9040593,0,0,0,0,0,0,0,25555.857
2025-12-03 09:11:00,82056482.6462956,0,0,0,0,0,0,0,25555.857
2025-12-03 09:12:00,82044164.2224423,0,0,0,0,0,0,0,25555.857
2025-12-03 09:13:00,82042731.7465165,0,0,0,0,0,0,0,25555.857
2025-12-03 09:14:00,82098013.4151966,0,0,0,0,0,0,0,25555.857
2025-12-03 09:15:00,82090716.7327196,0,0,0,0,0,0,0,25555.857
2025-12-03 09:16:00,82073455.4043555,0,0,0,0,0,0,0,25555.857
2025-12-03 09:17:00,82062267.171683,0,0,0,0,0,0,0,25555.857
2025-12-03 09:18:00,82041202.7683078,0,0,0,0,0,0,0,25555.857
2025-12-03 09:19:00,82024887.3630504,0,0,0,0,0,0,0,25555.857
2025-12-03 09:20:00,82080187.3788559,0,0,0,0,0,0,0,25555.857
2025-12-03 09:21:00,82071404.2687354,0,0,0,0,0,0,0,25555.857
2025-12-03 09:22:00,82060019.832412,0,0,0,0,0,0,0,25555.857
2025-12-03 09:23:00,82045159.5881869,0,0,0,0,0,0,0,25555.857
2025-12-03 09:24:00,82031575.7005997,0,0,0,0,0,0,0,25555.857
2025-12-03 09:25:00,82087541.5333624,0,0,0,0,0,0,0,25555.857
2025-12-03 09:26:00,82080695.3549191,0,0,0,0,0,0,0,25555.857
2025-12-03 09:27:00,82069967.5034944,0,0,0,0,0,0,0,25555.857
2025-12-03 09:28:00,82062631.917715,0,0,0,0,0,0,0,25555.857
2025-12-03 09:29:00,82047919.4452769,0,0,0,0,0,0,0,25555.857
2025-12-03 09:30:00,27258085.6767178,0,0,0,0,0,0,0,25443.705
2025-12-03 09:31:00,61908452.1242024,-33544.9203089336,128.640556821346,93,5544.42592592593,3486.7,-0.0502747316572303,19.02,25419.644
2025-12-03 09:32:00,64306129.5346035,-22955.8432193435,25.3354113100354,32,472.82054574728,668.75,-0.00239206734127247,3.62,25442.226
2025-12-03 09:33:00,71952252.0114364,6682.75024215135,-130.68821369737,-89,-4461.22339450524,-1003.72,-0.00316832507480611,-5.08,25493.826
2025-12-03 09:34:00,71339964.3348598,4332.23305701117,-94.3076403809556,-99,-498.232949337299,-806.8,-0.0130770095673798,-4.9,25473.641
2025-12-03 09:35:00,68766806.5364344,-3188.59623508641,26.7168340088984,52,331.198585597827,489.09,-0.015298707316353,2.48,25440.949
2025-12-03 09:36:00,71140815.3723655,4091.82371809269,-10.4975757575757,0,-1002.88085714285,-719.94,-0.00906289235471283,-4.31,25441.789
2025-12-03 09:37:00,68813822.6740157,13135.7515111685,-68.4570259257651,-70,-1484.53245204014,-672.23,-0.00282099402344143,-3.77,25457.253
2025-12-03 09:38:00,67905999.616441,1933.40722472161,-9.45434137144381,-14,-1743.88341750842,-2113.45,0.00639810722265146,-11.38,25444.469
2025-12-03 09:39:00,67326626.976825,843.966293467397,-9.49335006867761,-1,-343.616883116884,-758.1,-0.0129557224819437,-4.24,25435.481
2025-12-03 09:40:00,67289426.7907539,-9702.15437839127,-346.413361167681,-183,125.214733333334,277.04,0.00739697658664967,1.48,25428.014
2025-12-03 09:41:00,73065573.9218085,52979.4097243718,-153.541991657779,-64,-1520.32036613272,-708,-0.0198940362442163,-5.16,25463.648
2025-12-03 09:42:00,69208869.1896615,36201.9580627384,188.958116883117,99,2247.04,629.6,0.004279029190718,3.41,25433.518
2025-12-03 09:43:00,73021770.8374337,40846.9065065201,-55.4464298240459,-48,-1554.00247678019,-741,0.00119299089682665,-4.21,25440.488
2025-12-03 09:44:00,73507700.5381746,49333.7769711641,-5.28253968253969,-18,351.375555555555,173.8,0.00314621777132541,0.98,25443.787
2025-12-03 09:45:00,73649262.9507872,50590.8335890819,-40.0274629915749,-37,-590.175831202047,-906.5,-0.0100634609399031,-5.52,25439.535
2025-12-03 09:46:00,75253945.3443202,53989.2295021263,-239.22061900379,-254,-432.730833333333,-564.85,-0.00250852385743667,-3.66,25457.975
2025-12-03 09:47:00,71705728.6073181,30188.7962468134,-21.3990819525301,-15,-396.101010101009,-762,-0.0255176669666124,-5.28,25442.391
2025-12-03 09:48:00,74450390.2593947,56858.08547872,-11.0476190476191,-1,0,0,0,0,25450.728
2025-12-03 09:49:00,72331911.188494,29340.6846016972,13.8378001247119,-2,-172.842857142857,-24.6,-0.004827042355659,-0.26,25436.45
2025-12-03 09:50:00,70307496.4919892,-4292.94996354694,-244.899651907547,-256,-1180.30658201058,-942.52,0.00460254753314598,-5.41,25432.996
2025-12-03 09:51:00,69452742.8676292,-49874.6700362288,98.6026950826951,77,1162.36547619047,2114,-0.0292549283604831,12.84,25418.311
2025-12-03 09:52:00,70904113.6325115,-66307.1922160926,-41.9981541981541,69,-478.519822822822,2964.24,-0.0597043473412351,18.42,25433.082
2025-12-03 09:53:00,65581310.6742357,-160558.409619921,67.6559269233183,78,325.966501831508,-336.55,0.0131700655650748,-1.52,25396.147
2025-12-03 09:54:00,70443224.1353132,-72362.176263563,-250.166929221331,-195,-13517.1686,-1654.78,0.017212468411596,-9.01,25417.114
2025-12-03 09:55:00,72318525.737821,2130.23523992683,-16.1533604094319,8,-365.406926406926,-304.6,-0.00183938265080764,-2.11,25442.102
2025-12-03 09:56:00,70839064.730228,3068.63940575352,28.2090262025556,23,-21.5358920491279,-424.85,-0.00781941889351231,-2.58,25438.222
2025-12-03 09:57:00,74316161.922437,15041.6298496807,73.1648351648352,42,778.076923076922,523.8,0.00181637860507097,3.29,25438.852
2025-12-03 09:58:00,73549525.8491888,6363.10485313585,2.50987978524744,0,93.096699346404,-136,0.00315525778074653,-0.86,25436.946
2025-12-03 09:59:00,75787762.541838,39208.1438061482,5.04658470032383,5,10.8444444444447,-457.4,-0.0120192551960692,-3.13,25444.995
2025-12-03 10:00:00,74592716.2055126,144208.335339926,-16.2480267811904,-4,-814.43830061314,248.3,-0.107539687845146,0.299999999999999,25474.09
2025-12-03 10:01:00,80372346.6887911,116992.159607165,-17.5426159670542,-3,-1039.82633333334,-644.46,0.0627986476042843,-3.96,25470.898
2025-12-03 10:02:00,80136977.6868356,167874.173059684,-61.1389734582357,-43,262.956674473068,-270,-0.00541620671807528,-1.71,25483.459
2025-12-03 10:03:00,83814176.5966088,326744.041742147,-108.043487443487,-118,410.399999999999,-361.2,-0.0135933279229768,-2.94,25514.276
2025-12-03 10:04:00,85975557.6301935,367663.311120556,59.1920766428692,59,1932.28,943.6,0.03458459202345,6.62,25517.946
2025-12-03 10:05:00,86037193.1310608,402051.50630069,47.2028560902699,43,815.635714285715,414.6,0.0182885379248945,3.63,25521.3
2025-12-03 10:06:00,83499287.4524588,317487.464931472,-66.8631154453084,-37,208.694062927975,-147.46,-0.0239450241302795,-1.91,25504.57
2025-12-03 10:07:00,80621943.9889502,249895.517874831,-56.0633658008657,-28,-694.328571428575,-300.6,-0.00207152623987989,-2.25,25486.721
2025-12-03 10:08:00,82083268.7095424,284185.557252822,-2.71120888915012,16,-387.765890109893,-330.48,-0.0115933619342011,-2.64,25489.431
2025-12-03 10:09:00,82538401.1961803,298556.865565847,-0.821308972152448,-11,258.95464642024,95.24,-0.00574770883472334,-0.23,25490.646
2025-12-03 10:10:00,81071348.6137444,224603.695641518,-50.673320347261,-41,-179.709134615385,-125,-6.49344979545229E-05,-0.89,25476.628
2025-12-03 10:11:00,81540048.7972543,256076.329984754,31.686928426543,-32,135.312798319327,-110.68,-0.0055140612289762,-0.68,25475.731
2025-12-03 10:12:00,81808468.0789055,274104.547785769,58.5242957042957,-8,1916.12023809524,718.65,0.0174482576361477,5.16,25475.088
2025-12-03 10:13:00,78201628.1316244,192397.417103805,-23.6827335164835,-13,-155.529651785714,-173.27,0.00754170124774414,-1.09,25461.654
2025-12-03 10:14:00,78272409.5066487,182437.638301781,-0.267575757575754,5,-313.220666666667,-40.06,0.0185746731969086,-0.13,25458.919
2025-12-03 10:15:00,81735673.1546044,269959.476773092,2.1442857142857,5,-319.440476190478,8.5,0.00372211707400306,0.1,25472.812
2025-12-03 10:16:00,82203642.2599731,261972.744958377,12.0867673992674,14,0,0,0,0,25470.787
2025-12-03 10:17:00,85436757.3502118,427930.002154278,-101.496444268236,-49,-1232.35716666667,-677.09,-0.0197743783035747,-5.12,25499.993
2025-12-03 10:18:00,85430139.0929504,505642.411033309,10.8866724941725,-7,1611.04815705128,559.93,-0.0139736609911047,2.53,25508.392
2025-12-03 10:19:00,86056023.0517667,499570.124866236,99.3361366411366,70,2718.61744505494,822.1,0.0187033516748873,5.97,25506.533
2025-12-03 10:20:00,84278762.1252058,445881.434904891,24.2329471866821,13,1977.91342857143,927.56,0.0426989193672683,8.29,25492.92
2025-12-03 10:21:00,84768356.4133012,455063.416082925,-9.07456959706962,-10,-395.732532051283,-734.7,-0.0110338941338822,-5.81,25492.044
2025-12-03 10:22:00,82941169.9235644,322186.307701414,137.654823591466,77,6406.30506666668,883.04,0.00134152461212936,6.56,25468.211
2025-12-03 10:23:00,83665965.0147848,428662.244417329,-156.636135730553,-96,-3013.42341258742,-721.33,-0.0138676083331109,-5.85,25487.916
2025-12-03 10:24:00,85005166.1636443,474326.636702704,20.8104895104895,11,695.948717948715,426.4,0.0161179986575224,3.4,25492.5
2025-12-03 10:25:00,88630308.2994173,572929.226910627,28.1767434182604,32,80.3850095238093,110.54,0.00420344762555884,0.9,25502.6
2025-12-03 10:26:00,85757698.3958497,612875.527199266,-186.748935273034,-99,-1284.47921568627,-505.8,-0.0146834961732353,-4.19,25510.061
2025-12-03 10:27:00,84854433.11924,510479.104794458,17.38,8,843.094500000002,371.87,-0.00943801866864596,2.57,25493.987
2025-12-03 10:28:00,87437470.807344,592866.181034457,-4.01748251748252,2,-163.846153846154,55,-0.00973304679147889,0.33,25506.545
2025-12-03 10:29:00,84951152.3200161,465664.428685666,-38.9115825633736,10,295.701111111111,-356.9,-0.00401486652026338,-2.86,25489.69
2025-12-03 10:30:00,84209050.6616859,428744.613381318,-17.1184529505582,-24,-781.071375438597,-654.34,-0.0065498173238676,-5.14,25482.589
2025-12-03 10:31:00,83659986.099295,358524.43666567,69.6126648351648,44,2135.82546428572,973.96,0.0166716643364539,7.32,25469.724
2025-12-03 10:32:00,80423921.2689702,295557.62668928,19.2649908424909,17,799.428571428573,198.8,0.0161838833833905,1.66,25460.595
2025-12-03 10:33:00,84946073.4369814,682453.407137137,14.6020343096163,-16,1823.26572735441,-277.3,-0.00484775552806171,-0.19,25511.907
2025-12-03 10:34:00,86926317.6295936,878549.213400866,-67.7280772309247,-35,-592.178536796536,-165.82,-0.00798990409256646,-1.28,25529.84
2025-12-03 10:35:00,85585538.2105931,1019303.85651583,-60.3937860349679,-52,136.520638747084,-292,-0.0203432052512461,-4,25545.416
2025-12-03 10:36:00,92162570.0398173,1055998.46395319,138.372227518662,84,2112.57138655462,1125.1,0.0610167093416692,8.66,25538.842
2025-12-03 10:37:00,85487707.8292041,1094915.81890383,-1.16211607276218,10,-66.1500000000001,-176.4,-0.00664421697915017,-1.5,25547.273
2025-12-03 10:38:00,88200452.3367908,1226386.13377484,-1.56529076201042,-45,10.1369047619044,-1172.2,-0.0633474721302885,-11.53,25556.635
2025-12-03 10:39:00,88148504.4291214,1011088.33332169,-56.3178520499109,-37,-756.806666666669,-18.4,-0.0267017405306632,-0.53,25529.568
2025-12-03 10:40:00,90058101.8182278,1107856.95421767,-39.5422802687508,-30,-532.658176470588,-380.59,-0.0135303168542045,-3.46,25540.055
2025-12-03 10:41:00,91100987.6513039,1054991.2760476,10.4102197802198,4,336.000000000001,252,0.00639378347645517,1.77,25534.978
2025-12-03 10:42:00,90451304.8876278,991566.60020194,8.13745143745143,5,102.388888888889,97,-0.00423335168402042,0.86,25525.138
2025-12-03 10:43:00,90397172.3271441,1145206.521902,-23.5447940947941,-18,-224.999999999999,-90,0.00420224557568165,-0.78,25544.222
2025-12-03 10:44:00,90382624.4156812,1213133.54904295,23.149518620914,27,274.509615384616,314.25,0.00992623684543783,3.06,25548.161
2025-12-03 10:45:00,91820897.5423383,1151991.83088289,-1.82876138252645,78,726.76,555.2,0.0368721742542359,5.6,25545.161
2025-12-03 10:46:00,93259999.7895366,1279080.21966116,11.4280816998232,14,-75.0699404761911,-79.85,-0.00209790801173325,-0.33,25554.037
2025-12-03 10:47:00,93163954.3724101,1257728.082624,-3.86359375918197,3,144.314115151515,231.5,-0.00439393311696806,2,25551.357
2025-12-03 10:48:00,93369675.8811838,1236296.18860831,-16.4173953961859,-18,-721.955336659662,-286.23,-0.0277010318307933,-2.39,25549.619
2025-12-03 10:49:00,93318571.7717122,1252806.78532703,-6.41186401833462,-7,170.444444444444,118,0.00480328939097067,1.02,25551.077
2025-12-03 10:50:00,92407115.3073861,1179282.69731137,16.09123696816,24,830.766666666663,695.8,-0.00355544417406915,5.92,25541.681
2025-12-03 10:51:00,91847325.9100825,1136371.15811101,4.66960317460317,12,-353.276428571429,-579.8,0.0108601787810073,-5.01,25538.121
2025-12-03 10:52:00,92839427.054588,1133087.38695997,-5.44338023088025,-5,111.681645021644,-69.5,0.0183757115009014,-0.64,25540.527
2025-12-03 10:53:00,92984675.5414607,1140338.92994238,-5.03107864357865,-10,237.9,234,0.00310085390626625,2.21,25537.565
2025-12-03 10:54:00,90954557.4728513,997566.048666307,11.2507129405434,3,241.638095238095,224.6,0.00493740794014087,1.98,25523.086
2025-12-03 10:55:00,90342317.1074934,994054.015051778,-98.5971736596737,-23,-282.222881313131,-164.04,0.00216667644451277,-1.42,25525.863
2025-12-03 10:56:00,91768134.1047078,961380.80427538,18.7775974025974,24,290.400000000001,226.2,-0.00206669598138031,2.15,25523.867
2025-12-03 10:57:00,89748119.4936925,826365.202407387,-14.3460245015196,-18,-802.954722222224,-383.7,0.0301479664150566,-3.55,25512.457
2025-12-03 10:58:00,90910892.3787365,902081.825438811,8.45714285714291,-11,-183.250000000001,-401,0.00215553649158793,-3.45,25518.792
2025-12-03 10:59:00,91617904.5540568,926899.739367626,-17.0113671274962,-16,-702.502380952381,-321.3,0.0160810306221733,-2.94,25521.27
2025-12-03 11:00:00,90996429.8910329,982449.236619916,-20.0233333333333,-22,-214.479,-89.94,-0.000154687919187694,-0.87,25526.44
2025-12-03 11:01:00,91666017.0197606,978682.43001785,-11.0613125336202,4,251.254545454547,256.2,0.00963192997805931,2.14,25525.548
2025-12-03 11:02:00,91479135.0618778,1122915.88564573,87.6177610693399,128,1657.85213968254,968.88,0.0067819185254107,8.08,25535.93
2025-12-03 11:03:00,90846950.5969177,1213384.46246109,48.5932840521713,28,1526.56474358974,594.05,0.011121197504885,5.76,25542.149
2025-12-03 11:04:00,91164792.8455395,1286142.32827393,-25.500505050505,-24,-522.363636363635,-386,-0.0011490157408298,-3.99,25548.733
2025-12-03 11:05:00,91415007.1262214,1185031.78444938,73.8558288459507,34,3329.43272727272,1306.6,-0.00656571654294107,12.73,25539.053
2025-12-03 11:06:00,91919018.3888603,1105660.97504761,10.2269423558897,28,101.199999999999,50.6,0.00756383940257705,0.5,25533.932
2025-12-03 11:07:00,93008242.5230948,1112291.64893379,40.8588961038962,33,411.116393939395,238.52,-0.00186479759191827,2.27,25531.539
2025-12-03 11:08:00,92698119.708003,1051766.82523445,-8.24523809523808,-7,-510.010571428571,-255.76,0.0074507700956928,-2.38,25528.912
2025-12-03 11:09:00,91734779.6614331,914998.971892264,26.5269841269841,-16,674.285714285715,256,0.0232896605934764,2.67,25514.568
2025-12-03 11:10:00,88466860.2284936,558898.519110777,71.5671289213071,42,924.26311731602,486.63,-0.0332131733075459,4.14,25486.047
2025-12-03 11:11:00,89125688.9785783,605537.189982111,-84.3103896103895,-76,-1452.88989220779,-414.93,-0.0613022099249314,-4.66,25490.01
2025-12-03 11:12:00,87124290.9830315,548082.833462467,-102.831421703297,-71,-2926.16153846154,-1023.8,0.0146498325206972,-8.68,25486.358
2025-12-03 11:13:00,88970644.4112938,695813.420186075,-103.947425167425,-36,-3995.62473544973,-862.65,0.0139435310453531,-7.8,25497.413
2025-12-03 11:14:00,90785605.4700442,699236.075086969,-4.89920634920631,15,-97.6454999999983,60.87,-0.0218287454585509,-0.15,25498.239
2025-12-03 11:15:00,90991106.8653572,676636.401823545,-6.34793650793649,-7,-182.589999999999,-21.3,-0.00239290572315628,-0.0799999999999998,25493.858
2025-12-03 11:16:00,91951847.1593408,751228.098933729,48.5321428571428,3,2296.05333333333,1122.2,0.0478130421431443,10.16,25496.604
2025-12-03 11:17:00,92569465.2329058,1099513.33621452,-27.5512921993857,-16,-221.128745920747,-190,-0.00800890750136405,-2.08,25520.286
2025-12-03 11:18:00,93395691.8692556,1094691.35189403,-11.7428571428571,-14,0,0,0,0,25520.726
2025-12-03 11:19:00,93399100.9426187,1138202.51476647,-3.10303664200723,-11,-165.732678167421,-158.75,0.00771609769535425,-1.44,25524.128
2025-12-03 11:20:00,93054076.0419577,1308701.25655048,-34.0989177489177,-50,-562.384727272727,-494.42,-0.00603169965282532,-4.75,25533.611
2025-12-03 11:21:00,94746124.3053812,1262323.32312134,89.0214718614719,50,636.50984848485,396.85,-0.0018184344762943,3.96,25529.527
2025-12-03 11:22:00,92000678.8148546,1062148.79746441,77.1597619047619,28,1801.19561666666,395.49,-0.00170419733900654,4.01,25513.815
2025-12-03 11:23:00,92561669.8872611,974932.388122459,43.5858441558441,0,-70.0945324675323,-40.39,0.00878221505178317,-0.12,25507.491
2025-12-03 11:24:00,91830980.725411,902514.468746611,-55.2807356532356,-32,-1868.7515758547,-556.85,0.0074973320639682,-5.15,25504.451
2025-12-03 11:25:00,92410973.3799308,970388.126152112,-3.33030303030297,-11,-185.72153246753,-358.22,-0.0516959836188039,-4.13,25507.623
2025-12-03 11:26:00,92858780.6864626,897193.013912454,31.8780952380953,16,290.4,-56.4,6.98351309538821E-05,-0.45,25502.828
2025-12-03 11:27:00,92182383.9513768,1102176.34379237,19.3809523809524,15,726.462821428572,377.09,0.0270699198212111,4.06,25514.835
2025-12-03 11:28:00,92165373.538734,1070465.84136073,26.4397313797314,-6,175.086153846156,359.9,0.0373243161485364,4.32,25511.384
2025-12-03 11:29:00,92336212.3152697,1164785.06207545,7.89904761904767,7,701.178571428573,614.8,-0.0151133764069334,5.99,25516.685
2025-12-03 11:30:00,93530222.1705186,1229303.56526649,16.1569444444444,30,48.85,70,0.00557259689360788,0.8,25520.136
2025-12-03 11:31:00,94125020.1455088,1557115.96984356,-52.5688245088245,-65,-1176.11392107892,-1384,-0.105065446031591,-16.63,25538.522
2025-12-03 11:32:00,90252026.0582751,1676387.65720624,11.0866367076632,19,438.900023809524,599.41,0.0283462627684573,6.9,25545.3
2025-12-03 11:33:00,94820698.3127966,1875199.75681438,-40.7942531882831,-102,-915.808418115936,-1482.4,-0.143779923560577,-18.63,25555.197
2025-12-03 11:34:00,98802552.061811,1993452.48139775,10.7770188145189,-9,1545.0877194056,548.27,0.0712622970130745,5.52,25560.193
2025-12-03 11:35:00,94988806.8060784,2069873.01558629,-28.0902747361571,-28,-326.823080808078,-184.98,0.0169945028967665,-2.34,25563.767
2025-12-03 11:36:00,98227533.2485129,1962917.42565339,71.3238816738816,43,1397.33707864358,423.97,0.0267218559595662,4.98,25556.162
2025-12-03 11:37:00,94618060.2325483,2111707.66050261,8.95607526881715,11,704.315199999997,501.32,0.0269931732206657,5.42,25562.909
2025-12-03 11:38:00,96803335.7204907,2245010.14300594,3.13459615890555,-14,-281.704285714286,-245.3,0.0402789471685764,-3.02,25569.831
2025-12-03 11:39:00,98468604.7438285,2257544.60197207,12.1871186440678,28,0.479999999999826,-60.2,0.00314512588945547,-0.6,25570.87
2025-12-03 11:40:00,96419328.0790439,2134799.35102378,-14.1758333333334,-15,75.3731916666661,-535.38,-0.0577321716799489,-7.35,25562.425
2025-12-03 11:41:00,93576961.4131078,2225950.76147812,7.73730769230769,9,95.6269999999998,65.74,0.000244149184216867,0.82,25564.769
2025-12-03 11:42:00,93689414.4131732,2157425.02891038,11.6721428571429,19,739.103400000002,204.96,0.00630007781094352,2.1,25563.039
2025-12-03 11:43:00,96159266.4566143,2172619.97022916,21.2066666666667,15,570.933333333334,353.8,0.00679403615154455,4.2,25563.122
2025-12-03 11:44:00,97238078.5057277,2252584.77060439,-0.156666666666675,-2,90.9314999999997,129.51,-0.00286605424724732,1.44,25566.281
2025-12-03 11:45:00,94714916.9986604,2117212.68443942,39.8516666666666,-5,4523.64074999999,388.13,0.12952679510485,-0.460000000000001,25558.869
2025-12-03 11:46:00,91736825.5587315,2050083.92474284,-3.93069264069262,-4,-61.1943714285705,-249,-0.0146993717226016,-2.58,25555.885
2025-12-03 11:47:00,93976804.0786584,2327247.33188225,-16.3549999999999,-30,-345.524999999999,-812.9,-0.0937090214947094,-11.54,25566.731
2025-12-03 11:48:00,95670160.4453768,2141874.62232949,5.19642857142857,-4,56.2642500000001,-14.23,0.00622645074065738,-0.13,25558.5
2025-12-03 11:49:00,96923890.7170883,2095179.32485951,1.73952380952381,2,-15.5089,-20.87,0.00615409973951088,-0.15,25554.258
2025-12-03 11:50:00,91273314.5377103,1634048.7903868,7.52083333333341,14,-1381.38,-765.4,0.0398551613042745,-7.62,25532.586
2025-12-03 11:51:00,94639192.0684345,1758918.62351905,1.60397825271843,1,74.695257592802,156.78,-0.00582052946190752,2.17,25537.564
2025-12-03 11:53:00,95813296.2655539,1821910.58265248,25.5805555555555,31,152.594972222222,47.63,0.0151762158647586,0.78,25541.176
2025-12-03 11:54:00,94807853.4604427,1767282.4241857,-19.4761904761905,-21,-220.898714285715,-207.03,-0.00570946213264078,-2.38,25539.758
2025-12-03 11:55:00,95756582.1144765,1448201.20448068,24.3968322320955,27,568.98181818182,418,-0.0169781070111598,4.7,25523.956
2025-12-03 11:56:00,93758921.8796411,1052578.79123109,130.444118549191,52,573.809848324515,508.75,-0.0212524808446527,5.68,25503.896
2025-12-03 11:57:00,91152767.3483886,862045.847581953,37.1219907407407,32,1143.25641501323,856.57,-0.0147261754201595,8.59,25495.794
2025-12-03 11:58:00,89895588.5533694,907419.683859997,-110.564322698609,-61,-1836.38222864093,-1148.6,0.0337618530683509,-12.25,25497.103
2025-12-03 11:59:00,91753505.965794,1088496.85833816,-64.1560894660895,-20,-2637.95208311689,-832.24,0.0196965134945699,-8.08,25506.726
2025-12-03 12:00:00,94081653.9283196,1371862.29982619,0.832029914529912,-6,70.8888888888888,-194,0.0635201780208682,-1.74,25518.552
2025-12-03 12:01:00,94567352.5853675,1484376.47464412,-11.6099675324675,-7,-350.692970779222,-282.55,0.0497584408652733,-3.23,25524.692
2025-12-03 12:02:00,94851117.7110862,1632176.92556816,1.27314814814817,5,190.650857142858,226.44,0.0237586631901627,2.32,25530.063
2025-12-03 12:03:00,93906957.6247095,1597004.34527161,1.88257575757573,7,-121.556363636365,-255.4,-0.0366874430335613,-3.4,25528.193
2025-12-03 12:04:00,95902959.7332823,1809247.76520006,-13.1849999999999,-22,-1120.99511111111,-704.72,0.0591109376637181,-8.1,25537.865
2025-12-03 12:05:00,96195508.4117549,2026741.99045327,0.979761904761916,10,147.937142857143,131.8,0.018986809257259,1.71,25546.452
2025-12-03 12:06:00,92787524.4032345,1652106.9011179,15.6782512315271,39,418.73,292.5,0.0106842816520598,3.75,25530.261
2025-12-03 12:07:00,89790552.8267712,1334164.63969928,24.6184837092732,87,672.618546365916,787.6,-0.0358180307652409,9.15,25515.86
2025-12-03 12:08:00,94763905.9029393,1147867.97452099,-12.22625,-13,-113.9314375,48.43,-0.00587141028889497,0.71,25513.046
2025-12-03 12:09:00,93300749.1510034,1281867.59770939,-104.025,-8,-15.50775,-80.91,-0.00939074170430211,-1.14,25517.362
2025-12-03 12:10:00,93149571.5909687,1389930.65822973,0.922619047619056,-6,-77.2212857142855,-70.66,0.00601220350484028,-0.84,25521.092
2025-12-03 12:11:00,91116752.3363039,1433177.24790102,18.3,7,74.5250000000007,-439.3,-0.0313236256900109,-4.79,25519.68
2025-12-03 12:12:00,95243536.5672211,1790111.80404346,-22.7464285714286,-21,-175.380392857145,-87.33,0.0151674861564315,-0.15,25537.421
2025-12-03 12:13:00,96242948.3678812,2003374.40569438,-17.1684291302788,-21,10.8905483405484,-194,-0.0196967122005397,-2.54,25548.026
2025-12-03 12:14:00,96314102.9252882,2015871.09570889,-6.54166666666668,-8,-62.6791666666666,139.4,0.0268543158442934,1.8,25549.289
2025-12-03 12:15:00,99207041.8946281,2162271.27421305,68.6637923166124,70,1054.41685714286,747.12,0.0247420438327164,10.36,25550.368
2025-12-03 12:16:00,98779262.4250211,2156573.85605741,53.1055699855699,28,950.019047619046,397.8,-0.0506593390199219,6.15,25550.267
2025-12-03 12:17:00,98574445.4343869,2214850.3813446,-0.860416666666671,-6,-21.8429375,38.1,0.00976033614854767,0.29,25551.413
2025-12-03 12:19:00,97984452.636576,2146695.66458507,0.594090909090912,-6,57.863159090909,69.31,-0.0252298133571005,0.559999999999999,25546.897
2025-12-03 12:20:00,100012047.785804,2339164.55768558,-16.797671957672,-5,-261.581058201058,-113.55,0.0199067044186858,-2.05,25556.836
2025-12-03 12:21:00,101719410.946857,2424263.5171741,3.37970588235294,2,546.770259803921,410.46,-0.00534708095772771,4.5,25560.801
2025-12-03 12:22:00,102011045.845135,2803057.42491722,11.5262157287157,29,-154.852593939394,-4.65999999999997,0.0356971679942655,0.42,25575.987
2025-12-03 12:23:00,94426310.5965144,2869342.03257757,-35.4333333333333,-21,-774.490666666667,-440.36,-0.0298101126259948,-6.64,25578.558
2025-12-03 12:24:00,96217154.4398472,2996861.38063452,-37.7751864280389,132,507.46161111111,768.51,0.0614376334379408,11.29,25580.236
2025-12-03 12:25:00,94525084.114198,3052973.2699142,-66.1416666666668,-57,-1999.14458333334,-1597.97,0.0437473107609797,-20.71,25581.607
2025-12-03 12:26:00,97978589.6219212,2782868.5219464,7.61400781666372,25,59.4923076923079,2.8,-0.00309789022366167,0.19,25573.601
2025-12-03 12:27:00,97002659.9488366,2674661.65669639,-11.5550646879756,-14,-108.613,-179.4,0.0195724723506314,-2.81,25570.165
2025-12-03 12:28:00,101350424.652164,2646675.23908555,-26.2261904761905,-21,10.6640476190485,225.1,0.0232228525088575,2.37,25573.174
2025-12-03 12:29:00,95427553.3366562,2879048.63570261,1.24033613445379,1,68.3294117647062,96.8,-0.00710286630532799,1.2,25575.73
2025-12-03 12:30:00,98187925.2636644,2948037.02388369,-4.17063492063492,-10,-11.111111111111,-50,-0.00764917531093888,-0.82,25579.372
2025-12-03 12:31:00,99746660.7055261,2533406.10489441,14.9094629014396,29,164.302047619048,200.31,0.00430172280978255,2.9,25563.572
2025-12-03 12:32:00,100245072.943587,2565703.67244799,-5.09166666666668,0,-88.0000000000005,-58.6,-0.0107727988575453,-0.71,25565.421
2025-12-03 12:33:00,100408873.542949,2653571.84771951,-0.757142857142857,-1,-21.91,63.1,-0.0144914226762876,0.9,25569.318
2025-12-03 12:34:00,99275770.7210951,2613667.23625425,4.47415730337078,3,22.9681797752809,0,0,0,25567.133
2025-12-03 12:35:00,96562826.7909008,2373403.28515634,-1.99309523809521,-4,103.20411904762,53.82,0.0197516115673173,0.65,25555.165
2025-12-03 12:36:00,99743098.5382013,2447484.36650468,8.93095238095239,14,157.053714285715,46.66,0.0082293106200299,0.69,25560.007
2025-12-03 12:37:00,100056756.243711,2581369.02540943,-1.0857142857143,-2,-39.5142857142861,-79.8,-0.0112961421746391,-1.25,25565.076
2025-12-03 12:38:00,98147026.4861806,2683203.80099148,15.9114285714286,-21,35.0112000000001,77.16,-0.0034008057330199,1.2,25565.872
2025-12-03 12:39:00,91820682.0303771,2837661.6601339,6.74666666666667,8,-35.3297333333333,-95.02,-0.00410480935349,-1.38,25571.268
2025-12-03 12:40:00,94034492.5777597,2977284.28570018,-1.6736507936508,29,37.0222222222222,47.6,0.00393349547263033,0.61,25572.454
2025-12-03 12:41:00,99770601.9821123,2720523.35973673,-7.89880952380953,-5,-147.881,-141.16,-0.00735966308777099,-1.95,25571.137
2025-12-03 12:42:00,99343765.9056299,2695135.44173376,15.8593073593074,15,60.3181818181819,20,0.00391402293496908,0.35,25566.844
2025-12-03 12:43:00,94121790.4367315,2780113.75536376,-4.59107142857144,-3,78.3312678571426,74.19,0.00360521219157582,0.82,25569.557
2025-12-03 12:44:00,99360892.1975842,2875974.48817709,-5.44444444444445,-11,4.59999999999991,-41.4,-0.00804568994992044,-0.74,25573.318
2025-12-03 12:45:00,101475323.250362,2738710.08515962,-3.45,0,-81.9,0,0,0,25567.263
2025-12-03 12:46:00,96307279.8512235,2928186.35253492,-5.80000000000001,-3,0,0,0,0,25570.94
2025-12-03 12:48:00,100378791.182438,3000007.28002627,0.12905982905983,3,73.5435726495728,123.96,0.0149649985454373,1.48,25575.961
2025-12-03 12:49:00,98284087.7233589,3331870.14320635,-2.05813821552035,1,-32.0619722222222,-192.74,-0.00466493358116014,-2.65,25581.967
2025-12-03 12:50:00,97304592.267196,3211393.06535608,0.214285714285726,0,25.8000000000001,0,0,0,25580.678
2025-12-03 12:51:00,96810593.9595972,2803928.38518543,19.9892857142857,24,351.05955952381,-13.17,0.0193291443377151,-0.34,25566.69
2025-12-03 12:53:00,96026475.5803147,2998345.82515609,-183.471111111111,-138,-814.3578,-335.61,0.0101708205427968,-4.84,25577.831
2025-12-03 12:54:00,96762209.1997452,2978765.81395182,-12.6232919254658,17,91.1857142857142,98.2,0.00777883000851412,1.24,25576.152
2025-12-03 12:55:00,95644288.6473598,2948695.36153278,-30.0270833333332,-7,-107.8984375,-299.45,-0.0543196481873009,-5.31,25577.763
2025-12-03 12:56:00,96743717.629164,3291622.25404843,-25.4730747567845,-48,639.022619047618,275.05,0.0820357622585323,5.13,25588.599
2025-12-03 12:57:00,104969277.728793,3137264.42665087,7.18111111111111,5,25.2071111111111,25.78,0.00423498852913556,0.43,25585.898
2025-12-03 13:01:00,96204614.1707499,3294808.82865783,-108.986489479513,-104,-239.570928571426,730.56,0.182290133243431,12.3,25585.847
2025-12-03 13:02:00,98465816.3657325,3411599.13939989,-34.541139044072,-39,-86.6168333333339,-210.83,0.030776996767647,-2.48,25589.069
2025-12-03 13:03:00,96545280.8483654,3390057.49941497,-42.5557862679955,-20,112.047619047619,174.5,0.0405237803941738,2.45,25590.616
2025-12-03 13:04:00,100441175.487514,3154163.62213409,0.79411764705883,34,211.908,134.66,0.00551375723135065,2.18,25582.829
2025-12-03 13:07:00,103311088.815437,3113779.71939867,-35.2756728778468,-42,-9.13500000000019,32.2,0.026187989095675,0.76,25583.657
2025-12-03 13:08:00,98236067.0417608,2851364.71992315,14.1465548098434,31,134.4,44.8,0.00873072523670984,0.78,25577.593
2025-12-03 13:09:00,102975222.099597,2804154.70576177,30.119829059829,55,651.452478632478,435.4,0.0541240028785077,7.44,25574.82
2025-12-03 13:12:00,96461778.7540337,3299722.37209048,-129.85772582426,-111,-621.427129866439,-446.16,0.0434662600277543,-7.18,25588.01
2025-12-03 13:14:00,94098039.804084,3191099.29473955,-35.4755411255411,9,-400.4,-291.2,-0.0560925051190976,-5.56,25585.089
2025-12-03 13:18:00,55549232.4959055,2648456.71740301,-4.39266233766234,-416,518.596093506493,364.88,0,0,25580.298
2025-12-03 13:19:00,102467499.423794,2705505.94419453,-412.121509921398,-494,-42.875,-80,0.00409489819026534,-1.37,25575.817
2025-12-03 13:20:00,101443048.127972,2512153.66616743,-92.7335714285714,-79,-1083.86847619048,-553.84,-0.0308438928889276,-10.07,25569.852
2025-12-03 13:21:00,96493839.3878745,2631503.04314177,-11.05,-30,-10.8275000000001,-27.55,-0.0182254884320786,-0.67,25573.66
2025-12-03 13:22:00,96714263.8236063,2933605.29141022,-0.749395161290322,24,24.6124374999999,38.99,-0.004538345645771,0.61,25578.503
2025-12-03 13:23:00,97296806.3827855,2579088.3032255,17.7828571428572,42,343.280714285715,204.25,0.0479610161114451,4.29,25569.96
2025-12-03 13:24:00,102150774.295989,2396569.29601117,-11.8133566433567,-6,-163.487909090909,-127.87,0.0130593483646595,-2.17,25570.617
2025-12-03 13:25:00,103861723.043143,2738034.49731399,3.08888888888887,15,137.823333333333,227.3,0.0853357166471532,4.93,25577.292
2025-12-03 13:26:00,101929800.300346,2767478.05107171,-5.26666666666668,6,0,0,0,0,25575.818
2025-12-03 13:27:00,102191839.946899,2892043.04465709,2.11333333333333,8,50.9999999999999,73.6,0.00525851910229192,1.35,25576.964
2025-12-03 13:28:00,97767743.8577344,3052837.14700017,-1.35833333333333,-4,133.9625,111.7,0.0139944125619678,1.7,25579.44
2025-12-03 13:29:00,96228229.4900716,3090680.72359326,-2.84999999999999,-4,-22.3289999999999,-49.62,-0.0153284907836423,-1.14,25580.569
2025-12-03 13:30:00,101880145.707431,3604534.9985348,2.8548574281829,23,156.978666666667,245.16,0.0166839960193695,5.42,25588.369
2025-12-03 13:31:00,96516802.6593466,3328410.8132778,-7.375,-4,41.6500000000001,-117.6,-0.0304511178501282,-2.52,25586.526
2025-12-03 13:32:00,106913950.917102,3484810.04495341,3.15873015873019,13,-42.1730158730158,-46.1,0.00335020389974785,-1.02,25586.282
2025-12-03 13:33:00,102589441.012314,3693486.30668397,8.52793650793652,26,169.867619047619,308.7,-0.0312614935774402,6.58,25588.205
2025-12-03 13:34:00,103523809.159977,3817415.49321436,30.3877905427905,35,469.105664335664,418.1,-0.0167005915728577,7.45,25589.424
2025-12-03 13:35:00,95569551.3702597,3797122.88408844,7.59090909090911,19,106.349333333333,237.04,-0.0133132688684138,3.53,25592.654
2025-12-03 13:37:00,107829741.089322,3569590.88247063,0.511904761904771,43,207.025,126,0.0264852529862899,2.59,25588.995
2025-12-03 13:38:00,99557426.8048402,3716907.99395262,18.3517980295567,8,55.2625000000003,143.9,0.0155910514709842,3.01,25588.526
2025-12-03 13:39:00,103452704.306391,3794088.93560597,-71.5333333333333,-63,-182.8,-337.8,0.0138433868679961,-6.95,25592.1
2025-12-03 13:40:00,101014214.534926,3923621.87806556,-12.4444001329345,-12,163.040196078431,174.5,-0.0160034469464692,2.2,25593.682
2025-12-03 13:41:00,105297297.137777,4036327.78595548,-26.1175974025974,21,63.8818571428573,51.52,0.0147369636795821,1.18,25594.357
2025-12-03 13:42:00,105546691.131594,4528605.28509154,-8.4811914401388,-2,-26.4137844611526,36.7,0.0359506674458498,0.76,25603.21
2025-12-03 13:43:00,104091623.830046,4289770.39419191,-7.05190476190478,6,106.964285714286,-8.60000000000001,0.0721246917159204,1.51,25601.657
2025-12-03 13:44:00,112695287.794595,4357444.38466484,-7.09439500915383,9,61.0026273879024,-114.8,0.0204268363249103,-0.38,25605.342
2025-12-03 13:45:00,113405926.748116,4435356.83035454,12.7585935993831,26,127.895217659534,215.18,0.0152420426789401,4.69,25605.28
2025-12-03 13:46:00,101231789.305303,4093327.45048909,-31.5255205905205,-45,-248.708157264956,-520.74,0.0164873024981552,-11.08,25599.583
2025-12-03 13:47:00,102410194.968369,4231492.45120772,-44.42,-42,-128.607166666667,-161.71,0.015593834077254,-3.63,25601.76
2025-12-03 13:48:00,105998723.20778,4106192.16358567,-5.53142857142857,3,-85.6428571428571,-23,-0.00565812878944529,-0.51,25601
2025-12-03 13:49:00,108120970.998708,4160173.87235144,-31.6981255686988,59,121.521916287534,158.26,0.010605105143313,2.96,25604.047
2025-12-03 13:50:00,103838366.080931,4468724.69699893,-0.476662290862301,57,-39.4018620000003,-91.6,0.0130209977497674,-2.43,25605.482
2025-12-03 13:51:00,106274067.093396,4144227.7039912,-32.5147761093074,30,223.032333333333,329.48,-0.0493407887373714,6.44,25600.785
2025-12-03 13:52:00,102084560.66508,3681084.22408777,-65.870119047619,-58,-517.317736904761,-430.19,0.0353937254159013,-8.4,25596.182
2025-12-03 13:53:00,103401228.597132,4106293.42217008,-0.409843356076228,25,68.2404761904765,107.9,-0.00823136999692441,2.39,25600.87
2025-12-03 13:54:00,103988677.035723,4148716.40593952,0.925826972010129,-13,227.888833333333,141.49,0.00862766197709529,2.88,25602.673
2025-12-03 13:55:00,97552510.3806864,4182708.80718158,1.65852713178294,-1,192.620864341085,-40.3,0.00451177571192836,-0.82,25601.518
2025-12-03 13:56:00,100324853.662253,3992158.86813934,-3.31186868686868,8,31.365792929293,161.02,-0.0220766750250182,3.06,25595.915
2025-12-03 13:57:00,102518344.995126,3814896.39328275,-47.5961038961039,-46,-156.670636363636,-221.07,-0.022630996845941,-5.25,25592.442
2025-12-03 13:58:00,99496556.1502776,2913704.49723363,-51.76,-24,31.2200000000005,132.8,-0.0518938740573703,2.09,25583.57
2025-12-03 13:59:00,105311114.471564,2961458.74422229,-176.205233816843,-126,-217.9375,-97.3,-0.00855043279072813,-2.5,25584.41
2025-12-03 14:00:00,97571294.3674522,3060188.77261602,-18.3780952380952,-6,-20.7785714285715,16,0.00578384872367038,0.39,25583.535
2025-12-03 14:01:00,96698649.1296037,4002148.35462062,-14.4409083120777,-64,-250.025683530961,-401.78,-0.188261177345461,-10.43,25596.598
2025-12-03 14:02:00,102583675.357741,4353900.24890135,-6.77441860465116,4,153.474527131783,67.4,0.0266294839658323,1.35,25601.8
2025-12-03 14:03:00,101879840.823818,4242013.54546717,-4.97714285714286,5,-13.8728000000002,-39.64,-0.00486427472644336,-0.71,25601.613
2025-12-03 14:04:00,104516858.115524,4294903.82770277,-23.4182047071702,27,11.474114723591,503.52,0.0376486192045372,10.31,25600.261
2025-12-03 14:05:00,96932649.1919188,3761284.78521376,14.9833333333333,146,216.902666666666,1123.35,-0.496871939811309,27.78,25595.689
2025-12-03 14:06:00,101730137.243703,3893809.75493181,-4.60157782515993,-19,-1.69162004264399,-88.54,-0.0624370434487115,-2.96,25598.404
2025-12-03 14:07:00,102674409.861426,4238086.1411223,-19.2621621621622,-23,46.0574999999996,-217.65,-0.123634310212108,-4.86,25601.28
2025-12-03 14:08:00,105202372.53239,4336161.44770982,-8.27999999999999,-5,76.025,67.1,0.00726937783279533,1.51,25601.611
2025-12-03 14:09:00,99150273.9866803,4040130.42715868,-4.0557779799818,-7,-33.34,-27.8,0.001327371095032,-0.66,25600.051
2025-12-03 14:10:00,103637105.207008,4281720.36282763,-6.78095238095237,-5,-89.1599999999999,-41.6,-0.000505001343912742,-1,25603.306
2025-12-03 14:11:00,102986095.165815,4074510.55412571,3.26,13,133.55,230.5,0.00632521706416174,5.44,25598.94
2025-12-03 14:12:00,104490593.999235,3980664.39355946,-0.0166666666666763,-2,16.4849999999998,-5.5,-0.0363866992224926,-0.45,25594.647
2025-12-03 14:13:00,103405126.782702,4384640.0699499,-10.7068376068376,-11,-30.9836666666668,-54.46,-0.0283746427576511,-1.57,25602.992
2025-12-03 14:14:00,102909958.257174,4434103.80754028,-5.38,18,-57.7048000000001,-180.04,0.00592698959081905,-4.04,25603.288
2025-12-03 14:15:00,100621127.959142,4449453.34820204,6.39079545454546,-1,37.3450000000001,9.1,0.0366145751287407,0.19,25604.481
2025-12-03 14:16:00,105312588.103506,4691400.78179413,-19.5471794871795,-10,-98.6406153846154,-136.44,0.0341487689673771,-3.14,25605.816
2025-12-03 14:17:00,103926287.850633,4187712.57547102,-124.025281385281,-9,-329.066666666667,-248,0.0153131468070271,-5.64,25599.565
2025-12-03 14:18:00,108833621.008368,3774816.03519435,-0.876666666666677,20,124,162,0.0268768969277536,3.88,25596.166
2025-12-03 14:19:00,110730140.16816,4134770.8792265,-23.9666666666667,-24,17.8000000000001,23.5,-0.0108682898707812,0.22,25600.666
2025-12-03 14:20:00,106369389.761639,3993784.24934471,-2.7083908045977,-5,7.50190000000006,-17.31,0.0112207848031832,-0.35,25599.382
2025-12-03 14:21:00,102904257.854981,3983554.24515547,1.6,8,22.9666666666667,14.8,0.0151145599304641,0.32,25598.401
2025-12-03 14:22:00,108264685.568053,4031921.43864203,-8.37333333333333,12,-4.96666666666664,16.6,0.00255363744632308,0.43,25599.356
2025-12-03 14:23:00,113115749.899915,3674059.6669102,1.57666666666671,36,136.986133333334,20.7,-0.0241419650851348,0.39,25593.92
2025-12-03 14:24:00,103621060.544221,4405893.21125076,-408.488997493734,-285,-8205.61952380951,-5714.3,-0.0742224741359118,-140.8,25603.105
2025-12-03 14:25:00,114169558.897629,4427522.16526432,2.235,9,39.84,46.2,0.0229556894707239,1.37,25603.044
2025-12-03 14:26:00,102428344.196168,4478359.02536959,-7.72,-11,-45.6666666666667,-37,0.00949065085377675,-1.01,25604.998
2025-12-03 14:27:00,118770714.202334,4529173.1435559,2.21830251303934,5,71.3051754385962,56.7,0.0981297081764793,0.45,25605.295
2025-12-03 14:28:00,116600250.165835,4290725.22291447,-31.2207077140835,-9,-192.328133333333,-52.8,0.00917246556075731,-1.8,25604.238
2025-12-03 14:29:00,116222222.053166,4098401.2632916,-10.5003267973856,-8,-90.0400000000001,-74.8,0.0109704422268534,-2.07,25602.576
2025-12-03 14:30:00,107012289.733369,3901864.15163968,3.11659863945577,-16,82.77,-42.7,-0.0689786998678186,-0.89,25600.603
2025-12-03 14:31:00,105072822.320119,4002998.30925469,-16.15,-19,148.28,115,0.00800760828266899,2.96,25599.319
2025-12-03 14:32:00,101459036.050263,4216222.51859618,-9.15619047619047,-6,-22.4658285714285,22.34,-0.0189385006411885,0.4,25604.442
2025-12-03 14:33:00,103756366.005743,4247555.72299043,-11.3398924731183,-11,49.5183333333332,64.1,0.0859671387463306,1.45,25604.166
2025-12-03 14:34:00,110157982.706804,4123643.14085734,1.77142857142858,8,35.2500000000002,125,-0.0110705788254979,3,25597.726
2025-12-03 14:35:00,104150926.150539,4447844.2179456,-18.3909090909091,-27,-17.1666666666666,-81.2,-0.0472463741334745,-2.66,25603.529
2025-12-03 14:36:00,107039117.164813,4785180.18845651,-0.206375838926174,15,4.38250000000002,87.65,-0.0320365098073665,2.3,25605.578
2025-12-03 14:37:00,104542970.791625,4362792.21436287,-0.457713952713953,32,-32.2160373626374,9.2,0.00825032599134198,-0.13,25601.476
2025-12-03 14:38:00,106431382.819726,4911197.6564719,-1.03361528822054,-7,9.37142857142872,-88.4,-0.0408866999639662,-2.5,25605.839
2025-12-03 14:39:00,105945554.258217,4991078.32946289,-10.5125,40,0.251375000000053,0,0,0,25607.137
2025-12-03 14:40:00,105097705.939222,4664374.81306295,2.47619047619046,3,1.00419047619019,-63.52,0.00398960776601134,-1.24,25606.074
2025-12-03 14:41:00,105923214.266806,4754276.84299918,-4.66004140786749,-9,0,0,0,0,25605.825
2025-12-03 14:42:00,106210272.130127,4685433.2301949,-12.3835714285714,-13,-137.159464285714,-250.95,0.0210095667731092,-6.88,25607.444
2025-12-03 14:43:00,105996371.0196,4958286.38370139,-0.185003298900032,-17,73.1347110754414,-243.7,-0.0641351435049115,-6.12,25609.358
2025-12-03 14:44:00,111563499.499451,5334033.54004107,14.2894117647059,28,303.178964705883,276.28,0.0179913629423062,6.51,25610.559
2025-12-03 14:45:00,109462290.176306,5282765.65772481,26.4547408969265,66,52.6989575757576,123.6,-0.0282520075201868,3.5,25609.765
2025-12-03 14:46:00,109785545.04107,5346153.97173905,-6.66666666666668,-41,-191.9292,-193.18,0.00604951623597846,-5.62,25608.728
2025-12-03 14:47:00,105990828.076247,4878285.77478629,-3.97424242424242,0,-38.4113333333333,-33.9,0.0548556239529292,-0.92,25607.103
2025-12-03 14:48:00,108115395.217766,4922235.93552829,3.14,14,-21.261,82.09,-0.0297074134667382,2.36,25606.76
2025-12-03 14:49:00,108850837.934518,5536731.51098592,-6.035,-5,-16.96225,-104.36,0.0213134798039983,-2.15,25611.861
2025-12-03 14:50:00,108850227.678696,5900155.86879057,-23.7551948051948,-26,-162.6754,-150,0.0793416718813989,-4.32,25617.859
2025-12-03 14:51:00,118388501.774858,5403697.6766978,-22.68,-10,344.1386,389,-0.0104793006631834,7.08,25611.303
2025-12-03 14:52:00,123605208.269238,5444118.75514166,-11.9773306957727,2,47.5733333333334,41.4,0.00166098368297657,0.0699999999999998,25617.453
2025-12-03 14:53:00,115159500.998681,6053578.32548078,-2.18333333333332,10,-13.8779999999999,77.94,-0.0205224762153364,2.67,25619.73
2025-12-03 14:54:00,118108834.720226,5928031.43811512,-27.9306227106227,39,-126.698957142857,222.19,-0.252818289030757,8.13,25621.652
2025-12-03 14:55:00,123851176.079732,5813854.38902693,4.45962962962962,44,110.494092592593,93.16,-0.00758239997913782,2.31,25619.176
2025-12-03 14:56:00,112318379.258844,5972338.66844081,-89.2523809523811,-74,-659.623809523811,-491.7,0.355047995382001,-15.64,25624.436
2025-12-03 14:57:00,108119102.681388,6234317.28021565,-1.33333333333333,-5,31.1750000000001,-25.8,0.0194180725061353,-0.87,25625.881
2025-12-03 14:58:00,121417411.073839,6242523.22973164,1.88166666666666,-45,13.8341666666667,-243.5,-0.404898658322948,-11.25,25622.907
2025-12-03 14:59:00,123225665.203334,6065149.76843037,-12.2781949058693,-25,-13.1809523809524,-35.2,0.0273114929610829,-1.2,25623.142
2025-12-03 15:00:00,109304882.131497,6641589.17214072,-6.7756487025948,-3,-21.3333333333333,-16,0.0129061767357503,-0.54,25627.594
2025-12-03 15:01:00,111299398.924233,6939441.0514646,-9.24594537815126,-8,-45.3387857142857,-40.7,0.0764060767272708,-1.32,25627.932
2025-12-03 15:02:00,112650960.662042,6681991.5824445,8.45727709901363,-25,-51.2185064935065,-162.05,-0.0087548778778692,-4.3,25626.75
2025-12-03 15:03:00,109957502.521626,6705134.68334627,2.64103372118078,3,17.3001057692308,-11.2,-0.0158105586174191,-0.52,25625.872
2025-12-03 15:04:00,125089228.364798,5613379.19495991,0.366666666666663,33,33.4988333333334,33.53,0.0477363349016202,1.4,25617.327
2025-12-03 15:05:00,122372879.793381,6109272.82431113,17.3921043880575,-77,73.5438960167714,-194.98,-0.398173849721159,-11.73,25617.036
2025-12-03 15:06:00,121192094.917369,6567476.90041477,-27.2955303030303,-44,-84.5350000000001,-59.95,-0.268299591988466,-4.65,25620.274
2025-12-03 15:07:00,109072603.888077,7058091.33115531,-5.29795321637427,1,-8.32500000000001,6.3,-0.0303497831637446,0.1,25624.81
2025-12-03 15:08:00,113602595.989173,6872765.83549264,2.61120448179274,28,140.270100840336,6.3,0.0307078413838648,0.37,25622.639
2025-12-03 15:09:00,112440537.856831,7478952.40268074,-2.96666666666667,1,-14.6,-20.2,0.00569593517433301,-0.78,25624.545
2025-12-03 15:10:00,122375957.444676,7678472.74941712,-8.75664604948121,1,66.9890892857142,-39.72,-0.244603540950191,-2.68,25633.083
2025-12-03 15:11:00,116798702.788693,7646010.65354328,0.148305084745752,30,-15.5116666666667,24.45,-0.142623871658992,0.82,25632.081
2025-12-03 15:12:00,113560585.212921,8164855.61347027,-0.257140199974575,-1,230.660576210826,186.18,0.0750157041459067,5.52,25632.613
2025-12-03 15:13:00,111106291.932744,8042883.26614864,1.3995358649789,-16,150.8374,-473.17,-0.0481014762947669,-9.9,25634.898
2025-12-03 15:14:00,115685476.096464,8003871.39394523,7.01295143937191,29,34.4482456140351,43.2,0.0158542348453785,1.06,25630.602
2025-12-03 15:15:00,113643573.004578,8338278.371545,6.69090296495959,27,386.281843665769,31.2,0.01554124944299,1.35,25633.679
2025-12-03 15:16:00,112267618.838014,9141396.71177819,23.7,-10,5.09166666666666,-69.6,-0.0759368240911011,-3.22,25639.978
2025-12-03 15:17:00,111969990.271963,9064491.6632711,0.766666666666665,9,-2.44233333333335,-51.16,-0.0509808199693501,-2.35,25638.917
2025-12-03 15:18:00,112236877.108166,8859691.58049398,-3.5514652014652,9,107.004434065934,115.21,0.0282069843135797,1.35,25635.15
2025-12-03 15:19:00,116635246.838337,8342662.15625282,-9.41983723823347,-21,32.8924065934066,-101.19,0.040936172967973,-4.39,25630.921
2025-12-03 15:20:00,110569928.450683,8820252.95486994,1.94,-4,37.5882,22.87,0.0453434460831498,1.03,25634.176
2025-12-03 15:21:00,125639735.339085,7682073.95346013,-13.4333333333333,-3,-90,-90,0.181932129501222,-3.45,25629.031
2025-12-03 15:22:00,111787597.192295,7724060.38456973,-30.0426909254268,-4,-176.603773584906,-46.4,-0.027876275114593,-1.84,25631.18
2025-12-03 15:23:00,108464278.29575,7783990.98871937,1.275,-4,3.70325000000001,-9.54,-0.0342651197875972,-0.55,25629.376
2025-12-03 15:24:00,116245783.01857,8292546.8037593,-2.51214285714286,2,3.91964285714284,9.3,0.0736137263232997,0.62,25632.573
2025-12-03 15:25:00,110480643.141661,8337860.20799033,-1.5,1,0,0,0,0,25633.484
2025-12-03 15:26:00,109523433.136052,8033946.8028644,22.1769991015274,17,105.703504043127,102.8,0.06054396388484,4.08,25630.433
2025-12-03 15:27:00,108333046.407984,7899468.45416665,-93.9568452380952,-62,-499.323889880952,-308.83,-0.0643183313999618,-13.28,25629.236
2025-12-03 15:28:00,110452991.265458,8889380.10539702,4.71587301587302,19,73.5202380952381,-12.3,0.088931980465228,1.32,25634.274
2025-12-03 15:29:00,122553752.679698,8657058.28042506,0.44772226809799,-3,18.0811904761904,-39.7,0.0594394310529005,0.14,25637.346
2025-12-03 15:30:00,114331336.880873,8447465.86094493,-1.47777777777778,4,25.9,25.2,0.0388298075234212,1.16,25632.445
2025-12-03 15:31:00,111872574.747278,8372603.14157424,0.0832896754408395,4,24.4270436046512,5.89,0.00967511442453704,0.28,25631.812
2025-12-03 15:33:00,119640848.748191,7841436.43546533,-7.31509625126647,-6,-13.1212968591692,-20,-0.0356595111171242,-1.04,25628.972
2025-12-03 15:34:00,125494404.608723,8058148.62846483,-18.0357142857143,-16,-23.4,0,0,0,25628.833
2025-12-03 15:35:00,118980094.203905,7278079.88775682,-6.02942125282872,34,-3.63661211420859,113.39,-0.0594224077202161,4.22,25623.254
2025-12-03 15:36:00,124079683.719283,7557166.22160525,18.8604356636272,51,-4.12927507598783,75,-0.027511156641439,2.37,25626.23
2025-12-03 15:37:00,109903999.419316,8311811.49505026,0.525000000000001,2,14.7956666666667,16.51,0.0538146525864339,0.96,25628.32
2025-12-03 15:38:00,114875910.864792,7376118.88124241,-4.46666666666667,-2,-16.8,42,-0.0547892868986014,1.82,25623.537
2025-12-03 15:39:00,125815018.065986,7355576.49177399,3.7998667998668,5,-33.0101398601398,-12,0.0256593331906482,0.0700000000000001,25623.636
2025-12-03 15:40:00,129275064.805062,8108835.93728621,-6.70353372118078,6,-32.0852456367162,79.8,0.00165150716832682,2.01,25626.258
2025-12-03 15:41:00,117357130.397976,8185920.07363712,-2.59333333333333,-10,-9.548,-13.02,0.0226147323915968,-0.63,25628.647
2025-12-03 15:42:00,112053110.080817,8504558.76368465,-39.8157790927022,-8,-17.0955,54,0.144771212994632,3.3,25627.83
2025-12-03 15:43:00,121197025.011308,8056810.72122479,-6.41,9,1.65,8,-0.0160150847677346,0.44,25626.411
2025-12-03 15:44:00,117465686.145189,8385787.30513279,-19.8,20,-21.345,-21.9,0.0100608781533353,-1.22,25629.62
2025-12-03 15:45:00,108869849.355579,9219057.55851064,-19.4477777777778,-19,-18.0187777777778,-56.11,-0.0706791164980911,-2.98,25632.986
2025-12-03 15:46:00,111338033.424127,9423591.85006935,17.0970649895178,31,68.1515849056604,105.12,-0.103620483359542,4.43,25630.942
2025-12-03 15:47:00,105993604.568079,9352770.16626124,15.9507654538587,13,56.4634872340425,2.32000000000001,0.0479199701410275,2.28,25632.728
2025-12-03 15:48:00,110689341.514921,9340646.77120562,0.859467455621296,-18,-10.998,-47.5,-0.00438571110439441,-3.22,25628.569
2025-12-03 15:49:00,118274973.694032,9233559.95396701,5.90941798941798,36,64.0295164021164,151.64,-0.0561185035837113,8.03,25626.177
2025-12-03 15:50:00,117882155.99779,8496677.31840408,-6.41805031446542,-30,-117.057672955975,-171.1,-0.260181747833713,-4.78,25620.048
2025-12-03 15:51:00,126302650.713218,8118025.85138005,-0.93137254901961,-23,-1.48241176470588,-12.49,-0.319256299034671,-0.02,25617.605
2025-12-03 15:52:00,126497202.987851,7382495.23080505,40.6172263522174,38,61.0039007092198,-73.4,0.170525966083438,-0.719999999999999,25616.035
2025-12-03 15:53:00,105033524.973418,9003819.09111307,0.031023222060957,0,-34.7683247460087,-59.85,0.0373195920158924,-2.25,25628.181
2025-12-03 15:54:00,127204535.585954,7519253.35525281,5.32912679425837,-7,21.5730113636363,-58.65,-0.246399446919397,-2.59,25620.125
2025-12-03 15:55:00,151426437.439128,6573754.41247743,-26.8412121212121,-26,-261.852715151515,-250.33,0.297614170970187,-12.04,25607.828
2025-12-03 15:56:00,149001537.281927,7786794.85271013,-3.73079365079365,-15,-17.7550984126984,-66.6,-0.125167794888458,-4.26,25609.589
2025-12-03 15:57:00,176679800.758564,7216494.38781593,16.3730867346939,32,183.444200255102,237.63,0.0716302042331325,14.28,25603.744
2025-12-03 15:58:00,180278784.217106,7475680.53670004,-13.289124668435,-3,-19.6342546419098,-0.6,0.00214236180597543,-0.04,25603.785
2025-12-03 15:59:00,107253337.302673,-763579.111826087,-16.2173228346457,-16,-22.303874015748,-41.12,0.39840266585477,-3.88,25612.881
2025-12-03 16:00:00,201342631.067202,7613682.55421594,-38,-25,-58.5,-39,0.89168299986964,-3.9,25606.545
2025-12-03 16:01:00,204451970.771649,8293261.22025292,0,0,0,0,0,0,25606.545
2025-12-03 16:02:00,207553655.13201,9114185.83726124,0,0,0,0,0,0,25606.545
2025-12-03 16:03:00,211012558.844029,10028110.8824785,0,0,0,0,0,0,25606.545
2025-12-03 16:05:00,214228662.199308,11191979.9612239,0,0,0,0,0,0,25606.545
2025-12-03 16:06:00,218384615.266121,12447891.1915738,0,0,0,0,0,0,25606.545
2025-12-03 16:07:00,221686854.809164,13872904.4400186,0,0,0,0,0,0,25606.545
2025-12-03 16:08:00,225358726.869426,15526553.9939035,0,0,0,0,0,0,25606.545
2025-12-03 16:09:00,226423307.624272,17303520.829264,0,0,0,0,0,0,25606.545
2025-12-03 16:10:00,230073451.78034,19119436.2819061,0,0,0,0,0,0,25606.545
2025-12-03 16:11:00,227980556.534606,20489182.1864302,0,0,0,0,0,0,25606.545
2025-12-03 16:12:00,216621060.457571,20342276.1477365,0,0,0,0,0,0,25606.545
2025-12-03 16:13:00,181027050.090765,16136562.9066997,0,0,0,0,0,0,25606.545
2025-12-03 16:14:00,95599229.9336919,3979774.87355449,0,0,0,0,0,0,25606.545
2025-12-03 16:15:00,,,0,0,0,0,,0,25606.545
2025-12-03 16:16:00,,,0,0,0,0,,0,25606.545
2025-12-03 16:17:00,,,0,0,0,0,,0,25606.545
2025-12-03 16:18:00,,,0,0,0,0,,0,25606.545
2025-12-03 16:19:00,,,0,0,0,0,,0,25606.545
2025-12-03 16:20:00,,,0,0,0,0,,0,25606.545
2025-12-03 16:21:00,,,0,0,0,0,,0,25606.545
2025-12-03 16:22:00,,,0,0,0,0,,0,25606.545
2025-12-03 16:23:00,,,0,0,0,0,,0,25606.545
2025-12-03 16:24:00,,,0,0,0,0,,0,25606.545
2025-12-03 16:25:00,,,0,0,0,0,,0,25606.545
2025-12-03 16:26:00,,,0,0,0,0,,0,25606.545
2025-12-03 16:27:00,,,0,0,0,0,,0,25606.545
2025-12-03 16:28:00,,,0,0,0,0,,0,25606.545
2025-12-03 16:29:00,,,0,0,0,0,,0,25606.545
2025-12-03 16:30:00,,,0,0,0,0,,0,25606.545
2025-12-03 16:31:00,,,0,0,0,0,,0,25606.545
2025-12-03 16:32:00,,,0,0,0,0,,0,25606.545
2025-12-03 16:33:00,,,0,0,0,0,,0,25606.545
2025-12-03 16:34:00,,,0,0,0,0,,0,25606.545
2025-12-03 16:35:00,,,0,0,0,0,,0,25606.545
2025-12-03 16:36:00,,,0,0,0,0,,0,25606.545
2025-12-03 16:37:00,,,0,0,0,0,,0,25606.545
2025-12-03 16:38:00,,,0,0,0,0,,0,25606.545
2025-12-03 16:39:00,,,0,0,0,0,,0,25606.545
2025-12-03 16:40:00,,,0,0,0,0,,0,25606.545
2025-12-03 16:41:00,,,0,0,0,0,,0,25606.545
2025-12-03 16:42:00,,,0,0,0,0,,0,25606.545
2025-12-03 16:43:00,,,0,0,0,0,,0,25606.545
2025-12-03 16:44:00,,,0,0,0,0,,0,25606.545
2025-12-03 16:45:00,,,0,0,0,0,,0,25606.545
2025-12-03 16:46:00,,,0,0,0,0,,0,25606.545
2025-12-03 16:47:00,,,0,0,0,0,,0,25606.545
2025-12-03 16:48:00,,,0,0,0,0,,0,25606.545
2025-12-03 16:49:00,,,0,0,0,0,,0,25606.545
2025-12-03 16:50:00,,,0,0,0,0,,0,25606.545
2025-12-03 16:51:00,,,0,0,0,0,,0,25606.545
2025-12-03 16:52:00,,,0,0,0,0,,0,25606.545
2025-12-03 16:53:00,,,0,0,0,0,,0,25606.545
2025-12-03 16:54:00,,,0,0,0,0,,0,25606.545
2025-12-03 16:55:00,,,0,0,0,0,,0,25606.545
2025-12-03 16:56:00,,,0,0,0,0,,0,25606.545
2025-12-03 16:57:00,,,0,0,0,0,,0,25606.545
2025-12-03 16:58:00,,,0,0,0,0,,0,25606.545
2025-12-03 16:59:00,,,0,0,0,0,,0,25606.545
2025-12-03 17:00:00,,,0,0,0,0,,0,25606.545
2025-12-03 17:01:00,,,0,0,0,0,,0,25606.545
2025-12-03 17:02:00,,,0,0,0,0,,0,25606.545
2025-12-03 17:03:00,,,0,0,0,0,,0,25606.545
2025-12-03 17:04:00,,,0,0,0,0,,0,25606.545
2025-12-03 17:05:00,,,0,0,0,0,,0,25606.545
2025-12-03 17:06:00,,,0,0,0,0,,0,25606.545
2025-12-03 17:07:00,,,0,0,0,0,,0,25606.545
2025-12-03 17:08:00,,,0,0,0,0,,0,25606.545
2025-12-03 17:09:00,,,0,0,0,0,,0,25606.545
2025-12-03 17:10:00,,,0,0,0,0,,0,25606.545
2025-12-03 17:11:00,,,0,0,0,0,,0,25606.545
2025-12-03 17:12:00,,,0,0,0,0,,0,25606.545
2025-12-03 17:13:00,,,0,0,0,0,,0,25606.545
2025-12-03 17:14:00,,,0,0,0,0,,0,25606.545
2025-12-03 17:15:00,,,0,0,0,0,,0,25606.545
2025-12-03 17:16:00,,,0,0,0,0,,0,25606.545
2025-12-03 17:17:00,,,0,0,0,0,,0,25606.545
2025-12-03 17:18:00,,,0,0,0,0,,0,25606.545
2025-12-03 17:19:00,,,0,0,0,0,,0,25606.545
2025-12-03 17:20:00,,,0,0,0,0,,0,25606.545
2025-12-03 17:21:00,,,0,0,0,0,,0,25606.545
2025-12-03 17:22:00,,,0,0,0,0,,0,25606.545
2025-12-03 17:23:00,,,0,0,0,0,,0,25606.545
2025-12-03 17:24:00,,,0,0,0,0,,0,25606.545
2025-12-03 17:25:00,,,0,0,0,0,,0,25606.545
2025-12-03 17:26:00,,,0,0,0,0,,0,25606.545
2025-12-03 17:27:00,,,0,0,0,0,,0,25606.545
2025-12-03 17:28:00,,,0,0,0,0,,0,25606.545
2025-12-03 17:29:00,,,0,0,0,0,,0,25606.545
2025-12-03 17:30:00,,,0,0,0,0,,0,25606.545
2025-12-03 17:31:00,,,0,0,0,0,,0,25606.545
2025-12-03 17:32:00,,,0,0,0,0,,0,25606.545
2025-12-03 17:33:00,,,0,0,0,0,,0,25606.545
2025-12-03 17:34:00,,,0,0,0,0,,0,25606.545
2025-12-03 17:35:00,,,0,0,0,0,,0,25606.545
2025-12-03 17:36:00,,,0,0,0,0,,0,25606.545
2025-12-03 17:37:00,,,0,0,0,0,,0,25606.545
2025-12-03 17:38:00,,,0,0,0,0,,0,25606.545
2025-12-03 17:39:00,,,0,0,0,0,,0,25606.545
2025-12-03 17:40:00,,,0,0,0,0,,0,25606.545
2025-12-03 17:41:00,,,0,0,0,0,,0,25606.545
2025-12-03 17:42:00,,,0,0,0,0,,0,25606.545
2025-12-03 17:43:00,,,0,0,0,0,,0,25606.545
2025-12-03 17:44:00,,,0,0,0,0,,0,25606.545
2025-12-03 17:45:00,,,0,0,0,0,,0,25606.545
2025-12-03 17:46:00,,,0,0,0,0,,0,25606.545
2025-12-03 17:47:00,,,0,0,0,0,,0,25606.545
2025-12-03 17:48:00,,,0,0,0,0,,0,25606.545
2025-12-03 17:49:00,,,0,0,0,0,,0,25606.545
2025-12-03 17:50:00,,,0,0,0,0,,0,25606.545
2025-12-03 17:51:00,,,0,0,0,0,,0,25606.545
2025-12-03 17:52:00,,,0,0,0,0,,0,25606.545
2025-12-03 17:53:00,,,0,0,0,0,,0,25606.545
2025-12-03 17:54:00,,,0,0,0,0,,0,25606.545
2025-12-03 17:55:00,,,0,0,0,0,,0,25606.545
2025-12-03 17:56:00,,,0,0,0,0,,0,25606.545
2025-12-03 17:57:00,,,0,0,0,0,,0,25606.545
2025-12-03 17:58:00,,,0,0,0,0,,0,25606.545
2025-12-03 17:59:00,,,0,0,0,0,,0,25606.545
2025-12-03 18:00:00,,,0,0,0,0,,0,25606.545
