2026-02-18 05:59:00,,6900,6915,,,6900,6875,,,,,6925,6800,,,,,,,6843.22
2026-02-18 06:00:00,,6900,6915,,,6900,6880,,,,,6925,6800,,,,,,,6843.22
2026-02-18 06:01:00,,6900,6915,,,6900,6880,,,,,6925,6800,,,,,,,6843.22
2026-02-18 06:02:00,,6900,6915,,,6900,6875,,,,,6925,6800,,6880,,6880,,6850,6843.22
2026-02-18 06:03:00,,6900,6915,,,6900,6875,,,,,6925,6800,,6880,,6880,,6850,6843.22
2026-02-18 06:04:00,,6900,6915,,,6900,6875,,,,,6925,6800,,6880,,6880,,6860,6843.22
2026-02-18 06:05:00,,6900,6915,,,6900,6875,,,,,6925,6800,,6950,,6950,,6860,6843.22
2026-02-18 06:06:00,,6900,6915,,,6900,6875,,,,,6925,6800,,6950,,6950,,6850,6843.22
2026-02-18 06:07:00,,6900,6915,,,6900,6875,,,,,6925,6800,,6950,,6950,,6850,6843.22
2026-02-18 06:08:00,,6900,6915,,,6900,6875,,,,,6925,6800,,6945,,6945,,6780,6843.22
2026-02-18 06:09:00,,6900,6915,,,6900,6875,,,,,6925,6800,,6925,,6925,,6780,6843.22
2026-02-18 06:10:00,,6900,6915,,,6900,6875,,,,,6925,6800,,6810,,6925,,6810,6843.22
2026-02-18 06:11:00,,6800,6915,,,6900,6875,,,,,6925,6800,,6850,,6900,,6850,6843.22
2026-02-18 06:12:00,,6900,6915,,,6900,6875,,,,,6925,6800,,6850,,6900,,6850,6843.22
2026-02-18 06:13:00,,6900,6915,,,6900,6875,,,,,6925,6800,,6850,,6950,,6850,6843.22
2026-02-18 06:14:00,,6900,6915,,,6900,6880,,,,,6925,6800,,6850,,6950,,6850,6843.22
2026-02-18 06:15:00,,6900,6915,,,6900,6880,,,,,6925,6800,,6850,,6950,,6850,6843.22
2026-02-18 06:16:00,,6900,6915,,,6900,6880,,,,,6925,6800,,6850,,6950,,6850,6843.22
2026-02-18 06:17:00,,6900,6915,,,6900,6880,,,,,6925,6800,6960,6790,,6950,,6790,6843.22
2026-02-18 06:18:00,,6900,6915,,,6900,6880,,,,,6925,6800,6960,6790,,6950,,6790,6843.22
2026-02-18 06:19:00,,6900,6915,,,6900,6880,,,,,6925,6800,6960,6790,,6950,,6790,6843.22
2026-02-18 06:20:00,,6900,6915,,,6900,6880,,,,,6925,6800,6960,6790,,6950,,6790,6843.22
2026-02-18 06:21:00,,6900,6915,,,6900,6880,,,,,6925,6800,6960,6790,,6950,,6790,6843.22
2026-02-18 06:22:00,,6900,6915,,,6900,6880,,,,,6925,6800,6960,6790,,6950,,6790,6843.22
2026-02-18 06:23:00,,6900,6915,,,6900,6880,,,,,6925,6800,6960,6850,,6950,,6790,6843.22
2026-02-18 06:24:00,,6900,6915,,,6900,6880,,,,,6925,6800,6960,6850,,6950,,6850,6843.22
2026-02-18 06:25:00,,6900,6915,,,6900,6880,,,,,6925,6800,6960,6850,,6950,,6850,6843.22
2026-02-18 06:26:00,,6900,6915,,,6900,6880,,,,,6925,6800,6960,6850,,6950,,6850,6843.22
2026-02-18 06:28:00,,6900,6915,,,6900,6880,,,,,6925,6800,6960,6850,,6950,,6850,6843.22
2026-02-18 06:29:00,,6900,6915,,,6900,6880,,,,,6925,6800,6960,6790,,6950,,6790,6843.22
2026-02-18 06:30:00,,6800,6915,,,6900,6880,,,,,6925,6800,6735,6800,,6950,,6800,6843.22
2026-02-18 06:31:00,,6800,6915,,,6900,6880,,,,,6925,6800,6735,6800,,6950,,6800,6843.22
2026-02-18 06:33:00,,6800,6915,,,6900,6880,,,,,6925,6800,6745,6800,,6930,,6800,6843.22
2026-02-18 06:34:00,,6800,6915,,,6900,6880,,,,,6925,6800,6745,6800,,6900,,6800,6843.22
2026-02-18 06:36:00,,6800,6915,,,6900,6880,,,,,6925,6800,6745,6800,,6900,,6800,6843.22
2026-02-18 06:37:00,,6800,6915,,,6900,6875,,,,,6925,6800,6745,6800,,6900,,6800,6843.22
2026-02-18 06:39:00,,6800,6915,,,6900,6875,,,,,6925,6800,6745,6800,,6900,,6800,6843.22
2026-02-18 06:40:00,,6800,6915,,,6900,6875,,,,,6925,6800,6760,6800,,6900,,6800,6843.22
2026-02-18 06:42:00,,6800,6915,,,6900,6875,,,,,6925,6800,6760,6800,,6900,,6800,6843.22
2026-02-18 06:44:00,,6800,6915,,,6900,6875,,,,,6925,6800,6760,6800,,6930,,6800,6843.22
2026-02-18 06:47:00,,6800,6915,,,6900,6875,,,,,6925,6800,6760,6950,,6950,,6800,6843.22
2026-02-18 06:50:00,,6800,6915,,,6900,6875,,,,,6925,6800,6760,6950,,6950,,6800,6843.22
2026-02-18 06:51:00,,6800,6915,,,6900,6875,,,,,6925,6800,6760,6950,,6950,,6800,6843.22
2026-02-18 06:53:00,,6800,6915,,,6900,6875,,,,,6925,6800,6760,6950,,6950,,6800,6843.22
2026-02-18 06:54:00,,6800,6915,,,6900,6875,,,,,6925,6800,6760,6950,,6950,,6800,6843.22
2026-02-18 06:56:00,,6800,6915,,,6900,6875,,,,,6925,6800,6745,6950,,6950,,6800,6843.22
2026-02-18 06:58:00,,6800,6915,,,6900,6875,,,,,6925,6800,6745,6950,,6950,,6800,6843.22
2026-02-18 07:01:00,,6800,6915,,,6900,6875,,,,,6925,6800,6745,6800,,6950,,6800,6843.22
2026-02-18 07:05:00,,6800,6915,,,6900,6875,,,,,6925,6800,6745,6800,,6950,,6800,6843.22
2026-02-18 07:09:00,,6800,6915,,,6900,6875,,,,,6925,6800,6745,6800,,6950,,6800,6843.22
2026-02-18 07:11:00,,6800,6915,,,6900,6875,,,,,6925,6800,6745,6800,,6950,,6800,6843.22
2026-02-18 07:17:00,,6800,6915,,,6900,6875,,,,,6925,6800,6745,6800,,6950,,6800,6843.22
2026-02-18 07:19:00,,6800,6915,,,6900,6875,,,,,6925,6800,6760,6800,,6930,,6800,6843.22
2026-02-18 07:22:00,,6800,6915,,,6900,6875,,,,,6925,6800,6760,6800,,6930,,6800,6843.22
2026-02-18 07:28:00,,6800,6915,,,6900,6875,,,,,6925,6800,6760,6800,,6930,,6800,6843.22
2026-02-18 07:30:00,,6800,6915,,,6900,6875,,,,,6925,6800,6745,6800,,6930,,6800,6843.22
2026-02-18 07:35:00,,6800,6915,,,6900,6875,,,,,6925,6800,6745,6800,,6930,,6800,6843.22
2026-02-18 07:40:00,,6800,6915,,,6900,6875,,,,,6925,6800,6745,6800,,6930,,6800,6843.22
2026-02-18 07:45:00,,6800,6915,,,6900,6875,,,,,6925,6800,6745,6800,,6930,,6800,6843.22
2026-02-18 07:52:00,,6800,6915,,,6900,6875,,,,,6925,6800,6745,6800,,6930,,6800,6843.22
2026-02-18 07:55:00,,6800,6915,,,6900,6875,,,,,6925,6800,6745,6800,,6930,,6800,6843.22
2026-02-18 08:01:00,,6800,6915,,,6900,6875,,,,,6925,6800,6745,6800,,6930,,6800,6843.22
2026-02-18 08:07:00,,6800,6915,,,6900,6875,,,,,6925,6800,6745,6800,,6930,,6800,6843.22
2026-02-18 08:13:00,,6800,6915,,,6900,6875,,,,,6925,6800,6745,6800,,6930,,6800,6843.22
2026-02-18 08:17:00,,6800,6915,,,6900,6875,,,,,6925,6800,6745,6800,,6930,,6800,6843.22
2026-02-18 08:23:00,,6800,6915,,,6900,6875,,,,,6925,6800,6745,6800,,6930,,6800,6843.22
2026-02-18 08:30:00,,6800,6915,,,6900,6875,,,,,6925,6800,6745,6800,,6930,,6800,6843.22
2026-02-18 08:37:00,,6800,,6800,,6900,6875,,,,,6925,6800,6745,6800,,6930,,6800,6843.22
2026-02-18 09:15:00,,6800,,6800,,6900,6875,,,,,6925,6800,6955,6800,,6900,,6800,6843.22
2026-02-18 09:16:00,,6800,,6800,,6900,6875,,,,,6925,6800,6955,6800,,6900,,6800,6843.22
2026-02-18 09:17:00,,6800,,6800,,6950,6875,,,,,6925,6800,6955,6800,,6900,,6800,6843.22
2026-02-18 09:18:00,,6800,,6800,,6900,6875,,,,,6925,6800,6955,6800,,6900,,6800,6843.22
2026-02-18 09:19:00,,6800,,6800,,6900,6875,,,,,6925,6800,6955,6800,,6900,,6800,6843.22
2026-02-18 09:20:00,,6800,,6800,,6900,6875,,,,,6925,6800,6955,6800,,6900,,6800,6843.22
2026-02-18 09:21:00,,6800,,6800,,6900,6875,,,,,6925,6800,6955,6800,,6900,,6800,6843.22
2026-02-18 09:22:00,,6800,,6800,,6950,6875,,,,,6925,6800,6955,6800,,6900,,6800,6843.22
2026-02-18 09:23:00,,6800,,6800,,6900,6875,,,,,6925,6800,6955,6800,,6900,,6800,6843.22
2026-02-18 09:24:00,,6800,,6800,,6900,6875,,,,,6925,6800,6955,6800,,6900,,6800,6843.22
2026-02-18 09:25:00,,6850,,6800,,6900,6875,,,,,6925,6800,6955,6800,,6900,,6800,6843.22
2026-02-18 09:26:00,,6850,,6800,,6900,6875,,,,,6925,6800,6955,6800,,6900,,6800,6843.22
2026-02-18 09:27:00,,6850,,6800,,6900,6875,,,,,6925,6800,6955,6800,,6900,,6800,6843.22
2026-02-18 09:28:00,,6850,,6800,,6900,6875,,,,,6925,6800,6955,6800,,6900,,6800,6843.22
2026-02-18 09:29:00,,6850,,6800,,6900,6875,,,,,6925,6800,6955,6800,,6900,,6800,6843.22
2026-02-18 09:30:00,6950,,6915,,,6950,6855,,,,,6925,6800,6945,6800,6840,6900,6910,6800,6850.88
2026-02-18 09:31:00,6950,,6915,,6800,,6850,,,,,6925,6800,6755,6800,6945,6900,6755,6800,6858.2
2026-02-18 09:32:00,6950,,6915,,,6950,6850,,,,,6925,6800,6755,6800,6950,6930,6755,6800,6856.92
2026-02-18 09:33:00,6950,,6925,,,6950,6855,,,,,6925,6800,6755,6800,6950,6925,6755,6800,6858.86
2026-02-18 09:35:00,6950,,6915,,,6950,6855,,,,,6925,6800,6950,6930,6950,6930,6750,6800,6858.21
2026-02-18 09:36:00,6950,,6915,,6800,,6855,,,,,6925,6800,6950,6925,6950,6925,6755,6800,6859.81
2026-02-18 09:37:00,6950,,6915,,,6950,6855,,,,,6925,6800,6860,6930,6860,6930,6755,6800,6855.21
2026-02-18 09:38:00,,6800,6900,,,6950,6855,,,,,6925,6750,6755,6930,6950,6930,6755,6800,6852
2026-02-18 09:39:00,6950,,6915,,6800,,6855,,,,,6925,6800,6950,6930,6950,6930,6755,6800,6862.55
2026-02-18 09:40:00,6950,,6900,,6800,,6855,,,,,6925,6800,6950,6905,6950,6905,6755,6765,6861.39
2026-02-18 09:41:00,6950,,6900,,6800,,6855,,,,,6925,6800,6950,6905,6950,6905,6755,6765,6860.73
2026-02-18 09:42:00,6950,,6900,,6800,,6855,,,,,6925,6800,6920,6930,6920,6930,6950,6765,6865.17
2026-02-18 09:43:00,6950,,6900,,6800,,6855,,,,,6925,6800,6860,6930,6920,6930,6860,6765,6868.25
2026-02-18 09:44:00,6950,,6900,,6800,,6855,,,,,6925,6800,6860,6930,6920,6930,6860,6765,6871.44
2026-02-18 09:45:00,6950,,6900,,6800,,6855,,,,,6925,6800,6920,6930,6920,6930,6860,6765,6868.06
2026-02-18 09:46:00,6950,,6900,,6800,,6855,,,,,6925,6800,6950,6930,6925,6930,6860,6765,6870.34
2026-02-18 09:47:00,6950,,6900,,6800,,6855,6870,,,,6925,6800,6925,6930,6925,6930,6755,6765,6864.14
2026-02-18 09:48:00,6950,,6900,,6800,,6855,,,,,6925,6800,6865,6930,6865,6930,6865,6765,6864.29
2026-02-18 09:49:00,6950,,6900,,6800,,6855,,,,,6925,6800,6865,6930,6885,6930,6865,6765,6859.54
2026-02-18 09:50:00,6950,,6900,,,6950,6855,,,,,6925,6800,6885,6930,6885,6930,6865,6765,6856.45
2026-02-18 09:51:00,6950,,6900,,,6950,6855,,,,,6925,6800,6885,6930,6885,6930,6865,6765,6857.11
2026-02-18 09:52:00,6950,,6900,,6800,,6855,,,,,6925,6800,6885,6930,6885,6930,6865,6765,6859.08
2026-02-18 09:53:00,6950,,6900,,6800,,6855,6860,,,,6925,6800,6885,6930,6885,6930,6865,6775,6862.29
2026-02-18 09:54:00,6950,,6900,,6800,,6855,,,,,6925,6800,6885,6930,6885,6930,6795,6775,6867.35
2026-02-18 09:55:00,6950,,6900,,6800,,6855,,,,,6925,6800,6885,6930,6885,6930,6865,6775,6871.37
2026-02-18 09:56:00,6950,,6900,,6800,,6855,,,,,6925,6800,6885,6930,6885,6930,6865,6775,6875.24
2026-02-18 09:57:00,6950,,6900,,6800,,6855,6875,,,,6900,6800,6885,6930,6885,6930,6865,6775,6874.96
2026-02-18 09:58:00,6950,,6900,,6800,,6855,,6880,,,6900,6800,6885,6930,6885,6930,6865,6775,6879.34
2026-02-18 09:59:00,6950,,6900,,6800,,6855,,,,,6900,6800,6885,6930,6885,6930,6865,6775,6880.94
2026-02-18 10:00:00,6950,,6900,,6800,,6855,,,,,6900,6800,6885,6930,6885,6930,6755,6775,6881.61
2026-02-18 10:01:00,6950,,6900,,6800,,6855,,6880,,6880,6900,6800,6885,6930,6885,6930,6755,6775,6884.12
2026-02-18 10:02:00,6950,,6900,,6800,,6855,,,,,6900,6800,6885,6930,6885,6930,6755,6855,6887.87
2026-02-18 10:03:00,6950,,6900,,6800,,6855,,,,,6900,6800,6885,6930,6885,6930,6755,6855,6886.62
2026-02-18 10:04:00,6950,,6900,,6800,,6855,,,,,6900,6800,6885,6930,6885,6930,6755,6855,6890.52
2026-02-18 10:05:00,6950,,6900,,6800,,6860,,6900,,,6900,6800,6920,6930,6920,6930,6755,6775,6895.41
2026-02-18 10:06:00,6950,,6900,,6800,,6855,,,,,6900,6800,6920,6925,6920,6925,6870,6775,6899.03
2026-02-18 10:07:00,6950,,6900,,6800,,6860,,6900,,,6900,6800,6920,6930,6920,6930,6870,6775,6896.03
2026-02-18 10:08:00,6950,,6900,,6800,,6860,,,6895,,6900,6800,6920,6925,6920,6925,6870,6775,6893.66
2026-02-18 10:09:00,6950,,6900,,6800,,6860,,,,,6900,6800,6920,6900,6920,6900,6870,6775,6891.86
2026-02-18 10:10:00,6950,,6900,,6800,,6860,,,,,6925,6800,6920,6925,6920,6925,6870,6775,6892.62
2026-02-18 10:11:00,6950,,6900,,6800,,6860,,,,,6925,6800,6920,6925,6920,6925,6870,6775,6891.37
2026-02-18 10:12:00,6950,,6900,,6800,,6860,,,,,6925,6800,6920,6925,6920,6925,6870,6775,6891.94
2026-02-18 10:13:00,6950,,6900,,6800,,6860,6900,,,,6925,6800,6920,6925,6920,6925,6885,6775,6893.94
2026-02-18 10:14:00,6950,,6900,,6800,,6860,,6900,,,6925,6800,6920,6925,6920,6925,6880,6775,6896.66
2026-02-18 10:15:00,6950,,6900,,6800,,6860,,6900,,,6925,6800,6920,6925,6920,6925,6885,6775,6898.5
2026-02-18 10:16:00,6950,,6900,,6800,,6860,,6900,,,6925,6800,6920,6925,6920,6925,6880,6775,6900.95
2026-02-18 10:17:00,6950,,6925,,6800,,6860,,,,,6925,6800,6920,6925,6920,6925,6885,6775,6901.95
2026-02-18 10:18:00,6950,,6900,,6800,,6860,,6905,6900,,6925,6800,6920,6925,6920,6900,6885,6775,6900.82
2026-02-18 10:19:00,6950,,6900,,6800,,6860,,,,6900,6925,6800,6920,6925,6920,6900,6885,6775,6896.16
2026-02-18 10:20:00,6950,,6900,,6800,,6860,,,,,6925,6800,6920,6925,6920,6900,6885,6775,6898.91
2026-02-18 10:21:00,6950,,6920,,6800,,6860,,,,,6925,6800,6920,6925,6920,6925,6885,6775,6899.45
2026-02-18 10:22:00,6950,,6900,,6800,,6860,,,,,6925,6800,6920,6925,6920,6925,6885,6775,6899.31
2026-02-18 10:23:00,6950,,6900,,6800,,6860,,6900,,,6925,6800,6920,6925,6920,6900,6885,6775,6899.87
2026-02-18 10:24:00,6950,,6900,,6800,,6860,,6905,,,6925,6800,6920,6925,6920,6925,6885,6775,6895.72
2026-02-18 10:25:00,6950,,6900,,6800,,6860,,,6895,,6925,6800,6885,6925,6915,6925,6885,6775,6895.68
2026-02-18 10:26:00,6950,,6920,,6800,,6860,,,,,6925,6800,6885,6925,6915,6925,6885,6775,6897.33
2026-02-18 10:27:00,6950,,6900,,6800,,6860,,,,,6925,6800,6885,6925,6915,6925,6885,6775,6898.29
2026-02-18 10:29:00,6950,,6920,,6800,,6865,,,,,6925,6800,6885,6925,6915,6900,6885,6775,6896.89
2026-02-18 10:30:00,6950,,6900,,6800,,6860,,,,,6925,6800,6885,6925,6915,6900,6885,6855,6897.21
2026-02-18 10:31:00,6950,,6900,,6800,,6865,,,,,6925,6800,6885,6925,6915,6900,6885,6855,6894.31
2026-02-18 10:32:00,6950,,6900,,6800,,6865,,,,,6925,6800,6885,6925,6915,6900,6885,6855,6894.29
2026-02-18 10:33:00,6950,,6900,,6800,,6865,,,,,6925,6800,6915,6900,6915,6900,6885,6775,6894.4
2026-02-18 10:34:00,6950,,6900,,6800,,6860,,,,,6925,6800,6915,6900,6915,6900,6885,6775,6893.68
2026-02-18 10:35:00,6950,,6900,,6800,,6865,6900,,,,6925,6800,6885,6925,6915,6900,6885,6775,6892.49
2026-02-18 10:36:00,6950,,6900,,6800,,6865,6900,,,,6925,6800,6915,6925,6915,6900,6880,6775,6895.2
2026-02-18 10:37:00,6950,,6900,,6800,,6870,,,,,6925,6800,6915,6925,6915,6900,6880,6775,6895.21
2026-02-18 10:38:00,6950,,6900,,6800,,6870,,6900,,,6925,6800,6915,6925,6915,6900,6880,6775,6897.53
2026-02-18 10:39:00,6950,,6900,,6800,,6875,,,,,6925,6800,6915,6900,6915,6900,6790,6775,6896.58
2026-02-18 10:40:00,6950,,6920,,6800,,6875,,6900,,,6925,6800,6915,6900,6915,6900,6880,6775,6899.1
2026-02-18 10:48:00,6950,,6920,,6800,,6875,6900,6905,,6900,6925,6800,6915,6925,6915,6925,6790,6850,6903.86
2026-02-18 10:49:00,6950,,6920,,6800,,6875,,6905,,,6925,6800,6915,6925,6915,6925,6790,6850,6903.23
2026-02-18 10:50:00,6950,,6920,,6800,,6875,,,,,6925,6800,6915,6925,6915,6925,6790,6855,6902.28
2026-02-18 10:51:00,6950,,6920,,6800,,6875,,,,,6925,6800,6915,6925,6915,6925,6790,6850,6900.28
2026-02-18 10:52:00,6950,,6920,,6800,,6875,,,,,6925,6800,6915,6925,6915,6925,6790,6850,6899.79
2026-02-18 10:53:00,6950,,6920,,6800,,6875,,,,,6925,6800,6915,6925,6915,6925,6790,6850,6903.29
2026-02-18 10:54:00,6950,,6920,,6800,,6875,,,,,6925,6800,6915,6925,6915,6925,6790,6850,6902.27
2026-02-18 10:55:00,6950,,6920,,6800,,6875,,,,6900,6925,6800,6915,6925,6915,6925,6790,6850,6905.17
2026-02-18 10:57:00,6950,,6920,,6800,,6875,,6905,,,6925,6800,6915,6925,6915,6925,6790,6850,6905.16
2026-02-18 10:58:00,6950,,6920,,6800,,6875,,,,,6925,6800,6915,6925,6915,6925,6790,6850,6904.9
2026-02-18 10:59:00,6950,,6920,,6800,,6875,,,,,6925,6800,6915,6925,6915,6925,6790,6850,6903.25
2026-02-18 11:00:00,6950,,6920,,6800,,6875,,,,,6925,6800,6915,6905,6915,6925,6790,6850,6903.91
2026-02-18 11:01:00,6950,,6920,,6800,,6875,,,,,6925,6800,6915,6925,6915,6925,6790,6850,6904.01
2026-02-18 11:02:00,6950,,6920,,6800,,6875,,,,,6925,6800,6915,6925,6915,6925,6790,6850,6902.31
2026-02-18 11:03:00,6950,,6920,,6800,,6875,,,,,6925,6800,6915,6925,6915,6925,6790,6850,6902.82
2026-02-18 11:04:00,6950,,6920,,6800,,6880,,,,,6925,6800,6915,6925,6850,6925,6790,6850,6901.64
2026-02-18 11:05:00,6950,,6920,,6800,,6880,,,,,6925,6800,6915,6925,6850,6925,6790,6850,6904.27
2026-02-18 11:06:00,6950,,6920,,6800,,6880,6910,,6900,,6925,6800,6915,6925,6850,6925,6790,6850,6905.84
2026-02-18 11:07:00,6950,,6920,,6800,,6880,,,,,6925,6800,6790,6925,6850,6925,6790,6850,6906.46
2026-02-18 11:08:00,6950,,6920,,6800,,6880,,6905,,,6925,6800,6790,6925,6850,6925,6790,6850,6907
2026-02-18 11:09:00,6950,,6920,,6800,,6880,6910,,,,6925,6800,6920,6925,6850,6925,6790,6850,6903.43
2026-02-18 11:10:00,6950,,6920,,6800,,6880,,6905,6900,,6925,6800,6920,6925,6850,6925,6790,6850,6903.61
2026-02-18 11:11:00,6950,,6920,,6800,,6880,,,,,6925,6800,6915,6925,6850,6925,6790,6850,6902.78
2026-02-18 11:12:00,6950,,6920,,6800,,6880,,,,,6925,6800,6920,6925,6850,6925,6790,6850,6903.17
2026-02-18 11:13:00,6950,,6920,,6800,,6880,,,,,6925,6800,6915,6925,6850,6925,6790,6850,6902.85
2026-02-18 11:14:00,6950,,6920,,6800,,6880,,,,,6925,6800,6915,6925,6850,6925,6790,6850,6902.46
2026-02-18 11:15:00,6950,,6920,,6800,,6880,,,,,6925,6800,6915,6925,6850,6925,6790,6850,6903.51
2026-02-18 11:16:00,6950,,6920,,6800,,6880,6900,,6900,,6925,6800,6915,6925,6850,6925,6790,6850,6904.01
2026-02-18 11:17:00,6950,,6920,,6800,,6880,,,,,6925,6800,6915,6925,6850,6925,6790,6850,6903.31
2026-02-18 11:18:00,6950,,6920,,6800,,6880,,,6900,,6925,6800,6915,6925,6850,6925,6790,6850,6901.34
2026-02-18 11:19:00,6950,,6920,,6800,,6880,,,,6900,6925,6800,6915,6925,6850,6925,6790,6850,6901.53
2026-02-18 11:20:00,6950,,6920,,6800,,6880,,,6900,,6925,6800,6915,6925,6850,6925,6790,6850,6899.16
2026-02-18 11:21:00,6950,,6920,,6800,,6890,,,,,6925,6800,6915,6925,6850,6925,6790,6850,6899.51
2026-02-18 11:22:00,6950,,6920,,6800,,6880,,,,,6925,6800,6915,6925,6850,6925,6790,6850,6900.46
2026-02-18 11:23:00,6950,,6920,,6800,,6880,,,,,6925,6800,6915,6925,6850,6925,6790,6850,6900.31
2026-02-18 11:24:00,6950,,6920,,6800,,6890,,,,,6925,6800,6915,6925,6850,6925,6790,6850,6900.44
2026-02-18 11:25:00,6950,,6920,,6800,,6880,,,,,6925,6800,6915,6925,6850,6925,6790,6850,6901.61
2026-02-18 11:26:00,6950,,6920,,6800,,6890,,,,,6925,6800,6915,6925,6850,6925,6790,6850,6899.9
2026-02-18 11:27:00,6950,,6920,,6800,,6890,,,,,6925,6800,6915,6925,6915,6925,6790,6850,6900.68
2026-02-18 11:28:00,6950,,6920,,6800,,6890,,,6900,,6925,6800,6915,6925,6915,6925,6790,6850,6900.51
2026-02-18 11:29:00,6950,,6920,,6800,,6890,,,,,6925,6800,6915,6925,6915,6925,6790,6850,6900.71
2026-02-18 11:30:00,6950,,6920,,6800,,6890,,,,,6925,6800,6915,6925,6915,6925,6790,6850,6900.33
2026-02-18 11:31:00,6950,,6920,,6800,,6890,6905,,,6900,6925,6800,6915,6925,6915,6925,6790,6850,6903.69
2026-02-18 11:32:00,6950,,6920,,6800,,6890,,,,,6925,6800,6915,6925,6915,6925,6790,6850,6905.27
2026-02-18 11:33:00,6950,,6920,,6800,,6890,,,,,6925,6800,6915,6925,6915,6925,6790,6850,6904.6
2026-02-18 11:34:00,6950,,6920,,6800,,6890,,,,6900,6925,6800,6915,6925,6915,6925,6790,6850,6902.91
2026-02-18 11:35:00,6950,,6920,,6800,,6890,,,,6910,6925,6800,6915,6925,6915,6925,6790,6850,6903.04
2026-02-18 11:36:00,6950,,6920,,6800,,6890,,,,,6925,6800,6915,6925,6915,6925,6790,6850,6903.3
2026-02-18 11:37:00,6950,,6920,,6800,,6890,,,,,6925,6800,6915,6925,6915,6925,6790,6850,6902.82
2026-02-18 11:39:00,6950,,6920,,6800,,6890,,,,,6925,6800,6915,6925,6915,6925,6790,6850,6902.1
2026-02-18 11:40:00,6950,,6920,,6800,,6890,,,,,6925,6800,6915,6925,6915,6925,6790,6850,6903.79
2026-02-18 11:41:00,6950,,6920,,6800,,6890,,,,,6925,6800,6915,6925,6850,6925,6790,6850,6902.27
2026-02-18 11:42:00,6950,,6920,,6800,,6890,,,,,6925,6800,6915,6925,6850,6925,6870,6850,6904.59
2026-02-18 11:43:00,6950,,6920,,6800,,6890,,,,,6925,6800,6915,6925,6850,6925,6870,6850,6904.26
2026-02-18 11:44:00,6950,,6920,,6800,,6890,,,,,6925,6800,6915,6925,6915,6925,6870,6850,6902.69
2026-02-18 11:45:00,6950,,6920,,6800,,6890,,,,,6925,6800,6915,6925,6915,6925,6870,6850,6902.02
2026-02-18 11:46:00,6950,,6920,,6800,,6890,,,,,6925,6800,6915,6925,6915,6925,6870,6850,6902.19
2026-02-18 11:47:00,6950,,6920,,6800,,6890,,,,,6925,6800,6915,6925,6915,6925,6870,6850,6901.9
2026-02-18 11:48:00,6950,,6920,,6800,,6890,,,,,6925,6800,6915,6925,6915,6925,6870,6850,6902.56
2026-02-18 11:49:00,6950,,6920,,6800,,6890,,,6900,,6925,6800,6915,6925,6915,6925,6870,6850,6899.77
2026-02-18 11:50:00,6950,,6920,,6800,,6890,,,6900,,6925,6800,6915,6925,6915,6925,6870,6850,6898.62
2026-02-18 11:51:00,6950,,6920,,6800,,6890,,,,,6925,6800,6915,6925,6915,6925,6870,6850,6900.37
2026-02-18 11:52:00,6950,,6920,,6800,,6890,,,,6895,6925,6800,6915,6925,6915,6925,6870,6850,6898.96
2026-02-18 11:53:00,6950,,6920,,6800,,6890,6900,,6900,,6925,6800,6915,6925,6915,6925,6870,6850,6897.57
2026-02-18 11:54:00,6950,,6920,,6800,,6890,,6900,,,6925,6800,6870,6925,6915,6925,6870,6850,6895.81
2026-02-18 11:55:00,6950,,6920,,6800,,6890,,,6895,,6925,6800,6920,6925,6920,6925,6870,6850,6897.46
2026-02-18 11:56:00,6950,,6920,,6800,,6890,,,,,6925,6800,6920,6925,6920,6925,6870,6850,6896.51
2026-02-18 11:57:00,6950,,6920,,6800,,6890,,,,,6925,6800,6920,6925,6920,6925,6870,6850,6895.69
2026-02-18 11:58:00,6950,,6920,,6800,,6890,,,,,6925,6800,6920,6925,6920,6925,6870,6850,6893.58
2026-02-18 11:59:00,6950,,6920,,6800,,6890,,,6890,,6920,6800,6870,6925,6850,6925,6870,6850,6895
2026-02-18 12:00:00,6950,,6920,,6800,,6890,6900,,6890,,6920,6800,6870,6925,6850,6925,6870,6850,6893.35
2026-02-18 12:01:00,6900,,6920,,6800,,6890,6900,,6890,,6920,6800,6885,6925,6850,6925,6900,6850,6895.09
2026-02-18 12:02:00,6915,,6920,,6800,,6890,,,,,6925,6800,6885,6925,6850,6935,6900,6850,6897.52
2026-02-18 12:03:00,6950,,6920,,6800,,6890,,,,,6920,6800,6885,6925,6850,6925,6900,6850,6896.31
2026-02-18 12:04:00,6915,,6920,,6800,,6890,,,,,6920,6800,6870,6935,6850,6935,6870,6850,6899.58
2026-02-18 12:05:00,6950,,6920,,6800,,6890,6905,,6895,,6920,6800,6870,6935,6915,6935,6900,6850,6903.12
2026-02-18 12:07:00,6925,,6920,,6800,,6890,,,,,6920,6800,6920,6935,6920,6935,6870,6850,6905.9
2026-02-18 12:08:00,6950,,6920,,6800,,6890,6910,,6900,,6920,6800,6915,6925,6915,6925,6900,6850,6905.94
2026-02-18 12:09:00,6950,,6920,,6800,,6890,,,,,6920,6800,6915,6925,6915,6925,6900,6850,6903.7
2026-02-18 12:10:00,6950,,6920,,6800,,6890,,,,,6920,6800,6915,6925,6915,6925,6900,6850,6902.92
2026-02-18 12:11:00,6950,,6920,,6800,,6890,,,,,6920,6800,6915,6925,6915,6925,6900,6850,6903.32
2026-02-18 12:12:00,6950,,6920,,6800,,6890,,,,,6920,6800,6915,6925,6915,6925,6900,6850,6902.57
2026-02-18 12:13:00,6950,,6920,,6800,,6895,6900,,,6900,6920,6800,6915,6925,6915,6935,6900,6850,6899.45
2026-02-18 12:14:00,6950,,6920,,6800,,6895,,,,,6920,6800,6870,6925,6915,6935,6900,6850,6900.34
2026-02-18 12:15:00,6950,,6920,,6800,,6895,,,,,6920,6800,6870,6925,6850,6935,6900,6850,6900.77
2026-02-18 12:16:00,6950,,6920,,6800,,6895,,,,,6920,6800,6900,6925,6850,6935,6900,6850,6900.32
2026-02-18 12:17:00,6950,,6920,,6800,,6895,,,,,6920,6800,6870,6925,6850,6935,6900,6850,6900.79
2026-02-18 12:18:00,6950,,6920,,6800,,6895,,,,,6920,6800,6870,6925,6915,6925,6900,6850,6902.35
2026-02-18 12:19:00,6915,,6920,,6800,,6895,,,,,6920,6800,6870,6925,6850,6925,6900,6850,6902.15
2026-02-18 12:20:00,6950,,6920,,6800,,6895,6905,,6900,,6920,6800,6915,6925,6915,6925,6900,6850,6903.89
2026-02-18 12:21:00,6950,,6920,,6800,,6895,,,,,6920,6800,6870,6925,6915,6935,6900,6850,6904.02
2026-02-18 12:22:00,6950,,6920,,6800,,6895,,,,,6920,6800,6870,6935,6915,6935,6900,6850,6903.96
2026-02-18 12:23:00,6950,,6920,,6800,,6895,,,,,6920,6800,6915,6935,6915,6935,6900,6850,6903.48
2026-02-18 12:24:00,6950,,6920,,6800,,6895,,,,,6920,6800,6870,6935,6915,6935,6900,6850,6903.63
2026-02-18 12:25:00,6915,,6920,,6800,,6890,,,,,6920,6800,6870,6935,6850,6935,6900,6850,6901.81
2026-02-18 12:26:00,6950,,6920,,6800,,6895,,,6900,,6920,6800,6870,6925,6915,6925,6900,6850,6901.02
2026-02-18 12:27:00,6950,,6920,,6800,,6895,,,,,6920,6800,6915,6925,6915,6925,6900,6850,6902
2026-02-18 12:28:00,6915,,6920,,6800,,6895,,,,,6920,6850,6915,6925,6915,6925,6900,6850,6901.52
2026-02-18 12:29:00,6950,,6920,,6800,,6895,,,,,6920,6800,6915,6925,6915,6925,6900,6850,6900.37
2026-02-18 12:30:00,6950,,6920,,6800,,6895,,,,6900,6920,6800,6915,6925,6915,6925,6870,6850,6900.29
2026-02-18 12:31:00,6915,,6920,,6800,,6895,,,,,6920,6800,6915,6925,6915,6925,6900,6850,6901.42
2026-02-18 12:32:00,6915,,6920,,6800,,6895,,,,,6920,6800,6870,6925,6915,6925,6870,6850,6901.64
2026-02-18 12:33:00,6915,,6920,,6800,,6895,,,,,6920,6800,6870,6925,6915,6925,6870,6850,6900.09
2026-02-18 12:34:00,6950,,6920,,6800,,6895,,6905,,,6920,6800,6870,6935,6915,6935,6870,6850,6898.08
2026-02-18 12:35:00,6950,,6920,,6800,,6895,,,6900,,6920,6800,6870,6935,6915,6935,6900,6850,6898.18
2026-02-18 12:36:00,6950,,6920,,6800,,6895,,,,,6920,6800,6870,6935,6915,6935,6870,6850,6899.13
2026-02-18 12:37:00,6915,,6920,,6800,,6895,,,,,6920,6800,6870,6935,6915,6935,6900,6850,6899.93
2026-02-18 12:38:00,6915,,6920,,6800,,6895,,,,,6920,6800,6870,6935,6915,6935,6900,6850,6899.93
2026-02-18 12:39:00,6915,,6920,,6800,,6895,,,,,6920,6800,6870,6935,6915,6935,6900,6850,6899.93
2026-02-18 12:40:00,6915,,6920,,6800,,6895,,,,,6920,6800,6870,6935,6915,6935,6900,6850,6899.93
2026-02-18 12:41:00,6915,,6920,,6800,,6895,,,,,6920,6800,6870,6935,6915,6935,6900,6850,6899.93
2026-02-18 12:42:00,6915,,6920,,6800,,6895,,,,,6920,6800,6870,6935,6915,6935,6900,6850,6899.93
2026-02-18 12:43:00,6915,,6920,,6800,,6895,,,,,6920,6800,6870,6935,6915,6935,6900,6850,6899.93
2026-02-18 12:44:00,6915,,6920,,6800,,6895,,,,,6920,6800,6870,6935,6915,6935,6900,6850,6899.93
2026-02-18 12:45:00,6915,,6920,,6800,,6895,,,,,6920,6800,6870,6935,6915,6935,6900,6850,6899.93
2026-02-18 12:46:00,6915,,6920,,6800,,6895,,,,,6920,6800,6870,6935,6915,6935,6900,6850,6899.93
2026-02-18 12:47:00,6915,,6920,,6800,,6895,,,,,6920,6800,6870,6935,6915,6935,6900,6850,6899.93
2026-02-18 12:48:00,6915,,6920,,6800,,6895,,,,,6920,6800,6870,6935,6915,6935,6900,6850,6899.93
2026-02-18 12:49:00,6915,,6920,,6800,,6895,,,,,6920,6800,6870,6935,6915,6935,6900,6850,6899.93
2026-02-18 12:50:00,6915,,6920,,6800,,6895,,,,,6920,6800,6870,6935,6915,6935,6900,6850,6899.93
2026-02-18 12:51:00,6915,,6920,,6800,,6895,,,,,6920,6800,6870,6935,6915,6935,6900,6850,6899.93
2026-02-18 12:52:00,6915,,6920,,6800,,6895,,,,,6920,6800,6870,6935,6915,6935,6900,6850,6899.93
2026-02-18 12:53:00,6915,,6920,,6800,,6895,,,,,6920,6800,6870,6935,6915,6935,6900,6850,6899.93
2026-02-18 12:54:00,6915,,6920,,6800,,6895,,,,,6920,6800,6870,6935,6915,6935,6900,6850,6899.93
2026-02-18 12:56:00,6915,,6920,,6800,,6895,,,,,6920,6800,6870,6935,6915,6935,6900,6850,6899.93
2026-02-18 12:57:00,6915,,6920,,6800,,6895,,,,,6920,6800,6870,6935,6915,6935,6900,6850,6899.93
2026-02-18 12:59:00,6915,,6920,,6800,,6895,,,,,6920,6800,6870,6935,6915,6935,6900,6850,6899.93
2026-02-18 13:02:00,6915,,6920,,6800,,6895,,,,,6920,6800,6870,6935,6915,6935,6900,6850,6899.93
2026-02-18 13:08:00,6915,,6920,,6800,,6895,,,,,6920,6800,6870,6935,6915,6935,6900,6850,6899.93
2026-02-18 13:09:00,6915,,6920,,6800,,6895,,,,,6920,6800,6870,6935,6915,6935,6900,6850,6899.93
2026-02-18 13:16:00,6915,,6920,,6800,,6895,,,,,6920,6800,6870,6935,6915,6935,6900,6850,6899.93
2026-02-18 13:18:00,6915,,6920,,6800,,6895,,,,,6920,6800,6870,6935,6915,6935,6900,6850,6899.93
2026-02-18 13:26:00,6915,,6920,,6800,,6895,,,,,6920,6800,6870,6935,6915,6935,6900,6850,6899.93
2026-02-18 14:27:00,6900,,,6880,6800,,6895,,,6880,,6920,6880,6900,6910,6900,6910,6880,6835,6884.01
2026-02-18 14:28:00,6900,,,6880,6800,,6895,,,6875,6880,6920,6880,6880,6890,6905,6900,6880,6890,6882.12
2026-02-18 14:29:00,6900,,,6880,6800,,6895,,6890,6880,,6920,6880,6880,6890,6905,6900,6880,6890,6881.72
2026-02-18 14:30:00,6900,,,6880,6800,,6895,,,,,6920,6880,6880,6890,6905,6900,6880,6890,6880.69
2026-02-18 14:31:00,6900,,,6880,6800,,6895,,,6875,6880,6920,6880,6880,6890,6905,6900,6880,6890,6877.96
2026-02-18 14:32:00,6900,,,6880,6800,,6895,,,6870,6880,6920,6880,6880,6890,6905,6900,6880,6890,6878.48
2026-02-18 14:33:00,6900,,,6880,6800,,6895,,,,,6920,6880,6880,6890,6905,6900,6880,6890,6878.33
2026-02-18 14:34:00,6875,,,6880,6800,,6895,,,6870,6875,6920,6880,6880,6890,6905,6900,6880,6890,6877.14
2026-02-18 14:35:00,6875,,,6880,6800,,6895,,,,6880,6920,6880,6880,6890,6915,6900,6880,6890,6875.8
2026-02-18 14:36:00,6950,,,6875,6800,,6895,,,6870,,6920,6880,6880,6890,6915,6900,6880,6890,6870.42
2026-02-18 14:37:00,6875,,,6875,6800,,6895,,,,6870,6920,6880,6880,6890,6905,6900,6880,6890,6871.35
2026-02-18 14:38:00,6950,,,6880,6800,,6890,,,6875,,6920,6880,6880,6890,6915,6900,6880,6890,6867.72
2026-02-18 14:39:00,6950,,,6875,6800,,6890,6875,,,,6920,6880,6880,6890,6915,6900,6880,6890,6869.85
2026-02-18 14:40:00,6950,,,6875,6800,,6895,6880,,6870,,6920,6880,6880,6890,6915,6900,6880,6890,6871.35
2026-02-18 14:41:00,6875,,,6880,6800,,6895,6880,6875,,6870,6920,6880,6880,6890,6905,6900,6880,6890,6874.23
2026-02-18 14:42:00,6875,,,6875,6800,,6895,,,,6865,6920,6875,6880,6890,6905,6900,6880,6890,6870.77
2026-02-18 14:43:00,6875,,,6875,6800,,6895,,,,6870,6920,6875,6880,6890,6905,6900,6880,6890,6869.64
2026-02-18 14:44:00,6875,,,6875,6800,,6895,,,,,6920,6875,6880,6890,6905,6900,6880,6890,6870.08
2026-02-18 14:45:00,6875,,,6875,6800,,6890,,,,,6920,6850,6880,6890,6905,6900,6880,6890,6870.87
2026-02-18 14:46:00,6875,,,6875,6800,,6895,6875,,6870,,6920,6850,6880,6890,6905,6900,6880,6890,6873.65
2026-02-18 14:47:00,6900,,,6880,6800,,6890,6885,6880,,,6920,6850,6880,6890,6905,6900,6880,6890,6875.39
2026-02-18 14:48:00,6875,,,6875,6800,,6895,6880,,,,6920,6850,6880,6890,6905,6900,6880,6890,6873.64
2026-02-18 14:50:00,6875,,,6875,6800,,6890,,,,6870,6920,6850,6880,6890,6905,6900,6880,6890,6871.3
2026-02-18 14:51:00,6875,,,6870,6800,,6895,,,,,6920,6850,6880,6890,6905,6900,6880,6890,6869.87
2026-02-18 14:52:00,6875,,,6870,6800,,6890,,,,,6920,6850,6880,6890,6905,6900,6880,6890,6870.78
2026-02-18 14:53:00,6875,,,6870,6800,,6895,,,,6870,6920,6850,6880,6890,6905,6900,6880,6890,6868.46
2026-02-18 14:54:00,6875,,,6870,6800,,6895,,,6865,,6920,6850,6880,6890,6905,6900,6880,6890,6866.48
2026-02-18 14:55:00,6875,,,6870,6800,,6895,,,6865,,6920,6850,6880,6890,6905,6900,6880,6890,6866.59
2026-02-18 14:56:00,6875,,,6870,6800,,6895,,,6865,,6920,6850,6880,6890,6905,6900,6880,6890,6866.37
2026-02-18 14:57:00,6875,,,6870,6800,,6890,,,,6855,6920,6850,6880,6890,6915,6900,6880,6890,6863.4
2026-02-18 14:58:00,6875,,,6860,6800,,6895,,,6850,,6920,6850,6880,6890,6915,6900,6880,6890,6859.2
2026-02-18 14:59:00,6875,,,6870,6800,,6895,,6870,,,6920,6850,6880,6890,6915,6900,6880,6890,6862.41
2026-02-18 15:00:00,6875,,,6870,6800,,6890,6870,,6860,,6920,6850,6880,6890,6915,6900,6880,6890,6863.88
2026-02-18 15:01:00,6875,,,6860,6800,,6895,,,6865,6860,6920,6850,6880,6890,6915,6900,6880,6890,6867.09
2026-02-18 15:02:00,6875,,,6870,6800,,6890,6870,,6860,6870,6920,6850,6880,6890,6915,6900,6880,6890,6868.32
2026-02-18 15:03:00,6875,,,6870,6800,,6895,6875,6870,6860,,6920,6850,6880,6890,6915,6900,6880,6890,6869.15
2026-02-18 15:04:00,6875,,,6870,6800,,6895,6880,,,,6920,6850,6880,6890,6915,6900,6880,6890,6870.52
2026-02-18 15:05:00,6875,,,6870,6800,,6895,,6870,,,6920,6850,6880,6890,6915,6900,6880,6890,6867.9
2026-02-18 15:06:00,6875,,,6870,6800,,6895,,,,,6920,6850,6880,6890,6915,6900,6880,6890,6866.99
2026-02-18 15:07:00,6875,,,6860,6800,,6895,,,6860,,6920,6850,6880,6890,6915,6900,6880,6890,6865.36
2026-02-18 15:08:00,6875,,,6860,6800,,6900,6875,6870,6860,,6920,6850,6880,6890,6915,6900,6880,6890,6866.38
2026-02-18 15:09:00,6875,,,6860,6800,,6900,,,,,6920,6850,6880,6890,6915,6900,6880,6890,6863.86
2026-02-18 15:10:00,6875,,,6860,6800,,6885,,,6860,,6920,6850,6880,6890,6915,6900,6880,6890,6862.81
2026-02-18 15:11:00,6875,,,6860,6800,,6895,,,,,6920,6850,6880,6890,6915,6900,6880,6890,6862.65
2026-02-18 15:12:00,6875,,,6860,6800,,6900,,,6860,,6920,6850,6880,6890,6915,6900,6880,6890,6861.83
2026-02-18 15:13:00,6875,,,6860,6800,,6895,,,,6855,6920,6850,6880,6890,6915,6900,6880,6890,6859.84
2026-02-18 15:14:00,6875,,,6860,6800,,6900,,6870,6860,6855,6920,6850,6880,6890,6915,6900,6880,6890,6863.15
2026-02-18 15:15:00,6875,,,6860,6800,,6895,6870,,,,6920,6850,6880,6890,6915,6900,6880,6890,6860.4
2026-02-18 15:16:00,6875,,,6860,6800,,6895,,,6860,,6920,6850,6880,6890,6915,6900,6880,6890,6858.16
2026-02-18 15:17:00,6875,,,6860,6800,,6900,6860,,,6860,6920,6850,6880,6890,6915,6900,6880,6890,6860.28
2026-02-18 15:18:00,6875,,,6860,6800,,6900,,,,,6920,6850,6880,6890,6915,6900,6880,6890,6861.75
2026-02-18 15:19:00,6875,,,6860,6800,,6895,6870,,6860,,6920,6850,6880,6890,6915,6900,6880,6890,6862.48
2026-02-18 15:20:00,6875,,,6860,6800,,6900,,,6850,,6920,6850,6880,6890,6915,6900,6880,6890,6859.95
2026-02-18 15:21:00,6875,,,6860,6800,,6900,,,,6860,6920,6850,6880,6890,6915,6900,6880,6890,6859.35
2026-02-18 15:22:00,6875,,,6860,6800,,6895,,,,6850,6920,6850,6880,6890,6915,6900,6880,6890,6857.73
2026-02-18 15:23:00,6875,,,6860,6800,,6890,,,,6855,6920,6850,6880,6890,6915,6900,6880,6890,6858.11
2026-02-18 15:24:00,6875,,,6860,6800,,6900,,,,,6920,6850,6880,6890,6915,6900,6880,6890,6861.02
2026-02-18 15:25:00,6875,,,6860,6800,,6900,6865,,6860,6855,6920,6850,6880,6890,6915,6900,6880,6890,6861
2026-02-18 15:26:00,6875,,,6860,6800,,6895,,,,,6920,6850,6880,6890,6915,6900,6880,6890,6860.1
2026-02-18 15:27:00,6875,,,6860,6800,,6900,6860,,6860,,6920,6850,6880,6890,6915,6900,6880,6890,6861
2026-02-18 15:28:00,6875,,,6860,6800,,6900,,6865,,6860,6920,6850,6880,6890,6915,6900,6880,6890,6860.65
2026-02-18 15:29:00,6875,,,6860,6800,,6885,6870,,6855,,6920,6850,6880,6890,6915,6900,6880,6890,6860.81
2026-02-18 15:30:00,6875,,,6860,6800,,6900,,6870,6855,,6920,6850,6880,6890,6915,6900,6880,6890,6864.87
2026-02-18 15:31:00,6875,,,6860,6800,,6895,6870,6860,6860,,6920,6850,6880,6890,6915,6900,6880,6890,6867.09
2026-02-18 15:32:00,6875,,,6860,6800,,6895,6870,,6860,,6920,6850,6880,6890,6915,6900,6880,6890,6866.21
2026-02-18 15:33:00,6875,,,6860,6800,,6900,6870,6875,,,6920,6850,6880,6890,6915,6900,6880,6890,6865.79
2026-02-18 15:34:00,6875,,,6860,6800,,6895,,,,,6920,6850,6880,6890,6915,6900,6880,6890,6869.36
2026-02-18 15:36:00,6875,,,6860,6800,,6895,6875,,6860,,6920,6850,6880,6890,6915,6900,6880,6890,6868.72
2026-02-18 15:37:00,6875,,,6860,6800,,6895,6870,6875,,6865,6920,6850,6880,6890,6915,6900,6880,6890,6870.07
2026-02-18 15:38:00,6875,,,6860,6800,,6895,,6875,6865,,6920,6850,6880,6890,6915,6900,6880,6890,6871.32
2026-02-18 15:39:00,6875,,,6875,6800,,6890,,6875,,6865,6920,6850,6880,6890,6915,6900,6880,6890,6873.41
2026-02-18 15:40:00,6875,,,6860,6800,,6895,,6875,,6865,6920,6850,6880,6890,6915,6900,6880,6890,6872.96
2026-02-18 15:42:00,6875,,,6860,6800,,6895,6875,6870,,,6920,6850,6880,6890,6915,6900,6880,6890,6872.46
2026-02-18 15:43:00,6875,,,6860,6800,,6900,6875,6880,,,6920,6850,6880,6890,6915,6900,6880,6890,6875.06
2026-02-18 15:44:00,6875,,,6870,6800,,6895,6875,6885,6870,,6920,6850,6880,6890,6915,6900,6880,6890,6875.46
2026-02-18 15:45:00,6875,,,6860,6800,,6895,,,,6870,6920,6850,6880,6890,6915,6900,6880,6890,6874.24
2026-02-18 15:46:00,6875,,,6870,6800,,6900,,6880,,6870,6920,6850,6875,6890,6915,6900,6880,6890,6876.93
2026-02-18 15:47:00,6875,,,6880,6800,,6890,6875,6880,,6880,6920,6850,6875,6890,6915,6900,6880,6890,6881.23
2026-02-18 15:48:00,6875,,,6875,6800,,6890,,6885,,6880,6920,6850,6875,6890,6915,6900,6875,6890,6880.98
2026-02-18 15:49:00,6875,,,6875,6800,,6900,6880,6885,6880,6875,6920,6850,6875,6890,6915,6900,6880,6890,6882.65
2026-02-18 15:50:00,6875,,,6880,6800,,6890,6880,6885,6875,6880,6920,6850,6875,6890,6915,6900,6875,6890,6882.9
2026-02-18 15:51:00,6875,,,6880,6800,,6900,6890,6885,6880,,6920,6850,6875,6890,6905,6900,6875,6890,6883.31
2026-02-18 15:52:00,6885,,,6880,6800,,6900,6885,,6880,6875,6920,6850,6875,6890,6905,6900,6880,6890,6882.92
2026-02-18 15:53:00,6885,,,6880,6800,,6905,6890,6885,6880,,6920,6850,6875,6890,6905,6900,6880,6890,6886.07
2026-02-18 15:54:00,6890,,,6880,6800,,6880,,6885,,6880,6920,6850,6875,6890,6905,6900,6880,6890,6889.35
2026-02-18 15:55:00,6890,,6890,,6800,,6905,,6890,,6885,6920,6850,6875,6890,6905,6900,6880,6890,6885.82
2026-02-18 15:56:00,6890,,6890,,6800,,6905,6890,6885,6885,6880,6920,6850,6875,6890,6905,6900,6875,6890,6887.76
2026-02-18 15:57:00,6890,,6890,,6800,,6905,6895,6890,,6880,6920,6850,6875,6890,6905,6900,6875,6890,6886.78
2026-02-18 15:58:00,6885,,,6885,6800,,6905,6895,6890,6890,6885,6920,6850,6875,6890,6905,6900,6875,6890,6885.18
2026-02-18 15:59:00,6880,,6880,,6800,,6900,,6885,6885,6880,6920,6850,6875,6890,6905,6900,6875,6890,6878.72
2026-02-18 16:00:00,6870,,,6880,6800,,6905,,6880,6880,,6920,6850,6875,6890,6905,6900,6875,6890,6881.32
2026-02-18 16:01:00,6870,,,6880,6800,,6905,,,,,6920,6850,6875,6890,6905,6900,6875,6890,6881.32
2026-02-18 16:02:00,6870,,,6880,6800,,6905,,,,,6920,6850,6875,6890,6905,6900,6875,6890,6881.31
2026-02-18 16:03:00,6870,,,6880,6800,,6905,,,,,6920,6850,6875,6890,6905,6900,6875,6890,6881.32
2026-02-18 16:04:00,6870,,,6880,6800,,6905,,,,,6920,6850,6875,6890,6905,6900,6875,6890,6881.31
2026-02-18 16:05:00,6870,,,6880,6800,,6905,,,,,6920,6850,6875,6890,6905,6900,6875,6890,6881.31
2026-02-18 16:07:00,6870,,,6880,6800,,6905,,,,,6920,6850,6875,6890,6905,6900,6875,6890,6881.31
2026-02-18 16:08:00,6875,,,6880,6800,,6910,,,,,6920,6850,6875,6890,6905,6900,6875,6890,6881.31
2026-02-18 16:09:00,6875,,,6880,6800,,6910,,,,,6920,6850,6875,6890,6905,6900,6875,6890,6881.31
2026-02-18 16:10:00,6875,,,6880,6800,,6910,,,,,6920,6850,6875,6890,6905,6900,6875,6890,6881.31
2026-02-18 16:11:00,6875,,,6880,6800,,6910,,,,,6920,6850,6875,6890,6905,6900,6875,6890,6881.31
2026-02-18 16:12:00,6875,,,6880,6800,,6910,,,,,6920,6850,6875,6890,6905,6900,6875,6890,6881.31
2026-02-18 16:13:00,6875,,,6880,6800,,6910,,,,,6920,6850,6875,6890,6905,6900,6875,6890,6881.31
2026-02-18 16:14:00,6880,,6880,,6800,,6910,,,,,6920,6850,6875,6890,6905,6900,6875,6890,6881.31
2026-02-18 16:15:00,,,,,6800,,,,,,,6920,6850,6875,6890,6905,6900,6875,6890,6881.31
2026-02-18 16:16:00,,,,,6800,,,,,,,6920,6850,6875,6890,6905,6900,6875,6890,6881.31
2026-02-18 16:17:00,,,,,6800,,,,,,,6920,6850,6875,6890,6905,6900,6875,6890,6881.31
2026-02-18 16:18:00,,,,,6800,,,,,,,6920,6850,6875,6890,6905,6900,6875,6890,6881.31
2026-02-18 16:19:00,,,,,6800,,,,,,,6920,6850,6875,6890,6905,6900,6875,6890,6881.31
2026-02-18 16:20:00,,,,,6800,,,,,,,6920,6850,6875,6890,6905,6900,6875,6890,6881.31
2026-02-18 16:21:00,,,,,6800,,,,,,,6920,6850,6875,6890,6905,6900,6875,6890,6881.31
2026-02-18 16:22:00,,,,,6800,,,,,,,6920,6850,6875,6890,6905,6900,6875,6890,6881.31
2026-02-18 16:23:00,,,,,6800,,,,,,,6920,6850,6875,6890,6905,6900,6875,6890,6881.31
2026-02-18 16:24:00,,,,,6800,,,,,,,6920,6850,6875,6890,6905,6900,6875,6890,6881.31
2026-02-18 16:25:00,,,,,6800,,,,,,,6920,6850,6875,6890,6905,6900,6875,6890,6881.31
2026-02-18 16:26:00,,,,,6800,,,,,,,6920,6850,6875,6890,6905,6900,6875,6890,6881.31
2026-02-18 16:27:00,,,,,6800,,,,,,,6920,6850,6875,6890,6905,6900,6875,6890,6881.31
2026-02-18 16:28:00,,,,,6800,,,,,,,6920,6850,6875,6890,6905,6900,6875,6890,6881.31
2026-02-18 16:29:00,,,,,6800,,,,,,,6920,6850,6875,6890,6905,6900,6875,6890,6881.31
2026-02-18 16:30:00,,,,,6800,,,,,,,6920,6850,6875,6890,6905,6900,6875,6890,6881.31
2026-02-18 16:31:00,,,,,6800,,,,,,,6920,6850,6875,6890,6905,6900,6875,6890,6881.31
2026-02-18 16:32:00,,,,,6800,,,,,,,6920,6850,6875,6890,6905,6900,6875,6890,6881.31
2026-02-18 16:33:00,,,,,6800,,,,,,,6920,6850,6875,6890,6905,6900,6875,6890,6881.31
2026-02-18 16:34:00,,,,,6800,,,,,,,6920,6850,6875,6890,6905,6900,6875,6890,6881.31
2026-02-18 16:35:00,,,,,6800,,,,,,,6920,6850,6875,6890,6905,6900,6875,6890,6881.31
2026-02-18 16:36:00,,,,,6800,,,,,,,6920,6850,6875,6890,6905,6900,6875,6890,6881.31
2026-02-18 16:37:00,,,,,6800,,,,,,,6920,6850,6875,6890,6905,6900,6875,6890,6881.31
2026-02-18 16:38:00,,,,,6800,,,,,,,6920,6850,6875,6890,6905,6900,6875,6890,6881.31
2026-02-18 16:39:00,,,,,6800,,,,,,,6920,6850,6875,6890,6905,6900,6875,6890,6881.31
2026-02-18 16:40:00,,,,,6800,,,,,,,6920,6850,6875,6890,6905,6900,6875,6890,6881.31
2026-02-18 16:41:00,,,,,6800,,,,,,,6920,6850,6875,6890,6905,6900,6875,6890,6881.31
2026-02-18 16:42:00,,,,,6800,,,,,,,6920,6850,6875,6890,6905,6900,6875,6890,6881.31
2026-02-18 16:43:00,,,,,6800,,,,,,,6920,6850,6875,6890,6905,6900,6875,6890,6881.31
2026-02-18 16:44:00,,,,,6800,,,,,,,6920,6850,6875,6890,6905,6900,6875,6890,6881.31
2026-02-18 16:45:00,,,,,6800,,,,,,,6920,6850,6875,6890,6905,6900,6875,6890,6881.31
2026-02-18 16:46:00,,,,,6800,,,,,,,6920,6850,6875,6890,6905,6900,6875,6890,6881.31
2026-02-18 16:47:00,,,,,6800,,,,,,,6920,6850,6875,6890,6905,6900,6875,6890,6881.31
2026-02-18 16:48:00,,,,,6800,,,,,,,6920,6850,6875,6890,6905,6900,6875,6890,6881.31
2026-02-18 16:49:00,,,,,6800,,,,,,,6920,6850,6875,6890,6905,6900,6875,6890,6881.31
2026-02-18 16:50:00,,,,,6800,,,,,,,6920,6850,6875,6890,6905,6900,6875,6890,6881.31
2026-02-18 16:51:00,,,,,6800,,,,,,,6920,6850,6875,6890,6905,6900,6875,6890,6881.31
2026-02-18 16:52:00,,,,,6800,,,,,,,6920,6850,6875,6890,6905,6900,6875,6890,6881.31
2026-02-18 16:53:00,,,,,6800,,,,,,,6920,6850,6875,6890,6905,6900,6875,6890,6881.31
2026-02-18 16:54:00,,,,,6800,,,,,,,6920,6850,6875,6890,6905,6900,6875,6890,6881.31
2026-02-18 16:55:00,,,,,6800,,,,,,,6920,6850,6875,6890,6905,6900,6875,6890,6881.31
2026-02-18 16:56:00,,,,,6800,,,,,,,6920,6850,6875,6890,6905,6900,6875,6890,6881.31
2026-02-18 16:57:00,,,,,6800,,,,,,,6920,6850,6875,6890,6905,6900,6875,6890,6881.31
2026-02-18 16:58:00,,,,,6800,,,,,,,6920,6850,6875,6890,6905,6900,6875,6890,6881.31
2026-02-18 16:59:00,,,,,6800,,,,,,,6920,6850,6875,6890,6905,6900,6875,6890,6881.31
2026-02-18 17:00:00,6950,,6900,,6800,,6880,,,6890,6880,6950,6800,6875,6890,6905,6900,6875,6890,6881.31
2026-02-18 17:01:00,6950,,6900,,6800,,6880,,,,,6950,6800,6875,6890,6905,6900,6875,6890,6881.31
2026-02-18 17:02:00,6950,,6900,,6800,,6880,,,,,6950,6800,6875,6890,6905,6900,6875,6890,6881.31
2026-02-18 17:03:00,6950,,6900,,6800,,6880,,,,,6950,6800,6875,6890,6905,6900,6875,6890,6881.31
2026-02-18 17:04:00,6950,,6900,,6800,,6880,,,,,6950,6800,6875,6890,6905,6900,6875,6890,6881.31
2026-02-18 17:06:00,6950,,6900,,6800,,6880,,,,,6950,6800,6875,6890,6905,6900,6875,6890,6881.31
2026-02-18 17:06:00,6950,,6900,,6800,,6880,,,,,6950,6800,6875,6890,6905,6900,6875,6890,6881.31
2026-02-18 17:08:00,6950,,6900,,6800,,6880,,,,,6950,6800,6875,6890,6905,6900,6875,6890,6881.31
2026-02-18 17:09:00,6950,,6900,,6800,,6880,,,,,6950,6800,6875,6890,6905,6900,6875,6890,6881.31
