Time,Activo,SPOT,pin_probability,liquidity_void_score,dealer_trap_score,nearest_wall_strike,magnet_strike,wall_above_strike,wall_below_strike
2026-08-16 16:59:27,TQQQ,76.77,0.35,0.0,0.0,80.0,77.0,80.0,55.0
2026-08-16 17:00:27,TQQQ,76.77,0.35,0.0,0.0,80.0,77.0,80.0,55.0
2026-08-16 17:01:27,TQQQ,76.77,0.35,0.0,0.0,80.0,77.0,80.0,55.0
2026-08-16 17:02:27,TQQQ,76.77,0.35,0.0,0.0,80.0,77.0,80.0,55.0
2026-08-16 17:03:27,TQQQ,76.77,0.35,0.0,0.0,80.0,77.0,80.0,55.0
2026-08-16 17:04:27,TQQQ,76.77,0.35,0.0,0.0,80.0,77.0,80.0,55.0
2026-08-16 17:05:27,TQQQ,76.77,0.35,0.0,0.0,80.0,77.0,80.0,55.0
2026-08-16 17:06:27,TQQQ,76.77,0.35,0.0,0.0,80.0,77.0,80.0,55.0
2026-08-16 17:07:27,TQQQ,76.77,0.35,0.0,0.0,80.0,77.0,80.0,55.0
2026-08-16 17:08:27,TQQQ,76.77,0.35,0.0,0.0,80.0,77.0,80.0,55.0
2026-08-16 17:09:27,TQQQ,76.77,0.35,0.0,0.0,80.0,77.0,80.0,55.0
2026-08-16 17:10:27,TQQQ,76.77,0.35,0.0,0.0,80.0,77.0,80.0,55.0
2026-08-16 17:11:27,TQQQ,76.77,0.35,0.0,0.0,80.0,77.0,80.0,55.0
2026-08-16 17:12:27,TQQQ,76.77,0.35,0.0,0.0,80.0,77.0,80.0,55.0
2026-08-16 17:13:27,TQQQ,76.77,0.35,0.0,0.0,80.0,77.0,80.0,55.0
2026-08-16 17:14:27,TQQQ,76.77,0.35,0.0,0.0,80.0,77.0,80.0,55.0
2026-08-16 17:15:27,TQQQ,76.77,0.35,0.0,0.0,80.0,77.0,80.0,55.0
2026-08-16 17:16:27,TQQQ,76.77,0.35,0.0,0.0,80.0,77.0,80.0,55.0
2026-08-16 17:17:27,TQQQ,76.77,0.35,0.0,0.0,80.0,77.0,80.0,55.0
2026-08-16 17:18:27,TQQQ,76.77,0.35,0.0,0.0,80.0,77.0,80.0,55.0
2026-08-16 17:19:27,TQQQ,76.77,0.35,0.0,0.0,80.0,77.0,80.0,55.0
2026-08-16 17:20:27,TQQQ,76.77,0.35,0.0,0.0,80.0,77.0,80.0,55.0
2026-08-16 17:21:27,TQQQ,76.77,0.35,0.0,0.0,80.0,77.0,80.0,55.0
2026-08-16 17:22:27,TQQQ,76.77,0.35,0.0,0.0,80.0,77.0,80.0,55.0
2026-08-16 17:23:27,TQQQ,76.77,0.35,0.0,0.0,80.0,77.0,80.0,55.0
2026-08-16 17:24:27,TQQQ,76.77,0.35,0.0,0.0,80.0,77.0,80.0,55.0
2026-08-16 17:25:27,TQQQ,76.77,0.35,0.0,0.0,80.0,77.0,80.0,55.0
2026-08-16 17:26:27,TQQQ,76.77,0.35,0.0,0.0,80.0,77.0,80.0,55.0
2026-08-16 17:27:27,TQQQ,76.77,0.35,0.0,0.0,80.0,77.0,80.0,55.0
2026-08-16 17:28:27,TQQQ,76.77,0.35,0.0,0.0,80.0,77.0,80.0,55.0
2026-08-16 17:29:27,TQQQ,76.77,0.35,0.0,0.0,80.0,77.0,80.0,55.0
2026-08-16 17:30:27,TQQQ,76.77,0.35,0.0,0.0,80.0,77.0,80.0,55.0
2026-08-16 17:31:27,TQQQ,76.77,0.35,0.0,0.0,80.0,77.0,80.0,55.0
2026-08-16 17:32:27,TQQQ,76.77,0.35,0.0,0.0,80.0,77.0,80.0,55.0
2026-08-16 17:33:27,TQQQ,76.77,0.35,0.0,0.0,80.0,77.0,80.0,55.0
2026-08-16 17:34:27,TQQQ,76.77,0.35,0.0,0.0,80.0,77.0,80.0,55.0
2026-08-16 17:35:27,TQQQ,76.77,0.35,0.0,0.0,80.0,77.0,80.0,55.0
2026-08-16 17:36:27,TQQQ,76.77,0.35,0.0,0.0,80.0,77.0,80.0,55.0
2026-08-16 17:37:27,TQQQ,76.77,0.35,0.0,0.0,80.0,77.0,80.0,55.0
2026-08-16 17:38:27,TQQQ,76.77,0.35,0.0,0.0,80.0,77.0,80.0,55.0
2026-08-16 17:39:27,TQQQ,76.77,0.35,0.0,0.0,80.0,77.0,80.0,55.0
2026-08-16 17:40:27,TQQQ,76.77,0.35,0.0,0.0,80.0,77.0,80.0,55.0
2026-08-16 17:41:27,TQQQ,76.77,0.35,0.0,0.0,80.0,77.0,80.0,55.0
2026-08-16 17:42:27,TQQQ,76.77,0.35,0.0,0.0,80.0,77.0,80.0,55.0
2026-08-16 17:43:27,TQQQ,76.77,0.35,0.0,0.0,80.0,77.0,80.0,55.0
2026-08-16 17:44:27,TQQQ,76.77,0.35,0.0,0.0,80.0,77.0,80.0,55.0
2026-08-16 17:45:27,TQQQ,76.77,0.35,0.0,0.0,80.0,77.0,80.0,55.0
2026-08-16 17:46:27,TQQQ,76.77,0.35,0.0,0.0,80.0,77.0,80.0,55.0
2026-08-16 17:47:27,TQQQ,76.77,0.35,0.0,0.0,80.0,77.0,80.0,55.0
2026-08-16 17:48:27,TQQQ,76.77,0.35,0.0,0.0,80.0,77.0,80.0,55.0
2026-08-16 17:49:27,TQQQ,76.77,0.35,0.0,0.0,80.0,77.0,80.0,55.0
2026-08-16 17:50:27,TQQQ,76.77,0.35,0.0,0.0,80.0,77.0,80.0,55.0
2026-08-16 17:51:27,TQQQ,76.77,0.35,0.0,0.0,80.0,77.0,80.0,55.0
2026-08-16 17:52:27,TQQQ,76.77,0.35,0.0,0.0,80.0,77.0,80.0,55.0
2026-08-16 17:53:27,TQQQ,76.77,0.35,0.0,0.0,80.0,77.0,80.0,55.0
2026-08-16 17:54:27,TQQQ,76.77,0.35,0.0,0.0,80.0,77.0,80.0,55.0
2026-08-16 17:55:27,TQQQ,76.77,0.35,0.0,0.0,80.0,77.0,80.0,55.0
2026-08-16 17:56:27,TQQQ,76.77,0.35,0.0,0.0,80.0,77.0,80.0,55.0
2026-08-16 17:57:27,TQQQ,76.77,0.35,0.0,0.0,80.0,77.0,80.0,55.0
2026-08-16 17:58:27,TQQQ,76.77,0.35,0.0,0.0,80.0,77.0,80.0,55.0
2026-08-16 17:59:27,TQQQ,76.77,0.35,0.0,0.0,80.0,77.0,80.0,55.0
2026-08-16 18:00:27,TQQQ,76.77,0.35,0.0,0.0,80.0,77.0,80.0,55.0
2026-08-16 18:01:27,TQQQ,76.77,0.35,0.0,0.0,80.0,77.0,80.0,55.0
2026-08-16 18:02:27,TQQQ,76.77,0.35,0.0,0.0,80.0,77.0,80.0,55.0
2026-08-16 18:03:27,TQQQ,76.77,0.35,0.0,0.0,80.0,77.0,80.0,55.0
2026-08-16 18:04:27,TQQQ,76.77,0.35,0.0,0.0,80.0,77.0,80.0,55.0
2026-08-16 18:05:27,TQQQ,76.77,0.35,0.0,0.0,80.0,77.0,80.0,55.0
2026-08-16 18:06:27,TQQQ,76.77,0.35,0.0,0.0,80.0,77.0,80.0,55.0
2026-08-16 18:07:27,TQQQ,76.77,0.35,0.0,0.0,80.0,77.0,80.0,55.0
2026-08-16 18:08:27,TQQQ,76.77,0.35,0.0,0.0,80.0,77.0,80.0,55.0
2026-08-16 18:09:27,TQQQ,76.77,0.35,0.0,0.0,80.0,77.0,80.0,55.0
2026-08-16 18:10:27,TQQQ,76.77,0.35,0.0,0.0,80.0,77.0,80.0,55.0
2026-08-16 18:11:27,TQQQ,76.77,0.35,0.0,0.0,80.0,77.0,80.0,55.0
2026-08-16 18:12:27,TQQQ,76.77,0.35,0.0,0.0,80.0,77.0,80.0,55.0
2026-08-16 18:13:27,TQQQ,76.77,0.35,0.0,0.0,80.0,77.0,80.0,55.0
2026-08-16 18:14:27,TQQQ,76.77,0.35,0.0,0.0,80.0,77.0,80.0,55.0
2026-08-16 18:15:27,TQQQ,76.77,0.35,0.0,0.0,80.0,77.0,80.0,55.0
2026-08-16 18:16:27,TQQQ,76.77,0.35,0.0,0.0,80.0,77.0,80.0,55.0
2026-08-16 18:17:27,TQQQ,76.77,0.35,0.0,0.0,80.0,77.0,80.0,55.0
2026-08-16 18:18:27,TQQQ,76.77,0.35,0.0,0.0,80.0,77.0,80.0,55.0
2026-08-16 18:19:27,TQQQ,76.77,0.35,0.0,0.0,80.0,77.0,80.0,55.0
2026-08-16 18:20:27,TQQQ,76.77,0.35,0.0,0.0,80.0,77.0,80.0,55.0
2026-08-16 18:21:27,TQQQ,76.77,0.35,0.0,0.0,80.0,77.0,80.0,55.0
2026-08-16 18:22:27,TQQQ,76.77,0.35,0.0,0.0,80.0,77.0,80.0,55.0
2026-08-16 18:23:27,TQQQ,76.77,0.35,0.0,0.0,80.0,77.0,80.0,55.0
2026-08-16 18:24:27,TQQQ,76.77,0.35,0.0,0.0,80.0,77.0,80.0,55.0
2026-08-16 18:25:27,TQQQ,76.77,0.35,0.0,0.0,80.0,77.0,80.0,55.0
2026-08-16 18:26:27,TQQQ,76.77,0.35,0.0,0.0,80.0,77.0,80.0,55.0
2026-08-16 18:27:27,TQQQ,76.77,0.35,0.0,0.0,80.0,77.0,80.0,55.0
2026-08-16 18:28:27,TQQQ,76.77,0.35,0.0,0.0,80.0,77.0,80.0,55.0
2026-08-16 18:29:27,TQQQ,76.77,0.35,0.0,0.0,80.0,77.0,80.0,55.0
2026-08-16 18:30:27,TQQQ,76.77,0.35,0.0,0.0,80.0,77.0,80.0,55.0
2026-08-16 18:31:27,TQQQ,76.77,0.35,0.0,0.0,80.0,77.0,80.0,55.0
2026-08-16 18:32:27,TQQQ,76.77,0.35,0.0,0.0,80.0,77.0,80.0,55.0
2026-08-16 18:33:27,TQQQ,76.77,0.35,0.0,0.0,80.0,77.0,80.0,55.0
2026-08-16 18:34:27,TQQQ,76.77,0.35,0.0,0.0,80.0,77.0,80.0,55.0
2026-08-16 18:35:27,TQQQ,76.77,0.35,0.0,0.0,80.0,77.0,80.0,55.0
2026-08-16 18:36:27,TQQQ,76.77,0.35,0.0,0.0,80.0,77.0,80.0,55.0
2026-08-16 18:37:27,TQQQ,76.77,0.35,0.0,0.0,80.0,77.0,80.0,55.0
2026-08-16 18:38:27,TQQQ,76.77,0.35,0.0,0.0,80.0,77.0,80.0,55.0
2026-08-16 18:39:27,TQQQ,76.77,0.35,0.0,0.0,80.0,77.0,80.0,55.0
2026-08-16 18:40:27,TQQQ,76.77,0.35,0.0,0.0,80.0,77.0,80.0,55.0
2026-08-16 18:41:27,TQQQ,76.77,0.35,0.0,0.0,80.0,77.0,80.0,55.0
2026-08-16 18:42:27,TQQQ,76.77,0.35,0.0,0.0,80.0,77.0,80.0,55.0
2026-08-16 18:43:27,TQQQ,76.77,0.35,0.0,0.0,80.0,77.0,80.0,55.0
2026-08-16 18:44:27,TQQQ,76.77,0.35,0.0,0.0,80.0,77.0,80.0,55.0
2026-08-16 18:45:27,TQQQ,76.77,0.35,0.0,0.0,80.0,77.0,80.0,55.0
2026-08-16 18:46:27,TQQQ,76.77,0.35,0.0,0.0,80.0,77.0,80.0,55.0
2026-08-16 18:47:27,TQQQ,76.77,0.35,0.0,0.0,80.0,77.0,80.0,55.0
2026-08-16 18:48:27,TQQQ,76.77,0.35,0.0,0.0,80.0,77.0,80.0,55.0
2026-08-16 18:49:27,TQQQ,76.77,0.35,0.0,0.0,80.0,77.0,80.0,55.0
2026-08-16 18:50:27,TQQQ,76.79,0.35,0.0,0.0,80.0,77.0,80.0,55.0
2026-08-16 18:51:27,TQQQ,76.79,0.35,0.0,0.0,80.0,77.0,80.0,55.0
2026-08-16 18:52:27,TQQQ,76.79,0.35,0.0,0.0,80.0,77.0,80.0,55.0
2026-08-16 18:53:27,TQQQ,76.79,0.35,0.0,0.0,80.0,77.0,80.0,55.0
2026-08-16 18:54:27,TQQQ,76.79,0.35,0.0,0.0,80.0,77.0,80.0,55.0
2026-08-16 18:55:27,TQQQ,76.79,0.35,0.0,0.0,80.0,77.0,80.0,55.0
2026-08-16 18:56:27,TQQQ,76.79,0.35,0.0,0.0,80.0,77.0,80.0,55.0
2026-08-16 18:57:27,TQQQ,76.79,0.35,0.0,0.0,80.0,77.0,80.0,55.0
2026-08-16 18:58:27,TQQQ,76.79,0.35,0.0,0.0,80.0,77.0,80.0,55.0
2026-08-16 18:59:27,TQQQ,76.79,0.35,0.0,0.0,80.0,77.0,80.0,55.0
2026-08-16 19:00:27,TQQQ,77.31,0.55,0.0,0.0,80.0,77.0,80.0,55.0
2026-08-16 19:01:27,TQQQ,77.3,0.55,0.0,0.0,80.0,77.0,80.0,55.0
2026-08-16 19:02:27,TQQQ,77.36,0.55,0.0,0.0,80.0,77.0,80.0,55.0
2026-08-16 19:03:27,TQQQ,77.34,0.55,0.0,0.0,80.0,77.0,80.0,55.0
2026-08-16 19:04:27,TQQQ,77.33,0.55,0.0,0.0,80.0,77.0,80.0,55.0
2026-08-16 19:05:27,TQQQ,77.34,0.55,0.0,0.0,80.0,77.0,80.0,55.0
2026-08-16 19:06:27,TQQQ,77.34,0.55,0.0,0.0,80.0,77.0,80.0,55.0
2026-08-16 19:07:27,TQQQ,77.34,0.55,0.0,0.0,80.0,77.0,80.0,55.0
2026-08-16 19:08:27,TQQQ,77.35,0.55,0.0,0.0,80.0,77.0,80.0,55.0
2026-08-16 19:09:27,TQQQ,77.36,0.55,0.0,0.0,80.0,77.0,80.0,55.0
2026-08-16 19:10:27,TQQQ,77.3,0.55,0.0,0.0,80.0,77.0,80.0,55.0
2026-08-16 19:11:27,TQQQ,77.31,0.55,0.0,0.0,80.0,77.0,80.0,55.0
2026-08-16 19:12:27,TQQQ,77.36,0.55,0.0,0.0,80.0,77.0,80.0,55.0
2026-08-16 19:13:27,TQQQ,77.36,0.55,0.0,0.0,80.0,77.0,80.0,55.0
2026-08-16 19:14:27,TQQQ,77.34,0.55,0.0,0.0,80.0,77.0,80.0,55.0
2026-08-16 19:15:27,TQQQ,77.33,0.55,0.0,0.0,80.0,77.0,80.0,55.0
2026-08-16 19:16:27,TQQQ,77.31,0.55,0.0,0.0,80.0,77.0,80.0,55.0
2026-08-16 19:17:27,TQQQ,77.29,0.55,0.0,0.0,80.0,77.0,80.0,55.0
2026-08-16 19:18:27,TQQQ,77.27,0.55,0.0,0.0,80.0,77.0,80.0,55.0
2026-08-16 19:19:27,TQQQ,77.15,0.55,0.0,0.0,80.0,77.0,80.0,55.0
2026-08-16 19:20:27,TQQQ,77.18,0.55,0.0,0.0,80.0,77.0,80.0,55.0
2026-08-16 19:21:27,TQQQ,77.19,0.55,0.0,0.0,80.0,77.0,80.0,55.0
2026-08-16 19:22:27,TQQQ,77.18,0.55,0.0,0.0,80.0,77.0,80.0,55.0
2026-08-16 19:23:27,TQQQ,77.17,0.55,0.0,0.0,80.0,77.0,80.0,55.0
2026-08-16 19:24:27,TQQQ,77.19,0.55,0.0,0.0,80.0,77.0,80.0,55.0
2026-08-16 19:25:27,TQQQ,77.19,0.55,0.0,0.0,80.0,77.0,80.0,55.0
2026-08-16 19:26:27,TQQQ,77.21,0.55,0.0,0.0,80.0,77.0,80.0,55.0
2026-08-16 19:27:27,TQQQ,77.22,0.55,0.0,0.0,80.0,77.0,80.0,55.0
2026-08-16 19:28:27,TQQQ,77.22,0.55,0.0,0.0,80.0,77.0,80.0,55.0
2026-08-16 19:29:27,TQQQ,77.18,0.55,0.0,0.0,80.0,77.0,80.0,55.0
2026-08-16 19:30:27,TQQQ,77.18,0.55,0.0,0.0,80.0,77.0,80.0,55.0
2026-08-16 19:31:27,TQQQ,77.15,0.55,0.0,0.0,80.0,77.0,80.0,55.0
2026-08-16 19:32:27,TQQQ,77.16,0.55,0.0,0.0,80.0,77.0,80.0,55.0
2026-08-16 19:33:27,TQQQ,77.15,0.55,0.0,0.0,80.0,77.0,80.0,55.0
2026-08-16 19:34:27,TQQQ,77.14,0.55,0.0,0.0,80.0,77.0,80.0,55.0
2026-08-16 19:35:27,TQQQ,77.13,0.55,0.0,0.0,80.0,77.0,80.0,55.0
2026-08-16 19:36:27,TQQQ,77.13,0.55,0.0,0.0,80.0,77.0,80.0,55.0
2026-08-16 19:37:27,TQQQ,77.15,0.55,0.0,0.0,80.0,77.0,80.0,55.0
2026-08-16 19:38:27,TQQQ,77.12,0.55,0.0,0.0,80.0,77.0,80.0,55.0
2026-08-16 19:39:27,TQQQ,77.13,0.55,0.0,0.0,80.0,77.0,80.0,55.0
2026-08-16 19:40:27,TQQQ,77.12,0.55,0.0,0.0,80.0,77.0,80.0,55.0
2026-08-16 19:41:27,TQQQ,77.13,0.55,0.0,0.0,80.0,77.0,80.0,55.0
2026-08-16 19:42:27,TQQQ,77.13,0.55,0.0,0.0,80.0,77.0,80.0,55.0
2026-08-16 19:43:27,TQQQ,77.17,0.55,0.0,0.0,80.0,77.0,80.0,55.0
2026-08-16 19:44:27,TQQQ,77.16,0.55,0.0,0.0,80.0,77.0,80.0,55.0
2026-08-16 19:45:27,TQQQ,77.12,0.55,0.0,0.0,80.0,77.0,80.0,55.0
2026-08-16 19:46:27,TQQQ,77.13,0.55,0.0,0.0,80.0,77.0,80.0,55.0
2026-08-16 19:47:27,TQQQ,77.15,0.55,0.0,0.0,80.0,77.0,80.0,55.0
2026-08-16 19:48:27,TQQQ,77.15,0.55,0.0,0.0,80.0,77.0,80.0,55.0
2026-08-16 19:49:27,TQQQ,77.17,0.55,0.0,0.0,80.0,77.0,80.0,55.0
2026-08-16 19:50:27,TQQQ,77.17,0.55,0.0,0.0,80.0,77.0,80.0,55.0
2026-08-16 19:51:27,TQQQ,77.14,0.55,0.0,0.0,80.0,77.0,80.0,55.0
2026-08-16 19:52:27,TQQQ,77.15,0.55,0.0,0.0,80.0,77.0,80.0,55.0
2026-08-16 19:53:27,TQQQ,77.17,0.55,0.0,0.0,80.0,77.0,80.0,55.0
2026-08-16 19:54:27,TQQQ,77.18,0.55,0.0,0.0,80.0,77.0,80.0,55.0
2026-08-16 19:55:27,TQQQ,77.18,0.55,0.0,0.0,80.0,77.0,80.0,55.0
2026-08-16 19:56:27,TQQQ,77.19,0.55,0.0,0.0,80.0,77.0,80.0,55.0
2026-08-16 19:57:27,TQQQ,77.17,0.55,0.0,0.0,80.0,77.0,80.0,55.0
2026-08-16 19:58:27,TQQQ,77.18,0.55,0.0,0.0,80.0,77.0,80.0,55.0
2026-08-16 19:59:27,TQQQ,77.21,0.55,0.0,0.0,80.0,77.0,80.0,55.0
2026-08-16 20:00:27,TQQQ,77.27,0.55,0.0,0.0,80.0,77.0,80.0,55.0
2026-08-16 20:01:27,TQQQ,77.3,0.55,0.0,0.0,80.0,77.0,80.0,55.0
2026-08-16 20:02:27,TQQQ,77.34,0.55,0.0,0.0,80.0,77.0,80.0,55.0
2026-08-16 20:03:27,TQQQ,77.32,0.55,0.0,0.0,80.0,77.0,80.0,55.0
2026-08-16 20:04:27,TQQQ,77.37,0.55,0.0,0.0,80.0,77.0,80.0,55.0
2026-08-16 20:05:27,TQQQ,77.41,0.55,0.0,0.0,80.0,77.0,80.0,55.0
2026-08-16 20:06:27,TQQQ,77.42,0.55,0.0,0.0,80.0,77.0,80.0,55.0
2026-08-16 20:07:27,TQQQ,77.42,0.55,0.0,0.0,80.0,77.0,80.0,55.0
2026-08-16 20:08:27,TQQQ,77.44,0.55,0.0,0.0,80.0,77.0,80.0,55.0
2026-08-16 20:09:27,TQQQ,77.4,0.55,0.0,0.0,80.0,77.0,80.0,55.0
2026-08-16 20:10:27,TQQQ,77.36,0.55,0.0,0.0,80.0,77.0,80.0,55.0
2026-08-16 20:11:27,TQQQ,77.34,0.55,0.0,0.0,80.0,77.0,80.0,55.0
2026-08-16 20:12:27,TQQQ,77.34,0.55,0.0,0.0,80.0,77.0,80.0,55.0
2026-08-16 20:13:27,TQQQ,77.35,0.55,0.0,0.0,80.0,77.0,80.0,55.0
2026-08-16 20:14:27,TQQQ,77.32,0.55,0.0,0.0,80.0,77.0,80.0,55.0
2026-08-16 20:15:27,TQQQ,77.32,0.55,0.0,0.0,80.0,77.0,80.0,55.0
2026-08-16 20:16:27,TQQQ,77.25,0.55,0.0,0.0,80.0,77.0,80.0,55.0
2026-08-16 20:17:27,TQQQ,77.29,0.55,0.0,0.0,80.0,77.0,80.0,55.0
2026-08-16 20:18:27,TQQQ,77.3,0.55,0.0,0.0,80.0,77.0,80.0,55.0
2026-08-16 20:19:27,TQQQ,77.34,0.55,0.0,0.0,80.0,77.0,80.0,55.0
2026-08-16 20:20:27,TQQQ,77.4,0.55,0.0,0.0,80.0,77.0,80.0,55.0
2026-08-16 20:21:27,TQQQ,77.43,0.55,0.0,0.0,80.0,77.0,80.0,55.0
2026-08-16 20:22:27,TQQQ,77.46,0.55,0.0,0.0,80.0,77.0,80.0,55.0
2026-08-16 20:23:27,TQQQ,77.47,0.55,0.0,0.0,80.0,77.0,80.0,55.0
2026-08-16 20:24:27,TQQQ,77.47,0.55,0.0,0.0,80.0,77.0,80.0,55.0
2026-08-16 20:25:27,TQQQ,77.43,0.55,0.0,0.0,80.0,77.0,80.0,55.0
2026-08-16 20:26:27,TQQQ,77.46,0.55,0.0,0.0,80.0,77.0,80.0,55.0
2026-08-16 20:27:27,TQQQ,77.45,0.55,0.0,0.0,80.0,77.0,80.0,55.0
2026-08-16 20:28:27,TQQQ,77.45,0.55,0.0,0.0,80.0,77.0,80.0,55.0
2026-08-16 20:29:27,TQQQ,77.45,0.55,0.0,0.0,80.0,77.0,80.0,55.0
2026-08-16 20:30:27,TQQQ,77.42,0.55,0.0,0.0,80.0,77.0,80.0,55.0
2026-08-16 20:31:27,TQQQ,77.42,0.55,0.0,0.0,80.0,77.0,80.0,55.0
2026-08-16 20:32:27,TQQQ,77.4,0.55,0.0,0.0,80.0,77.0,80.0,55.0
2026-08-16 20:33:27,TQQQ,77.35,0.55,0.0,0.0,80.0,77.0,80.0,55.0
2026-08-16 20:34:27,TQQQ,77.3,0.55,0.0,0.0,80.0,77.0,80.0,55.0
2026-08-16 20:35:27,TQQQ,77.23,0.55,0.0,0.0,80.0,77.0,80.0,55.0
2026-08-16 20:36:27,TQQQ,77.22,0.55,0.0,0.0,80.0,77.0,80.0,55.0
2026-08-16 20:37:27,TQQQ,77.21,0.55,0.0,0.0,80.0,77.0,80.0,55.0
2026-08-16 20:38:27,TQQQ,77.22,0.55,0.0,0.0,80.0,77.0,80.0,55.0
2026-08-16 20:39:27,TQQQ,77.29,0.55,0.0,0.0,80.0,77.0,80.0,55.0
2026-08-16 20:40:27,TQQQ,77.3,0.55,0.0,0.0,80.0,77.0,80.0,55.0
2026-08-16 20:41:27,TQQQ,77.26,0.55,0.0,0.0,80.0,77.0,80.0,55.0
2026-08-16 20:42:27,TQQQ,77.2,0.55,0.0,0.0,80.0,77.0,80.0,55.0
2026-08-16 20:43:27,TQQQ,77.17,0.55,0.0,0.0,80.0,77.0,80.0,55.0
2026-08-16 20:44:27,TQQQ,77.17,0.55,0.0,0.0,80.0,77.0,80.0,55.0
2026-08-16 20:45:27,TQQQ,77.18,0.55,0.0,0.0,80.0,77.0,80.0,55.0
2026-08-16 20:46:27,TQQQ,77.18,0.55,0.0,0.0,80.0,77.0,80.0,55.0
2026-08-16 20:47:27,TQQQ,77.2,0.55,0.0,0.0,80.0,77.0,80.0,55.0
2026-08-16 20:48:27,TQQQ,77.21,0.55,0.0,0.0,80.0,77.0,80.0,55.0
2026-08-16 20:49:27,TQQQ,77.23,0.55,0.0,0.0,80.0,77.0,80.0,55.0
2026-08-16 20:50:27,TQQQ,77.18,0.55,0.0,0.0,80.0,77.0,80.0,55.0
2026-08-16 20:51:27,TQQQ,77.19,0.55,0.0,0.0,80.0,77.0,80.0,55.0
2026-08-16 20:52:27,TQQQ,77.15,0.55,0.0,0.0,80.0,77.0,80.0,55.0
2026-08-16 20:53:27,TQQQ,77.15,0.55,0.0,0.0,80.0,77.0,80.0,55.0
2026-08-16 20:54:27,TQQQ,77.15,0.55,0.0,0.0,80.0,77.0,80.0,55.0
2026-08-16 20:55:27,TQQQ,77.17,0.55,0.0,0.0,80.0,77.0,80.0,55.0
2026-08-16 20:56:27,TQQQ,77.17,0.55,0.0,0.0,80.0,77.0,80.0,55.0
2026-08-16 20:57:27,TQQQ,77.15,0.55,0.0,0.0,80.0,77.0,80.0,55.0
2026-08-16 20:58:27,TQQQ,77.16,0.55,0.0,0.0,80.0,77.0,80.0,55.0
2026-08-16 20:59:27,TQQQ,77.17,0.55,0.0,0.0,80.0,77.0,80.0,55.0
2026-08-16 21:00:27,TQQQ,77.16,0.55,0.0,0.0,80.0,77.0,80.0,55.0
2026-08-16 21:01:27,TQQQ,77.17,0.55,0.0,0.0,80.0,77.0,80.0,55.0
2026-08-16 21:02:27,TQQQ,77.15,0.55,0.0,0.0,80.0,77.0,80.0,55.0
2026-08-16 21:03:27,TQQQ,77.13,0.55,0.0,0.0,80.0,77.0,80.0,55.0
2026-08-16 21:04:27,TQQQ,77.14,0.55,0.0,0.0,80.0,77.0,80.0,55.0
2026-08-16 21:05:27,TQQQ,77.13,0.55,0.0,0.0,80.0,77.0,80.0,55.0
2026-08-16 21:06:27,TQQQ,77.12,0.55,0.0,0.0,80.0,77.0,80.0,55.0
2026-08-16 21:07:27,TQQQ,77.13,0.55,0.0,0.0,80.0,77.0,80.0,55.0
2026-08-16 21:08:27,TQQQ,77.15,0.55,0.0,0.0,80.0,77.0,80.0,55.0
2026-08-16 21:09:27,TQQQ,77.18,0.55,0.0,0.0,80.0,77.0,80.0,55.0
2026-08-16 21:10:27,TQQQ,77.19,0.55,0.0,0.0,80.0,77.0,80.0,55.0
2026-08-16 21:11:27,TQQQ,77.18,0.55,0.0,0.0,80.0,77.0,80.0,55.0
2026-08-16 21:12:27,TQQQ,77.2,0.55,0.0,0.0,80.0,77.0,80.0,55.0
2026-08-16 21:13:27,TQQQ,77.2,0.55,0.0,0.0,80.0,77.0,80.0,55.0
2026-08-16 21:14:27,TQQQ,77.2,0.55,0.0,0.0,80.0,77.0,80.0,55.0
2026-08-16 21:15:27,TQQQ,77.21,0.55,0.0,0.0,80.0,77.0,80.0,55.0
2026-08-16 21:16:27,TQQQ,77.21,0.55,0.0,0.0,80.0,77.0,80.0,55.0
2026-08-16 21:17:27,TQQQ,77.24,0.55,0.0,0.0,80.0,77.0,80.0,55.0
2026-08-16 21:18:27,TQQQ,77.23,0.55,0.0,0.0,80.0,77.0,80.0,55.0
2026-08-16 21:19:27,TQQQ,77.23,0.55,0.0,0.0,80.0,77.0,80.0,55.0
2026-08-16 21:20:27,TQQQ,77.24,0.55,0.0,0.0,80.0,77.0,80.0,55.0
2026-08-16 21:21:27,TQQQ,77.26,0.55,0.0,0.0,80.0,77.0,80.0,55.0
2026-08-16 21:22:27,TQQQ,77.32,0.55,0.0,0.0,80.0,77.0,80.0,55.0
2026-08-16 21:23:27,TQQQ,77.32,0.55,0.0,0.0,80.0,77.0,80.0,55.0
2026-08-16 21:24:27,TQQQ,77.35,0.55,0.0,0.0,80.0,77.0,80.0,55.0
2026-08-16 21:25:27,TQQQ,77.31,0.55,0.0,0.0,80.0,77.0,80.0,55.0
2026-08-16 21:26:27,TQQQ,77.33,0.55,0.0,0.0,80.0,77.0,80.0,55.0
2026-08-16 21:27:27,TQQQ,77.33,0.55,0.0,0.0,80.0,77.0,80.0,55.0
2026-08-16 21:28:27,TQQQ,77.35,0.55,0.0,0.0,80.0,77.0,80.0,55.0
2026-08-16 21:29:27,TQQQ,77.33,0.55,0.0,0.0,80.0,77.0,80.0,55.0
2026-08-16 21:30:27,TQQQ,77.31,0.55,0.0,0.0,80.0,77.0,80.0,55.0
2026-08-16 21:31:27,TQQQ,77.35,0.55,0.0,0.0,80.0,77.0,80.0,55.0
2026-08-16 21:32:27,TQQQ,77.38,0.55,0.0,0.0,80.0,77.0,80.0,55.0
2026-08-16 21:33:27,TQQQ,77.37,0.55,0.0,0.0,80.0,77.0,80.0,55.0
2026-08-16 21:34:27,TQQQ,77.35,0.55,0.0,0.0,80.0,77.0,80.0,55.0
2026-08-16 21:35:27,TQQQ,77.34,0.55,0.0,0.0,80.0,77.0,80.0,55.0
2026-08-16 21:36:27,TQQQ,77.32,0.55,0.0,0.0,80.0,77.0,80.0,55.0
2026-08-16 21:37:27,TQQQ,77.32,0.55,0.0,0.0,80.0,77.0,80.0,55.0
2026-08-16 21:38:27,TQQQ,77.32,0.55,0.0,0.0,80.0,77.0,80.0,55.0
2026-08-16 21:39:27,TQQQ,77.34,0.55,0.0,0.0,80.0,77.0,80.0,55.0
2026-08-16 21:40:27,TQQQ,77.35,0.55,0.0,0.0,80.0,77.0,80.0,55.0
2026-08-16 21:41:27,TQQQ,77.35,0.55,0.0,0.0,80.0,77.0,80.0,55.0
2026-08-16 21:42:27,TQQQ,77.36,0.55,0.0,0.0,80.0,77.0,80.0,55.0
2026-08-16 21:43:27,TQQQ,77.36,0.55,0.0,0.0,80.0,77.0,80.0,55.0
2026-08-16 21:44:27,TQQQ,77.38,0.55,0.0,0.0,80.0,77.0,80.0,55.0
2026-08-16 21:45:27,TQQQ,77.38,0.55,0.0,0.0,80.0,77.0,80.0,55.0
2026-08-16 21:46:27,TQQQ,77.38,0.55,0.0,0.0,80.0,77.0,80.0,55.0
2026-08-16 21:47:27,TQQQ,77.38,0.55,0.0,0.0,80.0,77.0,80.0,55.0
2026-08-16 21:48:27,TQQQ,77.38,0.55,0.0,0.0,80.0,77.0,80.0,55.0
2026-08-16 21:49:27,TQQQ,77.39,0.55,0.0,0.0,80.0,77.0,80.0,55.0
2026-08-16 21:50:27,TQQQ,77.4,0.55,0.0,0.0,80.0,77.0,80.0,55.0
2026-08-16 21:51:27,TQQQ,77.41,0.55,0.0,0.0,80.0,77.0,80.0,55.0
2026-08-16 21:52:27,TQQQ,77.43,0.55,0.0,0.0,80.0,77.0,80.0,55.0
2026-08-16 21:53:27,TQQQ,77.45,0.55,0.0,0.0,80.0,77.0,80.0,55.0
2026-08-16 21:54:27,TQQQ,77.39,0.55,0.0,0.0,80.0,77.0,80.0,55.0
2026-08-16 21:55:27,TQQQ,77.39,0.55,0.0,0.0,80.0,77.0,80.0,55.0
2026-08-16 21:56:27,TQQQ,77.39,0.55,0.0,0.0,80.0,77.0,80.0,55.0
2026-08-16 21:57:27,TQQQ,77.39,0.55,0.0,0.0,80.0,77.0,80.0,55.0
2026-08-16 21:58:27,TQQQ,77.38,0.55,0.0,0.0,80.0,77.0,80.0,55.0
2026-08-16 21:59:27,TQQQ,77.37,0.55,0.0,0.0,80.0,77.0,80.0,55.0
2026-08-16 22:00:27,TQQQ,77.39,0.55,0.0,0.0,80.0,77.0,80.0,55.0
2026-08-16 22:01:27,TQQQ,77.39,0.55,0.0,0.0,80.0,77.0,80.0,55.0
2026-08-16 22:02:27,TQQQ,77.41,0.55,0.0,0.0,80.0,77.0,80.0,55.0
2026-08-16 22:03:27,TQQQ,77.39,0.55,0.0,0.0,80.0,77.0,80.0,55.0
2026-08-16 22:04:27,TQQQ,77.41,0.55,0.0,0.0,80.0,77.0,80.0,55.0
2026-08-16 22:05:27,TQQQ,77.42,0.55,0.0,0.0,80.0,77.0,80.0,55.0
2026-08-16 22:06:27,TQQQ,77.41,0.55,0.0,0.0,80.0,77.0,80.0,55.0
2026-08-16 22:07:27,TQQQ,77.41,0.55,0.0,0.0,80.0,77.0,80.0,55.0
2026-08-16 22:08:27,TQQQ,77.41,0.55,0.0,0.0,80.0,77.0,80.0,55.0
2026-08-16 22:09:27,TQQQ,77.44,0.55,0.0,0.0,80.0,77.0,80.0,55.0
2026-08-16 22:10:27,TQQQ,77.47,0.55,0.0,0.0,80.0,77.0,80.0,55.0
2026-08-16 22:11:27,TQQQ,77.42,0.55,0.0,0.0,80.0,77.0,80.0,55.0
2026-08-16 22:12:27,TQQQ,77.42,0.55,0.0,0.0,80.0,77.0,80.0,55.0
2026-08-16 22:13:27,TQQQ,77.42,0.55,0.0,0.0,80.0,77.0,80.0,55.0
2026-08-16 22:14:27,TQQQ,77.41,0.55,0.0,0.0,80.0,77.0,80.0,55.0
2026-08-16 22:15:27,TQQQ,77.42,0.55,0.0,0.0,80.0,77.0,80.0,55.0
2026-08-16 22:16:27,TQQQ,77.44,0.55,0.0,0.0,80.0,77.0,80.0,55.0
2026-08-16 22:17:27,TQQQ,77.46,0.55,0.0,0.0,80.0,77.0,80.0,55.0
2026-08-16 22:18:27,TQQQ,77.45,0.55,0.0,0.0,80.0,77.0,80.0,55.0
2026-08-16 22:19:27,TQQQ,77.44,0.55,0.0,0.0,80.0,77.0,80.0,55.0
2026-08-16 22:20:27,TQQQ,77.45,0.55,0.0,0.0,80.0,77.0,80.0,55.0
2026-08-16 22:21:27,TQQQ,77.46,0.55,0.0,0.0,80.0,77.0,80.0,55.0
2026-08-16 22:22:27,TQQQ,77.46,0.55,0.0,0.0,80.0,77.0,80.0,55.0
2026-08-16 22:23:27,TQQQ,77.46,0.55,0.0,0.0,80.0,77.0,80.0,55.0
2026-08-16 22:24:27,TQQQ,77.45,0.55,0.0,0.0,80.0,77.0,80.0,55.0
2026-08-16 22:25:27,TQQQ,77.46,0.55,0.0,0.0,80.0,77.0,80.0,55.0
2026-08-16 22:26:27,TQQQ,77.47,0.55,0.0,0.0,80.0,77.0,80.0,55.0
2026-08-16 22:27:27,TQQQ,77.46,0.55,0.0,0.0,80.0,77.0,80.0,55.0
2026-08-16 22:28:27,TQQQ,77.45,0.55,0.0,0.0,80.0,77.0,80.0,55.0
2026-08-16 22:29:27,TQQQ,77.46,0.55,0.0,0.0,80.0,77.0,80.0,55.0
2026-08-16 22:30:27,TQQQ,77.47,0.55,0.0,0.0,80.0,77.0,80.0,55.0
2026-08-16 22:31:27,TQQQ,77.46,0.55,0.0,0.0,80.0,77.0,80.0,55.0
2026-08-16 22:32:27,TQQQ,77.43,0.55,0.0,0.0,80.0,77.0,80.0,55.0
2026-08-16 22:33:27,TQQQ,77.45,0.55,0.0,0.0,80.0,77.0,80.0,55.0
2026-08-16 22:34:27,TQQQ,77.48,0.55,0.0,0.0,80.0,77.0,80.0,55.0
2026-08-16 22:35:27,TQQQ,77.48,0.55,0.0,0.0,80.0,77.0,80.0,55.0
2026-08-16 22:36:27,TQQQ,77.49,0.55,0.0,0.0,80.0,77.0,80.0,55.0
2026-08-16 22:37:27,TQQQ,77.5,0.55,0.0,0.0,80.0,77.0,80.0,70.0
2026-08-16 22:38:27,TQQQ,77.51,0.55,0.0,0.0,80.0,77.0,80.0,70.0
2026-08-16 22:39:27,TQQQ,77.51,0.55,0.0,0.0,80.0,77.0,80.0,70.0
2026-08-16 22:40:27,TQQQ,77.5,0.55,0.0,0.0,80.0,77.0,80.0,70.0
2026-08-16 22:41:27,TQQQ,77.52,0.55,0.0,0.0,80.0,77.0,80.0,70.0
2026-08-16 22:42:27,TQQQ,77.53,0.55,0.0,0.0,80.0,77.0,80.0,70.0
2026-08-16 22:43:27,TQQQ,77.54,0.55,0.0,0.0,80.0,77.0,80.0,70.0
2026-08-16 22:44:27,TQQQ,77.53,0.55,0.0,0.0,80.0,77.0,80.0,70.0
2026-08-16 22:45:27,TQQQ,77.53,0.55,0.0,0.0,80.0,77.0,80.0,70.0
2026-08-16 22:46:27,TQQQ,77.53,0.55,0.0,0.0,80.0,77.0,80.0,70.0
2026-08-16 22:47:27,TQQQ,77.53,0.55,0.0,0.0,80.0,77.0,80.0,70.0
2026-08-16 22:48:27,TQQQ,77.52,0.55,0.0,0.0,80.0,77.0,80.0,70.0
2026-08-16 22:49:27,TQQQ,77.52,0.55,0.0,0.0,80.0,77.0,80.0,70.0
2026-08-16 22:50:27,TQQQ,77.53,0.55,0.0,0.0,80.0,77.0,80.0,70.0
2026-08-16 22:51:27,TQQQ,77.54,0.55,0.0,0.0,80.0,77.0,80.0,70.0
2026-08-16 22:52:27,TQQQ,77.53,0.55,0.0,0.0,80.0,77.0,80.0,70.0
2026-08-16 22:53:27,TQQQ,77.53,0.55,0.0,0.0,80.0,77.0,80.0,70.0
2026-08-16 22:54:27,TQQQ,77.55,0.55,0.0,0.0,80.0,77.0,80.0,70.0
2026-08-16 22:55:27,TQQQ,77.55,0.55,0.0,0.0,80.0,77.0,80.0,70.0
2026-08-16 22:56:27,TQQQ,77.56,0.55,0.0,0.0,80.0,77.0,80.0,70.0
2026-08-16 22:57:27,TQQQ,77.56,0.55,0.0,0.0,80.0,77.0,80.0,70.0
2026-08-16 22:58:27,TQQQ,77.55,0.55,0.0,0.0,80.0,77.0,80.0,70.0
2026-08-16 22:59:27,TQQQ,77.56,0.55,0.0,0.0,80.0,77.0,80.0,70.0
2026-08-16 23:00:27,TQQQ,77.57,0.55,0.0,0.0,80.0,77.0,80.0,70.0
2026-08-16 23:01:27,TQQQ,77.56,0.55,0.0,0.0,80.0,77.0,80.0,70.0
2026-08-16 23:02:27,TQQQ,77.55,0.55,0.0,0.0,80.0,77.0,80.0,70.0
2026-08-16 23:03:27,TQQQ,77.55,0.55,0.0,0.0,80.0,77.0,80.0,70.0
2026-08-16 23:04:27,TQQQ,77.56,0.55,0.0,0.0,80.0,77.0,80.0,70.0
2026-08-16 23:05:27,TQQQ,77.57,0.55,0.0,0.0,80.0,77.0,80.0,70.0
2026-08-16 23:06:27,TQQQ,77.59,0.55,0.0,0.0,80.0,77.0,80.0,70.0
2026-08-16 23:07:27,TQQQ,77.58,0.55,0.0,0.0,80.0,77.0,80.0,70.0
2026-08-16 23:08:27,TQQQ,77.58,0.55,0.0,0.0,80.0,77.0,80.0,70.0
2026-08-16 23:09:27,TQQQ,77.58,0.55,0.0,0.0,80.0,77.0,80.0,70.0
2026-08-16 23:10:27,TQQQ,77.58,0.55,0.0,0.0,80.0,77.0,80.0,70.0
2026-08-16 23:11:27,TQQQ,77.59,0.55,0.0,0.0,80.0,77.0,80.0,70.0
2026-08-16 23:12:27,TQQQ,77.58,0.55,0.0,0.0,80.0,77.0,80.0,70.0
2026-08-16 23:13:27,TQQQ,77.57,0.55,0.0,0.0,80.0,77.0,80.0,70.0
2026-08-16 23:14:27,TQQQ,77.6,0.55,0.0,0.0,80.0,77.0,80.0,70.0
2026-08-16 23:15:27,TQQQ,77.6,0.55,0.0,0.0,80.0,77.0,80.0,70.0
2026-08-16 23:16:27,TQQQ,77.59,0.55,0.0,0.0,80.0,77.0,80.0,70.0
2026-08-16 23:17:27,TQQQ,77.59,0.55,0.0,0.0,80.0,77.0,80.0,70.0
2026-08-16 23:18:27,TQQQ,77.57,0.55,0.0,0.0,80.0,77.0,80.0,70.0
2026-08-16 23:19:27,TQQQ,77.57,0.55,0.0,0.0,80.0,77.0,80.0,70.0
2026-08-16 23:20:27,TQQQ,77.59,0.55,0.0,0.0,80.0,77.0,80.0,70.0
2026-08-16 23:21:27,TQQQ,77.59,0.55,0.0,0.0,80.0,77.0,80.0,70.0
2026-08-16 23:22:27,TQQQ,77.58,0.55,0.0,0.0,80.0,77.0,80.0,70.0
2026-08-16 23:23:28,TQQQ,77.57,0.55,0.0,0.0,80.0,77.0,80.0,70.0
2026-08-16 23:24:27,TQQQ,77.56,0.55,0.0,0.0,80.0,77.0,80.0,70.0
2026-08-16 23:25:27,TQQQ,77.56,0.55,0.0,0.0,80.0,77.0,80.0,70.0
2026-08-16 23:26:27,TQQQ,77.56,0.55,0.0,0.0,80.0,77.0,80.0,70.0
2026-08-16 23:27:27,TQQQ,77.55,0.55,0.0,0.0,80.0,77.0,80.0,70.0
2026-08-16 23:28:27,TQQQ,77.55,0.55,0.0,0.0,80.0,77.0,80.0,70.0
2026-08-16 23:29:27,TQQQ,77.54,0.55,0.0,0.0,80.0,77.0,80.0,70.0
2026-08-16 23:30:28,TQQQ,77.51,0.55,0.0,0.0,80.0,77.0,80.0,70.0
2026-08-16 23:31:27,TQQQ,77.51,0.55,0.0,0.0,80.0,77.0,80.0,70.0
2026-08-16 23:32:27,TQQQ,77.5,0.55,0.0,0.0,80.0,77.0,80.0,70.0
2026-08-16 23:33:27,TQQQ,77.49,0.55,0.0,0.0,80.0,77.0,80.0,55.0
2026-08-16 23:34:27,TQQQ,77.5,0.55,0.0,0.0,80.0,77.0,80.0,70.0
2026-08-16 23:35:27,TQQQ,77.49,0.55,0.0,0.0,80.0,77.0,80.0,55.0
2026-08-16 23:36:27,TQQQ,77.5,0.55,0.0,0.0,80.0,77.0,80.0,70.0
2026-08-16 23:37:27,TQQQ,77.51,0.55,0.0,0.0,80.0,77.0,80.0,70.0
2026-08-16 23:38:27,TQQQ,77.51,0.55,0.0,0.0,80.0,77.0,80.0,70.0
2026-08-16 23:39:27,TQQQ,77.52,0.55,0.0,0.0,80.0,77.0,80.0,70.0
2026-08-16 23:40:27,TQQQ,77.51,0.55,0.0,0.0,80.0,77.0,80.0,70.0
2026-08-16 23:41:27,TQQQ,77.54,0.55,0.0,0.0,80.0,77.0,80.0,70.0
2026-08-16 23:42:27,TQQQ,77.54,0.55,0.0,0.0,80.0,77.0,80.0,70.0
2026-08-16 23:43:27,TQQQ,77.55,0.55,0.0,0.0,80.0,77.0,80.0,70.0
2026-08-16 23:44:27,TQQQ,77.55,0.55,0.0,0.0,80.0,77.0,80.0,70.0
2026-08-16 23:45:27,TQQQ,77.55,0.55,0.0,0.0,80.0,77.0,80.0,70.0
2026-08-16 23:46:27,TQQQ,77.55,0.55,0.0,0.0,80.0,77.0,80.0,70.0
2026-08-16 23:47:27,TQQQ,77.55,0.55,0.0,0.0,80.0,77.0,80.0,70.0
2026-08-16 23:48:27,TQQQ,77.55,0.55,0.0,0.0,80.0,77.0,80.0,70.0
2026-08-16 23:49:27,TQQQ,77.54,0.55,0.0,0.0,80.0,77.0,80.0,70.0
2026-08-16 23:50:27,TQQQ,77.53,0.55,0.0,0.0,80.0,77.0,80.0,70.0
2026-08-16 23:51:27,TQQQ,77.5,0.55,0.0,0.0,80.0,77.0,80.0,70.0
2026-08-16 23:52:27,TQQQ,77.48,0.55,0.0,0.0,80.0,77.0,80.0,55.0
2026-08-16 23:53:27,TQQQ,77.48,0.55,0.0,0.0,80.0,77.0,80.0,55.0
2026-08-16 23:54:27,TQQQ,77.49,0.55,0.0,0.0,80.0,77.0,80.0,55.0
2026-08-16 23:55:27,TQQQ,77.49,0.55,0.0,0.0,80.0,77.0,80.0,55.0
2026-08-16 23:56:27,TQQQ,77.49,0.55,0.0,0.0,80.0,77.0,80.0,55.0
2026-08-16 23:57:27,TQQQ,77.49,0.55,0.0,0.0,80.0,77.0,80.0,55.0
2026-08-16 23:58:27,TQQQ,77.49,0.55,0.0,0.0,80.0,77.0,80.0,55.0
2026-08-17 00:00:28,TQQQ,77.5,0.55,0.0,0.0,80.0,77.0,80.0,70.0
2026-08-17 00:01:27,TQQQ,77.51,0.55,0.0,0.0,80.0,77.0,80.0,70.0
2026-08-17 00:02:27,TQQQ,77.52,0.55,0.0,0.0,80.0,77.0,80.0,70.0
2026-08-17 00:03:27,TQQQ,77.55,0.55,0.0,0.0,80.0,77.0,80.0,70.0
2026-08-17 00:04:27,TQQQ,77.53,0.55,0.0,0.0,80.0,77.0,80.0,70.0
2026-08-17 00:05:27,TQQQ,77.52,0.55,0.0,0.0,80.0,77.0,80.0,70.0
2026-08-17 00:06:27,TQQQ,77.52,0.55,0.0,0.0,80.0,77.0,80.0,70.0
2026-08-17 00:07:27,TQQQ,77.53,0.55,0.0,0.0,80.0,77.0,80.0,70.0
2026-08-17 00:08:27,TQQQ,77.52,0.55,0.0,0.0,80.0,77.0,80.0,70.0
2026-08-17 00:09:27,TQQQ,77.56,0.55,0.0,0.0,80.0,77.0,80.0,70.0
2026-08-17 00:10:27,TQQQ,77.56,0.55,0.0,0.0,80.0,77.0,80.0,70.0
2026-08-17 00:11:27,TQQQ,77.54,0.55,0.0,0.0,80.0,77.0,80.0,70.0
2026-08-17 00:12:27,TQQQ,77.53,0.55,0.0,0.0,80.0,77.0,80.0,70.0
2026-08-17 00:13:27,TQQQ,77.54,0.55,0.0,0.0,80.0,77.0,80.0,70.0
2026-08-17 00:14:27,TQQQ,77.53,0.55,0.0,0.0,80.0,77.0,80.0,70.0
2026-08-17 00:15:27,TQQQ,77.54,0.55,0.0,0.0,80.0,77.0,80.0,70.0
2026-08-17 00:16:27,TQQQ,77.56,0.55,0.0,0.0,80.0,77.0,80.0,70.0
2026-08-17 00:17:27,TQQQ,77.54,0.55,0.0,0.0,80.0,77.0,80.0,70.0
2026-08-17 00:18:27,TQQQ,77.55,0.55,0.0,0.0,80.0,77.0,80.0,70.0
2026-08-17 00:19:27,TQQQ,77.56,0.55,0.0,0.0,80.0,77.0,80.0,70.0
2026-08-17 00:20:27,TQQQ,77.54,0.55,0.0,0.0,80.0,77.0,80.0,70.0
2026-08-17 00:21:27,TQQQ,77.55,0.55,0.0,0.0,80.0,77.0,80.0,70.0
2026-08-17 00:22:27,TQQQ,77.54,0.55,0.0,0.0,80.0,77.0,80.0,70.0
2026-08-17 00:23:27,TQQQ,77.52,0.55,0.0,0.0,80.0,77.0,80.0,70.0
2026-08-17 00:24:27,TQQQ,77.52,0.55,0.0,0.0,80.0,77.0,80.0,70.0
2026-08-17 00:25:27,TQQQ,77.48,0.55,0.0,0.0,80.0,77.0,80.0,55.0
2026-08-17 00:26:27,TQQQ,77.49,0.55,0.0,0.0,80.0,77.0,80.0,55.0
2026-08-17 00:27:27,TQQQ,77.51,0.55,0.0,0.0,80.0,77.0,80.0,70.0
2026-08-17 00:28:27,TQQQ,77.5,0.55,0.0,0.0,80.0,77.0,80.0,70.0
2026-08-17 00:29:27,TQQQ,77.52,0.55,0.0,0.0,80.0,77.0,80.0,70.0
2026-08-17 00:30:27,TQQQ,77.52,0.55,0.0,0.0,80.0,77.0,80.0,70.0
2026-08-17 00:31:27,TQQQ,77.54,0.55,0.0,0.0,80.0,77.0,80.0,70.0
2026-08-17 00:32:27,TQQQ,77.57,0.55,0.0,0.0,80.0,77.0,80.0,70.0
2026-08-17 00:33:27,TQQQ,77.61,0.55,0.0,0.0,80.0,78.0,80.0,70.0
2026-08-17 00:34:27,TQQQ,77.63,0.55,0.0,0.0,80.0,78.0,80.0,70.0
2026-08-17 00:35:27,TQQQ,77.63,0.55,0.0,0.0,80.0,78.0,80.0,70.0
2026-08-17 00:36:27,TQQQ,77.61,0.55,0.0,0.0,80.0,78.0,80.0,70.0
2026-08-17 00:37:28,TQQQ,77.6,0.55,0.0,0.0,80.0,77.0,80.0,70.0
2026-08-17 00:38:27,TQQQ,77.63,0.55,0.0,0.0,80.0,78.0,80.0,70.0
2026-08-17 00:39:27,TQQQ,77.65,0.55,0.0,0.0,80.0,78.0,80.0,70.0
2026-08-17 00:40:27,TQQQ,77.65,0.55,0.0,0.0,80.0,78.0,80.0,70.0
2026-08-17 00:41:27,TQQQ,77.67,0.55,0.0,0.0,80.0,78.0,80.0,70.0
2026-08-17 00:42:27,TQQQ,77.66,0.55,0.0,0.0,80.0,78.0,80.0,70.0
2026-08-17 00:43:28,TQQQ,77.67,0.55,0.0,0.0,80.0,78.0,80.0,70.0
2026-08-17 00:44:27,TQQQ,77.67,0.55,0.0,0.0,80.0,78.0,80.0,70.0
2026-08-17 00:45:27,TQQQ,77.68,0.55,0.0,0.0,80.0,78.0,80.0,70.0
2026-08-17 00:46:27,TQQQ,77.68,0.55,0.0,0.0,80.0,78.0,80.0,70.0
2026-08-17 00:47:27,TQQQ,77.68,0.55,0.0,0.0,80.0,78.0,80.0,70.0
2026-08-17 00:48:27,TQQQ,77.71,0.55,0.0,0.0,80.0,78.0,80.0,70.0
2026-08-17 00:49:27,TQQQ,77.72,0.55,0.0,0.0,80.0,78.0,80.0,70.0
2026-08-17 00:50:27,TQQQ,77.73,0.55,0.0,0.0,80.0,78.0,80.0,70.0
2026-08-17 00:51:27,TQQQ,77.74,0.55,0.0,0.0,80.0,78.0,80.0,70.0
2026-08-17 00:52:27,TQQQ,77.73,0.55,0.0,0.0,80.0,78.0,80.0,70.0
2026-08-17 00:53:27,TQQQ,77.75,0.55,0.0,0.0,80.0,78.0,80.0,70.0
2026-08-17 00:54:27,TQQQ,77.76,0.55,0.0,0.0,80.0,78.0,80.0,70.0
2026-08-17 00:55:27,TQQQ,77.74,0.55,0.0,0.0,80.0,78.0,80.0,70.0
2026-08-17 00:56:27,TQQQ,77.76,0.55,0.0,0.0,80.0,78.0,80.0,70.0
2026-08-17 00:57:27,TQQQ,77.76,0.55,0.0,0.0,80.0,78.0,80.0,70.0
2026-08-17 00:58:27,TQQQ,77.76,0.55,0.0,0.0,80.0,78.0,80.0,70.0
2026-08-17 00:59:27,TQQQ,77.76,0.55,0.0,0.0,80.0,78.0,80.0,70.0
2026-08-17 01:00:27,TQQQ,77.76,0.55,0.0,0.0,80.0,78.0,80.0,70.0
2026-08-17 01:01:27,TQQQ,77.77,0.55,0.0,0.0,80.0,78.0,80.0,70.0
2026-08-17 01:02:27,TQQQ,77.81,0.55,0.0,0.0,80.0,78.0,80.0,70.0
2026-08-17 01:03:28,TQQQ,77.81,0.55,0.0,0.0,80.0,78.0,80.0,70.0
2026-08-17 01:04:27,TQQQ,77.84,0.55,0.0,0.0,80.0,78.0,80.0,70.0
2026-08-17 01:05:28,TQQQ,77.9,0.55,0.0,0.0,80.0,78.0,80.0,70.0
2026-08-17 01:06:27,TQQQ,77.91,0.55,0.0,0.0,80.0,78.0,80.0,70.0
2026-08-17 01:07:27,TQQQ,77.92,0.55,0.0,0.0,80.0,78.0,80.0,70.0
2026-08-17 01:08:27,TQQQ,77.92,0.55,0.0,0.0,80.0,78.0,80.0,70.0
2026-08-17 01:09:27,TQQQ,77.9,0.55,0.0,0.0,80.0,78.0,80.0,70.0
2026-08-17 01:10:27,TQQQ,77.9,0.55,0.0,0.0,80.0,78.0,80.0,70.0
2026-08-17 01:11:27,TQQQ,77.89,0.55,0.0,0.0,80.0,78.0,80.0,70.0
2026-08-17 01:12:27,TQQQ,77.89,0.55,0.0,0.0,80.0,78.0,80.0,70.0
2026-08-17 01:13:27,TQQQ,77.89,0.55,0.0,0.0,80.0,78.0,80.0,70.0
2026-08-17 01:14:27,TQQQ,77.88,0.55,0.0,0.0,80.0,78.0,80.0,70.0
2026-08-17 01:15:27,TQQQ,77.86,0.55,0.0,0.0,80.0,78.0,80.0,70.0
2026-08-17 01:16:27,TQQQ,77.82,0.55,0.0,0.0,80.0,78.0,80.0,70.0
2026-08-17 01:17:27,TQQQ,77.77,0.55,0.0,0.0,80.0,78.0,80.0,70.0
2026-08-17 01:18:27,TQQQ,77.8,0.55,0.0,0.0,80.0,78.0,80.0,70.0
2026-08-17 01:19:27,TQQQ,77.81,0.55,0.0,0.0,80.0,78.0,80.0,70.0
2026-08-17 01:20:27,TQQQ,77.8,0.55,0.0,0.0,80.0,78.0,80.0,70.0
2026-08-17 01:21:27,TQQQ,77.8,0.55,0.0,0.0,80.0,78.0,80.0,70.0
2026-08-17 01:22:27,TQQQ,77.77,0.55,0.0,0.0,80.0,78.0,80.0,70.0
2026-08-17 01:23:27,TQQQ,77.81,0.55,0.0,0.0,80.0,78.0,80.0,70.0
2026-08-17 01:24:27,TQQQ,77.86,0.55,0.0,0.0,80.0,78.0,80.0,70.0
2026-08-17 01:25:27,TQQQ,77.86,0.55,0.0,0.0,80.0,78.0,80.0,70.0
2026-08-17 01:26:27,TQQQ,77.87,0.55,0.0,0.0,80.0,78.0,80.0,70.0
2026-08-17 01:27:27,TQQQ,77.88,0.55,0.0,0.0,80.0,78.0,80.0,70.0
2026-08-17 01:28:27,TQQQ,77.91,0.55,0.0,0.0,80.0,78.0,80.0,70.0
2026-08-17 01:29:27,TQQQ,77.95,0.55,0.0,0.0,80.0,78.0,80.0,70.0
2026-08-17 01:30:27,TQQQ,77.95,0.55,0.0,0.0,80.0,78.0,80.0,70.0
2026-08-17 01:31:27,TQQQ,77.95,0.55,0.0,0.0,80.0,78.0,80.0,70.0
2026-08-17 01:32:27,TQQQ,77.95,0.55,0.0,0.0,80.0,78.0,80.0,70.0
2026-08-17 01:33:27,TQQQ,77.95,0.55,0.0,0.0,80.0,78.0,80.0,70.0
2026-08-17 01:34:27,TQQQ,78.01,0.55,0.0,0.0,80.0,78.0,80.0,70.0
2026-08-17 01:35:27,TQQQ,78.05,0.55,0.0,0.0,80.0,78.0,80.0,70.0
2026-08-17 01:36:27,TQQQ,78.07,0.55,0.0,0.0,80.0,78.0,80.0,70.0
2026-08-17 01:37:27,TQQQ,78.05,0.55,0.0,0.0,80.0,78.0,80.0,70.0
2026-08-17 01:38:27,TQQQ,78.07,0.55,0.0,0.0,80.0,78.0,80.0,70.0
2026-08-17 01:39:27,TQQQ,78.11,0.55,0.0,0.0,80.0,78.0,80.0,70.0
2026-08-17 01:40:27,TQQQ,78.16,0.55,0.0,0.0,80.0,78.0,80.0,70.0
2026-08-17 01:41:27,TQQQ,78.15,0.55,0.0,0.0,80.0,78.0,80.0,70.0
2026-08-17 01:42:27,TQQQ,78.13,0.55,0.0,0.0,80.0,78.0,80.0,70.0
2026-08-17 01:43:27,TQQQ,78.15,0.55,0.0,0.0,80.0,78.0,80.0,70.0
2026-08-17 01:44:27,TQQQ,78.1,0.55,0.0,0.0,80.0,78.0,80.0,70.0
2026-08-17 01:45:27,TQQQ,78.08,0.55,0.0,0.0,80.0,78.0,80.0,70.0
2026-08-17 01:46:27,TQQQ,78.06,0.55,0.0,0.0,80.0,78.0,80.0,70.0
2026-08-17 01:47:27,TQQQ,78.08,0.55,0.0,0.0,80.0,78.0,80.0,70.0
2026-08-17 01:48:27,TQQQ,78.1,0.55,0.0,0.0,80.0,78.0,80.0,70.0
2026-08-17 01:49:27,TQQQ,78.14,0.55,0.0,0.0,80.0,78.0,80.0,70.0
2026-08-17 01:50:27,TQQQ,78.14,0.55,0.0,0.0,80.0,78.0,80.0,70.0
2026-08-17 01:51:27,TQQQ,78.14,0.55,0.0,0.0,80.0,78.0,80.0,70.0
2026-08-17 01:52:27,TQQQ,78.13,0.55,0.0,0.0,80.0,78.0,80.0,70.0
2026-08-17 01:53:27,TQQQ,78.12,0.55,0.0,0.0,80.0,78.0,80.0,70.0
2026-08-17 01:54:27,TQQQ,78.11,0.55,0.0,0.0,80.0,78.0,80.0,70.0
2026-08-17 01:55:27,TQQQ,78.1,0.55,0.0,0.0,80.0,78.0,80.0,70.0
2026-08-17 01:56:27,TQQQ,78.1,0.55,0.0,0.0,80.0,78.0,80.0,70.0
2026-08-17 01:57:27,TQQQ,78.12,0.55,0.0,0.0,80.0,78.0,80.0,70.0
2026-08-17 01:58:27,TQQQ,78.09,0.55,0.0,0.0,80.0,78.0,80.0,70.0
2026-08-17 01:59:27,TQQQ,78.13,0.55,0.0,0.0,80.0,78.0,80.0,70.0
2026-08-17 02:00:27,TQQQ,78.11,0.55,0.0,0.0,80.0,78.0,80.0,70.0
2026-08-17 02:01:27,TQQQ,78.14,0.55,0.0,0.0,80.0,78.0,80.0,70.0
2026-08-17 02:02:27,TQQQ,78.11,0.55,0.0,0.0,80.0,78.0,80.0,70.0
2026-08-17 02:03:27,TQQQ,78.08,0.55,0.0,0.0,80.0,78.0,80.0,70.0
2026-08-17 02:04:28,TQQQ,78.05,0.55,0.0,0.0,80.0,78.0,80.0,70.0
2026-08-17 02:05:27,TQQQ,78.06,0.55,0.0,0.0,80.0,78.0,80.0,70.0
2026-08-17 02:06:27,TQQQ,78.0,0.55,0.0,0.0,80.0,78.0,80.0,70.0
2026-08-17 02:07:27,TQQQ,77.98,0.55,0.0,0.0,80.0,78.0,80.0,70.0
2026-08-17 02:08:27,TQQQ,77.98,0.55,0.0,0.0,80.0,78.0,80.0,70.0
2026-08-17 02:09:27,TQQQ,78.0,0.55,0.0,0.0,80.0,78.0,80.0,70.0
2026-08-17 02:10:27,TQQQ,77.96,0.55,0.0,0.0,80.0,78.0,80.0,70.0
2026-08-17 02:11:27,TQQQ,77.93,0.55,0.0,0.0,80.0,78.0,80.0,70.0
2026-08-17 02:12:27,TQQQ,77.88,0.55,0.0,0.0,80.0,78.0,80.0,70.0
2026-08-17 02:13:27,TQQQ,77.83,0.55,0.0,0.0,80.0,78.0,80.0,70.0
2026-08-17 02:14:27,TQQQ,77.81,0.55,0.0,0.0,80.0,78.0,80.0,70.0
2026-08-17 02:15:27,TQQQ,77.76,0.55,0.0,0.0,80.0,78.0,80.0,70.0
2026-08-17 02:16:27,TQQQ,77.71,0.55,0.0,0.0,80.0,78.0,80.0,70.0
2026-08-17 02:17:27,TQQQ,77.7,0.55,0.0,0.0,80.0,78.0,80.0,70.0
2026-08-17 02:18:27,TQQQ,77.76,0.55,0.0,0.0,80.0,78.0,80.0,70.0
2026-08-17 02:19:27,TQQQ,77.73,0.55,0.0,0.0,80.0,78.0,80.0,70.0
2026-08-17 02:20:27,TQQQ,77.72,0.55,0.0,0.0,80.0,78.0,80.0,70.0
2026-08-17 02:21:27,TQQQ,77.72,0.55,0.0,0.0,80.0,78.0,80.0,70.0
2026-08-17 02:22:27,TQQQ,77.75,0.55,0.0,0.0,80.0,78.0,80.0,70.0
2026-08-17 02:23:27,TQQQ,77.77,0.55,0.0,0.0,80.0,78.0,80.0,70.0
2026-08-17 02:24:27,TQQQ,77.77,0.55,0.0,0.0,80.0,78.0,80.0,70.0
2026-08-17 02:25:28,TQQQ,77.73,0.55,0.0,0.0,80.0,78.0,80.0,70.0
2026-08-17 02:26:27,TQQQ,77.74,0.55,0.0,0.0,80.0,78.0,80.0,70.0
2026-08-17 02:27:27,TQQQ,77.71,0.55,0.0,0.0,80.0,78.0,80.0,70.0
2026-08-17 02:28:27,TQQQ,77.76,0.55,0.0,0.0,80.0,78.0,80.0,70.0
2026-08-17 02:29:27,TQQQ,77.78,0.55,0.0,0.0,80.0,78.0,80.0,70.0
2026-08-17 02:30:27,TQQQ,77.84,0.55,0.0,0.0,80.0,78.0,80.0,70.0
2026-08-17 02:31:27,TQQQ,77.81,0.55,0.0,0.0,80.0,78.0,80.0,70.0
2026-08-17 02:32:27,TQQQ,77.85,0.55,0.0,0.0,80.0,78.0,80.0,70.0
2026-08-17 02:33:27,TQQQ,77.87,0.55,0.0,0.0,80.0,78.0,80.0,70.0
2026-08-17 02:34:27,TQQQ,77.91,0.55,0.0,0.0,80.0,78.0,80.0,70.0
2026-08-17 02:35:27,TQQQ,77.96,0.55,0.0,0.0,80.0,78.0,80.0,70.0
2026-08-17 02:36:27,TQQQ,77.97,0.55,0.0,0.0,80.0,78.0,80.0,70.0
2026-08-17 02:37:27,TQQQ,78.11,0.55,0.0,0.0,80.0,78.0,80.0,70.0
2026-08-17 02:38:27,TQQQ,78.09,0.55,0.0,0.0,80.0,78.0,80.0,70.0
2026-08-17 02:39:27,TQQQ,78.09,0.55,0.0,0.0,80.0,78.0,80.0,70.0
2026-08-17 02:40:27,TQQQ,78.11,0.55,0.0,0.0,80.0,78.0,80.0,70.0
2026-08-17 02:41:27,TQQQ,78.11,0.55,0.0,0.0,80.0,78.0,80.0,70.0
2026-08-17 02:42:27,TQQQ,78.13,0.55,0.0,0.0,80.0,78.0,80.0,70.0
2026-08-17 02:43:27,TQQQ,78.12,0.55,0.0,0.0,80.0,78.0,80.0,70.0
2026-08-17 02:44:27,TQQQ,78.11,0.55,0.0,0.0,80.0,78.0,80.0,70.0
2026-08-17 02:45:27,TQQQ,78.1,0.55,0.0,0.0,80.0,78.0,80.0,70.0
2026-08-17 02:46:27,TQQQ,78.13,0.55,0.0,0.0,80.0,78.0,80.0,70.0
2026-08-17 02:47:27,TQQQ,78.13,0.55,0.0,0.0,80.0,78.0,80.0,70.0
2026-08-17 02:48:27,TQQQ,78.1,0.55,0.0,0.0,80.0,78.0,80.0,70.0
2026-08-17 02:49:28,TQQQ,78.08,0.55,0.0,0.0,80.0,78.0,80.0,70.0
2026-08-17 02:50:27,TQQQ,78.08,0.55,0.0,0.0,80.0,78.0,80.0,70.0
2026-08-17 02:51:28,TQQQ,78.07,0.55,0.0,0.0,80.0,78.0,80.0,70.0
2026-08-17 02:52:27,TQQQ,78.08,0.55,0.0,0.0,80.0,78.0,80.0,70.0
2026-08-17 02:53:27,TQQQ,78.07,0.55,0.0,0.0,80.0,78.0,80.0,70.0
2026-08-17 02:54:27,TQQQ,78.06,0.55,0.0,0.0,80.0,78.0,80.0,70.0
2026-08-17 02:55:28,TQQQ,78.03,0.55,0.0,0.0,80.0,78.0,80.0,70.0
2026-08-17 02:56:27,TQQQ,78.03,0.55,0.0,0.0,80.0,78.0,80.0,70.0
2026-08-17 02:57:27,TQQQ,78.04,0.55,0.0,0.0,80.0,78.0,80.0,70.0
2026-08-17 02:58:27,TQQQ,78.06,0.55,0.0,0.0,80.0,78.0,80.0,70.0
2026-08-17 02:59:27,TQQQ,78.05,0.55,0.0,0.0,80.0,78.0,80.0,70.0
2026-08-17 03:00:27,TQQQ,78.03,0.55,0.0,0.0,80.0,78.0,80.0,70.0
2026-08-17 03:01:27,TQQQ,78.03,0.55,0.0,0.0,80.0,78.0,80.0,70.0
2026-08-17 03:02:27,TQQQ,78.03,0.55,0.0,0.0,80.0,78.0,80.0,70.0
2026-08-17 03:03:27,TQQQ,78.09,0.55,0.0,0.0,80.0,78.0,80.0,70.0
2026-08-17 03:04:27,TQQQ,78.07,0.55,0.0,0.0,80.0,78.0,80.0,70.0
2026-08-17 03:05:27,TQQQ,78.07,0.55,0.0,0.0,80.0,78.0,80.0,70.0
2026-08-17 03:06:27,TQQQ,78.09,0.55,0.0,0.0,80.0,78.0,80.0,70.0
2026-08-17 03:07:27,TQQQ,78.01,0.55,0.0,0.0,80.0,78.0,80.0,70.0
2026-08-17 03:08:27,TQQQ,78.06,0.55,0.0,0.0,80.0,78.0,80.0,70.0
2026-08-17 03:09:27,TQQQ,78.11,0.55,0.0,0.0,80.0,78.0,80.0,70.0
2026-08-17 03:10:27,TQQQ,78.13,0.55,0.0,0.0,80.0,78.0,80.0,70.0
2026-08-17 03:11:28,TQQQ,78.09,0.55,0.0,0.0,80.0,78.0,80.0,70.0
2026-08-17 03:12:27,TQQQ,78.03,0.55,0.0,0.0,80.0,78.0,80.0,70.0
2026-08-17 03:13:27,TQQQ,78.07,0.55,0.0,0.0,80.0,78.0,80.0,70.0
2026-08-17 03:14:27,TQQQ,78.05,0.55,0.0,0.0,80.0,78.0,80.0,70.0
2026-08-17 03:15:27,TQQQ,78.01,0.55,0.0,0.0,80.0,78.0,80.0,70.0
2026-08-17 03:16:28,TQQQ,78.03,0.55,0.0,0.0,80.0,78.0,80.0,70.0
2026-08-17 03:17:27,TQQQ,78.05,0.55,0.0,0.0,80.0,78.0,80.0,70.0
2026-08-17 03:18:27,TQQQ,78.07,0.55,0.0,0.0,80.0,78.0,80.0,70.0
2026-08-17 03:19:28,TQQQ,78.08,0.55,0.0,0.0,80.0,78.0,80.0,70.0
2026-08-17 03:20:27,TQQQ,78.01,0.55,0.0,0.0,80.0,78.0,80.0,70.0
2026-08-17 03:21:28,TQQQ,78.04,0.55,0.0,0.0,80.0,78.0,80.0,70.0
2026-08-17 03:22:27,TQQQ,78.03,0.55,0.0,0.0,80.0,78.0,80.0,70.0
2026-08-17 03:23:27,TQQQ,78.04,0.55,0.0,0.0,80.0,78.0,80.0,70.0
2026-08-17 03:24:27,TQQQ,78.04,0.55,0.0,0.0,80.0,78.0,80.0,70.0
2026-08-17 03:25:27,TQQQ,78.09,0.55,0.0,0.0,80.0,78.0,80.0,70.0
2026-08-17 03:26:27,TQQQ,78.1,0.55,0.0,0.0,80.0,78.0,80.0,70.0
2026-08-17 03:27:27,TQQQ,78.09,0.55,0.0,0.0,80.0,78.0,80.0,70.0
2026-08-17 03:28:27,TQQQ,78.06,0.55,0.0,0.0,80.0,78.0,80.0,70.0
2026-08-17 03:29:27,TQQQ,78.08,0.55,0.0,0.0,80.0,78.0,80.0,70.0
2026-08-17 03:30:27,TQQQ,78.09,0.55,0.0,0.0,80.0,78.0,80.0,70.0
2026-08-17 03:31:27,TQQQ,78.07,0.55,0.0,0.0,80.0,78.0,80.0,70.0
2026-08-17 03:32:27,TQQQ,78.09,0.55,0.0,0.0,80.0,78.0,80.0,70.0
2026-08-17 03:33:28,TQQQ,78.09,0.55,0.0,0.0,80.0,78.0,80.0,70.0
2026-08-17 03:34:27,TQQQ,78.11,0.55,0.0,0.0,80.0,78.0,80.0,70.0
2026-08-17 03:35:27,TQQQ,78.07,0.55,0.0,0.0,80.0,78.0,80.0,70.0
2026-08-17 03:36:27,TQQQ,78.09,0.55,0.0,0.0,80.0,78.0,80.0,70.0
2026-08-17 03:37:27,TQQQ,78.08,0.55,0.0,0.0,80.0,78.0,80.0,70.0
2026-08-17 03:38:27,TQQQ,78.06,0.55,0.0,0.0,80.0,78.0,80.0,70.0
2026-08-17 03:39:27,TQQQ,78.04,0.55,0.0,0.0,80.0,78.0,80.0,70.0
2026-08-17 03:40:27,TQQQ,78.01,0.55,0.0,0.0,80.0,78.0,80.0,70.0
2026-08-17 03:41:27,TQQQ,77.97,0.55,0.0,0.0,80.0,78.0,80.0,70.0
2026-08-17 03:42:27,TQQQ,77.93,0.55,0.0,0.0,80.0,78.0,80.0,70.0
2026-08-17 03:43:28,TQQQ,77.91,0.55,0.0,0.0,80.0,78.0,80.0,70.0
2026-08-17 03:44:27,TQQQ,77.92,0.55,0.0,0.0,80.0,78.0,80.0,70.0
2026-08-17 03:45:27,TQQQ,77.89,0.55,0.0,0.0,80.0,78.0,80.0,70.0
2026-08-17 03:46:27,TQQQ,77.91,0.55,0.0,0.0,80.0,78.0,80.0,70.0
2026-08-17 03:47:27,TQQQ,77.91,0.55,0.0,0.0,80.0,78.0,80.0,70.0
2026-08-17 03:48:27,TQQQ,77.94,0.55,0.0,0.0,80.0,78.0,80.0,70.0
2026-08-17 03:49:27,TQQQ,77.92,0.55,0.0,0.0,80.0,78.0,80.0,70.0
2026-08-17 03:50:27,TQQQ,77.92,0.55,0.0,0.0,80.0,78.0,80.0,70.0
2026-08-17 03:51:28,TQQQ,77.89,0.55,0.0,0.0,80.0,78.0,80.0,70.0
2026-08-17 03:52:27,TQQQ,77.9,0.55,0.0,0.0,80.0,78.0,80.0,70.0
2026-08-17 03:53:27,TQQQ,77.89,0.55,0.0,0.0,80.0,78.0,80.0,70.0
2026-08-17 03:54:27,TQQQ,77.91,0.55,0.0,0.0,80.0,78.0,80.0,70.0
2026-08-17 03:55:27,TQQQ,77.92,0.55,0.0,0.0,80.0,78.0,80.0,70.0
2026-08-17 03:56:27,TQQQ,77.91,0.55,0.0,0.0,80.0,78.0,80.0,70.0
2026-08-17 03:57:27,TQQQ,77.99,0.55,0.0,0.0,80.0,78.0,80.0,70.0
2026-08-17 03:58:27,TQQQ,77.99,0.55,0.0,0.0,80.0,78.0,80.0,70.0
2026-08-17 03:59:27,TQQQ,77.98,0.55,0.0,0.0,80.0,78.0,80.0,70.0
2026-08-17 04:00:27,TQQQ,77.97,0.55,0.0,0.0,80.0,78.0,80.0,70.0
2026-08-17 04:01:27,TQQQ,77.97,0.55,0.0,0.0,80.0,78.0,80.0,70.0
2026-08-17 04:02:27,TQQQ,77.97,0.55,0.0,0.0,80.0,78.0,80.0,70.0
2026-08-17 04:03:27,TQQQ,77.93,0.55,0.0,0.0,80.0,78.0,80.0,70.0
2026-08-17 04:04:27,TQQQ,77.91,0.55,0.0,0.0,80.0,78.0,80.0,70.0
2026-08-17 04:05:27,TQQQ,77.93,0.55,0.0,0.0,80.0,78.0,80.0,70.0
2026-08-17 04:06:27,TQQQ,77.91,0.55,0.0,0.0,80.0,78.0,80.0,70.0
2026-08-17 04:07:27,TQQQ,77.91,0.55,0.0,0.0,80.0,78.0,80.0,70.0
2026-08-17 04:08:27,TQQQ,77.9,0.55,0.0,0.0,80.0,78.0,80.0,70.0
2026-08-17 04:09:27,TQQQ,77.92,0.55,0.0,0.0,80.0,78.0,80.0,70.0
2026-08-17 04:10:27,TQQQ,77.93,0.55,0.0,0.0,80.0,78.0,80.0,70.0
2026-08-17 04:11:28,TQQQ,77.93,0.55,0.0,0.0,80.0,78.0,80.0,70.0
2026-08-17 04:12:27,TQQQ,77.9,0.55,0.0,0.0,80.0,78.0,80.0,70.0
2026-08-17 04:13:27,TQQQ,77.95,0.55,0.0,0.0,80.0,78.0,80.0,70.0
2026-08-17 04:14:27,TQQQ,77.93,0.55,0.0,0.0,80.0,78.0,80.0,70.0
2026-08-17 04:15:27,TQQQ,77.94,0.55,0.0,0.0,80.0,78.0,80.0,70.0
2026-08-17 04:16:27,TQQQ,77.9,0.55,0.0,0.0,80.0,78.0,80.0,70.0
2026-08-17 04:17:27,TQQQ,77.89,0.55,0.0,0.0,80.0,78.0,80.0,70.0
2026-08-17 04:18:27,TQQQ,77.87,0.55,0.0,0.0,80.0,78.0,80.0,70.0
2026-08-17 04:19:28,TQQQ,77.83,0.55,0.0,0.0,80.0,78.0,80.0,70.0
2026-08-17 04:20:27,TQQQ,77.84,0.55,0.0,0.0,80.0,78.0,80.0,70.0
2026-08-17 04:21:27,TQQQ,77.84,0.55,0.0,0.0,80.0,78.0,80.0,70.0
2026-08-17 04:22:27,TQQQ,77.81,0.55,0.0,0.0,80.0,78.0,80.0,70.0
2026-08-17 04:23:27,TQQQ,77.79,0.55,0.0,0.0,80.0,78.0,80.0,70.0
2026-08-17 04:24:27,TQQQ,77.78,0.55,0.0,0.0,80.0,78.0,80.0,70.0
2026-08-17 04:25:28,TQQQ,77.78,0.55,0.0,0.0,80.0,78.0,80.0,70.0
2026-08-17 04:26:27,TQQQ,77.78,0.55,0.0,0.0,80.0,78.0,80.0,70.0
2026-08-17 04:27:27,TQQQ,77.79,0.55,0.0,0.0,80.0,78.0,80.0,70.0
2026-08-17 04:28:27,TQQQ,77.79,0.55,0.0,0.0,80.0,78.0,80.0,70.0
2026-08-17 04:29:27,TQQQ,77.79,0.55,0.0,0.0,80.0,78.0,80.0,70.0
2026-08-17 04:30:27,TQQQ,77.8,0.55,0.0,0.0,80.0,78.0,80.0,70.0
2026-08-17 04:31:27,TQQQ,77.78,0.55,0.0,0.0,80.0,78.0,80.0,70.0
2026-08-17 04:32:27,TQQQ,77.79,0.55,0.0,0.0,80.0,78.0,80.0,70.0
2026-08-17 04:33:27,TQQQ,77.78,0.55,0.0,0.0,80.0,78.0,80.0,70.0
2026-08-17 04:34:27,TQQQ,77.76,0.55,0.0,0.0,80.0,78.0,80.0,70.0
2026-08-17 04:35:27,TQQQ,77.8,0.55,0.0,0.0,80.0,78.0,80.0,70.0
2026-08-17 04:36:27,TQQQ,77.83,0.55,0.0,0.0,80.0,78.0,80.0,70.0
2026-08-17 04:37:27,TQQQ,77.78,0.55,0.0,0.0,80.0,78.0,80.0,70.0
2026-08-17 04:38:27,TQQQ,77.76,0.55,0.0,0.0,80.0,78.0,80.0,70.0
2026-08-17 04:39:27,TQQQ,77.76,0.55,0.0,0.0,80.0,78.0,80.0,70.0
2026-08-17 04:40:27,TQQQ,77.74,0.55,0.0,0.0,80.0,78.0,80.0,70.0
2026-08-17 04:41:27,TQQQ,77.78,0.55,0.0,0.0,80.0,78.0,80.0,70.0
2026-08-17 04:42:27,TQQQ,77.78,0.55,0.0,0.0,80.0,78.0,80.0,70.0
2026-08-17 04:43:28,TQQQ,77.79,0.55,0.0,0.0,80.0,78.0,80.0,70.0
2026-08-17 04:44:27,TQQQ,77.8,0.55,0.0,0.0,80.0,78.0,80.0,70.0
2026-08-17 04:45:27,TQQQ,77.85,0.55,0.0,0.0,80.0,78.0,80.0,70.0
2026-08-17 04:46:27,TQQQ,77.87,0.55,0.0,0.0,80.0,78.0,80.0,70.0
2026-08-17 04:47:27,TQQQ,77.85,0.55,0.0,0.0,80.0,78.0,80.0,70.0
2026-08-17 04:48:27,TQQQ,77.85,0.55,0.0,0.0,80.0,78.0,80.0,70.0
2026-08-17 04:49:27,TQQQ,77.84,0.55,0.0,0.0,80.0,78.0,80.0,70.0
2026-08-17 04:50:27,TQQQ,77.88,0.55,0.0,0.0,80.0,78.0,80.0,70.0
2026-08-17 04:51:27,TQQQ,77.88,0.55,0.0,0.0,80.0,78.0,80.0,70.0
2026-08-17 04:52:27,TQQQ,77.87,0.55,0.0,0.0,80.0,78.0,80.0,70.0
2026-08-17 04:53:27,TQQQ,77.85,0.55,0.0,0.0,80.0,78.0,80.0,70.0
2026-08-17 04:54:27,TQQQ,77.86,0.55,0.0,0.0,80.0,78.0,80.0,70.0
2026-08-17 04:55:27,TQQQ,77.88,0.55,0.0,0.0,80.0,78.0,80.0,70.0
2026-08-17 04:56:27,TQQQ,77.87,0.55,0.0,0.0,80.0,78.0,80.0,70.0
2026-08-17 04:57:27,TQQQ,77.86,0.55,0.0,0.0,80.0,78.0,80.0,70.0
2026-08-17 04:58:27,TQQQ,77.87,0.55,0.0,0.0,80.0,78.0,80.0,70.0
2026-08-17 04:59:27,TQQQ,77.84,0.55,0.0,0.0,80.0,78.0,80.0,70.0
2026-08-17 05:00:27,TQQQ,77.84,0.55,0.0,0.0,80.0,78.0,80.0,70.0
2026-08-17 05:01:27,TQQQ,77.85,0.55,0.0,0.0,80.0,78.0,80.0,70.0
2026-08-17 05:02:27,TQQQ,77.84,0.55,0.0,0.0,80.0,78.0,80.0,70.0
2026-08-17 05:03:27,TQQQ,77.85,0.55,0.0,0.0,80.0,78.0,80.0,70.0
2026-08-17 05:04:27,TQQQ,77.83,0.55,0.0,0.0,80.0,78.0,80.0,70.0
2026-08-17 05:05:27,TQQQ,77.87,0.55,0.0,0.0,80.0,78.0,80.0,70.0
2026-08-17 05:06:27,TQQQ,77.89,0.55,0.0,0.0,80.0,78.0,80.0,70.0
2026-08-17 05:07:27,TQQQ,77.88,0.55,0.0,0.0,80.0,78.0,80.0,70.0
2026-08-17 05:08:27,TQQQ,77.82,0.55,0.0,0.0,80.0,78.0,80.0,70.0
2026-08-17 05:09:28,TQQQ,77.82,0.55,0.0,0.0,80.0,78.0,80.0,70.0
2026-08-17 05:10:27,TQQQ,77.83,0.55,0.0,0.0,80.0,78.0,80.0,70.0
2026-08-17 05:11:27,TQQQ,77.83,0.55,0.0,0.0,80.0,78.0,80.0,70.0
2026-08-17 05:12:27,TQQQ,77.84,0.55,0.0,0.0,80.0,78.0,80.0,70.0
2026-08-17 05:13:27,TQQQ,77.9,0.55,0.0,0.0,80.0,78.0,80.0,70.0
2026-08-17 05:14:27,TQQQ,77.91,0.55,0.0,0.0,80.0,78.0,80.0,70.0
2026-08-17 05:15:27,TQQQ,77.94,0.55,0.0,0.0,80.0,78.0,80.0,70.0
2026-08-17 05:16:28,TQQQ,77.94,0.55,0.0,0.0,80.0,78.0,80.0,70.0
2026-08-17 05:17:27,TQQQ,77.95,0.55,0.0,0.0,80.0,78.0,80.0,70.0
2026-08-17 05:18:28,TQQQ,77.89,0.55,0.0,0.0,80.0,78.0,80.0,70.0
2026-08-17 05:19:28,TQQQ,77.91,0.55,0.0,0.0,80.0,78.0,80.0,70.0
2026-08-17 05:20:27,TQQQ,77.92,0.55,0.0,0.0,80.0,78.0,80.0,70.0
2026-08-17 05:21:27,TQQQ,77.89,0.55,0.0,0.0,80.0,78.0,80.0,70.0
2026-08-17 05:22:27,TQQQ,77.88,0.55,0.0,0.0,80.0,78.0,80.0,70.0
2026-08-17 05:23:27,TQQQ,77.89,0.55,0.0,0.0,80.0,78.0,80.0,70.0
2026-08-17 05:24:27,TQQQ,77.89,0.55,0.0,0.0,80.0,78.0,80.0,70.0
2026-08-17 05:25:27,TQQQ,77.88,0.55,0.0,0.0,80.0,78.0,80.0,70.0
2026-08-17 05:26:28,TQQQ,77.87,0.55,0.0,0.0,80.0,78.0,80.0,70.0
2026-08-17 05:27:28,TQQQ,77.84,0.55,0.0,0.0,80.0,78.0,80.0,70.0
2026-08-17 05:28:28,TQQQ,77.83,0.55,0.0,0.0,80.0,78.0,80.0,70.0
2026-08-17 05:29:27,TQQQ,77.86,0.55,0.0,0.0,80.0,78.0,80.0,70.0
2026-08-17 05:30:27,TQQQ,78.12,0.55,0.0,0.0,80.0,78.0,80.0,70.0
2026-08-17 05:31:27,TQQQ,77.93,0.55,0.0,0.0,80.0,78.0,80.0,70.0
2026-08-17 05:32:27,TQQQ,77.99,0.55,0.0,0.0,80.0,78.0,80.0,70.0
2026-08-17 05:33:27,TQQQ,78.0,0.55,0.0,0.0,80.0,78.0,80.0,70.0
2026-08-17 05:34:27,TQQQ,77.97,0.55,0.0,0.0,80.0,78.0,80.0,70.0
2026-08-17 05:35:28,TQQQ,77.93,0.55,0.0,0.0,80.0,78.0,80.0,70.0
2026-08-17 05:36:28,TQQQ,77.95,0.55,0.0,0.0,80.0,78.0,80.0,70.0
2026-08-17 05:37:28,TQQQ,77.97,0.55,0.0,0.0,80.0,78.0,80.0,70.0
2026-08-17 05:38:28,TQQQ,78.0,0.55,0.0,0.0,80.0,78.0,80.0,70.0
2026-08-17 05:39:27,TQQQ,78.0,0.55,0.0,0.0,80.0,78.0,80.0,70.0
2026-08-17 05:40:28,TQQQ,78.0,0.55,0.0,0.0,80.0,78.0,80.0,70.0
2026-08-17 05:41:48,TQQQ,78.02,0.55,0.0,0.0,80.0,78.0,80.0,70.0
2026-08-17 05:42:27,TQQQ,78.02,0.55,0.0,0.0,80.0,78.0,80.0,70.0
2026-08-17 05:43:27,TQQQ,78.05,0.55,0.0,0.0,80.0,78.0,80.0,70.0
2026-08-17 05:44:27,TQQQ,78.06,0.55,0.0,0.0,80.0,78.0,80.0,70.0
2026-08-17 05:45:27,TQQQ,78.05,0.55,0.0,0.0,80.0,78.0,80.0,70.0
2026-08-17 05:46:27,TQQQ,78.06,0.55,0.0,0.0,80.0,78.0,80.0,70.0
2026-08-17 05:47:28,TQQQ,78.05,0.55,0.0,0.0,80.0,78.0,80.0,70.0
2026-08-17 05:48:28,TQQQ,78.06,0.55,0.0,0.0,80.0,78.0,80.0,70.0
2026-08-17 05:49:28,TQQQ,78.03,0.55,0.0,0.0,80.0,78.0,80.0,70.0
2026-08-17 05:50:28,TQQQ,78.04,0.55,0.0,0.0,80.0,78.0,80.0,70.0
2026-08-17 05:51:58,TQQQ,78.06,0.55,0.0,0.0,80.0,78.0,80.0,70.0
2026-08-17 05:52:46,TQQQ,78.05,0.55,0.0,0.0,80.0,78.0,80.0,70.0
2026-08-17 05:53:27,TQQQ,78.06,0.55,0.0,0.0,80.0,78.0,80.0,70.0
2026-08-17 05:54:27,TQQQ,78.05,0.55,0.0,0.0,80.0,78.0,80.0,70.0
2026-08-17 05:55:28,TQQQ,78.06,0.55,0.0,0.0,80.0,78.0,80.0,70.0
2026-08-17 05:56:34,TQQQ,78.06,0.55,0.0,0.0,80.0,78.0,80.0,70.0
2026-08-17 05:57:42,TQQQ,78.06,0.55,0.0,0.0,80.0,78.0,80.0,70.0
2026-08-17 05:58:51,TQQQ,78.07,0.55,0.0,0.0,80.0,78.0,80.0,70.0
2026-08-17 05:59:34,TQQQ,78.06,0.55,0.0,0.0,80.0,78.0,80.0,70.0
2026-08-17 06:01:05,TQQQ,77.96,0.55,0.0,0.0,80.0,78.0,80.0,70.0
2026-08-17 06:01:52,TQQQ,78.07,0.55,0.0,0.0,80.0,78.0,80.0,70.0
2026-08-17 06:02:27,TQQQ,78.06,0.55,0.0,0.0,80.0,78.0,80.0,70.0
2026-08-17 06:03:44,TQQQ,78.05,0.55,0.0,0.0,80.0,78.0,80.0,70.0
2026-08-17 06:04:28,TQQQ,78.05,0.55,0.0,0.0,80.0,78.0,80.0,70.0
2026-08-17 06:05:27,TQQQ,78.06,0.55,0.0,0.0,80.0,78.0,80.0,70.0
2026-08-17 06:06:27,TQQQ,78.1,0.55,0.0,0.0,80.0,78.0,80.0,70.0
2026-08-17 06:07:43,TQQQ,78.1,0.55,0.0,0.0,80.0,78.0,80.0,70.0
2026-08-17 06:08:27,TQQQ,78.13,0.55,0.0,0.0,80.0,78.0,80.0,70.0
2026-08-17 06:09:42,TQQQ,78.14,0.55,0.0,0.0,80.0,78.0,80.0,70.0
2026-08-17 06:10:27,TQQQ,78.1,0.55,0.0,0.0,80.0,78.0,80.0,70.0
2026-08-17 06:11:37,TQQQ,78.06,0.55,0.0,0.0,80.0,78.0,80.0,70.0
2026-08-17 06:12:59,TQQQ,78.02,0.55,0.0,0.0,80.0,78.0,80.0,70.0
2026-08-17 06:13:28,TQQQ,77.99,0.55,0.0,0.0,80.0,78.0,80.0,70.0
2026-08-17 06:14:27,TQQQ,77.98,0.55,0.0,0.0,80.0,78.0,80.0,70.0
2026-08-17 06:15:27,TQQQ,77.96,0.55,0.0,0.0,80.0,78.0,80.0,70.0
2026-08-17 06:16:27,TQQQ,77.93,0.55,0.0,0.0,80.0,78.0,80.0,70.0
2026-08-17 06:17:52,TQQQ,77.9,0.55,0.0,0.0,80.0,78.0,80.0,70.0
2026-08-17 06:18:27,TQQQ,77.89,0.55,0.0,0.0,80.0,78.0,80.0,70.0
2026-08-17 06:19:39,TQQQ,77.89,0.55,0.0,0.0,80.0,78.0,80.0,70.0
2026-08-17 06:20:27,TQQQ,77.9,0.55,0.0,0.0,80.0,78.0,80.0,70.0
2026-08-17 06:21:28,TQQQ,77.92,0.55,0.0,0.0,80.0,78.0,80.0,70.0
2026-08-17 06:22:39,TQQQ,77.92,0.55,0.0,0.0,80.0,78.0,80.0,70.0
2026-08-17 06:23:27,TQQQ,77.94,0.55,0.0,0.0,80.0,78.0,80.0,70.0
2026-08-17 06:25:23,TQQQ,77.98,0.55,0.0,0.0,80.0,78.0,80.0,70.0
2026-08-17 06:25:28,TQQQ,77.98,0.55,0.0,0.0,80.0,78.0,80.0,70.0
2026-08-17 06:26:27,TQQQ,77.96,0.55,0.0,0.0,80.0,78.0,80.0,70.0
2026-08-17 06:27:59,TQQQ,77.94,0.55,0.0,0.0,80.0,78.0,80.0,70.0
2026-08-17 06:28:27,TQQQ,77.95,0.55,0.0,0.0,80.0,78.0,80.0,70.0
2026-08-17 06:29:28,TQQQ,77.96,0.55,0.0,0.0,80.0,78.0,80.0,70.0
2026-08-17 06:30:47,TQQQ,77.94,0.55,0.0,0.0,80.0,78.0,80.0,70.0
2026-08-17 06:31:48,TQQQ,77.95,0.55,0.0,0.0,80.0,78.0,80.0,70.0
2026-08-17 06:32:28,TQQQ,77.93,0.55,0.0,0.0,80.0,78.0,80.0,70.0
2026-08-17 06:33:27,TQQQ,77.94,0.55,0.0,0.0,80.0,78.0,80.0,70.0
2026-08-17 06:34:28,TQQQ,78.0,0.55,0.0,0.0,80.0,78.0,80.0,70.0
2026-08-17 06:35:35,TQQQ,77.94,0.55,0.0,0.0,80.0,78.0,80.0,70.0
2026-08-17 06:37:21,TQQQ,77.95,0.55,0.0,0.0,80.0,78.0,80.0,70.0
2026-08-17 06:37:27,TQQQ,77.95,0.55,0.0,0.0,80.0,78.0,80.0,70.0
2026-08-17 06:39:05,TQQQ,77.96,0.55,0.0,0.0,80.0,78.0,80.0,70.0
2026-08-17 06:39:28,TQQQ,77.94,0.55,0.0,0.0,80.0,78.0,80.0,70.0
2026-08-17 06:41:21,TQQQ,77.95,0.55,0.0,0.0,80.0,78.0,80.0,70.0
2026-08-17 06:41:33,TQQQ,77.95,0.55,0.0,0.0,80.0,78.0,80.0,70.0
2026-08-17 06:43:23,TQQQ,77.97,0.55,0.0,0.0,80.0,78.0,80.0,70.0
2026-08-17 06:43:52,TQQQ,77.97,0.55,0.0,0.0,80.0,78.0,80.0,70.0
2026-08-17 06:45:16,TQQQ,78.01,0.55,0.0,0.0,80.0,78.0,80.0,70.0
2026-08-17 06:45:46,TQQQ,78.02,0.55,0.0,0.0,80.0,78.0,80.0,70.0
2026-08-17 06:47:16,TQQQ,78.03,0.55,0.0,0.0,80.0,78.0,80.0,70.0
2026-08-17 06:47:53,TQQQ,78.02,0.55,0.0,0.0,80.0,78.0,80.0,70.0
2026-08-17 06:48:36,TQQQ,78.02,0.55,0.0,0.0,80.0,78.0,80.0,70.0
2026-08-17 06:49:51,TQQQ,78.03,0.55,0.0,0.0,80.0,78.0,80.0,70.0
2026-08-17 06:50:28,TQQQ,78.03,0.55,0.0,0.0,80.0,78.0,80.0,70.0
2026-08-17 06:52:16,TQQQ,77.96,0.55,0.0,0.0,80.0,78.0,80.0,70.0
2026-08-17 06:53:05,TQQQ,77.95,0.55,0.0,0.0,80.0,78.0,80.0,70.0
2026-08-17 06:53:31,TQQQ,77.91,0.55,0.0,0.0,80.0,78.0,80.0,70.0
2026-08-17 06:55:01,TQQQ,77.93,0.55,0.0,0.0,80.0,78.0,80.0,70.0
2026-08-17 06:55:28,TQQQ,77.95,0.55,0.0,0.0,80.0,78.0,80.0,70.0
2026-08-17 06:56:52,TQQQ,77.93,0.55,0.0,0.0,80.0,78.0,80.0,70.0
2026-08-17 06:57:47,TQQQ,77.88,0.55,0.0,0.0,80.0,78.0,80.0,70.0
2026-08-17 06:58:28,TQQQ,77.89,0.55,0.0,0.0,80.0,78.0,80.0,70.0
2026-08-17 06:59:34,TQQQ,77.87,0.55,0.0,0.0,80.0,78.0,80.0,70.0
2026-08-17 07:00:36,TQQQ,77.87,0.55,0.0,0.0,80.0,78.0,80.0,70.0
2026-08-17 07:01:28,TQQQ,77.86,0.55,0.0,0.0,80.0,78.0,80.0,70.0
2026-08-17 07:03:34,TQQQ,77.77,0.55,0.0,0.0,80.0,78.0,80.0,70.0
2026-08-17 07:04:28,TQQQ,77.66,0.55,0.0,0.0,80.0,78.0,80.0,70.0
2026-08-17 07:06:32,TQQQ,77.6,0.55,0.0,0.0,80.0,78.0,80.0,70.0
2026-08-17 07:08:12,TQQQ,77.64,0.55,0.0,0.0,80.0,78.0,80.0,70.0
2026-08-17 07:08:52,TQQQ,77.69,0.55,0.0,0.0,80.0,78.0,80.0,70.0
2026-08-17 07:09:39,TQQQ,77.72,0.55,0.0,0.0,80.0,78.0,80.0,70.0
2026-08-17 07:11:11,TQQQ,77.78,0.55,0.0,0.0,80.0,78.0,80.0,70.0
2026-08-17 07:11:28,TQQQ,77.77,0.55,0.0,0.0,80.0,78.0,80.0,70.0
2026-08-17 07:13:19,TQQQ,77.78,0.55,0.0,0.0,80.0,78.0,80.0,70.0
2026-08-17 07:14:15,TQQQ,77.77,0.55,0.0,0.0,80.0,78.0,80.0,70.0
2026-08-17 07:14:28,TQQQ,77.79,0.55,0.0,0.0,80.0,78.0,80.0,70.0
2026-08-17 07:15:38,TQQQ,77.8,0.55,0.0,0.0,80.0,78.0,80.0,70.0
2026-08-17 07:16:42,TQQQ,77.76,0.55,0.0,0.0,80.0,78.0,80.0,70.0
2026-08-17 07:18:08,TQQQ,77.76,0.55,0.0,0.0,80.0,78.0,80.0,70.0
2026-08-17 07:19:07,TQQQ,77.75,0.55,0.0,0.0,80.0,78.0,80.0,70.0
2026-08-17 07:19:46,TQQQ,77.75,0.55,0.0,0.0,80.0,78.0,80.0,70.0
2026-08-17 07:21:34,TQQQ,77.8,0.55,0.0,0.0,80.0,78.0,80.0,70.0
2026-08-17 07:22:28,TQQQ,77.77,0.55,0.0,0.0,80.0,78.0,80.0,70.0
2026-08-17 07:24:44,TQQQ,77.82,0.55,0.0,0.0,80.0,78.0,80.0,70.0
2026-08-17 07:40:10,TQQQ,77.19,0.55,0.0,0.0,80.0,77.0,80.0,70.0
2026-08-17 07:41:09,TQQQ,77.28,0.55,0.0,0.0,80.0,77.0,80.0,70.0
2026-08-17 07:43:02,TQQQ,77.15,0.55,0.0,0.0,80.0,77.0,80.0,70.0
2026-08-17 07:44:10,TQQQ,77.13,0.55,0.0,0.0,80.0,77.0,80.0,70.0
2026-08-17 07:45:10,TQQQ,77.14,0.55,0.0,0.0,80.0,77.0,80.0,70.0
2026-08-17 07:46:10,TQQQ,77.13,0.55,0.0,0.0,80.0,77.0,80.0,70.0
2026-08-17 07:47:10,TQQQ,77.15,0.55,0.0,0.0,80.0,77.0,80.0,70.0
2026-08-17 07:48:10,TQQQ,77.19,0.55,0.0,0.0,80.0,77.0,80.0,70.0
2026-08-17 07:49:10,TQQQ,77.1,0.55,0.0,0.0,80.0,77.0,80.0,70.0
2026-08-17 07:50:10,TQQQ,77.18,0.55,0.0,0.0,80.0,77.0,80.0,70.0
2026-08-17 07:51:10,TQQQ,77.17,0.55,0.0,0.0,80.0,77.0,80.0,70.0
2026-08-17 07:52:11,TQQQ,77.17,0.55,0.0,0.0,80.0,77.0,80.0,70.0
2026-08-17 07:55:56,TQQQ,77.19,0.55,0.0,0.0,80.0,77.0,80.0,70.0
2026-08-17 07:56:10,TQQQ,77.22,0.55,0.0,0.0,80.0,77.0,80.0,70.0
2026-08-17 07:57:10,TQQQ,77.25,0.55,0.0,0.0,80.0,77.0,80.0,70.0
2026-08-17 07:58:10,TQQQ,77.27,0.55,0.0,0.0,80.0,77.0,80.0,70.0
2026-08-17 07:59:09,TQQQ,77.2,0.55,0.0,0.0,80.0,77.0,80.0,70.0
2026-08-17 08:00:10,TQQQ,77.23,0.55,0.0,0.0,80.0,77.0,80.0,70.0
2026-08-17 08:02:54,TQQQ,77.27,0.55,0.0,0.0,80.0,77.0,80.0,70.0
2026-08-17 08:05:25,TQQQ,77.28,0.55,0.0,0.0,80.0,77.0,80.0,70.0
2026-08-17 08:07:58,TQQQ,77.34,0.55,0.0,0.0,80.0,77.0,80.0,70.0
2026-08-17 08:08:10,TQQQ,77.34,0.55,0.0,0.0,80.0,77.0,80.0,70.0
2026-08-17 08:09:10,TQQQ,77.38,0.55,0.0,0.0,80.0,77.0,80.0,70.0
2026-08-17 08:10:10,TQQQ,77.39,0.55,0.0,0.0,80.0,77.0,80.0,70.0
2026-08-17 08:11:10,TQQQ,77.36,0.55,0.0,0.0,80.0,77.0,80.0,70.0
2026-08-17 08:12:13,TQQQ,77.35,0.55,0.0,0.0,80.0,77.0,80.0,70.0
2026-08-17 08:14:43,TQQQ,77.35,0.55,0.0,0.0,80.0,77.0,80.0,70.0
2026-08-17 08:15:10,TQQQ,77.36,0.55,0.0,0.0,80.0,77.0,80.0,70.0
2026-08-17 08:18:15,TQQQ,77.33,0.55,0.0,0.0,80.0,77.0,80.0,70.0
2026-08-17 08:19:10,TQQQ,77.33,0.55,0.0,0.0,80.0,77.0,80.0,70.0
2026-08-17 08:20:10,TQQQ,77.32,0.55,0.0,0.0,80.0,77.0,80.0,70.0
2026-08-17 08:21:10,TQQQ,77.31,0.55,0.0,0.0,80.0,77.0,80.0,70.0
2026-08-17 08:22:33,TQQQ,77.3,0.55,0.0,0.0,80.0,77.0,80.0,70.0
2026-08-17 08:24:09,TQQQ,77.27,0.55,0.0,0.0,80.0,77.0,80.0,70.0
2026-08-17 08:25:10,TQQQ,77.35,0.55,0.0,0.0,80.0,77.0,80.0,70.0
2026-08-17 08:26:14,TQQQ,77.44,0.55,0.0,0.0,80.0,77.0,80.0,70.0
2026-08-17 08:28:56,TQQQ,77.36,0.55,0.0,0.0,80.0,77.0,80.0,70.0
2026-08-17 08:29:10,TQQQ,77.37,0.55,0.0,0.0,80.0,77.0,80.0,70.0
2026-08-17 08:30:10,TQQQ,77.34,0.55,0.0,0.0,80.0,77.0,80.0,70.0
2026-08-17 08:31:10,TQQQ,77.69,0.4,0.0,0.0,80.0,78.0,80.0,70.0
2026-08-17 08:32:12,TQQQ,77.58,0.4,0.0,0.0,80.0,77.0,80.0,70.0
2026-08-17 08:35:06,TQQQ,77.19,0.4,0.0,0.0,80.0,77.0,80.0,70.0
2026-08-17 08:36:10,TQQQ,77.38,0.4,0.0,0.0,80.0,77.0,80.0,70.0
2026-08-17 08:37:10,TQQQ,77.49,0.4,0.0,0.0,80.0,77.0,80.0,70.0
2026-08-17 08:40:29,TQQQ,77.04,0.4,0.0,0.0,80.0,77.0,80.0,70.0
2026-08-17 08:41:11,TQQQ,77.17,0.4,0.0,0.0,80.0,77.0,80.0,70.0
2026-08-17 08:42:17,TQQQ,77.4,0.4,0.0,0.0,80.0,77.0,80.0,70.0
2026-08-17 08:44:30,TQQQ,77.22,0.4,0.0,0.0,80.0,77.0,80.0,70.0
2026-08-17 08:45:10,TQQQ,77.19,0.4,0.0,0.0,80.0,77.0,80.0,70.0
2026-08-17 08:46:10,TQQQ,77.09,0.4,0.0,0.0,80.0,77.0,80.0,70.0
2026-08-17 08:47:10,TQQQ,77.1,0.4,0.0,0.0,80.0,77.0,80.0,70.0
2026-08-17 08:49:10,TQQQ,77.32,0.4,0.0,0.0,80.0,77.0,80.0,70.0
2026-08-17 08:51:18,TQQQ,77.38,0.4,0.0,0.0,80.0,77.0,80.0,70.0
2026-08-17 08:52:35,TQQQ,77.55,0.4,0.0,0.0,80.0,103.0,80.0,70.0
2026-08-17 08:54:53,TQQQ,77.53,0.4,0.0,0.0,80.0,77.0,80.0,70.0
2026-08-17 08:55:11,TQQQ,77.58,0.4,0.0,0.0,80.0,77.0,80.0,70.0
2026-08-17 08:56:11,TQQQ,77.51,0.4,0.0,0.0,80.0,77.0,80.0,70.0
2026-08-17 08:57:16,TQQQ,77.5,0.4,0.0,0.0,80.0,103.0,80.0,70.0
2026-08-17 08:59:34,TQQQ,77.37,0.4,0.0,0.0,80.0,77.0,80.0,70.0
2026-08-17 09:02:59,TQQQ,77.31,0.4,0.0,0.0,80.0,77.0,80.0,70.0
2026-08-17 09:03:10,TQQQ,77.22,0.4,0.0,0.0,80.0,77.0,80.0,70.0
2026-08-17 09:06:47,TQQQ,77.16,0.4,0.0,0.0,80.0,77.0,80.0,70.0
2026-08-17 09:07:12,TQQQ,77.13,0.4,0.0,0.0,80.0,77.0,80.0,70.0
2026-08-17 09:08:34,TQQQ,76.97,0.2,0.0,0.0,80.0,77.0,80.0,70.0
2026-08-17 09:12:45,TQQQ,77.36,0.4,0.0,0.0,80.0,77.0,80.0,70.0
2026-08-17 09:17:47,TQQQ,77.24,0.4,0.0,0.0,80.0,77.0,80.0,70.0
2026-08-17 09:18:32,TQQQ,77.22,0.4,0.0,0.0,80.0,77.0,80.0,70.0
2026-08-17 09:21:45,TQQQ,77.07,0.4,0.0,0.0,80.0,77.0,80.0,70.0
2026-08-17 09:25:25,TQQQ,77.06,0.4,0.0,0.0,80.0,77.0,80.0,70.0
2026-08-17 09:29:10,TQQQ,77.07,0.4,0.0,0.0,80.0,77.0,80.0,70.0
2026-08-17 09:40:55,TQQQ,77.21,0.4,0.0,0.0,80.0,77.0,80.0,70.0
2026-08-17 09:44:54,TQQQ,77.3,0.4,0.0,0.0,80.0,77.0,80.0,70.0
2026-08-17 09:48:54,TQQQ,77.41,0.4,0.0,0.0,80.0,77.0,80.0,70.0
2026-08-17 09:49:10,TQQQ,77.41,0.4,0.0,0.0,80.0,77.0,80.0,70.0
2026-08-17 09:50:10,TQQQ,77.38,0.4,0.0,0.0,80.0,77.0,80.0,70.0
2026-08-17 09:51:10,TQQQ,77.4,0.4,0.0,0.0,80.0,77.0,80.0,70.0
2026-08-17 09:52:10,TQQQ,77.45,0.4,0.0,0.0,80.0,77.0,80.0,70.0
2026-08-17 09:56:52,TQQQ,77.4,0.4,0.0,0.0,80.0,77.0,80.0,70.0
2026-08-17 09:57:10,TQQQ,77.44,0.4,0.0,0.0,80.0,77.0,80.0,70.0
2026-08-17 09:58:10,TQQQ,77.49,0.4,0.0,0.0,80.0,77.0,80.0,70.0
2026-08-17 09:59:10,TQQQ,77.57,0.4,0.0,0.0,80.0,77.0,80.0,70.0
2026-08-17 10:00:10,TQQQ,77.58,0.4,0.0,0.0,80.0,77.0,80.0,70.0
2026-08-17 10:01:10,TQQQ,77.52,0.4,0.0,0.0,80.0,77.0,80.0,70.0
2026-08-17 10:03:06,TQQQ,77.62,0.4,0.0,0.0,80.0,78.0,80.0,70.0
2026-08-17 10:05:42,TQQQ,77.73,0.4,0.0,0.0,80.0,78.0,80.0,70.0
2026-08-17 10:09:55,TQQQ,77.68,0.4,0.0,0.0,80.0,78.0,80.0,70.0
2026-08-17 10:10:10,TQQQ,77.69,0.4,0.0,0.0,80.0,78.0,80.0,70.0
2026-08-17 10:11:11,TQQQ,77.74,0.4,0.0,0.0,80.0,78.0,80.0,70.0
2026-08-17 10:12:59,TQQQ,77.79,0.4,0.0,0.0,80.0,78.0,80.0,70.0
2026-08-17 10:16:22,TQQQ,77.78,0.4,0.0,0.0,80.0,78.0,80.0,70.0
2026-08-17 10:17:10,TQQQ,77.8,0.4,0.0,0.0,80.0,78.0,80.0,70.0
2026-08-17 10:19:36,TQQQ,77.8,0.4,0.0,0.0,80.0,78.0,80.0,70.0
2026-08-17 10:22:23,TQQQ,77.8,0.4,0.0,0.0,80.0,78.0,80.0,70.0
2026-08-17 10:23:10,TQQQ,77.81,0.4,0.0,0.0,80.0,78.0,80.0,70.0
2026-08-17 10:27:01,TQQQ,77.72,0.4,0.0,0.0,80.0,78.0,80.0,70.0
2026-08-17 10:27:10,TQQQ,77.75,0.4,0.0,0.0,80.0,78.0,80.0,70.0
2026-08-17 10:28:36,TQQQ,77.81,0.4,0.0,0.0,80.0,78.0,80.0,70.0
2026-08-17 10:36:30,TQQQ,77.56,0.4,0.0,0.0,80.0,77.0,80.0,70.0
2026-08-17 10:41:06,TQQQ,77.43,0.4,0.0,0.0,80.0,77.0,80.0,52.0
2026-08-17 10:45:48,TQQQ,77.47,0.4,0.0,0.0,80.0,77.0,80.0,70.0
2026-08-17 10:50:30,TQQQ,77.39,0.4,0.0,0.0,80.0,77.0,80.0,70.0
2026-08-17 10:55:14,TQQQ,77.56,0.4,0.0,0.0,80.0,103.0,80.0,70.0
2026-08-17 11:00:02,TQQQ,77.55,0.4,0.0,0.0,80.0,77.0,80.0,70.0
2026-08-17 11:04:53,TQQQ,77.36,0.4,0.0,0.0,80.0,77.0,80.0,52.0
2026-08-17 11:05:10,TQQQ,77.37,0.4,0.0,0.0,80.0,77.0,80.0,70.0
2026-08-17 11:06:11,TQQQ,77.32,0.4,0.0,0.0,80.0,77.0,80.0,70.0
2026-08-17 11:07:36,TQQQ,77.28,0.4,0.0,0.0,80.0,77.0,80.0,70.0
2026-08-17 11:12:09,TQQQ,77.28,0.4,0.0,0.0,80.0,77.0,80.0,70.0
2026-08-17 11:13:11,TQQQ,77.32,0.4,0.0,0.0,80.0,77.0,80.0,70.0
2026-08-17 11:14:10,TQQQ,77.31,0.4,0.0,0.0,80.0,77.0,80.0,70.0
2026-08-17 11:15:10,TQQQ,77.28,0.4,0.0,0.0,80.0,77.0,80.0,70.0
2026-08-17 11:17:40,TQQQ,77.33,0.4,0.0,0.0,80.0,77.0,80.0,70.0
2026-08-17 11:21:17,TQQQ,77.33,0.4,0.0,0.0,80.0,77.0,80.0,70.0
2026-08-17 11:26:31,TQQQ,77.28,0.4,0.0,0.0,80.0,77.0,80.0,70.0
2026-08-17 11:27:10,TQQQ,77.3,0.4,0.0,0.0,80.0,77.0,80.0,70.0
2026-08-17 11:28:41,TQQQ,77.25,0.4,0.0,0.0,80.0,77.0,80.0,70.0
2026-08-17 11:32:46,TQQQ,77.27,0.4,0.0,0.0,80.0,77.0,80.0,70.0
2026-08-17 11:38:01,TQQQ,77.23,0.4,0.0,0.0,80.0,77.0,80.0,70.0
2026-08-17 11:38:09,TQQQ,77.23,0.4,0.0,0.0,80.0,77.0,80.0,70.0
2026-08-17 11:39:41,TQQQ,77.25,0.4,0.0,0.0,80.0,77.0,80.0,70.0
2026-08-17 11:43:41,TQQQ,77.17,0.4,0.0,0.0,80.0,77.0,80.0,70.0
2026-08-17 12:00:07,TQQQ,77.12,0.4,0.0,0.0,80.0,77.0,80.0,70.0
2026-08-17 12:01:10,TQQQ,77.12,0.4,0.0,0.0,80.0,77.0,80.0,70.0
2026-08-17 12:07:18,TQQQ,76.98,0.2,0.0,0.0,80.0,77.0,80.0,70.0
2026-08-17 12:08:11,TQQQ,76.95,0.2,0.0,0.0,80.0,77.0,80.0,70.0
2026-08-17 12:09:10,TQQQ,76.94,0.2,0.0,0.0,80.0,77.0,80.0,70.0
2026-08-17 12:10:10,TQQQ,76.94,0.2,0.0,0.0,80.0,77.0,80.0,70.0
2026-08-17 12:11:10,TQQQ,76.92,0.2,0.0,0.0,80.0,77.0,80.0,70.0
2026-08-17 12:12:14,TQQQ,76.94,0.2,0.0,0.0,80.0,77.0,80.0,70.0
2026-08-17 12:17:38,TQQQ,76.68,0.2,0.0,0.0,80.0,77.0,80.0,70.0
2026-08-17 12:18:10,TQQQ,76.67,0.2,0.0,0.0,80.0,77.0,80.0,70.0
2026-08-17 12:19:10,TQQQ,76.75,0.2,0.0,0.0,80.0,77.0,80.0,70.0
2026-08-17 12:20:09,TQQQ,76.72,0.2,0.0,0.0,80.0,77.0,80.0,70.0
2026-08-17 12:21:10,TQQQ,76.65,0.2,0.0,0.0,80.0,77.0,80.0,70.0
2026-08-17 12:26:55,TQQQ,76.59,0.2,0.0,0.0,80.0,77.0,80.0,70.0
2026-08-17 12:33:06,TQQQ,76.56,0.2,0.0,0.0,80.0,77.0,80.0,70.0
2026-08-17 12:34:10,TQQQ,76.55,0.2,0.0,0.0,80.0,77.0,80.0,70.0
2026-08-17 12:35:10,TQQQ,76.44,0.2,0.0,0.0,80.0,77.0,80.0,70.0
2026-08-17 12:41:24,TQQQ,76.47,0.2,0.0,0.0,80.0,77.0,80.0,70.0
2026-08-17 12:42:10,TQQQ,76.61,0.2,0.0,0.0,80.0,77.0,80.0,70.0
2026-08-17 12:43:10,TQQQ,76.66,0.2,0.0,0.0,80.0,77.0,80.0,70.0
2026-08-17 12:44:10,TQQQ,76.64,0.2,0.0,0.0,80.0,77.0,80.0,70.0
2026-08-17 12:50:16,TQQQ,76.58,0.2,0.0,0.0,80.0,77.0,80.0,70.0
2026-08-17 12:56:30,TQQQ,76.53,0.2,0.0,0.0,80.0,77.0,80.0,70.0
2026-08-17 13:02:45,TQQQ,76.48,0.2,0.0,0.0,80.0,77.0,80.0,70.0
2026-08-17 13:09:08,TQQQ,76.38,0.2,0.0,0.0,80.0,77.0,80.0,70.0
2026-08-17 13:15:34,TQQQ,76.49,0.2,0.0,0.0,80.0,77.0,80.0,70.0
2026-08-17 13:22:00,TQQQ,76.45,0.2,0.0,0.0,80.0,77.0,80.0,70.0
2026-08-17 13:28:32,TQQQ,76.47,0.2,0.0,0.0,80.0,77.0,80.0,70.0
2026-08-17 13:35:10,TQQQ,76.51,0.2,0.0,0.0,80.0,77.0,80.0,70.0
2026-08-17 13:48:34,TQQQ,76.61,0.2,0.0,0.0,80.0,77.0,80.0,70.0
2026-08-17 13:55:24,TQQQ,76.62,0.2,0.0,0.0,80.0,77.0,80.0,70.0
2026-08-17 14:09:11,TQQQ,76.49,0.2,0.0,0.0,80.0,77.0,80.0,70.0
2026-08-17 14:10:10,TQQQ,76.49,0.2,0.0,0.0,80.0,77.0,80.0,70.0
2026-08-17 14:11:59,TQQQ,76.47,0.2,0.0,0.0,80.0,77.0,80.0,70.0
2026-08-17 14:18:02,TQQQ,76.47,0.2,0.0,0.0,80.0,77.0,80.0,70.0
2026-08-17 14:39:29,TQQQ,76.51,0.2,0.0,0.0,80.0,77.0,80.0,70.0
2026-08-17 14:40:10,TQQQ,76.53,0.2,0.0,0.0,80.0,77.0,80.0,70.0
2026-08-17 14:41:13,TQQQ,76.53,0.2,0.0,0.0,80.0,77.0,80.0,70.0
2026-08-17 14:42:31,TQQQ,76.47,0.2,0.0,0.0,80.0,77.0,80.0,70.0
2026-08-17 14:48:32,TQQQ,76.58,0.2,0.0,0.0,80.0,77.0,80.0,70.0
2026-08-17 14:49:10,TQQQ,76.59,0.2,0.0,0.0,80.0,77.0,80.0,70.0
2026-08-17 14:50:10,TQQQ,76.62,0.2,0.0,0.0,80.0,77.0,80.0,70.0
2026-08-17 14:51:44,TQQQ,76.5,0.2,0.0,0.0,80.0,77.0,80.0,70.0
2026-08-17 15:05:14,TQQQ,76.33,0.2,0.0,0.0,80.0,77.0,80.0,70.0
2026-08-17 15:19:53,TQQQ,76.33,0.2,0.0,0.0,80.0,77.0,80.0,70.0
2026-08-17 15:27:11,TQQQ,76.3,0.2,0.0,0.0,80.0,76.0,80.0,70.0
2026-08-17 15:34:34,TQQQ,76.26,0.2,0.0,0.0,80.0,76.0,80.0,70.0
2026-08-17 15:35:10,TQQQ,76.27,0.2,0.0,0.0,80.0,76.0,80.0,70.0
2026-08-17 15:36:10,TQQQ,76.24,0.2,0.0,0.0,80.0,76.0,80.0,70.0
2026-08-17 15:37:10,TQQQ,76.23,0.2,0.0,0.0,80.0,76.0,80.0,70.0
2026-08-17 15:38:10,TQQQ,76.24,0.2,0.0,0.0,80.0,76.0,80.0,70.0
2026-08-17 15:39:11,TQQQ,76.24,0.2,0.0,0.0,80.0,76.0,80.0,70.0
2026-08-17 15:40:11,TQQQ,76.22,0.2,0.0,0.0,80.0,76.0,80.0,70.0
2026-08-17 15:41:10,TQQQ,76.22,0.2,0.0,0.0,80.0,76.0,80.0,70.0
2026-08-17 15:42:40,TQQQ,76.24,0.2,0.0,0.0,80.0,76.0,80.0,70.0
2026-08-17 15:48:41,TQQQ,76.17,0.2,0.0,0.0,80.0,76.0,80.0,70.0
2026-08-17 15:49:11,TQQQ,76.17,0.2,0.0,0.0,80.0,76.0,80.0,70.0
2026-08-17 15:50:11,TQQQ,76.17,0.2,0.0,0.0,80.0,76.0,80.0,70.0
2026-08-17 15:51:47,TQQQ,76.2,0.2,0.0,0.0,80.0,76.0,80.0,70.0
2026-08-17 15:57:51,TQQQ,76.28,0.2,0.0,0.0,80.0,76.0,80.0,70.0
2026-08-17 15:58:10,TQQQ,76.28,0.2,0.0,0.0,80.0,76.0,80.0,70.0
2026-08-17 15:59:10,TQQQ,76.28,0.2,0.0,0.0,80.0,76.0,80.0,70.0
