Time,Activo,Strike,Type,Contracts,Premium,Price,IV,Delta,Gamma,DealerState,SPOT,Side,Rel,Moneyness
2026-08-27 08:31:39,QQQ,721.0,UNUSUAL_CALL_VOL,1609,149637.0,0.93,26.84,0.278,0.064105,SHORT_GAMMA,717.87,UAC,ABOVE,3.13
2026-08-27 08:31:39,QQQ,720.0,UNUSUAL_CALL_VOL,3707,494884.0,1.33,28.11,0.352,0.067696,SHORT_GAMMA,717.87,UAC,ABOVE,2.13
2026-08-27 08:31:39,QQQ,719.0,CALL_BLOCK_SELL,3239,568444.0,1.75,28.55,0.423,0.070278,SHORT_GAMMA,717.87,SAC,ABOVE,1.13
2026-08-27 08:31:39,QQQ,718.0,CALL_BLOCK_SELL,3022,682972.0,2.26,29.17,0.494,0.070081,SHORT_GAMMA,717.87,SAC,ATM,0.13
2026-08-27 08:31:39,QQQ,717.0,CALL_BLOCK_SELL,1950,551850.0,2.83,29.74,0.563,0.067882,SHORT_GAMMA,717.87,SAC,ATM,-0.87
2026-08-27 08:31:39,QQQ,717.0,UNUSUAL_PUT_VOL,1501,269430.0,1.79,27.91,-0.433,0.072216,SHORT_GAMMA,717.87,UAP,ATM,-0.87
2026-08-27 08:31:39,QQQ,708.0,UNUSUAL_PUT_VOL,2619,43214.0,0.17,32.24,-0.056,0.017954,SHORT_GAMMA,717.87,UAP,BELOW,-9.87
2026-08-27 08:32:39,QQQ,720.0,UNUSUAL_CALL_VOL,2235,192210.0,0.86,29.01,0.248,0.056075,SHORT_GAMMA,716.1,UAC,ABOVE,3.9
2026-08-27 08:32:39,QQQ,719.0,UNUSUAL_CALL_VOL,1922,220069.0,1.15,29.12,0.307,0.062092,SHORT_GAMMA,716.1,UAC,ABOVE,2.9
2026-08-27 08:32:39,QQQ,718.0,UNUSUAL_CALL_VOL,1673,253460.0,1.52,29.53,0.374,0.065973,SHORT_GAMMA,716.1,UAC,ABOVE,1.9
2026-08-27 08:32:39,QQQ,716.0,UNUSUAL_PUT_VOL,1796,449898.0,2.5,32.44,-0.49,0.063244,SHORT_GAMMA,716.1,UAP,ATM,-0.1
2026-08-27 08:32:39,QQQ,715.0,UNUSUAL_PUT_VOL,1856,374912.0,2.02,32.16,-0.427,0.06274,SHORT_GAMMA,716.1,UAP,BELOW,-1.1
2026-08-27 08:33:39,QQQ,730.0,UNUSUAL_CALL_VOL,2570,6425.0,0.03,29.49,0.011,0.005028,SHORT_GAMMA,716.69,UAC,ABOVE,13.31
2026-08-27 08:33:39,QQQ,720.0,UNUSUAL_CALL_VOL,3514,307475.0,0.88,26.86,0.266,0.062926,SHORT_GAMMA,716.69,UAC,ABOVE,3.31
2026-08-27 08:33:39,QQQ,717.0,UNUSUAL_CALL_VOL,1873,386774.0,2.06,27.92,0.481,0.073452,SHORT_GAMMA,716.69,UAC,ATM,0.31
2026-08-27 08:33:39,QQQ,716.0,UNUSUAL_PUT_VOL,2704,532688.0,1.97,29.24,-0.448,0.069623,SHORT_GAMMA,716.69,UAP,ATM,-0.69
2026-08-27 08:33:39,QQQ,715.0,UNUSUAL_PUT_VOL,2080,332800.0,1.6,29.89,-0.382,0.065664,SHORT_GAMMA,716.69,UAP,BELOW,-1.69
2026-08-27 08:33:39,QQQ,710.0,UNUSUAL_PUT_VOL,1511,67995.0,0.45,31.69,-0.136,0.035364,SHORT_GAMMA,716.69,UAP,BELOW,-6.69
2026-08-27 08:33:39,QQQ,708.0,UNUSUAL_PUT_VOL,3054,93147.0,0.3,34.05,-0.092,0.024889,SHORT_GAMMA,716.69,UAP,BELOW,-8.69
2026-08-27 08:34:39,QQQ,730.0,UNUSUAL_CALL_VOL,2237,5592.0,0.03,31.52,0.01,0.004472,SHORT_GAMMA,715.66,UAC,ABOVE,14.34
2026-08-27 08:34:39,QQQ,720.0,UNUSUAL_CALL_VOL,3126,195375.0,0.62,26.84,0.205,0.054671,SHORT_GAMMA,715.66,UAC,ABOVE,4.34
2026-08-27 08:34:39,QQQ,718.0,UNUSUAL_CALL_VOL,1577,206587.0,1.31,28.95,0.342,0.065446,SHORT_GAMMA,715.66,UAC,ABOVE,2.34
2026-08-27 08:34:39,QQQ,716.0,PUT_BLOCK_BUY,3220,779240.0,2.42,28.65,-0.521,0.07176,SHORT_GAMMA,715.66,BAP,ATM,0.34
2026-08-27 08:34:39,QQQ,715.0,PUT_BLOCK_SELL,2763,536022.0,1.94,28.76,-0.449,0.071005,SHORT_GAMMA,715.66,SAP,ATM,-0.66
2026-08-27 08:35:39,QQQ,716.0,UNUSUAL_PUT_VOL,1850,489325.0,2.65,29.17,-0.545,0.070251,SHORT_GAMMA,715.31,UAP,ATM,0.69
2026-08-27 08:35:39,QQQ,715.0,PUT_BLOCK_BUY,3713,794582.0,2.14,29.28,-0.475,0.070296,SHORT_GAMMA,715.31,BAP,ATM,-0.31
2026-08-27 08:35:39,QQQ,714.0,UNUSUAL_PUT_VOL,1680,269640.0,1.6,28.1,-0.401,0.071136,SHORT_GAMMA,715.31,UAP,BELOW,-1.31
2026-08-27 08:35:39,QQQ,710.0,UNUSUAL_PUT_VOL,1549,89842.0,0.58,29.88,-0.176,0.04475,SHORT_GAMMA,715.31,UAP,BELOW,-5.31
2026-08-27 08:36:39,QQQ,725.0,UNUSUAL_CALL_VOL,1938,16473.0,0.08,27.5,0.036,0.015032,SHORT_GAMMA,715.36,UAC,ABOVE,9.64
2026-08-27 08:36:39,QQQ,720.0,UNUSUAL_CALL_VOL,1943,121438.0,0.62,28.01,0.199,0.051546,SHORT_GAMMA,715.36,UAC,ABOVE,4.64
2026-08-27 08:36:39,QQQ,716.0,UNUSUAL_CALL_VOL,2042,424736.0,2.08,30.25,0.46,0.067918,SHORT_GAMMA,715.36,UAC,ATM,0.64
2026-08-27 08:36:39,QQQ,716.0,PUT_BLOCK_SELL,2309,528761.0,2.29,25.0,-0.549,0.081971,SHORT_GAMMA,715.36,SAP,ATM,0.64
2026-08-27 08:36:39,QQQ,715.0,PUT_BLOCK_SELL,3049,562541.0,1.85,25.85,-0.468,0.079622,SHORT_GAMMA,715.36,SAP,ATM,-0.36
2026-08-27 08:36:39,QQQ,714.0,UNUSUAL_PUT_VOL,1646,248546.0,1.51,27.14,-0.394,0.073395,SHORT_GAMMA,715.36,UAP,BELOW,-1.36
2026-08-27 08:36:39,QQQ,713.0,UNUSUAL_PUT_VOL,1895,224558.0,1.19,27.68,-0.326,0.067395,SHORT_GAMMA,715.36,UAP,BELOW,-2.36
2026-08-27 08:36:39,QQQ,710.0,UNUSUAL_PUT_VOL,2801,155456.0,0.56,29.61,-0.171,0.044447,SHORT_GAMMA,715.36,UAP,BELOW,-5.36
2026-08-27 08:37:39,QQQ,720.0,UNUSUAL_CALL_VOL,1815,98010.0,0.54,26.8,0.183,0.051331,SHORT_GAMMA,715.27,UAC,ABOVE,4.73
2026-08-27 08:37:39,QQQ,716.0,UNUSUAL_CALL_VOL,2213,428216.0,1.94,28.95,0.452,0.070903,SHORT_GAMMA,715.27,UAC,ATM,0.73
2026-08-27 08:37:39,QQQ,715.0,UNUSUAL_PUT_VOL,1928,397168.0,2.06,28.09,-0.477,0.073491,SHORT_GAMMA,715.27,UAP,ATM,-0.27
2026-08-27 08:37:39,QQQ,712.0,UNUSUAL_PUT_VOL,1770,178770.0,1.01,29.25,-0.278,0.059417,SHORT_GAMMA,715.27,UAP,BELOW,-3.27
2026-08-27 08:38:39,QQQ,719.0,UNUSUAL_CALL_VOL,1517,117568.0,0.78,26.72,0.245,0.06105,SHORT_GAMMA,715.39,UAC,ABOVE,3.61
2026-08-27 08:38:39,QQQ,716.0,UNUSUAL_CALL_VOL,1706,322434.0,1.89,27.71,0.458,0.0743,SHORT_GAMMA,715.39,UAC,ATM,0.61
2026-08-27 08:38:39,QQQ,715.0,UNUSUAL_PUT_VOL,2343,473286.0,2.02,28.34,-0.468,0.072817,SHORT_GAMMA,715.39,UAP,ATM,-0.39
2026-08-27 08:38:39,QQQ,714.0,UNUSUAL_PUT_VOL,1881,300960.0,1.6,28.56,-0.397,0.07005,SHORT_GAMMA,715.39,UAP,BELOW,-1.39
2026-08-27 08:38:39,QQQ,713.0,UNUSUAL_PUT_VOL,1584,199584.0,1.26,28.95,-0.331,0.064973,SHORT_GAMMA,715.39,UAP,BELOW,-2.39
2026-08-27 08:39:38,QQQ,715.0,UNUSUAL_PUT_VOL,1792,343168.0,1.92,26.79,-0.469,0.077156,SHORT_GAMMA,715.35,UAP,ATM,-0.35
2026-08-27 08:40:39,QQQ,718.0,UNUSUAL_CALL_VOL,3201,484952.0,1.52,27.12,0.399,0.073961,SHORT_GAMMA,716.62,UAC,ABOVE,1.38
2026-08-27 08:40:39,QQQ,716.0,CALL_BLOCK_BUY,3403,838839.0,2.46,27.21,0.551,0.075541,SHORT_GAMMA,716.62,BAC,ATM,-0.62
2026-08-27 08:40:39,QQQ,715.0,UNUSUAL_CALL_VOL,1500,471750.0,3.15,28.5,0.62,0.069416,SHORT_GAMMA,716.62,UAC,BELOW,-1.62
2026-08-27 08:40:39,QQQ,715.0,UNUSUAL_PUT_VOL,1531,232712.0,1.52,28.72,-0.381,0.068932,SHORT_GAMMA,716.62,UAP,BELOW,-1.62
2026-08-27 08:40:39,QQQ,710.0,UNUSUAL_PUT_VOL,2978,123587.0,0.41,30.93,-0.13,0.035555,SHORT_GAMMA,716.62,UAP,BELOW,-6.62
2026-08-27 08:41:39,QQQ,720.0,UNUSUAL_CALL_VOL,4007,378662.0,0.94,26.24,0.29,0.067759,SHORT_GAMMA,717.15,UAC,ABOVE,2.85
2026-08-27 08:41:39,QQQ,719.0,UNUSUAL_CALL_VOL,2872,348948.0,1.21,25.5,0.357,0.075998,SHORT_GAMMA,717.15,UAC,ABOVE,1.85
2026-08-27 08:41:39,QQQ,718.0,UNUSUAL_CALL_VOL,1993,346782.0,1.74,27.19,0.439,0.075362,SHORT_GAMMA,717.15,UAC,ATM,0.85
2026-08-27 08:41:39,QQQ,717.0,CALL_BLOCK_SELL,4011,906486.0,2.26,27.78,0.515,0.074585,SHORT_GAMMA,717.15,SAC,ATM,-0.15
2026-08-27 08:41:39,QQQ,716.0,CALL_BLOCK_BUY,2199,598128.0,2.72,26.63,0.592,0.075765,SHORT_GAMMA,717.15,BAC,BELOW,-1.15
2026-08-27 08:41:39,QQQ,715.0,UNUSUAL_PUT_VOL,1947,255057.0,1.31,28.54,-0.344,0.067038,SHORT_GAMMA,717.15,UAP,BELOW,-2.15
2026-08-27 08:41:39,QQQ,713.0,UNUSUAL_PUT_VOL,2030,155295.0,0.77,29.04,-0.226,0.053746,SHORT_GAMMA,717.15,UAP,BELOW,-4.15
2026-08-27 08:42:38,QQQ,725.0,UNUSUAL_CALL_VOL,2199,20890.0,0.1,26.14,0.042,0.017978,SHORT_GAMMA,716.25,UAC,ABOVE,8.75
2026-08-27 08:42:38,QQQ,720.0,UNUSUAL_CALL_VOL,2924,191522.0,0.66,25.39,0.224,0.061411,SHORT_GAMMA,716.25,UAC,ABOVE,3.75
2026-08-27 08:42:38,QQQ,718.0,UNUSUAL_CALL_VOL,1798,229245.0,1.27,25.88,0.366,0.07574,SHORT_GAMMA,716.25,UAC,ABOVE,1.75
2026-08-27 08:42:38,QQQ,717.0,UNUSUAL_CALL_VOL,1902,324291.0,1.71,26.24,0.444,0.07845,SHORT_GAMMA,716.25,UAC,ATM,0.75
2026-08-27 08:42:38,QQQ,716.0,UNUSUAL_CALL_VOL,1829,435302.0,2.38,28.72,0.522,0.072272,SHORT_GAMMA,716.25,UAC,ATM,-0.25
2026-08-27 08:42:38,QQQ,716.0,UNUSUAL_PUT_VOL,1500,310500.0,2.07,28.24,-0.478,0.073498,SHORT_GAMMA,716.25,UAP,ATM,-0.25
2026-08-27 08:42:38,QQQ,715.0,UNUSUAL_PUT_VOL,2731,417843.0,1.53,27.0,-0.401,0.074612,SHORT_GAMMA,716.25,UAP,BELOW,-1.25
2026-08-27 09:03:38,QQQ,730.0,UNUSUAL_CALL_VOL,3355,5032.0,0.01,29.13,0.007,0.003645,SHORT_GAMMA,716.51,UAC,ABOVE,13.49
2026-08-27 09:03:38,QQQ,729.0,UNUSUAL_CALL_VOL,1859,2788.0,0.01,27.24,0.008,0.00412,SHORT_GAMMA,716.51,UAC,ABOVE,12.49
2026-08-27 09:03:38,QQQ,728.0,UNUSUAL_CALL_VOL,1699,4248.0,0.03,27.04,0.012,0.006279,SHORT_GAMMA,716.51,UAC,ABOVE,11.49
2026-08-27 09:03:38,QQQ,727.0,UNUSUAL_CALL_VOL,2394,8379.0,0.04,26.35,0.017,0.008766,SHORT_GAMMA,716.51,UAC,ABOVE,10.49
2026-08-27 09:03:38,QQQ,726.0,UNUSUAL_CALL_VOL,3360,15120.0,0.04,25.14,0.023,0.011482,SHORT_GAMMA,716.51,UAC,ABOVE,9.49
2026-08-27 09:03:38,QQQ,725.0,UNUSUAL_CALL_VOL,6863,44610.0,0.07,24.42,0.033,0.016003,SHORT_GAMMA,716.51,UAC,ABOVE,8.49
2026-08-27 09:03:38,QQQ,724.0,UNUSUAL_CALL_VOL,4259,44720.0,0.11,24.23,0.051,0.023019,SHORT_GAMMA,716.51,UAC,ABOVE,7.49
2026-08-27 09:03:38,QQQ,723.0,UNUSUAL_CALL_VOL,7488,123552.0,0.17,24.0,0.076,0.031865,SHORT_GAMMA,716.51,UAC,ABOVE,6.49
2026-08-27 09:03:38,QQQ,722.0,UNUSUAL_CALL_VOL,13062,346143.0,0.27,24.09,0.114,0.042792,SHORT_GAMMA,716.51,UAC,ABOVE,5.49
2026-08-27 09:03:38,QQQ,721.0,CALL_BLOCK_SELL,18929,766625.0,0.41,24.1,0.162,0.054536,SHORT_GAMMA,716.51,SAC,ABOVE,4.49
2026-08-27 09:03:38,QQQ,720.0,CALL_BLOCK_SELL,41710,2606875.0,0.62,24.55,0.226,0.065683,SHORT_GAMMA,716.51,SAC,ABOVE,3.49
2026-08-27 09:03:38,QQQ,720.0,PUT_BLOCK_BUY,1964,798366.0,4.06,24.02,-0.779,0.066285,SHORT_GAMMA,716.51,BAP,ABOVE,3.49
2026-08-27 09:03:38,QQQ,719.0,CALL_BLOCK_SELL,33410,3123835.0,0.94,25.26,0.302,0.073998,SHORT_GAMMA,716.51,SAC,ABOVE,2.49
2026-08-27 09:03:38,QQQ,719.0,PUT_BLOCK_SELL,2772,895356.0,3.23,22.59,-0.719,0.07997,SHORT_GAMMA,716.51,SAP,ABOVE,2.49
2026-08-27 09:03:38,QQQ,718.0,CALL_BLOCK_SELL,41603,5408390.0,1.3,25.6,0.381,0.079783,SHORT_GAMMA,716.51,SAC,ABOVE,1.49
2026-08-27 09:03:38,QQQ,718.0,PUT_BLOCK_BUY,12316,3331478.0,2.71,24.7,-0.623,0.082403,SHORT_GAMMA,716.51,BAP,ABOVE,1.49
2026-08-27 09:03:38,QQQ,717.0,CALL_BLOCK_BUY,42412,7379688.0,1.74,25.87,0.463,0.082302,SHORT_GAMMA,716.51,BAC,ATM,0.49
2026-08-27 09:03:38,QQQ,717.0,PUT_BLOCK_BUY,22753,4880518.0,2.15,25.01,-0.538,0.085104,SHORT_GAMMA,716.51,BAP,ATM,0.49
2026-08-27 09:03:38,QQQ,716.0,CALL_BLOCK_SELL,24117,5679554.0,2.35,27.38,0.543,0.07764,SHORT_GAMMA,716.51,SAC,ATM,-0.51
2026-08-27 09:03:38,QQQ,716.0,PUT_BLOCK_BUY,38273,6544683.0,1.71,25.85,-0.454,0.08218,SHORT_GAMMA,716.51,BAP,ATM,-0.51
2026-08-27 09:03:38,QQQ,715.0,CALL_BLOCK_SELL,13577,4100254.0,3.02,28.58,0.615,0.071696,SHORT_GAMMA,716.51,SAC,BELOW,-1.51
2026-08-27 09:03:38,QQQ,715.0,PUT_BLOCK_SELL,40109,5073788.0,1.27,25.49,-0.372,0.079532,SHORT_GAMMA,716.51,SAP,BELOW,-1.51
2026-08-27 09:03:38,QQQ,714.0,CALL_BLOCK_BUY,4223,1551952.0,3.67,28.74,0.683,0.066387,SHORT_GAMMA,716.51,BAC,BELOW,-2.51
2026-08-27 09:03:38,QQQ,714.0,PUT_BLOCK_BUY,22635,2342722.0,1.04,27.12,-0.307,0.069388,SHORT_GAMMA,716.51,BAP,BELOW,-2.51
2026-08-27 09:03:38,QQQ,713.0,CALL_BLOCK_SELL,1544,687852.0,4.46,29.89,0.739,0.058311,SHORT_GAMMA,716.51,SAC,BELOW,-3.51
2026-08-27 09:03:38,QQQ,713.0,PUT_BLOCK_BUY,23386,1882573.0,0.81,27.95,-0.247,0.060575,SHORT_GAMMA,716.51,BAP,BELOW,-3.51
2026-08-27 09:03:38,QQQ,712.0,CALL_BLOCK_BUY,1044,550188.0,5.27,30.89,0.786,0.050527,SHORT_GAMMA,716.51,BAC,BELOW,-4.51
2026-08-27 09:03:38,QQQ,712.0,PUT_BLOCK_BUY,17804,1094946.0,0.61,28.62,-0.196,0.051802,SHORT_GAMMA,716.51,BAP,BELOW,-4.51
2026-08-27 09:03:38,QQQ,711.0,UNUSUAL_PUT_VOL,10432,485088.0,0.46,29.25,-0.153,0.04336,SHORT_GAMMA,716.51,UAP,BELOW,-5.51
2026-08-27 09:03:38,QQQ,710.0,CALL_BLOCK_SELL,896,630784.0,7.04,33.7,0.853,0.036615,SHORT_GAMMA,716.51,SAC,BELOW,-6.51
2026-08-27 09:03:38,QQQ,710.0,UNUSUAL_PUT_VOL,12489,443359.0,0.35,30.02,-0.12,0.035667,SHORT_GAMMA,716.51,UAP,BELOW,-6.51
2026-08-27 09:03:38,QQQ,709.0,UNUSUAL_PUT_VOL,5787,159143.0,0.28,30.92,-0.094,0.029045,SHORT_GAMMA,716.51,UAP,BELOW,-7.51
2026-08-27 09:03:38,QQQ,708.0,UNUSUAL_PUT_VOL,10715,219658.0,0.21,31.52,-0.072,0.023222,SHORT_GAMMA,716.51,UAP,BELOW,-8.51
2026-08-27 09:03:38,QQQ,707.0,UNUSUAL_PUT_VOL,3718,57629.0,0.15,32.23,-0.055,0.018428,SHORT_GAMMA,716.51,UAP,BELOW,-9.51
2026-08-27 09:03:38,QQQ,706.0,UNUSUAL_PUT_VOL,3792,47400.0,0.12,33.4,-0.044,0.014899,SHORT_GAMMA,716.51,UAP,BELOW,-10.51
2026-08-27 09:03:38,QQQ,705.0,UNUSUAL_PUT_VOL,3741,35540.0,0.1,34.14,-0.034,0.011733,SHORT_GAMMA,716.51,UAP,BELOW,-11.51
2026-08-27 09:03:38,QQQ,704.0,UNUSUAL_PUT_VOL,2454,18405.0,0.08,35.1,-0.026,0.009356,SHORT_GAMMA,716.51,UAP,BELOW,-12.51
2026-08-27 09:03:38,QQQ,703.0,UNUSUAL_PUT_VOL,2000,13000.0,0.07,36.57,-0.022,0.007794,SHORT_GAMMA,716.51,UAP,BELOW,-13.51
2026-08-27 09:03:38,QQQ,700.0,UNUSUAL_PUT_VOL,3104,10864.0,0.04,39.61,-0.012,0.004115,SHORT_GAMMA,716.51,UAP,BELOW,-16.51
2026-08-27 09:03:38,QQQ,699.0,UNUSUAL_PUT_VOL,2483,6208.0,0.03,39.95,-0.008,0.003099,SHORT_GAMMA,716.51,UAP,BELOW,-17.51
2026-08-27 09:03:38,QQQ,685.0,UNUSUAL_PUT_VOL,2509,3764.0,0.01,64.02,-0.003,0.000853,SHORT_GAMMA,716.51,UAP,BELOW,-31.51
2026-08-27 09:04:38,QQQ,720.0,UNUSUAL_CALL_VOL,2900,210250.0,0.72,23.83,0.265,0.073769,SHORT_GAMMA,717.17,UAC,ABOVE,2.83
2026-08-27 09:04:38,QQQ,718.0,UNUSUAL_CALL_VOL,2359,356209.0,1.51,25.25,0.434,0.083548,SHORT_GAMMA,717.17,UAC,ATM,0.83
2026-08-27 09:04:38,QQQ,717.0,UNUSUAL_CALL_VOL,1929,399303.0,2.07,26.47,0.517,0.080747,SHORT_GAMMA,717.17,UAC,ATM,-0.17
2026-08-27 09:04:38,QQQ,716.0,UNUSUAL_PUT_VOL,1772,244536.0,1.38,24.89,-0.397,0.083073,SHORT_GAMMA,717.17,UAP,BELOW,-1.17
2026-08-27 09:04:38,QQQ,715.0,UNUSUAL_PUT_VOL,1613,174204.0,1.08,25.86,-0.323,0.074445,SHORT_GAMMA,717.17,UAP,BELOW,-2.17
2026-08-27 09:05:38,QQQ,720.0,UNUSUAL_CALL_VOL,2689,213776.0,0.8,23.35,0.284,0.077887,SHORT_GAMMA,717.47,UAC,ABOVE,2.53
2026-08-27 09:05:38,QQQ,719.0,UNUSUAL_CALL_VOL,1644,187416.0,1.14,23.63,0.368,0.085585,SHORT_GAMMA,717.47,UAC,ABOVE,1.53
2026-08-27 09:05:38,QQQ,717.0,UNUSUAL_CALL_VOL,1591,340474.0,2.14,24.86,0.544,0.08562,SHORT_GAMMA,717.47,UAC,ATM,-0.47
2026-08-27 09:05:38,QQQ,715.0,UNUSUAL_PUT_VOL,2109,209846.0,0.99,26.39,-0.304,0.071182,SHORT_GAMMA,717.47,UAP,BELOW,-2.47
2026-08-27 09:06:38,QQQ,720.0,UNUSUAL_CALL_VOL,1795,139112.0,0.78,24.91,0.267,0.070962,SHORT_GAMMA,717.07,UAC,ABOVE,2.93
2026-08-27 09:06:38,QQQ,719.0,UNUSUAL_CALL_VOL,1700,192950.0,1.13,25.73,0.347,0.077159,SHORT_GAMMA,717.07,UAC,ABOVE,1.93
2026-08-27 09:06:38,QQQ,718.0,UNUSUAL_CALL_VOL,2108,329902.0,1.56,26.34,0.428,0.080136,SHORT_GAMMA,717.07,UAC,ATM,0.93
2026-08-27 09:07:38,QQQ,718.0,UNUSUAL_CALL_VOL,1641,237945.0,1.45,25.0,0.42,0.084216,SHORT_GAMMA,717.02,UAC,ATM,0.98
2026-08-27 09:07:38,QQQ,717.0,UNUSUAL_CALL_VOL,1852,348176.0,1.88,24.6,0.505,0.087346,SHORT_GAMMA,717.02,UAC,ATM,-0.02
2026-08-27 09:07:38,QQQ,717.0,UNUSUAL_PUT_VOL,2572,489966.0,1.9,25.46,-0.495,0.084396,SHORT_GAMMA,717.02,UAP,ATM,-0.02
2026-08-27 09:07:38,QQQ,716.0,UNUSUAL_PUT_VOL,2391,376582.0,1.58,27.18,-0.417,0.077324,SHORT_GAMMA,717.02,UAP,ATM,-1.02
2026-08-27 09:07:38,QQQ,715.0,UNUSUAL_PUT_VOL,2302,270485.0,1.17,26.95,-0.34,0.073222,SHORT_GAMMA,717.02,UAP,BELOW,-2.02
2026-08-27 09:08:38,QQQ,718.0,UNUSUAL_CALL_VOL,1665,231435.0,1.39,25.56,0.402,0.081657,SHORT_GAMMA,716.78,UAC,ABOVE,1.22
2026-08-27 09:08:38,QQQ,715.0,UNUSUAL_PUT_VOL,1849,222804.0,1.21,26.21,-0.354,0.07654,SHORT_GAMMA,716.78,UAP,BELOW,-1.78
2026-08-27 09:09:38,QQQ,715.0,UNUSUAL_PUT_VOL,2354,271887.0,1.15,26.09,-0.344,0.076247,SHORT_GAMMA,716.89,UAP,BELOW,-1.89
2026-08-27 09:10:38,QQQ,717.0,UNUSUAL_CALL_VOL,1630,343930.0,2.11,25.03,0.539,0.085758,SHORT_GAMMA,717.41,UAC,ATM,-0.41
2026-08-27 09:11:38,QQQ,720.0,UNUSUAL_CALL_VOL,2364,198576.0,0.84,21.99,0.311,0.086957,SHORT_GAMMA,717.96,UAC,ABOVE,2.04
2026-08-27 09:11:38,QQQ,719.0,UNUSUAL_CALL_VOL,1703,205212.0,1.21,22.11,0.403,0.094727,SHORT_GAMMA,717.96,UAC,ATM,1.04
2026-08-27 09:11:38,QQQ,718.0,UNUSUAL_CALL_VOL,2566,434937.0,1.69,22.65,0.5,0.095293,SHORT_GAMMA,717.96,UAC,ATM,0.04
2026-08-27 09:11:38,QQQ,716.0,UNUSUAL_PUT_VOL,1613,179043.0,1.11,25.82,-0.337,0.076541,SHORT_GAMMA,717.96,UAP,BELOW,-1.96
2026-08-27 09:12:38,QQQ,718.0,UNUSUAL_CALL_VOL,1705,298375.0,1.75,24.13,0.49,0.089562,SHORT_GAMMA,717.85,UAC,ATM,0.15
2026-08-27 09:12:38,QQQ,715.0,UNUSUAL_PUT_VOL,1746,144045.0,0.82,25.73,-0.271,0.069755,SHORT_GAMMA,717.85,UAP,BELOW,-2.85
2026-08-27 09:13:38,QQQ,720.0,UNUSUAL_CALL_VOL,1560,138060.0,0.89,21.62,0.32,0.089758,SHORT_GAMMA,718.1,UAC,ABOVE,1.9
2026-08-27 09:13:38,QQQ,718.0,UNUSUAL_CALL_VOL,1597,284266.0,1.78,22.9,0.513,0.094455,SHORT_GAMMA,718.1,UAC,ATM,-0.1
2026-08-27 09:14:38,QQQ,720.0,UNUSUAL_CALL_VOL,1880,182360.0,0.97,22.74,0.339,0.087402,SHORT_GAMMA,718.22,UAC,ABOVE,1.78
2026-08-27 09:14:38,QQQ,719.0,UNUSUAL_CALL_VOL,1838,267429.0,1.46,24.12,0.434,0.088599,SHORT_GAMMA,718.22,UAC,ATM,0.78
2026-08-27 09:14:38,QQQ,718.0,UNUSUAL_CALL_VOL,1783,341444.0,1.92,23.91,0.523,0.090473,SHORT_GAMMA,718.22,UAC,ATM,-0.22
2026-08-27 09:14:38,QQQ,718.0,PUT_BLOCK_SELL,3318,542493.0,1.64,23.37,-0.476,0.092557,SHORT_GAMMA,718.22,SAP,ATM,-0.22
2026-08-27 09:15:38,QQQ,720.0,UNUSUAL_CALL_VOL,1687,164482.0,0.97,22.0,0.349,0.091447,SHORT_GAMMA,718.39,UAC,ABOVE,1.61
2026-08-27 09:15:38,QQQ,718.0,UNUSUAL_CALL_VOL,1682,312011.0,1.85,21.93,0.542,0.09838,SHORT_GAMMA,718.39,UAC,ATM,-0.39
2026-08-27 09:15:38,QQQ,718.0,PUT_BLOCK_BUY,3442,593745.0,1.73,25.68,-0.464,0.084135,SHORT_GAMMA,718.39,BAP,ATM,-0.39
2026-08-27 09:15:38,QQQ,717.0,UNUSUAL_PUT_VOL,1561,198247.0,1.27,25.28,-0.379,0.081848,SHORT_GAMMA,718.39,UAP,BELOW,-1.39
2026-08-27 09:16:38,QQQ,720.0,UNUSUAL_CALL_VOL,1768,166192.0,0.94,23.39,0.325,0.083833,SHORT_GAMMA,718.01,UAC,ABOVE,1.99
2026-08-27 09:16:38,QQQ,718.0,UNUSUAL_PUT_VOL,2113,363436.0,1.72,23.2,-0.496,0.093696,SHORT_GAMMA,718.01,UAP,ATM,-0.01
2026-08-27 09:17:38,QQQ,718.0,PUT_BLOCK_SELL,3272,572600.0,1.75,26.02,-0.465,0.083301,SHORT_GAMMA,718.38,SAP,ATM,-0.38
2026-08-27 09:17:38,QQQ,717.0,UNUSUAL_PUT_VOL,1523,204082.0,1.34,26.27,-0.384,0.079296,SHORT_GAMMA,718.38,UAP,BELOW,-1.38
2026-08-27 09:18:38,QQQ,718.0,UNUSUAL_PUT_VOL,2780,436460.0,1.57,23.6,-0.462,0.091916,SHORT_GAMMA,718.38,UAP,ATM,-0.38
2026-08-27 09:19:38,QQQ,720.0,UNUSUAL_CALL_VOL,2594,252915.0,0.97,22.28,0.341,0.090046,SHORT_GAMMA,718.29,UAC,ABOVE,1.71
2026-08-27 09:19:38,QQQ,718.0,UNUSUAL_CALL_VOL,1716,332904.0,1.94,23.92,0.53,0.090989,SHORT_GAMMA,718.29,UAC,ATM,-0.29
2026-08-27 09:19:38,QQQ,718.0,UNUSUAL_PUT_VOL,2320,367720.0,1.58,23.75,-0.47,0.091637,SHORT_GAMMA,718.29,UAP,ATM,-0.29
2026-08-27 09:19:38,QQQ,717.0,UNUSUAL_PUT_VOL,1754,211357.0,1.21,24.34,-0.383,0.085755,SHORT_GAMMA,718.29,UAP,BELOW,-1.29
2026-08-27 09:20:38,QQQ,718.0,UNUSUAL_PUT_VOL,1522,237432.0,1.56,23.69,-0.46,0.091782,SHORT_GAMMA,718.4,UAP,ATM,-0.4
2026-08-27 09:20:38,QQQ,717.0,UNUSUAL_PUT_VOL,2091,241510.0,1.15,23.88,-0.371,0.086665,SHORT_GAMMA,718.4,UAP,BELOW,-1.4
2026-08-27 09:21:38,QQQ,718.0,UNUSUAL_PUT_VOL,2556,392346.0,1.54,23.08,-0.463,0.094437,SHORT_GAMMA,718.35,UAP,ATM,-0.35
2026-08-27 09:22:38,QQQ,719.0,UNUSUAL_CALL_VOL,1617,207785.0,1.29,21.89,0.429,0.098559,SHORT_GAMMA,718.25,UAC,ATM,0.75
2026-08-27 09:22:38,QQQ,718.0,UNUSUAL_PUT_VOL,1735,282805.0,1.63,23.76,-0.473,0.092069,SHORT_GAMMA,718.25,UAP,ATM,-0.25
2026-08-27 09:24:38,QQQ,719.0,UNUSUAL_CALL_VOL,1506,201804.0,1.34,21.38,0.449,0.101985,SHORT_GAMMA,718.47,UAC,ATM,0.53
2026-08-27 09:25:38,QQQ,720.0,UNUSUAL_CALL_VOL,1764,158760.0,0.9,21.51,0.338,0.093763,SHORT_GAMMA,718.33,UAC,ABOVE,1.67
2026-08-27 09:25:38,QQQ,719.0,UNUSUAL_CALL_VOL,1560,209040.0,1.34,22.26,0.438,0.097705,SHORT_GAMMA,718.33,UAC,ATM,0.67
2026-08-27 09:25:38,QQQ,718.0,UNUSUAL_PUT_VOL,2013,311008.0,1.54,23.15,-0.465,0.094755,SHORT_GAMMA,718.33,UAP,ATM,-0.33
2026-08-27 09:25:38,QQQ,717.0,UNUSUAL_PUT_VOL,1784,209620.0,1.17,23.91,-0.376,0.087611,SHORT_GAMMA,718.33,UAP,BELOW,-1.33
2026-08-27 09:25:38,QQQ,705.0,UNUSUAL_PUT_VOL,2984,13428.0,0.04,35.15,-0.017,0.006606,SHORT_GAMMA,718.33,UAP,BELOW,-13.33
2026-08-27 09:27:39,QQQ,721.0,UNUSUAL_CALL_VOL,1682,142970.0,0.85,21.35,0.326,0.093307,SHORT_GAMMA,719.22,UAC,ABOVE,1.78
2026-08-27 09:27:39,QQQ,720.0,UNUSUAL_CALL_VOL,3332,418166.0,1.25,21.78,0.425,0.099486,SHORT_GAMMA,719.22,UAC,ATM,0.78
2026-08-27 09:27:39,QQQ,719.0,CALL_BLOCK_SELL,3214,568878.0,1.77,22.35,0.525,0.098499,SHORT_GAMMA,719.22,SAC,ATM,-0.22
2026-08-27 09:27:39,QQQ,718.0,UNUSUAL_CALL_VOL,1622,386036.0,2.38,22.92,0.619,0.091917,SHORT_GAMMA,719.22,UAC,BELOW,-1.22
2026-08-27 09:27:39,QQQ,718.0,UNUSUAL_PUT_VOL,2465,300730.0,1.22,24.04,-0.386,0.087995,SHORT_GAMMA,719.22,UAP,BELOW,-1.22
2026-08-27 09:27:39,QQQ,717.0,UNUSUAL_PUT_VOL,2253,197138.0,0.88,24.1,-0.302,0.08001,SHORT_GAMMA,719.22,UAP,BELOW,-2.22
2026-08-27 09:28:39,QQQ,720.0,UNUSUAL_CALL_VOL,2430,275805.0,1.13,22.41,0.389,0.09477,SHORT_GAMMA,718.82,UAC,ABOVE,1.18
2026-08-27 09:28:39,QQQ,719.0,UNUSUAL_CALL_VOL,1879,306277.0,1.63,23.22,0.486,0.095139,SHORT_GAMMA,718.82,UAC,ATM,0.18
2026-08-27 09:28:39,QQQ,718.0,UNUSUAL_PUT_VOL,1998,246753.0,1.23,22.03,-0.415,0.098041,SHORT_GAMMA,718.82,UAP,ATM,-0.82
2026-08-27 09:28:39,QQQ,716.0,UNUSUAL_PUT_VOL,1701,112266.0,0.66,23.41,-0.249,0.075065,SHORT_GAMMA,718.82,UAP,BELOW,-2.82
2026-08-27 09:28:39,QQQ,715.0,UNUSUAL_PUT_VOL,1783,86476.0,0.48,24.32,-0.189,0.061648,SHORT_GAMMA,718.82,UAP,BELOW,-3.82
2026-08-27 09:28:39,QQQ,712.0,UNUSUAL_PUT_VOL,1757,34262.0,0.2,27.17,-0.08,0.030289,SHORT_GAMMA,718.82,UAP,BELOW,-6.82
2026-08-27 09:29:39,QQQ,718.0,UNUSUAL_PUT_VOL,1787,232310.0,1.3,23.08,-0.417,0.093808,SHORT_GAMMA,718.84,UAP,ATM,-0.84
2026-08-27 09:29:39,QQQ,717.0,UNUSUAL_PUT_VOL,1540,147840.0,0.96,23.61,-0.329,0.085051,SHORT_GAMMA,718.84,UAP,BELOW,-1.84
2026-08-27 09:30:39,QQQ,717.0,UNUSUAL_PUT_VOL,1732,194850.0,1.12,22.49,-0.384,0.094448,SHORT_GAMMA,718.16,UAP,BELOW,-1.16
2026-08-27 09:31:39,QQQ,720.0,UNUSUAL_CALL_VOL,1826,165253.0,0.91,21.58,0.34,0.094607,SHORT_GAMMA,718.37,UAC,ABOVE,1.63
2026-08-27 09:31:39,QQQ,719.0,UNUSUAL_CALL_VOL,2329,308593.0,1.33,22.01,0.44,0.099811,SHORT_GAMMA,718.37,UAC,ATM,0.63
2026-08-27 09:31:39,QQQ,718.0,UNUSUAL_CALL_VOL,1757,323288.0,1.84,22.38,0.54,0.098777,SHORT_GAMMA,718.37,UAC,ATM,-0.37
2026-08-27 09:31:39,QQQ,718.0,UNUSUAL_PUT_VOL,3935,598120.0,1.52,23.33,-0.461,0.094791,SHORT_GAMMA,718.37,UAP,ATM,-0.37
2026-08-27 09:31:39,QQQ,717.0,UNUSUAL_PUT_VOL,2975,336175.0,1.13,23.74,-0.371,0.088625,SHORT_GAMMA,718.37,UAP,BELOW,-1.37
2026-08-27 09:32:39,QQQ,718.0,UNUSUAL_PUT_VOL,1600,255200.0,1.6,22.69,-0.486,0.098046,SHORT_GAMMA,718.11,UAP,ATM,-0.11
2026-08-27 09:33:39,QQQ,718.0,UNUSUAL_PUT_VOL,1749,272844.0,1.56,23.56,-0.467,0.094286,SHORT_GAMMA,718.31,UAP,ATM,-0.31
2026-08-27 09:33:39,QQQ,716.0,UNUSUAL_PUT_VOL,1836,157896.0,0.86,24.53,-0.296,0.07873,SHORT_GAMMA,718.31,UAP,BELOW,-2.31
2026-08-27 09:34:39,QQQ,719.0,UNUSUAL_CALL_VOL,1996,254490.0,1.27,22.01,0.43,0.099859,SHORT_GAMMA,718.27,UAC,ATM,0.73
2026-08-27 09:34:39,QQQ,718.0,UNUSUAL_PUT_VOL,2297,337659.0,1.47,22.1,-0.469,0.100713,SHORT_GAMMA,718.27,UAP,ATM,-0.27
2026-08-27 09:35:39,QQQ,718.0,UNUSUAL_PUT_VOL,1613,242756.0,1.5,23.06,-0.464,0.096546,SHORT_GAMMA,718.34,UAP,ATM,-0.34
2026-08-27 09:36:38,QQQ,712.0,UNUSUAL_PUT_VOL,8590,219045.0,0.26,28.27,-0.098,0.034448,SHORT_GAMMA,718.43,UAP,BELOW,-6.43
2026-08-27 09:36:38,QQQ,708.0,UNUSUAL_PUT_VOL,2026,15195.0,0.08,31.52,-0.03,0.012163,SHORT_GAMMA,718.43,UAP,BELOW,-10.43
2026-08-27 09:37:38,QQQ,718.0,UNUSUAL_PUT_VOL,1509,205979.0,1.37,22.81,-0.438,0.097083,SHORT_GAMMA,718.6,UAP,ATM,-0.6
2026-08-27 09:40:39,QQQ,720.0,UNUSUAL_CALL_VOL,2595,177758.0,0.69,21.23,0.282,0.089971,SHORT_GAMMA,717.8,UAC,ABOVE,2.2
2026-08-27 09:40:39,QQQ,719.0,UNUSUAL_CALL_VOL,2239,230617.0,1.03,21.44,0.379,0.100315,SHORT_GAMMA,717.8,UAC,ABOVE,1.2
2026-08-27 09:40:39,QQQ,718.0,UNUSUAL_CALL_VOL,1814,263030.0,1.45,21.31,0.482,0.105704,SHORT_GAMMA,717.8,UAC,ATM,0.2
2026-08-27 09:40:39,QQQ,718.0,PUT_BLOCK_BUY,7755,1345492.0,1.73,22.75,-0.516,0.099027,SHORT_GAMMA,717.8,BAP,ATM,0.2
2026-08-27 09:40:39,QQQ,717.0,PUT_BLOCK_SELL,4470,560985.0,1.25,22.61,-0.417,0.097577,SHORT_GAMMA,717.8,SAP,ATM,-0.8
2026-08-27 09:40:39,QQQ,716.0,UNUSUAL_PUT_VOL,4042,377927.0,0.94,23.45,-0.329,0.087171,SHORT_GAMMA,717.8,UAP,BELOW,-1.8
2026-08-27 09:40:39,QQQ,715.0,UNUSUAL_PUT_VOL,1828,128874.0,0.7,24.54,-0.256,0.074167,SHORT_GAMMA,717.8,UAP,BELOW,-2.8
2026-08-27 09:40:39,QQQ,714.0,UNUSUAL_PUT_VOL,2081,103010.0,0.49,24.91,-0.191,0.061846,SHORT_GAMMA,717.8,UAP,BELOW,-3.8
2026-08-27 09:41:39,QQQ,716.0,UNUSUAL_PUT_VOL,1701,159044.0,0.94,23.33,-0.331,0.08793,SHORT_GAMMA,717.77,UAP,BELOW,-1.77
2026-08-27 09:42:39,QQQ,717.0,UNUSUAL_PUT_VOL,2410,300045.0,1.25,21.69,-0.428,0.102601,SHORT_GAMMA,717.66,UAP,ATM,-0.66
2026-08-27 09:43:39,QQQ,683.0,UNUSUAL_PUT_VOL,2019,1010.0,0.01,66.17,-0.001,0.000333,SHORT_GAMMA,717.48,UAP,BELOW,-34.48
2026-08-27 09:45:38,QQQ,718.0,UNUSUAL_CALL_VOL,1829,260632.0,1.42,22.84,0.465,0.099146,SHORT_GAMMA,717.62,UAC,ATM,0.38
2026-08-27 09:45:38,QQQ,718.0,PUT_BLOCK_BUY,5190,874515.0,1.69,20.29,-0.54,0.111485,SHORT_GAMMA,717.62,BAP,ATM,0.38
2026-08-27 09:45:38,QQQ,717.0,UNUSUAL_PUT_VOL,1978,242305.0,1.23,20.77,-0.43,0.107734,SHORT_GAMMA,717.62,UAP,ATM,-0.62
2026-08-27 09:45:38,QQQ,716.0,UNUSUAL_PUT_VOL,2245,199805.0,0.89,21.6,-0.332,0.095734,SHORT_GAMMA,717.62,UAP,BELOW,-1.62
2026-08-27 09:46:38,QQQ,718.0,UNUSUAL_PUT_VOL,1597,267498.0,1.67,20.71,-0.541,0.109347,SHORT_GAMMA,717.59,UAP,ATM,0.41
2026-08-27 09:47:38,QQQ,718.0,UNUSUAL_PUT_VOL,2002,393393.0,1.96,23.98,-0.544,0.094531,SHORT_GAMMA,717.5,UAP,ATM,0.5
2026-08-27 09:48:38,QQQ,717.0,UNUSUAL_PUT_VOL,2081,251801.0,1.21,22.84,-0.407,0.097264,SHORT_GAMMA,717.9,UAP,ATM,-0.9
2026-08-27 09:49:38,QQQ,720.0,UNUSUAL_CALL_VOL,2205,181912.0,0.82,20.07,0.342,0.10478,SHORT_GAMMA,718.54,UAC,ABOVE,1.46
2026-08-27 09:49:38,QQQ,719.0,UNUSUAL_CALL_VOL,2215,275768.0,1.25,20.41,0.452,0.111141,SHORT_GAMMA,718.54,UAC,ATM,0.46
2026-08-27 09:49:38,QQQ,718.0,UNUSUAL_CALL_VOL,2085,373215.0,1.79,20.97,0.562,0.107637,SHORT_GAMMA,718.54,UAC,ATM,-0.54
2026-08-27 09:49:38,QQQ,718.0,UNUSUAL_PUT_VOL,1601,208931.0,1.31,22.0,-0.441,0.102708,SHORT_GAMMA,718.54,UAP,ATM,-0.54
2026-08-27 09:49:38,QQQ,717.0,CALL_BLOCK_BUY,2895,699142.0,2.42,21.21,0.665,0.098425,SHORT_GAMMA,718.54,BAC,BELOW,-1.54
2026-08-27 09:49:38,QQQ,717.0,UNUSUAL_PUT_VOL,2535,242092.0,0.95,22.69,-0.345,0.093047,SHORT_GAMMA,718.54,UAP,BELOW,-1.54
2026-08-27 09:49:38,QQQ,716.0,UNUSUAL_PUT_VOL,2301,157619.0,0.69,23.32,-0.263,0.080176,SHORT_GAMMA,718.54,UAP,BELOW,-2.54
2026-08-27 09:50:38,QQQ,721.0,UNUSUAL_CALL_VOL,2692,144022.0,0.54,18.99,0.257,0.097354,SHORT_GAMMA,718.8,UAC,ABOVE,2.2
2026-08-27 09:50:38,QQQ,720.0,UNUSUAL_CALL_VOL,2030,175595.0,0.86,19.28,0.365,0.111758,SHORT_GAMMA,718.8,UAC,ABOVE,1.2
2026-08-27 09:50:38,QQQ,719.0,UNUSUAL_CALL_VOL,2025,261225.0,1.29,19.33,0.481,0.118209,SHORT_GAMMA,718.8,UAC,ATM,0.2
2026-08-27 09:50:38,QQQ,718.0,UNUSUAL_CALL_VOL,2087,378790.0,1.81,19.17,0.599,0.115667,SHORT_GAMMA,718.8,UAC,ATM,-0.8
2026-08-27 09:50:38,QQQ,718.0,UNUSUAL_PUT_VOL,2056,263168.0,1.28,23.31,-0.418,0.096072,SHORT_GAMMA,718.8,UAP,ATM,-0.8
2026-08-27 09:51:38,QQQ,720.0,UNUSUAL_CALL_VOL,1541,128673.0,0.83,20.39,0.342,0.10345,SHORT_GAMMA,718.52,UAC,ABOVE,1.48
2026-08-27 09:51:38,QQQ,719.0,UNUSUAL_CALL_VOL,1870,235620.0,1.26,20.81,0.451,0.109314,SHORT_GAMMA,718.52,UAC,ATM,0.48
2026-08-27 09:51:38,QQQ,718.0,UNUSUAL_PUT_VOL,2739,354700.0,1.29,21.8,-0.442,0.104043,SHORT_GAMMA,718.52,UAP,ATM,-0.52
2026-08-27 09:52:38,QQQ,718.0,UNUSUAL_PUT_VOL,2082,276906.0,1.33,22.74,-0.438,0.099731,SHORT_GAMMA,718.59,UAP,ATM,-0.59
2026-08-27 09:56:38,QQQ,717.0,UNUSUAL_PUT_VOL,2160,255960.0,1.19,23.46,-0.397,0.095294,SHORT_GAMMA,718.02,UAP,ATM,-1.02
2026-08-27 09:57:38,QQQ,719.0,UNUSUAL_CALL_VOL,1599,205472.0,1.29,21.08,0.456,0.109134,SHORT_GAMMA,718.57,UAC,ATM,0.43
2026-08-27 10:01:38,QQQ,718.0,UNUSUAL_CALL_VOL,1644,326334.0,1.98,20.55,0.612,0.108841,SHORT_GAMMA,718.97,UAC,ATM,-0.97
2026-08-27 10:02:38,QQQ,720.0,UNUSUAL_CALL_VOL,1606,154979.0,0.96,19.87,0.391,0.112993,SHORT_GAMMA,719.03,UAC,ATM,0.97
2026-08-27 10:02:38,QQQ,718.0,UNUSUAL_PUT_VOL,1606,161403.0,1.0,21.04,-0.384,0.10615,SHORT_GAMMA,719.03,UAP,ATM,-1.03
2026-08-27 10:03:38,QQQ,720.0,UNUSUAL_CALL_VOL,1530,133875.0,0.88,19.83,0.365,0.111094,SHORT_GAMMA,718.8,UAC,ABOVE,1.2
2026-08-27 10:03:38,QQQ,712.0,UNUSUAL_PUT_VOL,1537,23824.0,0.15,27.06,-0.068,0.028539,SHORT_GAMMA,718.8,UAP,BELOW,-6.8
2026-08-27 10:03:38,QQQ,708.0,UNUSUAL_PUT_VOL,3012,16566.0,0.06,32.09,-0.023,0.009948,SHORT_GAMMA,718.8,UAP,BELOW,-10.8
2026-08-27 10:04:38,QQQ,721.0,UNUSUAL_CALL_VOL,1807,89446.0,0.49,17.9,0.257,0.105724,SHORT_GAMMA,718.98,UAC,ABOVE,2.02
2026-08-27 10:04:38,QQQ,719.0,UNUSUAL_PUT_VOL,1956,305136.0,1.56,22.36,-0.499,0.104683,SHORT_GAMMA,718.98,UAP,ATM,0.02
2026-08-27 10:23:38,QQQ,724.0,UNUSUAL_CALL_VOL,1557,13234.0,0.08,19.04,0.057,0.036366,SHORT_GAMMA,718.99,UAC,ABOVE,5.01
2026-08-27 10:23:38,QQQ,723.0,UNUSUAL_CALL_VOL,2812,40774.0,0.15,18.29,0.094,0.055551,SHORT_GAMMA,718.99,UAC,ABOVE,4.01
2026-08-27 10:23:38,QQQ,722.0,UNUSUAL_CALL_VOL,5595,148268.0,0.27,18.04,0.158,0.081265,SHORT_GAMMA,718.99,UAC,ABOVE,3.01
2026-08-27 10:23:38,QQQ,721.0,CALL_BLOCK_SELL,14812,703570.0,0.47,18.07,0.253,0.107351,SHORT_GAMMA,718.99,SAC,ABOVE,2.01
2026-08-27 10:23:38,QQQ,721.0,UNUSUAL_PUT_VOL,1725,434700.0,2.52,18.99,-0.736,0.104322,SHORT_GAMMA,718.99,UAP,ABOVE,2.01
2026-08-27 10:23:38,QQQ,720.0,CALL_BLOCK_SELL,25651,2064906.0,0.81,18.34,0.373,0.125152,SHORT_GAMMA,718.99,SAC,ATM,1.01
2026-08-27 10:23:38,QQQ,720.0,PUT_BLOCK_SELL,7248,1340880.0,1.85,19.13,-0.622,0.120504,SHORT_GAMMA,718.99,SAP,ATM,1.01
2026-08-27 10:23:38,QQQ,719.0,CALL_BLOCK_BUY,13262,1671012.0,1.26,18.62,0.502,0.129956,SHORT_GAMMA,718.99,BAC,ATM,0.01
2026-08-27 10:23:38,QQQ,719.0,PUT_BLOCK_BUY,20574,2684907.0,1.31,19.37,-0.498,0.124924,SHORT_GAMMA,718.99,BAP,ATM,0.01
2026-08-27 10:23:38,QQQ,718.0,CALL_BLOCK_BUY,6092,1139204.0,1.87,19.35,0.625,0.11885,SHORT_GAMMA,718.99,BAC,ATM,-0.99
2026-08-27 10:23:38,QQQ,718.0,PUT_BLOCK_SELL,18738,1705158.0,0.91,20.07,-0.379,0.114992,SHORT_GAMMA,718.99,SAP,ATM,-0.99
2026-08-27 10:23:38,QQQ,717.0,PUT_BLOCK_SELL,11733,733312.0,0.62,20.86,-0.278,0.097606,SHORT_GAMMA,718.99,SAP,BELOW,-1.99
2026-08-27 10:23:38,QQQ,716.0,UNUSUAL_PUT_VOL,8489,360782.0,0.42,21.7,-0.199,0.077993,SHORT_GAMMA,718.99,UAP,BELOW,-2.99
2026-08-27 10:23:38,QQQ,715.0,UNUSUAL_PUT_VOL,6507,198464.0,0.3,23.03,-0.144,0.059801,SHORT_GAMMA,718.99,UAP,BELOW,-3.99
2026-08-27 10:23:38,QQQ,714.0,UNUSUAL_PUT_VOL,3446,74089.0,0.21,24.15,-0.103,0.044991,SHORT_GAMMA,718.99,UAP,BELOW,-4.99
2026-08-27 10:23:38,QQQ,713.0,UNUSUAL_PUT_VOL,1605,24878.0,0.15,25.37,-0.074,0.033538,SHORT_GAMMA,718.99,UAP,BELOW,-5.99
2026-08-27 10:23:38,QQQ,712.0,UNUSUAL_PUT_VOL,2328,26772.0,0.11,26.7,-0.054,0.025064,SHORT_GAMMA,718.99,UAP,BELOW,-6.99
2026-08-27 10:25:38,QQQ,720.0,UNUSUAL_CALL_VOL,2704,166296.0,0.61,18.17,0.308,0.118019,SHORT_GAMMA,718.48,UAC,ABOVE,1.52
2026-08-27 10:25:38,QQQ,719.0,UNUSUAL_PUT_VOL,2369,373118.0,1.58,19.44,-0.561,0.123536,SHORT_GAMMA,718.48,UAP,ATM,0.52
2026-08-27 10:25:38,QQQ,718.0,UNUSUAL_PUT_VOL,4097,456816.0,1.12,20.06,-0.439,0.119723,SHORT_GAMMA,718.48,UAP,ATM,-0.48
2026-08-27 10:25:38,QQQ,717.0,UNUSUAL_PUT_VOL,2250,174375.0,0.78,20.81,-0.329,0.105923,SHORT_GAMMA,718.48,UAP,BELOW,-1.48
2026-08-27 10:26:39,QQQ,719.0,UNUSUAL_PUT_VOL,1582,240464.0,1.52,18.99,-0.558,0.126854,SHORT_GAMMA,718.52,UAP,ATM,0.48
2026-08-27 10:26:39,QQQ,718.0,UNUSUAL_PUT_VOL,4371,467697.0,1.07,19.68,-0.433,0.121944,SHORT_GAMMA,718.52,UAP,ATM,-0.52
2026-08-27 10:26:39,QQQ,717.0,UNUSUAL_PUT_VOL,1747,129278.0,0.74,20.48,-0.322,0.106863,SHORT_GAMMA,718.52,UAP,BELOW,-1.52
2026-08-27 10:27:38,QQQ,719.0,UNUSUAL_PUT_VOL,2255,337123.0,1.5,19.31,-0.547,0.125421,SHORT_GAMMA,718.6,UAP,ATM,0.4
2026-08-27 10:27:38,QQQ,718.0,UNUSUAL_PUT_VOL,2339,245595.0,1.05,19.93,-0.424,0.120126,SHORT_GAMMA,718.6,UAP,ATM,-0.6
2026-08-27 10:28:38,QQQ,718.0,UNUSUAL_PUT_VOL,2042,221557.0,1.08,19.45,-0.442,0.124299,SHORT_GAMMA,718.44,UAP,ATM,-0.44
2026-08-27 10:28:38,QQQ,717.0,UNUSUAL_PUT_VOL,1547,115252.0,0.74,20.2,-0.328,0.10956,SHORT_GAMMA,718.44,UAP,BELOW,-1.44
2026-08-27 10:30:38,QQQ,719.0,UNUSUAL_PUT_VOL,1592,273824.0,1.72,18.22,-0.619,0.1287,SHORT_GAMMA,718.08,UAP,ATM,0.92
2026-08-27 10:30:38,QQQ,718.0,PUT_BLOCK_BUY,4644,564246.0,1.21,18.95,-0.486,0.129431,SHORT_GAMMA,718.08,BAP,ATM,-0.08
2026-08-27 10:30:38,QQQ,717.0,UNUSUAL_PUT_VOL,1893,161852.0,0.85,20.01,-0.367,0.115738,SHORT_GAMMA,718.08,UAP,BELOW,-1.08
2026-08-27 10:31:38,QQQ,720.0,UNUSUAL_CALL_VOL,3650,184325.0,0.51,18.25,0.266,0.110904,SHORT_GAMMA,718.12,UAC,ABOVE,1.88
2026-08-27 10:31:38,QQQ,719.0,UNUSUAL_PUT_VOL,1640,280440.0,1.71,18.53,-0.611,0.127499,SHORT_GAMMA,718.12,UAP,ATM,0.88
2026-08-27 10:31:38,QQQ,718.0,UNUSUAL_PUT_VOL,3248,394632.0,1.21,19.31,-0.481,0.127173,SHORT_GAMMA,718.12,UAP,ATM,-0.12
2026-08-27 10:32:38,QQQ,718.0,UNUSUAL_PUT_VOL,1813,213027.0,1.17,18.71,-0.481,0.131499,SHORT_GAMMA,718.12,UAP,ATM,-0.12
2026-08-27 10:32:38,QQQ,717.0,UNUSUAL_PUT_VOL,1534,125021.0,0.81,19.67,-0.359,0.117363,SHORT_GAMMA,718.12,UAP,BELOW,-1.12
2026-08-27 10:33:38,QQQ,719.0,UNUSUAL_CALL_VOL,2720,263840.0,0.97,18.11,0.434,0.134347,SHORT_GAMMA,718.49,UAC,ATM,0.51
2026-08-27 10:33:38,QQQ,718.0,UNUSUAL_PUT_VOL,2034,214587.0,1.06,19.49,-0.435,0.124867,SHORT_GAMMA,718.49,UAP,ATM,-0.49
2026-08-27 10:35:38,QQQ,719.0,UNUSUAL_CALL_VOL,1765,165028.0,0.94,18.56,0.417,0.130546,SHORT_GAMMA,718.35,UAC,ATM,0.65
2026-08-27 10:35:38,QQQ,718.0,UNUSUAL_PUT_VOL,2601,290012.0,1.12,19.53,-0.452,0.125894,SHORT_GAMMA,718.35,UAP,ATM,-0.35
2026-08-27 10:36:38,QQQ,718.0,UNUSUAL_PUT_VOL,2672,348696.0,1.31,19.5,-0.504,0.127299,SHORT_GAMMA,717.95,UAP,ATM,0.05
2026-08-27 10:36:38,QQQ,717.0,UNUSUAL_PUT_VOL,2251,205966.0,0.92,20.36,-0.383,0.116662,SHORT_GAMMA,717.95,UAP,ATM,-0.95
2026-08-27 10:37:38,QQQ,720.0,UNUSUAL_CALL_VOL,1586,73749.0,0.46,18.7,0.247,0.105261,SHORT_GAMMA,717.92,UAC,ABOVE,2.08
2026-08-27 10:37:38,QQQ,718.0,UNUSUAL_PUT_VOL,2646,355887.0,1.35,19.95,-0.507,0.124656,SHORT_GAMMA,717.92,UAP,ATM,0.08
2026-08-27 10:37:38,QQQ,717.0,UNUSUAL_PUT_VOL,1924,181818.0,0.94,20.72,-0.388,0.115262,SHORT_GAMMA,717.92,UAP,ATM,-0.92
2026-08-27 10:38:38,QQQ,718.0,UNUSUAL_CALL_VOL,2566,292524.0,1.14,19.53,0.464,0.127113,SHORT_GAMMA,717.69,UAC,ATM,0.31
2026-08-27 10:38:38,QQQ,718.0,UNUSUAL_PUT_VOL,2480,358360.0,1.44,19.69,-0.536,0.126089,SHORT_GAMMA,717.69,UAP,ATM,0.31
2026-08-27 10:38:38,QQQ,717.0,UNUSUAL_PUT_VOL,1741,176712.0,1.02,20.4,-0.413,0.119287,SHORT_GAMMA,717.69,UAP,ATM,-0.69
2026-08-27 10:40:38,QQQ,720.0,UNUSUAL_CALL_VOL,3932,151382.0,0.39,18.4,0.216,0.099972,SHORT_GAMMA,717.67,UAC,ABOVE,2.33
2026-08-27 10:40:38,QQQ,719.0,UNUSUAL_CALL_VOL,1621,109418.0,0.68,18.66,0.331,0.121826,SHORT_GAMMA,717.67,UAC,ABOVE,1.33
2026-08-27 10:40:38,QQQ,718.0,UNUSUAL_CALL_VOL,2033,229729.0,1.13,19.59,0.461,0.127136,SHORT_GAMMA,717.67,UAC,ATM,0.33
2026-08-27 10:40:38,QQQ,718.0,UNUSUAL_PUT_VOL,1675,249575.0,1.49,20.28,-0.537,0.122852,SHORT_GAMMA,717.67,UAP,ATM,0.33
2026-08-27 10:40:38,QQQ,717.0,UNUSUAL_PUT_VOL,1984,207328.0,1.04,20.82,-0.417,0.117576,SHORT_GAMMA,717.67,UAP,ATM,-0.67
2026-08-27 10:41:38,QQQ,719.0,UNUSUAL_CALL_VOL,1660,122840.0,0.74,18.27,0.36,0.128615,SHORT_GAMMA,717.93,UAC,ATM,1.07
2026-08-27 10:41:38,QQQ,718.0,UNUSUAL_CALL_VOL,1642,196219.0,1.19,18.72,0.494,0.133873,SHORT_GAMMA,717.93,UAC,ATM,0.07
2026-08-27 10:42:38,QQQ,719.0,UNUSUAL_CALL_VOL,2426,175885.0,0.72,19.17,0.343,0.120704,SHORT_GAMMA,717.74,UAC,ABOVE,1.26
2026-08-27 10:42:38,QQQ,718.0,UNUSUAL_CALL_VOL,2378,278226.0,1.17,19.78,0.47,0.12664,SHORT_GAMMA,717.74,UAC,ATM,0.26
2026-08-27 10:43:38,QQQ,719.0,UNUSUAL_CALL_VOL,1598,95081.0,0.59,19.35,0.294,0.112338,SHORT_GAMMA,717.31,UAC,ABOVE,1.69
2026-08-27 10:43:38,QQQ,718.0,UNUSUAL_CALL_VOL,1535,150430.0,0.98,19.83,0.416,0.124188,SHORT_GAMMA,717.31,UAC,ATM,0.69
2026-08-27 10:43:38,QQQ,717.0,UNUSUAL_PUT_VOL,2204,252358.0,1.15,20.02,-0.458,0.125088,SHORT_GAMMA,717.31,UAP,ATM,-0.31
2026-08-27 10:43:38,QQQ,715.0,UNUSUAL_PUT_VOL,5906,321877.0,0.55,21.78,-0.249,0.09186,SHORT_GAMMA,717.31,UAP,BELOW,-2.31
2026-08-27 10:43:38,QQQ,712.0,UNUSUAL_PUT_VOL,10233,158612.0,0.15,24.05,-0.08,0.038946,SHORT_GAMMA,717.31,UAP,BELOW,-5.31
2026-08-27 10:43:38,QQQ,687.0,UNUSUAL_PUT_VOL,2182,1091.0,0.01,64.84,-0.001,0.000401,SHORT_GAMMA,717.31,UAP,BELOW,-30.31
2026-08-27 10:43:38,QQQ,685.0,UNUSUAL_PUT_VOL,3199,4798.0,0.01,76.56,-0.003,0.000779,SHORT_GAMMA,717.31,UAP,BELOW,-32.31
2026-08-27 10:44:38,QQQ,720.0,UNUSUAL_CALL_VOL,2368,67488.0,0.29,18.27,0.171,0.088063,SHORT_GAMMA,717.23,UAC,ABOVE,2.77
2026-08-27 10:44:38,QQQ,719.0,UNUSUAL_CALL_VOL,4921,268194.0,0.55,18.91,0.28,0.112587,SHORT_GAMMA,717.23,UAC,ABOVE,1.77
2026-08-27 10:44:38,QQQ,718.0,UNUSUAL_CALL_VOL,1914,177045.0,0.93,19.52,0.405,0.125571,SHORT_GAMMA,717.23,UAC,ATM,0.77
2026-08-27 10:44:38,QQQ,718.0,UNUSUAL_PUT_VOL,1892,320694.0,1.69,19.75,-0.594,0.124194,SHORT_GAMMA,717.23,UAP,ATM,0.77
2026-08-27 10:44:38,QQQ,717.0,UNUSUAL_PUT_VOL,3617,437657.0,1.21,20.49,-0.469,0.122776,SHORT_GAMMA,717.23,UAP,ATM,-0.23
2026-08-27 10:44:38,QQQ,716.0,UNUSUAL_PUT_VOL,1954,166090.0,0.85,21.36,-0.355,0.110229,SHORT_GAMMA,717.23,UAP,BELOW,-1.23
2026-08-27 10:44:38,QQQ,715.0,UNUSUAL_PUT_VOL,3445,204978.0,0.59,22.37,-0.261,0.091962,SHORT_GAMMA,717.23,UAP,BELOW,-2.23
2026-08-27 10:45:38,QQQ,720.0,UNUSUAL_CALL_VOL,2364,57918.0,0.24,19.05,0.146,0.076284,SHORT_GAMMA,716.8,UAC,ABOVE,3.2
2026-08-27 10:45:38,QQQ,719.0,UNUSUAL_CALL_VOL,1661,77236.0,0.46,19.56,0.241,0.101064,SHORT_GAMMA,716.8,UAC,ABOVE,2.2
2026-08-27 10:45:38,QQQ,718.0,UNUSUAL_CALL_VOL,2257,181689.0,0.81,20.25,0.357,0.116846,SHORT_GAMMA,716.8,UAC,ABOVE,1.2
2026-08-27 10:45:38,QQQ,717.0,UNUSUAL_PUT_VOL,2613,381498.0,1.46,21.14,-0.52,0.119524,SHORT_GAMMA,716.8,UAP,ATM,0.2
2026-08-27 10:45:38,QQQ,716.0,UNUSUAL_PUT_VOL,2504,261668.0,1.04,21.92,-0.405,0.112122,SHORT_GAMMA,716.8,UAP,ATM,-0.8
2026-08-27 10:46:39,QQQ,718.0,UNUSUAL_CALL_VOL,1979,157330.0,0.8,19.91,0.359,0.119247,SHORT_GAMMA,716.84,UAC,ABOVE,1.16
2026-08-27 10:46:39,QQQ,718.0,UNUSUAL_PUT_VOL,1549,312123.0,2.01,21.14,-0.633,0.113153,SHORT_GAMMA,716.84,UAP,ABOVE,1.16
2026-08-27 10:46:39,QQQ,717.0,UNUSUAL_PUT_VOL,3054,448938.0,1.47,21.61,-0.516,0.11721,SHORT_GAMMA,716.84,UAP,ATM,0.16
2026-08-27 10:46:39,QQQ,716.0,UNUSUAL_PUT_VOL,2896,305528.0,1.06,22.34,-0.403,0.110066,SHORT_GAMMA,716.84,UAP,ATM,-0.84
2026-08-27 10:46:39,QQQ,715.0,UNUSUAL_PUT_VOL,2601,191174.0,0.73,22.96,-0.302,0.09657,SHORT_GAMMA,716.84,UAP,BELOW,-1.84
2026-08-27 10:47:39,QQQ,719.0,UNUSUAL_CALL_VOL,1506,70029.0,0.46,19.13,0.246,0.1049,SHORT_GAMMA,716.91,UAC,ABOVE,2.09
2026-08-27 10:47:39,QQQ,718.0,UNUSUAL_CALL_VOL,2065,168298.0,0.81,19.86,0.367,0.12065,SHORT_GAMMA,716.91,UAC,ABOVE,1.09
2026-08-27 10:47:39,QQQ,716.0,UNUSUAL_PUT_VOL,1661,157795.0,0.95,21.15,-0.389,0.115401,SHORT_GAMMA,716.91,UAP,ATM,-0.91
2026-08-27 10:48:39,QQQ,718.0,UNUSUAL_CALL_VOL,1546,122134.0,0.79,20.14,0.355,0.117928,SHORT_GAMMA,716.8,UAC,ABOVE,1.2
2026-08-27 10:49:39,QQQ,717.0,UNUSUAL_PUT_VOL,1632,229296.0,1.4,20.23,-0.523,0.125855,SHORT_GAMMA,716.79,UAP,ATM,0.21
2026-08-27 10:49:39,QQQ,716.0,UNUSUAL_PUT_VOL,1736,171864.0,0.99,21.04,-0.402,0.117492,SHORT_GAMMA,716.79,UAP,ATM,-0.79
2026-08-27 11:35:39,QQQ,736.0,UNUSUAL_CALL_VOL,2582,1291.0,0.01,40.73,0.002,0.001123,SHORT_GAMMA,719.19,UAC,ABOVE,16.81
2026-08-27 11:35:39,QQQ,732.0,UNUSUAL_CALL_VOL,2330,1165.0,0.01,31.97,0.003,0.001774,SHORT_GAMMA,719.19,UAC,ABOVE,12.81
2026-08-27 11:35:39,QQQ,731.0,UNUSUAL_CALL_VOL,2030,1015.0,0.01,29.74,0.003,0.002034,SHORT_GAMMA,719.19,UAC,ABOVE,11.81
2026-08-27 11:35:39,QQQ,730.0,UNUSUAL_CALL_VOL,14386,7193.0,0.01,27.49,0.003,0.00236,SHORT_GAMMA,719.19,UAC,ABOVE,10.81
2026-08-27 11:35:39,QQQ,729.0,UNUSUAL_CALL_VOL,6301,3150.0,0.01,25.21,0.003,0.00277,SHORT_GAMMA,719.19,UAC,ABOVE,9.81
2026-08-27 11:35:39,QQQ,728.0,UNUSUAL_CALL_VOL,9512,4756.0,0.01,22.92,0.004,0.003318,SHORT_GAMMA,719.19,UAC,ABOVE,8.81
2026-08-27 11:35:39,QQQ,727.0,UNUSUAL_CALL_VOL,6721,10082.0,0.01,23.47,0.01,0.007993,SHORT_GAMMA,719.19,UAC,ABOVE,7.81
2026-08-27 11:35:39,QQQ,726.0,UNUSUAL_CALL_VOL,14972,22458.0,0.01,20.87,0.011,0.009949,SHORT_GAMMA,719.19,UAC,ABOVE,6.81
2026-08-27 11:35:39,QQQ,725.0,UNUSUAL_CALL_VOL,32977,82442.0,0.03,19.73,0.02,0.01705,SHORT_GAMMA,719.19,UAC,ABOVE,5.81
2026-08-27 11:35:39,QQQ,724.0,UNUSUAL_CALL_VOL,26350,118575.0,0.04,18.66,0.036,0.029609,SHORT_GAMMA,719.19,UAC,ABOVE,4.81
2026-08-27 11:35:39,QQQ,723.0,UNUSUAL_CALL_VOL,40222,341887.0,0.08,17.75,0.067,0.0513,SHORT_GAMMA,719.19,UAC,ABOVE,3.81
2026-08-27 11:35:39,QQQ,723.0,PUT_BLOCK_BUY,2284,928446.0,4.07,24.37,-0.863,0.063533,SHORT_GAMMA,719.19,BAP,ABOVE,3.81
2026-08-27 11:35:39,QQQ,722.0,CALL_BLOCK_BUY,70574,1235045.0,0.17,17.3,0.128,0.085353,SHORT_GAMMA,719.19,BAC,ABOVE,2.81
2026-08-27 11:35:39,QQQ,722.0,PUT_BLOCK_SELL,5680,1738080.0,3.06,19.81,-0.839,0.086901,SHORT_GAMMA,719.19,SAP,ABOVE,2.81
2026-08-27 11:35:39,QQQ,721.0,CALL_BLOCK_BUY,120433,4154938.0,0.34,16.98,0.229,0.125724,SHORT_GAMMA,719.19,BAC,ABOVE,1.81
2026-08-27 11:35:39,QQQ,721.0,PUT_BLOCK_SELL,10540,2308260.0,2.19,18.0,-0.758,0.122276,SHORT_GAMMA,719.19,SAP,ABOVE,1.81
2026-08-27 11:35:39,QQQ,720.0,CALL_BLOCK_BUY,264314,17312567.0,0.66,17.12,0.372,0.155838,SHORT_GAMMA,719.19,BAC,ATM,0.81
2026-08-27 11:35:39,QQQ,720.0,PUT_BLOCK_SELL,37312,5578144.0,1.5,17.87,-0.622,0.149956,SHORT_GAMMA,719.19,SAP,ATM,0.81
2026-08-27 11:35:39,QQQ,719.0,CALL_BLOCK_SELL,245628,28001592.0,1.14,17.68,0.533,0.158566,SHORT_GAMMA,719.19,SAC,ATM,-0.19
2026-08-27 11:35:39,QQQ,719.0,PUT_BLOCK_BUY,56104,5498192.0,0.98,18.4,-0.468,0.152401,SHORT_GAMMA,719.19,BAP,ATM,-0.19
2026-08-27 11:35:39,QQQ,718.0,CALL_BLOCK_SELL,213323,37864832.0,1.77,18.24,0.68,0.138237,SHORT_GAMMA,719.19,SAC,BELOW,-1.19
2026-08-27 11:35:39,QQQ,718.0,PUT_BLOCK_SELL,250534,15407841.0,0.61,19.03,-0.327,0.133674,SHORT_GAMMA,719.19,SAP,BELOW,-1.19
2026-08-27 11:35:39,QQQ,717.0,CALL_BLOCK_BUY,131431,33449190.0,2.54,19.05,0.794,0.105575,SHORT_GAMMA,719.19,BAC,BELOW,-2.19
2026-08-27 11:35:39,QQQ,717.0,PUT_BLOCK_SELL,196175,7552738.0,0.39,20.02,-0.218,0.103683,SHORT_GAMMA,719.19,SAP,BELOW,-2.19
2026-08-27 11:35:39,QQQ,716.0,CALL_BLOCK_BUY,29226,9922397.0,3.4,19.65,0.876,0.073514,SHORT_GAMMA,719.19,BAC,BELOW,-3.19
2026-08-27 11:35:39,QQQ,716.0,PUT_BLOCK_BUY,176116,4314842.0,0.24,21.23,-0.143,0.074839,SHORT_GAMMA,719.19,BAP,BELOW,-3.19
2026-08-27 11:35:39,QQQ,715.0,CALL_BLOCK_BUY,35328,15085056.0,4.27,18.37,0.947,0.041188,SHORT_GAMMA,719.19,BAC,BELOW,-4.19
2026-08-27 11:35:39,QQQ,715.0,PUT_BLOCK_SELL,174246,2875059.0,0.17,22.78,-0.095,0.05252,SHORT_GAMMA,719.19,SAP,BELOW,-4.19
2026-08-27 11:35:39,QQQ,714.0,CALL_BLOCK_BUY,6168,3198367.0,5.19,4.45,1.0,0.0,SHORT_GAMMA,719.19,BAC,BELOW,-5.19
2026-08-27 11:35:39,QQQ,714.0,PUT_BLOCK_BUY,90624,1042176.0,0.11,24.39,-0.065,0.036738,SHORT_GAMMA,719.19,BAP,BELOW,-5.19
2026-08-27 11:35:39,QQQ,713.0,CALL_BLOCK_SELL,5439,3350424.0,6.16,0.1,1.0,0.0,SHORT_GAMMA,719.19,SAC,BELOW,-6.19
2026-08-27 11:35:39,QQQ,713.0,UNUSUAL_PUT_VOL,62928,471960.0,0.08,25.55,-0.042,0.02498,SHORT_GAMMA,719.19,UAP,BELOW,-6.19
2026-08-27 11:35:39,QQQ,712.0,CALL_BLOCK_BUY,3524,2516136.0,7.14,0.1,1.0,0.0,SHORT_GAMMA,719.19,BAC,BELOW,-7.19
2026-08-27 11:35:39,QQQ,712.0,UNUSUAL_PUT_VOL,80839,444615.0,0.06,27.19,-0.03,0.017652,SHORT_GAMMA,719.19,UAP,BELOW,-7.19
2026-08-27 11:35:39,QQQ,711.0,CALL_BLOCK_SELL,1929,1566348.0,8.12,0.1,1.0,0.0,SHORT_GAMMA,719.19,SAC,BELOW,-8.19
2026-08-27 11:35:39,QQQ,711.0,UNUSUAL_PUT_VOL,30734,138303.0,0.04,29.27,-0.023,0.013246,SHORT_GAMMA,719.19,UAP,BELOW,-8.19
2026-08-27 11:35:39,QQQ,710.0,CALL_BLOCK_SELL,3247,2961264.0,9.12,0.1,1.0,0.0,SHORT_GAMMA,719.19,SAC,BELOW,-9.19
2026-08-27 11:35:39,QQQ,710.0,UNUSUAL_PUT_VOL,48660,170310.0,0.04,31.04,-0.018,0.009832,SHORT_GAMMA,719.19,UAP,BELOW,-9.19
2026-08-27 11:35:39,QQQ,709.0,CALL_BLOCK_SELL,586,588344.0,10.04,0.1,1.0,0.0,SHORT_GAMMA,719.19,SAC,BELOW,-10.19
2026-08-27 11:35:39,QQQ,709.0,UNUSUAL_PUT_VOL,25355,88742.0,0.04,33.91,-0.016,0.008392,SHORT_GAMMA,719.19,UAP,BELOW,-10.19
2026-08-27 11:35:39,QQQ,708.0,UNUSUAL_PUT_VOL,34113,85282.0,0.03,34.91,-0.011,0.005928,SHORT_GAMMA,719.19,UAP,BELOW,-11.19
2026-08-27 11:35:39,QQQ,707.0,CALL_BLOCK_SELL,437,526148.0,12.04,0.1,1.0,0.0,SHORT_GAMMA,719.19,SAC,BELOW,-12.19
2026-08-27 11:35:39,QQQ,707.0,UNUSUAL_PUT_VOL,12747,31868.0,0.03,37.6,-0.01,0.005164,SHORT_GAMMA,719.19,UAP,BELOW,-12.19
2026-08-27 11:35:39,QQQ,706.0,UNUSUAL_PUT_VOL,9724,24310.0,0.03,40.28,-0.01,0.00455,SHORT_GAMMA,719.19,UAP,BELOW,-13.19
2026-08-27 11:35:39,QQQ,705.0,UNUSUAL_PUT_VOL,16517,24776.0,0.01,40.35,-0.006,0.002978,SHORT_GAMMA,719.19,UAP,BELOW,-14.19
2026-08-27 11:35:39,QQQ,704.0,UNUSUAL_PUT_VOL,9069,13604.0,0.01,42.88,-0.006,0.002663,SHORT_GAMMA,719.19,UAP,BELOW,-15.19
2026-08-27 11:35:39,QQQ,703.0,UNUSUAL_PUT_VOL,6726,10089.0,0.01,45.4,-0.005,0.002398,SHORT_GAMMA,719.19,UAP,BELOW,-16.19
2026-08-27 11:35:39,QQQ,702.0,UNUSUAL_PUT_VOL,5181,7772.0,0.01,47.9,-0.005,0.00217,SHORT_GAMMA,719.19,UAP,BELOW,-17.19
2026-08-27 11:35:39,QQQ,701.0,UNUSUAL_PUT_VOL,3708,5562.0,0.01,50.4,-0.005,0.001977,SHORT_GAMMA,719.19,UAP,BELOW,-18.19
2026-08-27 11:35:39,QQQ,700.0,UNUSUAL_PUT_VOL,8967,13450.0,0.01,52.88,-0.005,0.001807,SHORT_GAMMA,719.19,UAP,BELOW,-19.19
2026-08-27 11:35:39,QQQ,699.0,UNUSUAL_PUT_VOL,5321,7982.0,0.01,55.36,-0.004,0.00166,SHORT_GAMMA,719.19,UAP,BELOW,-20.19
2026-08-27 11:35:39,QQQ,698.0,UNUSUAL_PUT_VOL,1851,2776.0,0.01,57.83,-0.004,0.00153,SHORT_GAMMA,719.19,UAP,BELOW,-21.19
2026-08-27 11:35:39,QQQ,697.0,UNUSUAL_PUT_VOL,2073,3110.0,0.01,60.3,-0.004,0.001417,SHORT_GAMMA,719.19,UAP,BELOW,-22.19
2026-08-27 11:35:39,QQQ,696.0,UNUSUAL_PUT_VOL,2205,3307.0,0.01,62.76,-0.004,0.001316,SHORT_GAMMA,719.19,UAP,BELOW,-23.19
2026-08-27 11:35:39,QQQ,695.0,UNUSUAL_PUT_VOL,2582,3873.0,0.01,65.21,-0.004,0.001225,SHORT_GAMMA,719.19,UAP,BELOW,-24.19
2026-08-27 11:35:39,QQQ,694.0,UNUSUAL_PUT_VOL,2362,3543.0,0.01,67.66,-0.004,0.001144,SHORT_GAMMA,719.19,UAP,BELOW,-25.19
2026-08-27 11:35:39,QQQ,693.0,UNUSUAL_PUT_VOL,2462,3693.0,0.01,70.1,-0.004,0.001071,SHORT_GAMMA,719.19,UAP,BELOW,-26.19
2026-08-27 11:35:39,QQQ,692.0,UNUSUAL_PUT_VOL,2029,3044.0,0.01,72.52,-0.003,0.001003,SHORT_GAMMA,719.19,UAP,BELOW,-27.19
2026-08-27 11:35:39,QQQ,690.0,UNUSUAL_PUT_VOL,3126,4689.0,0.01,77.38,-0.003,0.000888,SHORT_GAMMA,719.19,UAP,BELOW,-29.19
2026-08-27 11:35:39,QQQ,688.0,UNUSUAL_PUT_VOL,6467,3234.0,0.01,73.86,-0.001,0.00036,SHORT_GAMMA,719.19,UAP,BELOW,-31.19
2026-08-27 11:36:39,QQQ,719.0,UNUSUAL_PUT_VOL,1669,157720.0,0.94,18.24,-0.46,0.153825,SHORT_GAMMA,719.24,UAP,ATM,-0.24
2026-08-27 11:37:53,QQQ,720.0,UNUSUAL_CALL_VOL,2536,204148.0,0.81,17.66,0.423,0.157157,SHORT_GAMMA,719.5,UAC,ATM,0.5
2026-08-27 11:37:53,QQQ,719.0,UNUSUAL_CALL_VOL,2111,280763.0,1.33,18.08,0.581,0.153184,SHORT_GAMMA,719.5,UAC,ATM,-0.5
2026-08-27 11:37:53,QQQ,719.0,UNUSUAL_PUT_VOL,2246,189787.0,0.84,18.56,-0.421,0.149377,SHORT_GAMMA,719.5,UAP,ATM,-0.5
2026-08-27 11:37:53,QQQ,712.0,UNUSUAL_PUT_VOL,2573,14152.0,0.06,28.29,-0.029,0.016586,SHORT_GAMMA,719.5,UAP,BELOW,-7.5
2026-08-27 11:38:52,QQQ,720.0,UNUSUAL_CALL_VOL,2530,193545.0,0.77,17.15,0.418,0.161754,SHORT_GAMMA,719.48,UAC,ATM,0.52
2026-08-27 11:38:52,QQQ,719.0,UNUSUAL_CALL_VOL,2021,259698.0,1.29,17.53,0.58,0.158423,SHORT_GAMMA,719.48,UAC,ATM,-0.48
2026-08-27 11:38:52,QQQ,719.0,UNUSUAL_PUT_VOL,1610,136045.0,0.84,18.44,-0.424,0.150896,SHORT_GAMMA,719.48,UAP,ATM,-0.48
2026-08-27 11:40:18,QQQ,720.0,UNUSUAL_CALL_VOL,2865,256418.0,0.9,17.55,0.456,0.161063,SHORT_GAMMA,719.71,UAC,ATM,0.29
2026-08-27 11:40:18,QQQ,720.0,UNUSUAL_PUT_VOL,2193,266450.0,1.21,18.43,-0.542,0.153462,SHORT_GAMMA,719.71,UAP,ATM,0.29
2026-08-27 11:40:18,QQQ,719.0,UNUSUAL_PUT_VOL,1755,136012.0,0.78,18.93,-0.392,0.144664,SHORT_GAMMA,719.71,UAP,ATM,-0.71
2026-08-27 11:40:18,QQQ,715.0,UNUSUAL_PUT_VOL,1881,23512.0,0.12,23.31,-0.073,0.042527,SHORT_GAMMA,719.71,UAP,BELOW,-4.71
2026-08-27 11:51:46,QQQ,719.0,UNUSUAL_PUT_VOL,1545,110468.0,0.71,18.79,-0.379,0.148651,SHORT_GAMMA,719.77,UAP,ATM,-0.77
2026-08-27 11:52:46,QQQ,720.0,UNUSUAL_PUT_VOL,1785,190995.0,1.07,18.55,-0.507,0.158257,SHORT_GAMMA,719.94,UAP,ATM,0.06
2026-08-27 11:53:46,QQQ,719.0,UNUSUAL_PUT_VOL,1531,97218.0,0.64,18.97,-0.346,0.143458,SHORT_GAMMA,720.0,UAP,ATM,-1.0
2026-08-27 11:54:46,QQQ,720.0,UNUSUAL_CALL_VOL,1812,173046.0,0.95,17.91,0.485,0.164709,SHORT_GAMMA,719.89,UAC,ATM,0.11
2026-08-27 11:54:46,QQQ,719.0,UNUSUAL_PUT_VOL,1660,105410.0,0.64,18.27,-0.356,0.151011,SHORT_GAMMA,719.89,UAP,ATM,-0.89
2026-08-27 11:59:47,QQQ,723.0,UNUSUAL_CALL_VOL,2062,27837.0,0.14,17.75,0.104,0.076421,SHORT_GAMMA,720.0,UAC,ABOVE,3.0
2026-08-27 12:00:47,QQQ,720.0,UNUSUAL_CALL_VOL,1834,185234.0,1.01,17.65,0.513,0.169903,SHORT_GAMMA,720.06,UAC,ATM,-0.06
2026-08-27 12:00:47,QQQ,720.0,UNUSUAL_PUT_VOL,1513,150544.0,0.99,18.66,-0.488,0.160715,SHORT_GAMMA,720.06,UAP,ATM,-0.06
2026-08-27 12:01:47,QQQ,719.0,UNUSUAL_PUT_VOL,1943,107836.0,0.56,18.94,-0.317,0.141884,SHORT_GAMMA,720.17,UAP,BELOW,-1.17
2026-08-27 12:02:47,QQQ,721.0,UNUSUAL_CALL_VOL,2120,136740.0,0.65,16.99,0.387,0.170395,SHORT_GAMMA,720.34,UAC,ATM,0.66
2026-08-27 12:02:47,QQQ,720.0,UNUSUAL_CALL_VOL,3155,358092.0,1.13,17.29,0.562,0.172334,SHORT_GAMMA,720.34,UAC,ATM,-0.34
2026-08-27 12:02:47,QQQ,720.0,UNUSUAL_PUT_VOL,2952,249444.0,0.84,18.16,-0.441,0.164261,SHORT_GAMMA,720.34,UAP,ATM,-0.34
2026-08-27 12:02:47,QQQ,719.0,UNUSUAL_PUT_VOL,2722,137461.0,0.51,18.84,-0.293,0.137987,SHORT_GAMMA,720.34,UAP,BELOW,-1.34
2026-08-27 12:03:47,QQQ,720.0,UNUSUAL_CALL_VOL,1639,178651.0,1.09,17.12,0.552,0.175172,SHORT_GAMMA,720.28,UAC,ATM,-0.28
2026-08-27 12:03:47,QQQ,720.0,UNUSUAL_PUT_VOL,2745,236070.0,0.86,18.23,-0.451,0.16467,SHORT_GAMMA,720.28,UAP,ATM,-0.28
2026-08-27 12:03:47,QQQ,719.0,UNUSUAL_PUT_VOL,1546,79619.0,0.52,18.9,-0.301,0.139748,SHORT_GAMMA,720.28,UAP,BELOW,-1.28
2026-08-27 12:03:47,QQQ,718.0,UNUSUAL_PUT_VOL,1618,49349.0,0.3,19.88,-0.19,0.103519,SHORT_GAMMA,720.28,UAP,BELOW,-2.28
2026-08-27 12:04:47,QQQ,720.0,UNUSUAL_PUT_VOL,1667,142528.0,0.85,18.1,-0.452,0.166389,SHORT_GAMMA,720.27,UAP,ATM,-0.27
2026-08-27 12:06:46,QQQ,720.0,UNUSUAL_CALL_VOL,1892,178794.0,0.94,17.29,0.503,0.176523,SHORT_GAMMA,720.0,UAC,ATM,0.0
2026-08-27 12:06:46,QQQ,720.0,UNUSUAL_PUT_VOL,2569,247908.0,0.96,17.85,-0.497,0.170985,SHORT_GAMMA,720.0,UAP,ATM,0.0
2026-08-27 12:06:46,QQQ,719.0,UNUSUAL_PUT_VOL,1705,98037.0,0.57,18.42,-0.336,0.151548,SHORT_GAMMA,720.0,UAP,ATM,-1.0
2026-08-27 12:07:47,QQQ,720.0,UNUSUAL_PUT_VOL,1949,186129.0,0.95,18.17,-0.489,0.168387,SHORT_GAMMA,720.05,UAP,ATM,-0.05
2026-08-27 12:08:47,QQQ,720.0,UNUSUAL_PUT_VOL,2506,206745.0,0.82,18.16,-0.443,0.167268,SHORT_GAMMA,720.32,UAP,ATM,-0.32
2026-08-27 12:10:46,QQQ,721.0,UNUSUAL_CALL_VOL,1761,131194.0,0.74,17.87,0.42,0.169235,SHORT_GAMMA,720.52,UAC,ATM,0.48
2026-08-27 12:10:46,QQQ,720.0,UNUSUAL_CALL_VOL,1678,213945.0,1.27,18.36,0.589,0.163835,SHORT_GAMMA,720.52,UAC,ATM,-0.52
2026-08-27 12:10:46,QQQ,720.0,UNUSUAL_PUT_VOL,3042,223587.0,0.73,18.18,-0.41,0.165374,SHORT_GAMMA,720.52,UAP,ATM,-0.52
2026-08-27 12:11:46,QQQ,721.0,UNUSUAL_CALL_VOL,2952,203688.0,0.69,17.5,0.405,0.171803,SHORT_GAMMA,720.44,UAC,ATM,0.56
2026-08-27 12:11:46,QQQ,720.0,UNUSUAL_PUT_VOL,3327,262833.0,0.79,18.63,-0.425,0.163172,SHORT_GAMMA,720.44,UAP,ATM,-0.44
2026-08-27 12:12:47,QQQ,720.0,UNUSUAL_PUT_VOL,1542,117192.0,0.76,17.95,-0.425,0.169898,SHORT_GAMMA,720.42,UAP,ATM,-0.42
2026-08-27 12:14:46,QQQ,721.0,UNUSUAL_CALL_VOL,1753,115698.0,0.66,17.15,0.4,0.176377,SHORT_GAMMA,720.43,UAC,ATM,0.57
2026-08-27 12:18:46,QQQ,720.0,UNUSUAL_PUT_VOL,1868,151308.0,0.81,18.12,-0.447,0.172977,SHORT_GAMMA,720.29,UAP,ATM,-0.29
2026-08-27 12:19:46,QQQ,720.0,UNUSUAL_PUT_VOL,2031,155372.0,0.77,17.94,-0.433,0.174317,SHORT_GAMMA,720.37,UAP,ATM,-0.37
2026-08-27 12:24:47,QQQ,721.0,UNUSUAL_CALL_VOL,1620,102870.0,0.64,16.67,0.405,0.187796,SHORT_GAMMA,720.49,UAC,ATM,0.51
2026-08-27 12:24:47,QQQ,720.0,UNUSUAL_PUT_VOL,4035,276398.0,0.69,17.67,-0.409,0.17756,SHORT_GAMMA,720.49,UAP,ATM,-0.49
2026-08-27 12:25:47,QQQ,721.0,UNUSUAL_CALL_VOL,1889,95394.0,0.51,16.25,0.349,0.184654,SHORT_GAMMA,720.21,UAC,ATM,0.79
2026-08-27 12:25:47,QQQ,720.0,UNUSUAL_PUT_VOL,2131,169414.0,0.8,17.48,-0.459,0.184001,SHORT_GAMMA,720.21,UAP,ATM,-0.21
2026-08-27 12:26:47,QQQ,720.0,UNUSUAL_PUT_VOL,3274,276653.0,0.84,16.73,-0.493,0.193948,SHORT_GAMMA,720.02,UAP,ATM,-0.02
2026-08-27 12:27:47,QQQ,721.0,UNUSUAL_CALL_VOL,2601,102740.0,0.4,16.67,0.285,0.166251,SHORT_GAMMA,719.83,UAC,ABOVE,1.17
2026-08-27 12:27:47,QQQ,720.0,UNUSUAL_PUT_VOL,4586,437963.0,0.95,16.98,-0.531,0.191225,SHORT_GAMMA,719.83,UAP,ATM,0.17
2026-08-27 12:27:47,QQQ,719.0,UNUSUAL_PUT_VOL,1836,103734.0,0.56,18.03,-0.352,0.168029,SHORT_GAMMA,719.83,UAP,ATM,-0.83
2026-08-27 12:28:47,QQQ,720.0,PUT_BLOCK_BUY,5714,534259.0,0.94,17.1,-0.522,0.190774,SHORT_GAMMA,719.87,BAP,ATM,0.13
2026-08-27 12:28:47,QQQ,719.0,UNUSUAL_PUT_VOL,3300,179850.0,0.55,18.0,-0.344,0.167384,SHORT_GAMMA,719.87,UAP,ATM,-0.87
2026-08-27 12:29:47,QQQ,720.0,UNUSUAL_PUT_VOL,2362,233838.0,0.99,17.19,-0.541,0.189711,SHORT_GAMMA,719.77,UAP,ATM,0.23
2026-08-27 12:29:47,QQQ,719.0,UNUSUAL_PUT_VOL,1786,102695.0,0.57,17.93,-0.36,0.171404,SHORT_GAMMA,719.77,UAP,ATM,-0.77
2026-08-27 12:30:47,QQQ,720.0,UNUSUAL_PUT_VOL,2521,253360.0,1.0,18.38,-0.524,0.178623,SHORT_GAMMA,719.85,UAP,ATM,0.15
2026-08-27 12:30:47,QQQ,719.0,UNUSUAL_PUT_VOL,2628,140598.0,0.54,17.74,-0.344,0.171031,SHORT_GAMMA,719.85,UAP,ATM,-0.85
2026-08-27 12:31:47,QQQ,720.0,UNUSUAL_PUT_VOL,1845,190958.0,1.04,17.16,-0.56,0.190216,SHORT_GAMMA,719.67,UAP,ATM,0.33
2026-08-27 12:31:47,QQQ,719.0,UNUSUAL_PUT_VOL,1692,102366.0,0.6,17.92,-0.375,0.175112,SHORT_GAMMA,719.67,UAP,ATM,-0.67
2026-08-27 12:32:47,QQQ,720.0,UNUSUAL_PUT_VOL,2349,198490.0,0.84,17.08,-0.493,0.193799,SHORT_GAMMA,720.02,UAP,ATM,-0.02
2026-08-27 12:32:47,QQQ,719.0,UNUSUAL_PUT_VOL,3853,186870.0,0.48,18.05,-0.316,0.163614,SHORT_GAMMA,720.02,UAP,ATM,-1.02
2026-08-27 12:33:47,QQQ,720.0,UNUSUAL_CALL_VOL,1725,156112.0,0.91,16.99,0.52,0.195254,SHORT_GAMMA,720.09,UAC,ATM,-0.09
2026-08-27 12:33:47,QQQ,720.0,UNUSUAL_PUT_VOL,1915,148412.0,0.78,16.37,-0.479,0.20263,SHORT_GAMMA,720.09,UAP,ATM,-0.09
2026-08-27 12:33:47,QQQ,719.0,UNUSUAL_PUT_VOL,2350,102225.0,0.43,17.45,-0.299,0.165672,SHORT_GAMMA,720.09,UAP,BELOW,-1.09
2026-08-27 12:34:47,QQQ,720.0,UNUSUAL_PUT_VOL,2688,241920.0,0.9,16.43,-0.529,0.202392,SHORT_GAMMA,719.84,UAP,ATM,0.16
2026-08-27 12:35:47,QQQ,720.0,UNUSUAL_PUT_VOL,1994,184445.0,0.93,16.95,-0.529,0.19687,SHORT_GAMMA,719.84,UAP,ATM,0.16
2026-08-27 12:35:47,QQQ,719.0,UNUSUAL_PUT_VOL,1646,88061.0,0.54,17.94,-0.345,0.172207,SHORT_GAMMA,719.84,UAP,ATM,-0.84
2026-08-27 12:36:47,QQQ,720.0,UNUSUAL_PUT_VOL,1757,166036.0,0.94,17.09,-0.535,0.19572,SHORT_GAMMA,719.81,UAP,ATM,0.19
2026-08-27 12:39:47,QQQ,719.0,UNUSUAL_PUT_VOL,1963,110909.0,0.56,17.4,-0.371,0.18477,SHORT_GAMMA,719.66,UAP,ATM,-0.66
2026-08-27 12:40:47,QQQ,720.0,UNUSUAL_PUT_VOL,2480,236840.0,0.95,16.63,-0.553,0.203028,SHORT_GAMMA,719.73,UAP,ATM,0.27
2026-08-27 12:40:47,QQQ,719.0,UNUSUAL_PUT_VOL,1782,97119.0,0.55,17.59,-0.359,0.181425,SHORT_GAMMA,719.73,UAP,ATM,-0.73
2026-08-27 12:41:47,QQQ,719.0,UNUSUAL_PUT_VOL,1834,96285.0,0.53,17.45,-0.352,0.182256,SHORT_GAMMA,719.76,UAP,ATM,-0.76
2026-08-27 12:44:47,QQQ,720.0,UNUSUAL_PUT_VOL,1726,159655.0,0.93,14.29,-0.6,0.234245,SHORT_GAMMA,719.57,UAP,ATM,0.43
2026-08-27 12:44:47,QQQ,719.0,UNUSUAL_PUT_VOL,1800,90900.0,0.51,15.66,-0.374,0.209571,SHORT_GAMMA,719.57,UAP,ATM,-0.57
2026-08-27 12:45:47,QQQ,720.0,UNUSUAL_CALL_VOL,1710,96615.0,0.56,16.6,0.391,0.201206,SHORT_GAMMA,719.46,UAC,ATM,0.54
2026-08-27 12:45:47,QQQ,720.0,UNUSUAL_PUT_VOL,3054,340521.0,1.12,16.99,-0.606,0.196932,SHORT_GAMMA,719.46,UAP,ATM,0.54
2026-08-27 12:45:47,QQQ,719.0,UNUSUAL_PUT_VOL,4659,302835.0,0.65,17.88,-0.409,0.18901,SHORT_GAMMA,719.46,UAP,ATM,-0.46
2026-08-27 12:46:47,QQQ,720.0,UNUSUAL_PUT_VOL,3004,373998.0,1.25,17.87,-0.63,0.184569,SHORT_GAMMA,719.31,UAP,ATM,0.69
2026-08-27 12:46:47,QQQ,719.0,UNUSUAL_PUT_VOL,4307,312258.0,0.72,18.17,-0.438,0.189443,SHORT_GAMMA,719.31,UAP,ATM,-0.31
2026-08-27 12:47:47,QQQ,719.0,UNUSUAL_PUT_VOL,3703,249952.0,0.68,18.04,-0.42,0.189864,SHORT_GAMMA,719.4,UAP,ATM,-0.4
2026-08-27 12:48:47,QQQ,719.0,UNUSUAL_PUT_VOL,1872,140400.0,0.75,17.74,-0.459,0.196833,SHORT_GAMMA,719.2,UAP,ATM,-0.2
2026-08-27 12:49:47,QQQ,720.0,UNUSUAL_PUT_VOL,2488,322196.0,1.29,17.46,-0.657,0.186069,SHORT_GAMMA,719.19,UAP,ATM,0.81
2026-08-27 12:49:47,QQQ,719.0,UNUSUAL_PUT_VOL,2433,186124.0,0.77,18.05,-0.461,0.194291,SHORT_GAMMA,719.19,UAP,ATM,-0.19
2026-08-27 12:49:47,QQQ,718.0,UNUSUAL_PUT_VOL,1549,68930.0,0.45,19.37,-0.292,0.156489,SHORT_GAMMA,719.19,UAP,BELOW,-1.19
2026-08-27 12:50:47,QQQ,719.0,UNUSUAL_PUT_VOL,3380,251810.0,0.74,17.29,-0.467,0.203922,SHORT_GAMMA,719.15,UAP,ATM,-0.15
2026-08-27 12:51:47,QQQ,720.0,UNUSUAL_CALL_VOL,1885,91422.0,0.48,17.33,0.343,0.18883,SHORT_GAMMA,719.2,UAC,ATM,0.8
2026-08-27 12:51:47,QQQ,719.0,UNUSUAL_PUT_VOL,3031,231872.0,0.77,18.27,-0.459,0.193355,SHORT_GAMMA,719.2,UAP,ATM,-0.2
2026-08-27 12:52:47,QQQ,719.0,UNUSUAL_PUT_VOL,2450,189875.0,0.78,18.05,-0.468,0.19691,SHORT_GAMMA,719.15,UAP,ATM,-0.15
2026-08-27 12:54:47,QQQ,720.0,UNUSUAL_CALL_VOL,2724,159354.0,0.58,17.22,0.399,0.201925,SHORT_GAMMA,719.5,UAC,ATM,0.5
2026-08-27 12:54:47,QQQ,720.0,UNUSUAL_PUT_VOL,1692,185274.0,1.1,17.61,-0.599,0.197738,SHORT_GAMMA,719.5,UAP,ATM,0.5
2026-08-27 12:54:47,QQQ,719.0,UNUSUAL_PUT_VOL,3454,215875.0,0.62,18.25,-0.4,0.190655,SHORT_GAMMA,719.5,UAP,ATM,-0.5
2026-08-27 12:55:47,QQQ,720.0,UNUSUAL_CALL_VOL,1848,100716.0,0.55,17.44,0.376,0.196813,SHORT_GAMMA,719.38,UAC,ATM,0.62
2026-08-27 12:55:47,QQQ,719.0,UNUSUAL_PUT_VOL,1642,107551.0,0.66,17.88,-0.421,0.197831,SHORT_GAMMA,719.38,UAP,ATM,-0.38
2026-08-27 12:56:47,QQQ,720.0,UNUSUAL_CALL_VOL,1768,98124.0,0.56,17.73,0.378,0.194616,SHORT_GAMMA,719.38,UAC,ATM,0.62
2026-08-27 12:57:47,QQQ,720.0,UNUSUAL_CALL_VOL,1603,84158.0,0.53,17.54,0.366,0.195567,SHORT_GAMMA,719.33,UAC,ATM,0.67
2026-08-27 12:58:47,QQQ,720.0,UNUSUAL_CALL_VOL,1975,92825.0,0.47,18.26,0.327,0.180981,SHORT_GAMMA,719.1,UAC,ATM,0.9
2026-08-27 12:58:47,QQQ,719.0,UNUSUAL_CALL_VOL,1852,171310.0,0.93,18.9,0.521,0.193031,SHORT_GAMMA,719.1,UAC,ATM,-0.1
2026-08-27 12:58:47,QQQ,719.0,UNUSUAL_PUT_VOL,3496,290168.0,0.83,19.07,-0.48,0.191314,SHORT_GAMMA,719.1,UAP,ATM,-0.1
2026-08-27 12:58:47,QQQ,718.0,UNUSUAL_PUT_VOL,1593,75668.0,0.47,20.01,-0.306,0.160546,SHORT_GAMMA,719.1,UAP,BELOW,-1.1
2026-08-27 12:59:47,QQQ,719.0,UNUSUAL_PUT_VOL,1894,154361.0,0.81,18.86,-0.478,0.194214,SHORT_GAMMA,719.1,UAP,ATM,-0.1
2026-08-27 13:00:47,QQQ,719.0,UNUSUAL_CALL_VOL,1763,167485.0,0.95,18.2,0.546,0.201036,SHORT_GAMMA,719.22,UAC,ATM,-0.22
2026-08-27 13:00:47,QQQ,719.0,UNUSUAL_PUT_VOL,2056,153172.0,0.74,18.58,-0.455,0.196976,SHORT_GAMMA,719.22,UAP,ATM,-0.22
2026-08-27 13:00:47,QQQ,718.0,UNUSUAL_CALL_VOL,2230,355685.0,1.6,18.5,0.73,0.16503,SHORT_GAMMA,719.22,UAC,BELOW,-1.22
2026-08-27 13:01:47,QQQ,720.0,UNUSUAL_CALL_VOL,1785,70508.0,0.4,18.38,0.286,0.171713,SHORT_GAMMA,718.87,UAC,ABOVE,1.13
2026-08-27 13:01:47,QQQ,719.0,UNUSUAL_CALL_VOL,2447,194536.0,0.8,18.73,0.477,0.197224,SHORT_GAMMA,718.87,UAC,ATM,0.13
2026-08-27 13:01:47,QQQ,719.0,UNUSUAL_PUT_VOL,3123,295123.0,0.94,19.33,-0.523,0.191124,SHORT_GAMMA,718.87,UAP,ATM,0.13
2026-08-27 13:01:47,QQQ,718.0,UNUSUAL_PUT_VOL,1602,87309.0,0.55,20.12,-0.342,0.169312,SHORT_GAMMA,718.87,UAP,ATM,-0.87
2026-08-27 13:02:47,QQQ,721.0,UNUSUAL_CALL_VOL,2599,35086.0,0.14,19.7,0.108,0.087868,SHORT_GAMMA,718.37,UAC,ABOVE,2.63
2026-08-27 13:02:47,QQQ,720.0,UNUSUAL_CALL_VOL,3524,111006.0,0.32,19.87,0.224,0.140385,SHORT_GAMMA,718.37,UAC,ABOVE,1.63
2026-08-27 13:02:47,QQQ,720.0,UNUSUAL_PUT_VOL,1656,306360.0,1.85,17.27,-0.809,0.147108,SHORT_GAMMA,718.37,UAP,ABOVE,1.63
2026-08-27 13:02:47,QQQ,719.0,UNUSUAL_CALL_VOL,2348,153794.0,0.66,20.53,0.39,0.174147,SHORT_GAMMA,718.37,UAC,ATM,0.63
2026-08-27 13:02:47,QQQ,719.0,PUT_BLOCK_SELL,5037,601921.0,1.19,18.64,-0.621,0.190186,SHORT_GAMMA,718.37,SAP,ATM,0.63
2026-08-27 13:02:47,QQQ,718.0,UNUSUAL_PUT_VOL,5968,438648.0,0.73,20.06,-0.43,0.182486,SHORT_GAMMA,718.37,UAP,ATM,-0.37
2026-08-27 13:02:47,QQQ,717.0,UNUSUAL_PUT_VOL,2664,115884.0,0.43,21.42,-0.274,0.144832,SHORT_GAMMA,718.37,UAP,BELOW,-1.37
2026-08-27 13:02:47,QQQ,715.0,UNUSUAL_PUT_VOL,1623,26780.0,0.17,25.09,-0.104,0.067012,SHORT_GAMMA,718.37,UAP,BELOW,-3.37
2026-08-27 13:03:47,QQQ,719.0,UNUSUAL_CALL_VOL,2073,143037.0,0.69,19.93,0.415,0.18306,SHORT_GAMMA,718.53,UAC,ATM,0.47
2026-08-27 13:03:47,QQQ,719.0,UNUSUAL_PUT_VOL,1830,207705.0,1.13,19.53,-0.587,0.186628,SHORT_GAMMA,718.53,UAP,ATM,0.47
2026-08-27 13:03:47,QQQ,718.0,UNUSUAL_CALL_VOL,1869,231756.0,1.24,20.93,0.596,0.173232,SHORT_GAMMA,718.53,UAC,ATM,-0.53
2026-08-27 13:03:47,QQQ,718.0,UNUSUAL_PUT_VOL,3004,205774.0,0.69,20.53,-0.402,0.176406,SHORT_GAMMA,718.53,UAP,ATM,-0.53
2026-08-27 13:03:47,QQQ,717.0,UNUSUAL_PUT_VOL,2013,81527.0,0.41,21.87,-0.254,0.137252,SHORT_GAMMA,718.53,UAP,BELOW,-1.53
2026-08-27 13:04:47,QQQ,719.0,UNUSUAL_CALL_VOL,2123,130564.0,0.61,20.84,0.37,0.170308,SHORT_GAMMA,718.25,UAC,ATM,0.75
2026-08-27 13:04:47,QQQ,718.0,UNUSUAL_PUT_VOL,2648,205220.0,0.78,19.92,-0.451,0.186898,SHORT_GAMMA,718.25,UAP,ATM,-0.25
2026-08-27 13:05:47,QQQ,721.0,UNUSUAL_CALL_VOL,2151,29038.0,0.14,19.98,0.107,0.087399,SHORT_GAMMA,718.36,UAC,ABOVE,2.64
2026-08-27 13:05:47,QQQ,720.0,UNUSUAL_CALL_VOL,1658,50569.0,0.3,19.88,0.22,0.140589,SHORT_GAMMA,718.36,UAC,ABOVE,1.64
2026-08-27 13:05:47,QQQ,719.0,UNUSUAL_CALL_VOL,2201,139764.0,0.64,20.4,0.386,0.177026,SHORT_GAMMA,718.36,UAC,ATM,0.64
2026-08-27 13:05:47,QQQ,719.0,UNUSUAL_PUT_VOL,1776,214008.0,1.21,18.94,-0.623,0.189372,SHORT_GAMMA,718.36,UAP,ATM,0.64
2026-08-27 13:05:47,QQQ,718.0,UNUSUAL_CALL_VOL,1874,216447.0,1.15,21.38,0.565,0.173845,SHORT_GAMMA,718.36,UAC,ATM,-0.36
2026-08-27 13:05:47,QQQ,718.0,UNUSUAL_PUT_VOL,3652,268422.0,0.73,20.19,-0.431,0.183796,SHORT_GAMMA,718.36,UAP,ATM,-0.36
2026-08-27 13:05:47,QQQ,716.0,UNUSUAL_PUT_VOL,3352,82124.0,0.24,22.75,-0.162,0.101812,SHORT_GAMMA,718.36,UAP,BELOW,-2.36
2026-08-27 13:06:47,QQQ,720.0,UNUSUAL_CALL_VOL,1615,54102.0,0.34,19.91,0.238,0.147357,SHORT_GAMMA,718.49,UAC,ABOVE,1.51
2026-08-27 13:06:47,QQQ,719.0,UNUSUAL_CALL_VOL,2343,160496.0,0.69,20.42,0.408,0.180373,SHORT_GAMMA,718.49,UAC,ATM,0.51
2026-08-27 13:08:47,QQQ,718.0,UNUSUAL_PUT_VOL,1753,127092.0,0.72,20.28,-0.429,0.18526,SHORT_GAMMA,718.37,UAP,ATM,-0.37
2026-08-27 13:09:47,QQQ,719.0,UNUSUAL_CALL_VOL,1918,114121.0,0.59,19.87,0.379,0.18401,SHORT_GAMMA,718.35,UAC,ATM,0.65
2026-08-27 13:09:47,QQQ,718.0,UNUSUAL_PUT_VOL,1659,122766.0,0.74,20.53,-0.433,0.184151,SHORT_GAMMA,718.35,UAP,ATM,-0.35
2026-08-27 13:11:46,QQQ,719.0,UNUSUAL_CALL_VOL,2472,159444.0,0.65,20.94,0.389,0.17762,SHORT_GAMMA,718.38,UAC,ATM,0.62
2026-08-27 13:11:46,QQQ,718.0,UNUSUAL_CALL_VOL,1755,204458.0,1.17,21.87,0.569,0.174316,SHORT_GAMMA,718.38,UAC,ATM,-0.38
2026-08-27 13:12:48,QQQ,719.0,UNUSUAL_CALL_VOL,2987,162792.0,0.55,21.05,0.342,0.170114,SHORT_GAMMA,718.11,UAC,ATM,0.89
2026-08-27 13:12:48,QQQ,718.0,UNUSUAL_CALL_VOL,2231,224215.0,1.0,21.65,0.522,0.179407,SHORT_GAMMA,718.11,UAC,ATM,-0.11
2026-08-27 13:12:48,QQQ,718.0,UNUSUAL_PUT_VOL,1746,151029.0,0.86,21.12,-0.478,0.183896,SHORT_GAMMA,718.11,UAP,ATM,-0.11
2026-08-27 13:13:47,QQQ,718.0,UNUSUAL_PUT_VOL,1781,155838.0,0.88,21.1,-0.483,0.185054,SHORT_GAMMA,718.08,UAP,ATM,-0.08
2026-08-27 13:14:47,QQQ,720.0,UNUSUAL_CALL_VOL,1636,43354.0,0.27,20.34,0.196,0.133921,SHORT_GAMMA,718.22,UAC,ABOVE,1.78
2026-08-27 13:14:47,QQQ,719.0,UNUSUAL_CALL_VOL,2724,156630.0,0.57,20.99,0.359,0.175273,SHORT_GAMMA,718.22,UAC,ATM,0.78
2026-08-27 13:14:47,QQQ,718.0,UNUSUAL_CALL_VOL,1825,194362.0,1.06,21.87,0.541,0.178542,SHORT_GAMMA,718.22,UAC,ATM,-0.22
2026-08-27 13:14:47,QQQ,718.0,UNUSUAL_PUT_VOL,4552,359608.0,0.79,20.75,-0.456,0.188069,SHORT_GAMMA,718.22,UAP,ATM,-0.22
2026-08-27 13:14:47,QQQ,717.0,UNUSUAL_PUT_VOL,1729,78670.0,0.46,21.81,-0.289,0.154232,SHORT_GAMMA,718.22,UAP,BELOW,-1.22
2026-08-27 13:14:47,QQQ,715.0,UNUSUAL_PUT_VOL,7398,107271.0,0.15,24.54,-0.097,0.068815,SHORT_GAMMA,718.22,UAP,BELOW,-3.22
2026-08-27 13:16:47,QQQ,718.0,UNUSUAL_PUT_VOL,2817,247896.0,0.88,21.14,-0.489,0.187467,SHORT_GAMMA,718.05,UAP,ATM,-0.05
2026-08-27 13:17:47,QQQ,718.0,UNUSUAL_CALL_VOL,1539,143127.0,0.93,20.23,0.526,0.19651,SHORT_GAMMA,718.12,UAC,ATM,-0.12
2026-08-27 13:18:47,QQQ,719.0,UNUSUAL_CALL_VOL,1857,101206.0,0.55,20.6,0.354,0.181133,SHORT_GAMMA,718.22,UAC,ATM,0.78
2026-08-27 13:18:47,QQQ,718.0,UNUSUAL_PUT_VOL,1779,136983.0,0.77,20.63,-0.455,0.19281,SHORT_GAMMA,718.22,UAP,ATM,-0.22
2026-08-27 13:19:47,QQQ,719.0,UNUSUAL_CALL_VOL,2914,152985.0,0.53,20.1,0.352,0.186115,SHORT_GAMMA,718.23,UAC,ATM,0.77
2026-08-27 13:19:47,QQQ,718.0,UNUSUAL_CALL_VOL,2830,290075.0,1.02,21.27,0.545,0.187895,SHORT_GAMMA,718.23,UAC,ATM,-0.23
2026-08-27 13:19:47,QQQ,718.0,UNUSUAL_PUT_VOL,1666,119952.0,0.72,19.64,-0.451,0.203267,SHORT_GAMMA,718.23,UAP,ATM,-0.23
2026-08-27 13:22:47,QQQ,716.0,UNUSUAL_PUT_VOL,1890,38745.0,0.21,22.14,-0.149,0.107174,SHORT_GAMMA,718.24,UAP,BELOW,-2.24
2026-08-27 13:24:47,QQQ,720.0,UNUSUAL_CALL_VOL,1746,35793.0,0.21,20.65,0.16,0.121741,SHORT_GAMMA,718.0,UAC,ABOVE,2.0
2026-08-27 13:24:47,QQQ,719.0,UNUSUAL_CALL_VOL,1991,88600.0,0.45,20.51,0.309,0.177686,SHORT_GAMMA,718.0,UAC,ATM,1.0
2026-08-27 13:24:47,QQQ,718.0,UNUSUAL_CALL_VOL,1916,165734.0,0.86,20.78,0.502,0.198659,SHORT_GAMMA,718.0,UAC,ATM,0.0
2026-08-27 13:24:47,QQQ,718.0,UNUSUAL_PUT_VOL,2348,197232.0,0.84,20.33,-0.498,0.203056,SHORT_GAMMA,718.0,UAP,ATM,0.0
2026-08-27 13:25:47,QQQ,721.0,UNUSUAL_CALL_VOL,4304,36584.0,0.08,22.25,0.066,0.060343,SHORT_GAMMA,717.77,UAC,ABOVE,3.23
2026-08-27 13:25:47,QQQ,719.0,UNUSUAL_CALL_VOL,2006,75225.0,0.38,20.59,0.269,0.166749,SHORT_GAMMA,717.77,UAC,ABOVE,1.23
2026-08-27 13:25:47,QQQ,718.0,UNUSUAL_CALL_VOL,2331,175990.0,0.76,20.89,0.456,0.19753,SHORT_GAMMA,717.77,UAC,ATM,0.23
2026-08-27 13:25:47,QQQ,718.0,UNUSUAL_PUT_VOL,2297,230848.0,1.0,21.53,-0.542,0.191727,SHORT_GAMMA,717.77,UAP,ATM,0.23
2026-08-27 13:26:47,QQQ,720.0,UNUSUAL_CALL_VOL,2468,43190.0,0.17,21.21,0.136,0.107643,SHORT_GAMMA,717.76,UAC,ABOVE,2.24
2026-08-27 13:26:47,QQQ,719.0,UNUSUAL_CALL_VOL,2429,93517.0,0.39,21.05,0.271,0.164512,SHORT_GAMMA,717.76,UAC,ABOVE,1.24
2026-08-27 13:26:47,QQQ,718.0,UNUSUAL_CALL_VOL,2614,205199.0,0.79,21.84,0.456,0.18994,SHORT_GAMMA,717.76,UAC,ATM,0.24
2026-08-27 13:26:47,QQQ,718.0,UNUSUAL_PUT_VOL,2655,257535.0,0.97,20.64,-0.547,0.200833,SHORT_GAMMA,717.76,UAP,ATM,0.24
2026-08-27 13:26:47,QQQ,717.0,UNUSUAL_PUT_VOL,1922,106671.0,0.56,21.57,-0.354,0.180453,SHORT_GAMMA,717.76,UAP,ATM,-0.76
2026-08-27 13:27:47,QQQ,718.0,UNUSUAL_CALL_VOL,1776,121656.0,0.69,22.89,0.4,0.177637,SHORT_GAMMA,717.44,UAC,ATM,0.56
2026-08-27 13:27:47,QQQ,718.0,UNUSUAL_PUT_VOL,3476,404954.0,1.17,21.02,-0.609,0.192282,SHORT_GAMMA,717.44,UAP,ATM,0.56
2026-08-27 13:27:47,QQQ,717.0,UNUSUAL_PUT_VOL,3447,236120.0,0.69,21.79,-0.414,0.18817,SHORT_GAMMA,717.44,UAP,ATM,-0.44
2026-08-27 13:27:47,QQQ,714.0,UNUSUAL_PUT_VOL,2250,25875.0,0.11,25.63,-0.078,0.059747,SHORT_GAMMA,717.44,UAP,BELOW,-3.44
2026-08-27 13:28:47,QQQ,720.0,UNUSUAL_CALL_VOL,4111,59610.0,0.15,22.44,0.11,0.088441,SHORT_GAMMA,717.38,UAC,ABOVE,2.62
2026-08-27 13:28:47,QQQ,719.0,UNUSUAL_CALL_VOL,2274,71631.0,0.32,22.13,0.221,0.141913,SHORT_GAMMA,717.38,UAC,ABOVE,1.62
2026-08-27 13:28:47,QQQ,718.0,UNUSUAL_CALL_VOL,3047,196532.0,0.65,22.6,0.388,0.179323,SHORT_GAMMA,717.38,UAC,ATM,0.62
2026-08-27 13:28:47,QQQ,718.0,UNUSUAL_PUT_VOL,2918,363291.0,1.25,22.08,-0.615,0.183186,SHORT_GAMMA,717.38,UAP,ATM,0.62
2026-08-27 13:28:47,QQQ,717.0,UNUSUAL_PUT_VOL,5047,381048.0,0.76,22.9,-0.429,0.181371,SHORT_GAMMA,717.38,UAP,ATM,-0.38
2026-08-27 13:28:47,QQQ,716.0,UNUSUAL_PUT_VOL,1784,75820.0,0.42,23.63,-0.267,0.147127,SHORT_GAMMA,717.38,UAP,BELOW,-1.38
2026-08-27 13:28:47,QQQ,714.0,UNUSUAL_PUT_VOL,2067,27904.0,0.14,26.48,-0.087,0.06338,SHORT_GAMMA,717.38,UAP,BELOW,-3.38
2026-08-27 13:29:47,QQQ,720.0,UNUSUAL_CALL_VOL,2546,36917.0,0.15,24.16,0.107,0.081049,SHORT_GAMMA,717.16,UAC,ABOVE,2.84
2026-08-27 13:29:47,QQQ,718.0,UNUSUAL_CALL_VOL,3879,234680.0,0.6,24.32,0.358,0.163461,SHORT_GAMMA,717.16,UAC,ATM,0.84
2026-08-27 13:29:47,QQQ,717.0,UNUSUAL_CALL_VOL,1545,166860.0,1.08,25.24,0.529,0.167792,SHORT_GAMMA,717.16,UAC,ATM,-0.16
2026-08-27 13:29:47,QQQ,717.0,UNUSUAL_PUT_VOL,2401,212489.0,0.89,23.28,-0.469,0.18184,SHORT_GAMMA,717.16,UAP,ATM,-0.16
2026-08-27 13:30:47,QQQ,718.0,UNUSUAL_CALL_VOL,5558,383502.0,0.69,22.41,0.415,0.186076,SHORT_GAMMA,717.54,UAC,ATM,0.46
2026-08-27 13:30:47,QQQ,717.0,UNUSUAL_CALL_VOL,1558,189297.0,1.21,22.9,0.601,0.180304,SHORT_GAMMA,717.54,UAC,ATM,-0.54
2026-08-27 13:30:47,QQQ,717.0,UNUSUAL_PUT_VOL,2981,210160.0,0.7,23.56,-0.401,0.175569,SHORT_GAMMA,717.54,UAP,ATM,-0.54
2026-08-27 13:30:47,QQQ,716.0,UNUSUAL_CALL_VOL,2181,414390.0,1.9,23.33,0.762,0.142029,SHORT_GAMMA,717.54,UAC,BELOW,-1.54
2026-08-27 13:30:47,QQQ,716.0,UNUSUAL_PUT_VOL,1694,64372.0,0.38,23.81,-0.243,0.140572,SHORT_GAMMA,717.54,UAP,BELOW,-1.54
2026-08-27 13:31:47,QQQ,718.0,UNUSUAL_CALL_VOL,1958,147829.0,0.76,22.19,0.446,0.191574,SHORT_GAMMA,717.71,UAC,ATM,0.29
2026-08-27 13:31:47,QQQ,714.0,UNUSUAL_PUT_VOL,1613,15324.0,0.1,26.31,-0.064,0.050995,SHORT_GAMMA,717.71,UAP,BELOW,-3.71
2026-08-27 13:32:47,QQQ,719.0,UNUSUAL_CALL_VOL,1709,76050.0,0.45,20.95,0.306,0.18115,SHORT_GAMMA,718.01,UAC,ATM,0.99
2026-08-27 13:32:47,QQQ,718.0,UNUSUAL_CALL_VOL,4286,379311.0,0.89,21.59,0.504,0.199774,SHORT_GAMMA,718.01,UAC,ATM,-0.01
2026-08-27 13:32:47,QQQ,717.0,UNUSUAL_PUT_VOL,2467,117182.0,0.47,22.63,-0.313,0.169259,SHORT_GAMMA,718.01,UAP,ATM,-1.01
2026-08-27 13:32:47,QQQ,714.0,UNUSUAL_PUT_VOL,1904,12376.0,0.07,25.92,-0.046,0.040465,SHORT_GAMMA,718.01,UAP,BELOW,-4.01
2026-08-27 13:33:47,QQQ,719.0,UNUSUAL_CALL_VOL,2046,82863.0,0.41,22.28,0.272,0.162177,SHORT_GAMMA,717.75,UAC,ABOVE,1.25
2026-08-27 13:33:47,QQQ,718.0,UNUSUAL_CALL_VOL,6884,550720.0,0.8,22.85,0.454,0.188682,SHORT_GAMMA,717.75,UAC,ATM,0.25
2026-08-27 13:33:47,QQQ,717.0,UNUSUAL_PUT_VOL,1689,86984.0,0.52,21.33,-0.349,0.188761,SHORT_GAMMA,717.75,UAP,ATM,-0.75
2026-08-27 13:34:47,QQQ,719.0,UNUSUAL_CALL_VOL,1695,58478.0,0.34,22.4,0.247,0.154285,SHORT_GAMMA,717.59,UAC,ABOVE,1.41
2026-08-27 13:34:47,QQQ,718.0,UNUSUAL_CALL_VOL,2196,152622.0,0.69,22.77,0.424,0.18823,SHORT_GAMMA,717.59,UAC,ATM,0.41
2026-08-27 13:34:47,QQQ,718.0,UNUSUAL_PUT_VOL,1624,187572.0,1.15,23.17,-0.575,0.185099,SHORT_GAMMA,717.59,UAP,ATM,0.41
2026-08-27 13:34:47,QQQ,717.0,UNUSUAL_PUT_VOL,3369,234146.0,0.69,23.98,-0.392,0.175382,SHORT_GAMMA,717.59,UAP,ATM,-0.59
2026-08-27 13:35:47,QQQ,718.0,UNUSUAL_CALL_VOL,1801,123369.0,0.69,22.73,0.41,0.188284,SHORT_GAMMA,717.52,UAC,ATM,0.48
2026-08-27 13:36:47,QQQ,718.0,UNUSUAL_CALL_VOL,1982,143695.0,0.72,22.2,0.434,0.196307,SHORT_GAMMA,717.66,UAC,ATM,0.34
2026-08-27 13:37:47,QQQ,718.0,UNUSUAL_CALL_VOL,1946,154707.0,0.8,22.24,0.472,0.199297,SHORT_GAMMA,717.85,UAC,ATM,0.15
2026-08-27 13:38:47,QQQ,719.0,UNUSUAL_CALL_VOL,1641,71384.0,0.43,20.37,0.316,0.195606,SHORT_GAMMA,718.12,UAC,ATM,0.88
2026-08-27 13:38:47,QQQ,718.0,UNUSUAL_CALL_VOL,4149,363038.0,0.88,20.66,0.528,0.215799,SHORT_GAMMA,718.12,UAC,ATM,-0.12
2026-08-27 13:39:47,QQQ,719.0,UNUSUAL_CALL_VOL,1566,66555.0,0.42,20.57,0.313,0.194037,SHORT_GAMMA,718.1,UAC,ATM,0.9
2026-08-27 13:39:47,QQQ,718.0,UNUSUAL_CALL_VOL,1562,133551.0,0.85,20.79,0.523,0.215934,SHORT_GAMMA,718.1,UAC,ATM,-0.1
2026-08-27 13:40:47,QQQ,719.0,UNUSUAL_CALL_VOL,2862,127359.0,0.45,20.87,0.322,0.194807,SHORT_GAMMA,718.14,UAC,ATM,0.86
2026-08-27 13:40:47,QQQ,718.0,UNUSUAL_CALL_VOL,1993,186346.0,0.94,22.44,0.53,0.201083,SHORT_GAMMA,718.14,UAC,ATM,-0.14
2026-08-27 13:40:47,QQQ,718.0,UNUSUAL_PUT_VOL,1653,114057.0,0.69,19.83,-0.466,0.227376,SHORT_GAMMA,718.14,UAP,ATM,-0.14
2026-08-27 13:40:47,QQQ,717.0,UNUSUAL_PUT_VOL,1809,64219.0,0.35,20.9,-0.266,0.178254,SHORT_GAMMA,718.14,UAP,BELOW,-1.14
2026-08-27 13:41:47,QQQ,720.0,UNUSUAL_CALL_VOL,1921,37460.0,0.2,21.41,0.156,0.127445,SHORT_GAMMA,718.09,UAC,ABOVE,1.91
2026-08-27 13:41:47,QQQ,719.0,UNUSUAL_CALL_VOL,1609,73210.0,0.46,21.75,0.318,0.187271,SHORT_GAMMA,718.09,UAC,ATM,0.91
2026-08-27 13:41:47,QQQ,718.0,UNUSUAL_CALL_VOL,3120,283920.0,0.91,22.58,0.52,0.201436,SHORT_GAMMA,718.09,UAC,ATM,-0.09
2026-08-27 13:41:47,QQQ,718.0,UNUSUAL_PUT_VOL,1609,115044.0,0.71,19.98,-0.477,0.227573,SHORT_GAMMA,718.09,UAP,ATM,-0.09
2026-08-27 13:42:47,QQQ,719.0,UNUSUAL_CALL_VOL,1771,77038.0,0.43,20.91,0.318,0.195959,SHORT_GAMMA,718.13,UAC,ATM,0.87
2026-08-27 13:42:47,QQQ,718.0,UNUSUAL_CALL_VOL,2958,255867.0,0.86,20.98,0.53,0.217839,SHORT_GAMMA,718.13,UAC,ATM,-0.13
2026-08-27 13:46:47,QQQ,719.0,UNUSUAL_CALL_VOL,1628,70818.0,0.43,21.37,0.317,0.196677,SHORT_GAMMA,718.13,UAC,ATM,0.87
2026-08-27 13:48:47,QQQ,719.0,UNUSUAL_CALL_VOL,1934,91865.0,0.47,21.06,0.347,0.209706,SHORT_GAMMA,718.3,UAC,ATM,0.7
2026-08-27 13:48:47,QQQ,718.0,UNUSUAL_CALL_VOL,1564,148580.0,0.95,21.49,0.568,0.218798,SHORT_GAMMA,718.3,UAC,ATM,-0.3
2026-08-27 13:49:47,QQQ,719.0,UNUSUAL_CALL_VOL,1879,74220.0,0.4,21.32,0.297,0.195666,SHORT_GAMMA,718.05,UAC,ATM,0.95
2026-08-27 13:49:47,QQQ,717.0,UNUSUAL_CALL_VOL,1684,245864.0,1.46,22.72,0.713,0.180738,SHORT_GAMMA,718.05,UAC,ATM,-1.05
2026-08-27 13:50:47,QQQ,721.0,UNUSUAL_CALL_VOL,1683,9256.0,0.06,23.39,0.044,0.047965,SHORT_GAMMA,717.69,UAC,ABOVE,3.31
2026-08-27 13:50:47,QQQ,720.0,UNUSUAL_CALL_VOL,3506,47331.0,0.14,22.59,0.108,0.099941,SHORT_GAMMA,717.69,UAC,ABOVE,2.31
2026-08-27 13:50:47,QQQ,719.0,UNUSUAL_CALL_VOL,2009,63284.0,0.32,22.19,0.238,0.169403,SHORT_GAMMA,717.69,UAC,ABOVE,1.31
2026-08-27 13:50:47,QQQ,718.0,UNUSUAL_CALL_VOL,2722,182374.0,0.67,22.45,0.435,0.212901,SHORT_GAMMA,717.69,UAC,ATM,0.31
2026-08-27 13:50:47,QQQ,718.0,UNUSUAL_PUT_VOL,3478,337366.0,0.97,22.31,-0.565,0.214201,SHORT_GAMMA,717.69,UAP,ATM,0.31
2026-08-27 13:50:47,QQQ,717.0,UNUSUAL_PUT_VOL,1833,98066.0,0.54,23.11,-0.357,0.195981,SHORT_GAMMA,717.69,UAP,ATM,-0.69
2026-08-27 13:50:47,QQQ,716.0,UNUSUAL_PUT_VOL,1756,48290.0,0.28,24.12,-0.196,0.139265,SHORT_GAMMA,717.69,UAP,BELOW,-1.69
2026-08-27 13:54:46,QQQ,718.0,UNUSUAL_PUT_VOL,1586,146705.0,0.93,22.67,-0.551,0.218291,SHORT_GAMMA,717.76,UAP,ATM,0.24
2026-08-27 13:57:47,QQQ,717.0,UNUSUAL_PUT_VOL,2060,89610.0,0.43,23.35,-0.308,0.193013,SHORT_GAMMA,717.9,UAP,ATM,-0.9
2026-08-27 13:59:46,QQQ,719.0,UNUSUAL_CALL_VOL,1672,66044.0,0.4,21.13,0.313,0.217986,SHORT_GAMMA,718.2,UAC,ATM,0.8
2026-08-27 13:59:46,QQQ,718.0,UNUSUAL_CALL_VOL,1866,159543.0,0.85,21.85,0.549,0.235722,SHORT_GAMMA,718.2,UAC,ATM,-0.2
2026-08-27 13:59:46,QQQ,717.0,UNUSUAL_PUT_VOL,1930,62725.0,0.33,22.91,-0.246,0.179071,SHORT_GAMMA,718.2,UAP,BELOW,-1.2
2026-08-27 14:00:47,QQQ,717.0,UNUSUAL_CALL_VOL,2159,342202.0,1.58,23.7,0.757,0.173161,SHORT_GAMMA,718.25,UAC,BELOW,-1.25
2026-08-27 14:01:47,QQQ,719.0,UNUSUAL_CALL_VOL,1913,79390.0,0.41,21.41,0.325,0.222433,SHORT_GAMMA,718.26,UAC,ATM,0.74
2026-08-27 14:01:47,QQQ,718.0,UNUSUAL_CALL_VOL,2006,178534.0,0.89,22.21,0.563,0.23465,SHORT_GAMMA,718.26,UAC,ATM,-0.26
2026-08-27 14:04:47,QQQ,720.0,UNUSUAL_CALL_VOL,2009,37166.0,0.18,19.95,0.172,0.173212,SHORT_GAMMA,718.6,UAC,ABOVE,1.4
2026-08-27 14:04:47,QQQ,719.0,UNUSUAL_CALL_VOL,1840,91080.0,0.49,20.36,0.396,0.256994,SHORT_GAMMA,718.6,UAC,ATM,0.4
2026-08-27 14:04:47,QQQ,718.0,UNUSUAL_CALL_VOL,2560,267520.0,1.04,21.2,0.651,0.236962,SHORT_GAMMA,718.6,UAC,ATM,-0.6
2026-08-27 14:04:47,QQQ,718.0,UNUSUAL_PUT_VOL,1510,70215.0,0.46,21.97,-0.354,0.229839,SHORT_GAMMA,718.6,UAP,ATM,-0.6
2026-08-27 14:05:47,QQQ,720.0,UNUSUAL_CALL_VOL,6701,117268.0,0.17,21.98,0.149,0.144898,SHORT_GAMMA,718.33,UAC,ABOVE,1.67
2026-08-27 14:05:47,QQQ,719.0,UNUSUAL_CALL_VOL,5155,219088.0,0.42,21.6,0.336,0.231342,SHORT_GAMMA,718.33,UAC,ATM,0.67
2026-08-27 14:05:47,QQQ,718.0,UNUSUAL_CALL_VOL,3098,280369.0,0.91,22.17,0.581,0.241545,SHORT_GAMMA,718.33,UAC,ATM,-0.33
2026-08-27 14:05:47,QQQ,718.0,UNUSUAL_PUT_VOL,2608,151264.0,0.58,22.29,-0.419,0.240298,SHORT_GAMMA,718.33,UAP,ATM,-0.33
2026-08-27 14:06:46,QQQ,719.0,UNUSUAL_CALL_VOL,1709,77760.0,0.46,21.13,0.363,0.245663,SHORT_GAMMA,718.46,UAC,ATM,0.54
2026-08-27 14:06:46,QQQ,718.0,UNUSUAL_CALL_VOL,2206,213982.0,0.97,21.88,0.616,0.241509,SHORT_GAMMA,718.46,UAC,ATM,-0.46
2026-08-27 14:08:46,QQQ,719.0,UNUSUAL_CALL_VOL,2120,75260.0,0.35,21.36,0.295,0.227988,SHORT_GAMMA,718.18,UAC,ATM,0.82
2026-08-27 14:08:46,QQQ,718.0,UNUSUAL_PUT_VOL,1745,109062.0,0.62,22.18,-0.453,0.251947,SHORT_GAMMA,718.18,UAP,ATM,-0.18
2026-08-27 14:09:47,QQQ,719.0,UNUSUAL_CALL_VOL,2600,120900.0,0.46,20.42,0.386,0.266755,SHORT_GAMMA,718.58,UAC,ATM,0.42
2026-08-27 14:09:47,QQQ,718.0,UNUSUAL_CALL_VOL,1775,176612.0,0.99,20.76,0.656,0.252413,SHORT_GAMMA,718.58,UAC,ATM,-0.58
2026-08-27 14:11:47,QQQ,719.0,UNUSUAL_CALL_VOL,1991,100546.0,0.51,20.36,0.418,0.278631,SHORT_GAMMA,718.71,UAC,ATM,0.29
2026-08-27 14:13:47,QQQ,719.0,UNUSUAL_CALL_VOL,2173,118429.0,0.55,20.19,0.452,0.290995,SHORT_GAMMA,718.83,UAC,ATM,0.17
2026-08-27 14:14:47,QQQ,720.0,UNUSUAL_CALL_VOL,1587,34120.0,0.21,20.27,0.203,0.20881,SHORT_GAMMA,718.87,UAC,ABOVE,1.13
2026-08-27 14:14:47,QQQ,719.0,UNUSUAL_CALL_VOL,2169,121464.0,0.56,20.24,0.463,0.294354,SHORT_GAMMA,718.87,UAC,ATM,0.13
2026-08-27 14:15:47,QQQ,719.0,UNUSUAL_CALL_VOL,1708,84546.0,0.49,19.47,0.436,0.306846,SHORT_GAMMA,718.79,UAC,ATM,0.21
2026-08-27 14:15:47,QQQ,718.0,UNUSUAL_CALL_VOL,1500,162000.0,1.08,19.79,0.729,0.253992,SHORT_GAMMA,718.79,UAC,ATM,-0.79
2026-08-27 14:15:47,QQQ,718.0,UNUSUAL_PUT_VOL,1877,63818.0,0.34,21.77,-0.29,0.238429,SHORT_GAMMA,718.79,UAP,ATM,-0.79
2026-08-27 14:16:47,QQQ,719.0,UNUSUAL_CALL_VOL,1570,88705.0,0.56,20.04,0.475,0.304801,SHORT_GAMMA,718.91,UAC,ATM,0.09
2026-08-27 14:18:47,QQQ,719.0,UNUSUAL_CALL_VOL,2172,103170.0,0.47,19.46,0.431,0.317231,SHORT_GAMMA,718.78,UAC,ATM,0.22
2026-08-27 14:18:47,QQQ,718.0,UNUSUAL_PUT_VOL,1625,49562.0,0.3,20.9,-0.278,0.252013,SHORT_GAMMA,718.78,UAP,ATM,-0.78
2026-08-27 14:21:47,QQQ,719.0,UNUSUAL_CALL_VOL,1722,101598.0,0.59,20.57,0.498,0.316338,SHORT_GAMMA,718.99,UAC,ATM,0.01
2026-08-27 14:23:47,QQQ,718.0,UNUSUAL_CALL_VOL,1587,192820.0,1.21,19.85,0.806,0.231719,SHORT_GAMMA,719.02,UAC,ATM,-1.02
2026-08-27 14:25:47,QQQ,721.0,UNUSUAL_CALL_VOL,3269,14710.0,0.04,20.28,0.04,0.072782,SHORT_GAMMA,718.93,UAC,ABOVE,2.07
2026-08-27 14:26:47,QQQ,718.0,UNUSUAL_CALL_VOL,1643,199624.0,1.21,20.08,0.816,0.231633,SHORT_GAMMA,719.03,UAC,ATM,-1.03
2026-08-27 14:27:47,QQQ,720.0,UNUSUAL_PUT_VOL,1540,204050.0,1.33,18.73,-0.874,0.196717,SHORT_GAMMA,718.79,UAP,ABOVE,1.21
2026-08-27 14:28:46,QQQ,718.0,UNUSUAL_PUT_VOL,1556,36566.0,0.23,20.28,-0.237,0.274952,SHORT_GAMMA,718.8,UAP,ATM,-0.8
2026-08-27 14:29:46,QQQ,714.0,UNUSUAL_PUT_VOL,5006,7509.0,0.01,35.46,-0.005,0.007655,SHORT_GAMMA,718.94,UAP,BELOW,-4.94
2026-08-27 14:32:46,QQQ,720.0,UNUSUAL_CALL_VOL,4280,96300.0,0.23,20.53,0.23,0.285426,SHORT_GAMMA,719.21,UAC,ATM,0.79
2026-08-27 14:32:46,QQQ,719.0,UNUSUAL_CALL_VOL,3216,212256.0,0.66,21.29,0.577,0.355362,SHORT_GAMMA,719.21,UAC,ATM,-0.21
2026-08-27 14:33:47,QQQ,720.0,UNUSUAL_CALL_VOL,1644,38634.0,0.23,20.58,0.24,0.297648,SHORT_GAMMA,719.26,UAC,ATM,0.74
2026-08-27 14:33:47,QQQ,720.0,UNUSUAL_PUT_VOL,1671,162922.0,0.97,20.69,-0.758,0.296848,SHORT_GAMMA,719.26,UAP,ATM,0.74
2026-08-27 14:33:47,QQQ,719.0,UNUSUAL_CALL_VOL,1754,118395.0,0.68,21.01,0.597,0.362631,SHORT_GAMMA,719.26,UAC,ATM,-0.26
2026-08-27 14:34:47,QQQ,720.0,UNUSUAL_CALL_VOL,1876,51590.0,0.28,20.78,0.279,0.324421,SHORT_GAMMA,719.39,UAC,ATM,0.61
2026-08-27 14:34:47,QQQ,719.0,UNUSUAL_CALL_VOL,2003,151226.0,0.76,21.29,0.644,0.351142,SHORT_GAMMA,719.39,UAC,ATM,-0.39
2026-08-27 14:42:47,QQQ,721.0,UNUSUAL_CALL_VOL,2570,16705.0,0.07,21.67,0.047,0.109542,SHORT_GAMMA,719.5,UAC,ABOVE,1.5
2026-08-27 14:42:47,QQQ,721.0,UNUSUAL_PUT_VOL,1745,276582.0,1.58,23.63,-0.938,0.125651,SHORT_GAMMA,719.5,UAP,ABOVE,1.5
2026-08-27 14:42:47,QQQ,720.0,UNUSUAL_CALL_VOL,12379,278528.0,0.23,19.07,0.263,0.415425,SHORT_GAMMA,719.5,UAC,ATM,0.5
2026-08-27 14:42:47,QQQ,720.0,PUT_BLOCK_BUY,7561,559514.0,0.74,19.89,-0.728,0.404833,SHORT_GAMMA,719.5,BAP,ATM,0.5
2026-08-27 14:42:47,QQQ,719.0,CALL_BLOCK_BUY,10834,807133.0,0.74,20.04,0.728,0.401794,SHORT_GAMMA,719.5,BAC,ATM,-0.5
2026-08-27 14:42:47,QQQ,719.0,UNUSUAL_PUT_VOL,9485,246610.0,0.26,20.85,-0.279,0.391655,SHORT_GAMMA,719.5,UAP,ATM,-0.5
2026-08-27 14:42:47,QQQ,718.0,CALL_BLOCK_SELL,3684,574704.0,1.56,21.1,0.958,0.102784,SHORT_GAMMA,719.5,SAC,BELOW,-1.5
2026-08-27 14:42:47,QQQ,718.0,UNUSUAL_PUT_VOL,6061,51518.0,0.08,23.53,-0.06,0.123544,SHORT_GAMMA,719.5,UAP,BELOW,-1.5
2026-08-27 14:42:47,QQQ,717.0,UNUSUAL_PUT_VOL,3155,11043.0,0.04,27.64,-0.014,0.031022,SHORT_GAMMA,719.5,UAP,BELOW,-2.5
2026-08-27 14:42:47,QQQ,716.0,UNUSUAL_PUT_VOL,5145,7718.0,0.01,31.23,-0.003,0.00747,SHORT_GAMMA,719.5,UAP,BELOW,-3.5
2026-08-27 14:45:47,QQQ,722.0,UNUSUAL_CALL_VOL,1891,2836.0,0.01,23.38,0.003,0.010787,SHORT_GAMMA,719.6,UAC,ABOVE,2.4
2026-08-27 14:45:47,QQQ,721.0,UNUSUAL_CALL_VOL,2039,11214.0,0.06,20.42,0.034,0.09815,SHORT_GAMMA,719.6,UAC,ABOVE,1.4
2026-08-27 14:45:47,QQQ,720.0,UNUSUAL_CALL_VOL,6164,151018.0,0.24,19.09,0.289,0.477941,SHORT_GAMMA,719.6,UAC,ATM,0.4
2026-08-27 14:45:47,QQQ,719.0,UNUSUAL_CALL_VOL,2011,156858.0,0.78,18.97,0.802,0.392407,SHORT_GAMMA,719.6,UAC,ATM,-0.6
2026-08-27 14:45:47,QQQ,719.0,UNUSUAL_PUT_VOL,5468,117562.0,0.21,20.94,-0.221,0.3791,SHORT_GAMMA,719.6,UAP,ATM,-0.6
2026-08-27 14:45:47,QQQ,718.0,UNUSUAL_PUT_VOL,2262,12441.0,0.06,22.6,-0.029,0.078235,SHORT_GAMMA,719.6,UAP,BELOW,-1.6
2026-08-27 14:45:47,QQQ,717.0,UNUSUAL_PUT_VOL,4522,6783.0,0.01,25.07,-0.003,0.008975,SHORT_GAMMA,719.6,UAP,BELOW,-2.6
2026-08-27 14:45:47,QQQ,716.0,UNUSUAL_PUT_VOL,1599,800.0,0.01,28.38,-0.0,0.001162,SHORT_GAMMA,719.6,UAP,BELOW,-3.6
2026-08-27 14:46:47,QQQ,721.0,UNUSUAL_CALL_VOL,2724,23154.0,0.08,22.26,0.051,0.129444,SHORT_GAMMA,719.68,UAC,ABOVE,1.32
2026-08-27 14:46:47,QQQ,720.0,UNUSUAL_CALL_VOL,2710,90785.0,0.34,22.01,0.344,0.463429,SHORT_GAMMA,719.68,UAC,ATM,0.32
2026-08-27 14:46:47,QQQ,719.0,UNUSUAL_PUT_VOL,1960,47040.0,0.24,23.53,-0.211,0.340355,SHORT_GAMMA,719.68,UAP,ATM,-0.68
2026-08-27 14:46:47,QQQ,718.0,UNUSUAL_PUT_VOL,1624,10556.0,0.07,24.49,-0.028,0.073578,SHORT_GAMMA,719.68,UAP,BELOW,-1.68
2026-08-27 14:46:47,QQQ,717.0,UNUSUAL_PUT_VOL,2225,3338.0,0.01,25.84,-0.002,0.006747,SHORT_GAMMA,719.68,UAP,BELOW,-2.68
2026-08-27 14:47:47,QQQ,720.0,UNUSUAL_PUT_VOL,2369,142140.0,0.6,23.84,-0.576,0.473388,SHORT_GAMMA,719.84,UAP,ATM,0.16
2026-08-27 14:48:47,QQQ,721.0,UNUSUAL_CALL_VOL,1995,32918.0,0.17,25.59,0.093,0.196025,SHORT_GAMMA,719.87,UAC,ABOVE,1.13
2026-08-27 14:48:47,QQQ,720.0,UNUSUAL_CALL_VOL,3579,170002.0,0.47,24.67,0.44,0.480669,SHORT_GAMMA,719.87,UAC,ATM,0.13
2026-08-27 14:48:47,QQQ,719.0,UNUSUAL_PUT_VOL,1554,34965.0,0.23,25.68,-0.153,0.27609,SHORT_GAMMA,719.87,UAP,ATM,-0.87
2026-08-27 14:52:47,QQQ,720.0,UNUSUAL_CALL_VOL,3281,218187.0,0.67,23.31,0.68,0.57484,SHORT_GAMMA,720.29,UAC,ATM,-0.29
2026-08-27 14:54:47,QQQ,720.0,UNUSUAL_PUT_VOL,1666,54145.0,0.33,29.56,-0.125,0.307236,SHORT_GAMMA,720.77,UAP,ATM,-0.77
2026-08-27 14:54:47,QQQ,719.0,UNUSUAL_PUT_VOL,3646,49221.0,0.14,31.74,-0.007,0.026872,SHORT_GAMMA,720.77,UAP,BELOW,-1.77
2026-08-27 14:55:47,QQQ,721.0,UNUSUAL_CALL_VOL,1864,59648.0,0.32,20.51,0.252,0.762465,SHORT_GAMMA,720.72,UAC,ATM,0.28
2026-08-27 14:55:47,QQQ,720.0,UNUSUAL_CALL_VOL,2332,229702.0,0.98,25.37,0.918,0.292423,SHORT_GAMMA,720.72,UAC,ATM,-0.72
2026-08-27 14:56:47,QQQ,722.0,UNUSUAL_PUT_VOL,2091,276012.0,1.32,26.79,-0.991,0.04871,SHORT_GAMMA,720.86,UAP,ABOVE,1.14
2026-08-27 14:56:47,QQQ,721.0,UNUSUAL_CALL_VOL,1601,53633.0,0.33,18.44,0.335,1.108735,SHORT_GAMMA,720.86,UAC,ATM,0.14
2026-08-27 14:56:47,QQQ,715.0,CALL_BLOCK_BUY,1944,1124893.0,5.79,20.0,1.0,0.0,SHORT_GAMMA,720.86,BAC,BELOW,-5.86
2026-08-27 14:57:47,QQQ,721.0,UNUSUAL_CALL_VOL,2270,91935.0,0.41,17.91,0.545,1.494563,SHORT_GAMMA,721.03,UAC,ATM,-0.03
2026-08-27 14:57:47,QQQ,715.0,CALL_BLOCK_SELL,2244,1349766.0,6.02,20.0,1.0,0.0,SHORT_GAMMA,721.03,SAC,BELOW,-6.03
2026-08-27 14:58:47,QQQ,721.0,UNUSUAL_CALL_VOL,1644,89598.0,0.55,17.26,0.943,0.600208,SHORT_GAMMA,721.3,UAC,ATM,-0.3
2026-08-27 14:59:47,QQQ,721.0,UNUSUAL_CALL_VOL,1580,81370.0,0.52,21.04,0.771,2.044508,SHORT_GAMMA,721.11,UAC,ATM,-0.11
2026-08-27 15:00:47,QQQ,721.0,UNUSUAL_PUT_VOL,2422,66605.0,0.28,18.97,-0.008,0.168359,SHORT_GAMMA,721.32,UAP,ATM,-0.32
2026-08-27 15:01:47,QQQ,721.0,UNUSUAL_PUT_VOL,2574,109395.0,0.43,18.67,-0.62,2.901275,SHORT_GAMMA,720.96,UAP,ATM,0.04
2026-08-27 15:01:47,QQQ,719.0,UNUSUAL_CALL_VOL,3065,596142.0,1.95,20.0,1.0,0.0,SHORT_GAMMA,720.96,UAC,BELOW,-1.96
2026-08-27 15:01:47,QQQ,719.0,UNUSUAL_PUT_VOL,3362,8405.0,0.03,22.02,0.0,0.0,SHORT_GAMMA,720.96,UAP,BELOW,-1.96
2026-08-27 15:03:47,QQQ,721.0,UNUSUAL_PUT_VOL,2552,136532.0,0.54,17.18,-0.992,0.185221,SHORT_GAMMA,720.71,UAP,ATM,0.29
2026-08-27 15:05:47,QQQ,720.0,UNUSUAL_CALL_VOL,3068,268450.0,0.88,16.93,1.0,0.0,SHORT_GAMMA,720.77,UAC,ATM,-0.77
2026-08-27 15:14:47,QQQ,720.0,UNUSUAL_CALL_VOL,2035,37648.0,0.18,7.28,0.836,4.833358,LONG_GAMMA,720.05,UAC,ATM,-0.05
