2025-05-19 22:39:00,71188646.1179942,1041765.40693148,-3.29999999999999,-7,-20.5953333333333,-32.65,0.0444537903301667,-0.94,5948.75
2025-05-19 22:41:00,70456067.1690276,945401.455804415,9.63333333333333,0,158.342333333333,19.71,0.0250545124179268,0.72,5948.5
2025-05-19 22:42:00,70245353.6534842,1044026.1888918,66.7833333333333,11,211.715666666667,28.44,0.0592504366810731,1.27,5949
2025-05-19 22:43:00,72072680.6694821,916071.135821637,-38.9,-11,-73.0440000000001,-15.24,0.0310891448334076,-0.44,5947.75
2025-05-19 22:44:00,73951812.6379458,909554.962281039,30.7333333333333,8,118.828666666667,41.62,-0.0115493400898637,1.38,5946.75
2025-05-19 22:45:00,73128053.3307782,925359.700478727,8.57499999999995,2,206.207249999999,32.14,0.00899259828495518,1.06,5947.25
2025-05-19 22:46:00,72084491.5796512,902130.12635952,1.83333333333335,-3,38.8950000000002,2.24,0.0196112341393172,0.03,5947.25
2025-05-19 22:47:00,72808424.7093097,903438.076520496,43.6499999999999,6,228.303,28.47,0.0301578212534939,1.07,5946.75
2025-05-19 22:48:00,74274611.0084018,909412.06418735,82.6999999999996,6,285.480999999999,27.99,-0.00213241416217832,0.96,5946.25
2025-05-19 22:49:00,74039804.0281304,900781.12203746,14.0266666666667,4,157.322866666667,34.39,-0.00780475366315462,0.93,5946.25
2025-05-19 22:50:00,74462720.9431826,912491.213498265,0,0,0,0,0,0,5946.25
2025-05-19 22:51:00,73869621.8484457,899731.265909706,39.9666666666667,5,170.136,23.67,0.0200116965598335,0.88,5946
2025-05-19 22:52:00,73659363.0230868,904291.331295901,75,21,388.05,111.8,0.00813608356060945,3.91,5946
2025-05-19 22:53:00,73713942.4335251,909871.298075469,6.68000000000001,2,189.2444,56.66,-0.00935305065859535,1.06,5946.25
2025-05-19 22:54:00,74434703.29409,904318.677378459,9.66666666666666,1,32.8666666666666,3.4,0.00390640044268466,0.13,5945.5
2025-05-19 22:55:00,74266483.1934251,871731.542727053,-3,-2,-0.3,3.1,-0.00285534227900057,0.11,5945.25
2025-05-19 22:56:00,75654396.2669455,927793.286692485,111.548333333333,18,1437.52671666667,202.85,0.0565151824022794,5.11,5945.25
2025-05-19 22:57:00,75414583.4912264,921169.397387216,0,1,0,3.4,-0.00399569413782755,0.11,5945.25
2025-05-19 22:58:00,74987216.9941859,919093.144928412,94.016666666667,4,603.612166666669,64.21,0.00611740345079551,1.36,5945.5
2025-05-19 22:59:00,75719558.1302848,911505.681669871,27,0,93.3000000000001,1.5,0.0147538549913623,0.08,5944.75
2025-05-19 23:00:00,75432005.5809712,925284.637622451,23.1500000000001,3,154.215500000001,20.07,-0.00535428962819388,0.6,5945.25
2025-05-19 23:01:00,75836581.0557501,930465.978532532,68.4,6,2389.896,178.1,0.0212296136249764,5.11,5945
2025-05-19 23:03:00,76545224.9699303,914704.20143469,43.4933333333334,5,464.395533333334,47.07,0.0108947312931932,1.42,5944.25
2025-05-19 23:04:00,76724766.511878,927211.158627397,31,4,77.2666666666668,12.3,-0.000030802736654506,0.45,5943.75
2025-05-19 23:05:00,76312701.4821768,923131.404281501,38.5333333333334,8,130.819666666667,30.11,-0.0142206095162774,1.03,5944.25
2025-05-19 23:06:00,76219252.8406593,923852.684731863,41.0083333333333,4,325.818583333334,59.53,-0.00572075230992713,1.45,5944.5
2025-05-19 23:07:00,74203549.7127744,903098.025461454,4.76666666666666,3,64.523,47.08,-0.0375945397551563,1.53,5945.75
2025-05-19 23:08:00,76195486.8555346,883965.915348996,26.5333333333334,3,112.421333333334,22.12,-0.00360030674603703,0.66,5944.75
2025-05-19 23:09:00,74859448.2028219,893170.02264118,30.4,2,162.068,20.6,0.0114509238886696,0.64,5945.25
2025-05-19 23:10:00,75535507.3820325,875117.045558904,86.1333333333337,23,392.874333333335,105.27,-0.094245393564117,3.46,5944.5
2025-05-19 23:11:00,75838184.3415623,856448.256996634,0,0,0,0,0,0,5944.25
2025-05-19 23:12:00,77071258.7572361,886218.046346094,246.876666666667,35,1360.5607,156.27,0.0538045745606225,5.25,5943.75
2025-05-19 23:13:00,77234377.5872489,882634.77432482,32.8666666666667,10,166.176,53.24,-0.0402634461256755,1.79,5943.5
2025-05-19 23:14:00,77013909.7567027,875970.583884408,85.2666666666667,10,707.799666666667,73.81,0.0239608273968878,2.45,5943.75
2025-05-19 23:15:00,78051827.7212041,865506.722584639,25.7864341085271,6,1610.39384883721,459.96,-0.00156197892385386,4.7,5943.25
2025-05-19 23:16:00,75211166.7633837,853664.097836864,41.0000000000001,12,139.400000000001,40.8,-0.040319702309269,1.44,5944.25
2025-05-19 23:17:00,72432253.0424688,853433.541966384,8.83333333333335,2,85.5166666666668,19.15,-0.00055687584356783,0.64,5945.5
2025-05-19 23:18:00,72431221.9948519,839813.689862846,-1.66666666666667,-1,-1.83333333333333,-1.1,0.00234461558909505,-0.04,5945.25
2025-05-19 23:19:00,74687971.7594808,864176.655143064,10.2,2,135.354000000001,26.54,-0.0104178666899817,0.7,5945.25
2025-05-19 23:20:00,75298944.5250305,863434.507422974,30.4000000000003,0,706.026000000006,38.76,0.0423540987856602,1.46,5945
2025-05-19 23:21:00,75153476.4481486,854451.607326122,-5,-5,-0.5,-0.5,0.00192487569437983,0,5944.75
2025-05-19 23:22:00,74934103.5795193,848116.735161374,7.60000000000001,4,45.068,23.72,-0.0188465244768953,0.76,5944.75
2025-05-19 23:23:00,75422607.9877627,874262.383852635,115.041666666667,9,1567.17291666667,120.45,0.111415832211788,4.52,5944.25
2025-05-19 23:25:00,75413226.4320164,875029.907990066,0,0,0,0,0,0,5944.5
2025-05-19 23:26:00,75432268.4386592,887667.855474035,0,0,0,0,0,0,5944.75
2025-05-19 23:27:00,75154738.4290514,880392.544343572,11,6,49.3999999999998,26.4,-0.0259875971892141,0.87,5944.75
2025-05-19 23:28:00,75115993.3877057,884695.315809344,31,6,1255.25,208.9,0.0206602668504269,5.12,5944.75
2025-05-19 23:29:00,75213581.4492537,870893.267793061,15.7,0,71.764,16.53,0.00316871630608922,0.57,5944.75
2025-05-19 23:30:00,75162839.4715749,882338.174089875,4.73333333333333,0,31.988,3.12,0.00841698281214431,0.13,5945
2025-05-19 23:31:00,75123627.5437989,852483.354446575,14.2,4,22.314,6.07,-5.48724103704825E-05,0.22,5945
2025-05-19 23:32:00,72835794.7883681,882441.558057956,231.8,25,2646.40399999999,273.94,0.158588259186877,9.79,5945.75
2025-05-19 23:33:00,73165695.5747416,908967.256808487,101.266666666667,13,1810.98366666667,208.57,0.0559581120796317,6.54,5945.5
2025-05-19 23:34:00,74771686.0719446,939034.696708583,1.23333333333333,1,7.31366666666667,5.93,-0.00473938590724619,0.19,5945.25
2025-05-19 23:35:00,73609543.9667848,908984.410135966,10.1,1,52.7220000000001,5.22,0.00536016330632927,0.2,5945.5
2025-05-19 23:36:00,74407536.2005185,926866.21473222,12.2666666666667,1,24.6186666666667,1.49,0.00893876253624399,0.07,5945.25
2025-05-19 23:37:00,74650569.0240427,929920.35542349,13,0,107.95,5.25,0.010628855325986,0.2,5944.75
2025-05-19 23:38:00,75133392.2300867,933150.469078971,10.3333333333333,1,35.1333333333333,3.4,0.00377510792913675,0.12,5945
2025-05-19 23:39:00,74719771.1211954,927694.431352648,11.8666666666667,6,28.7806666666667,25.07,-0.019374845874003,0.83,5944.75
2025-05-19 23:40:00,74948938.3283044,918771.580844657,-2.00000000000001,-1,10.7333333333333,3.5,0.00132309322248978,0.1,5944.75
2025-05-19 23:41:00,74765086.7107416,915199.862529294,0,0,0,0,0,0,5945
2025-05-19 23:42:00,74710394.0777633,929861.224973825,26.4166666666667,5,378.687833333334,69.6,-0.0258678875667213,1.81,5945.25
2025-05-19 23:43:00,73176975.2963923,891735.184092773,2.06666666666666,-2,37.398,11.92,0.00611892229742531,0.39,5945.75
2025-05-19 23:44:00,73346915.3527661,898107.618110971,14,5,6.54999999999999,1.6,0.00353480777625366,0.07,5945.5
2025-05-19 23:45:00,74490973.1933577,898684.14607076,5.66333333333334,1,266.722233333333,57.84,-0.00710034942425019,1.1,5945
2025-05-19 23:46:00,74889318.2183758,900193.639685936,4,1,2.8,0.7,0.00120457700883799,0.03,5944.75
2025-05-19 23:47:00,75069568.3687102,919167.821212517,0,0,0,0,0,0,5944.75
2025-05-19 23:48:00,74077543.3091023,901792.124018197,0,0,0,0,0,0,5945
2025-05-19 23:49:00,74414524.1475141,919933.07327993,0,0,0,0,0,0,5944.75
2025-05-19 23:50:00,74739976.1712257,908725.755106149,0,0,0,0,0,0,5944.75
2025-05-19 23:51:00,74178565.2735597,920396.215221617,63.3166666666668,7,1142.0505,118.32,0.0440251515950589,3.77,5945.25
2025-05-19 23:52:00,74265889.9164723,929236.747333217,0,0,0,0,0,0,5945
2025-05-19 23:53:00,73911555.7206968,917949.45168605,0,0,0,0,0,0,5945.25
2025-05-19 23:54:00,71342673.6939325,926315.393756499,35.3083333333332,0,789.569749999998,150.38,0.0756472392351109,4.4,5947.75
2025-05-19 23:55:00,71801427.7408846,901064.213801738,16.2,-2,161.386,0.610000000000004,0.0438400126395395,0.2,5947.25
2025-05-19 23:56:00,72134288.1545773,919074.250212628,6.99999999999998,0,21.3999999999999,-1.2,0.00861685794676287,-0.01,5947.25
2025-05-19 23:57:00,72207603.1578714,916456.512910336,8.59999999999999,1,44.8919999999999,5.22,0.00576304471957434,0.2,5947.5
2025-05-19 23:58:00,72175896.8287532,924887.751963096,30.1,1,197.302,18.47,0.0324665730347445,0.75,5947.25
2025-05-19 23:59:00,71935911.5957326,881779.262165048,-40.8666666666666,-20,-189.139333333333,-92,0.0884294451334886,-2.8,5946.75
2025-05-20 00:00:00,71826712.6159503,871633.500869435,18.2666666666668,0,494.035333333337,48.37,0.0247038722945587,1.46,5947
2025-05-20 00:01:00,71426566.9273395,976996.857324695,887.733333333333,70,3108.73633333333,248.12,0.317949815415387,9.51,5947.25
2025-05-20 00:02:00,70749071.5069576,1030564.80477922,340.000000000001,26,1405.175,107.65,0.159361291622192,4.45,5947.75
2025-05-20 00:03:00,70962904.9583253,914417.461893523,401.699999999998,76,8782.19399999996,1709.54,-0.40425324066954,37.73,5948
2025-05-20 00:04:00,69614591.6132769,925869.19906391,-1.46666666666663,-4,67.0293333333337,-4.15,0.0428728822363131,0.03,5948.75
2025-05-20 00:05:00,68434479.4810314,922065.91376572,30.7888888888889,-2,350.016555555555,35.95,0.0738104379805615,0.63,5948.75
2025-05-20 00:06:00,69430527.5913565,953243.574289615,164.716666666667,20,915.936166666666,77.05,0.0949583487048587,2.86,5948.75
2025-05-20 00:07:00,69320846.5617168,956728.346346538,2.1333333333333,2,16.3959999999999,7.34,0.0167560148062275,0.33,5948.75
2025-05-20 00:08:00,69491552.5406958,1044438.38102589,21.0000000000001,1,71.4000000000002,3.4,0.0046067940537553,0.14,5949.25
2025-05-20 00:09:00,69073735.1533051,1029374.63085718,-49.3666666666665,-11,534.726666666669,36.25,0.0766294088935153,1.22,5949.5
2025-05-20 00:10:00,69373624.5407991,1065703.21359246,131.1,17,772.627000000001,96.65,0.158798520987048,4.04,5950.25
2025-05-20 00:11:00,67832200.9610245,1080894.90140774,33.7333333333333,6,77.2663333333332,10.2,0.0559659457518327,0.7,5951
2025-05-20 00:12:00,68645051.1789283,1102441.79328476,70.3833333333332,8,2371.855,286.88,0.127613813671302,8.96,5950.5
2025-05-20 00:13:00,68779674.2673089,1064094.7038022,-90.8166666666667,-19,-190.637166666666,-54.48,0.148150352223706,-0.93,5950.25
2025-05-20 00:14:00,67777115.1085617,1085177.6768028,5.1833333333333,0,-13.8661666666669,-15.68,0.0204677666604194,-0.27,5951
2025-05-20 00:15:00,65685291.8220415,1230293.50709006,63.9499999999995,33,1698.94983333332,618.21,0.456075719160476,20.84,5953
2025-05-20 00:16:00,65760913.3495801,1252389.51039564,318.333333333335,15,1325.26666666667,97.8,0.239977983430365,4.9,5953
2025-05-20 00:17:00,65953696.1693437,1352166.4884348,410.416666666668,64,1416.74083333334,205.44,0.350273232966229,9.23,5953
2025-05-20 00:18:00,66477448.852519,1344579.43185244,-8.09999999999991,-1,-5.08699999999975,3.47,0.0262637135606473,0.28,5952.75
2025-05-20 00:19:00,65965198.8150731,1338043.10459077,26.35,11,-6.93449999999996,1.87,0.0468463431648038,0.35,5952.75
2025-05-20 00:20:00,65772025.2695427,1353667.07426862,-31.0000000000001,-2,-76.6500000000002,-4.75,0.00595324380530531,-0.12,5953
2025-05-20 00:21:00,65434100.9830873,1431861.59312021,116.300000000003,16,3396.31600000006,342.91,0.209786422564191,11.33,5953.5
2025-05-20 00:22:00,66660547.7072865,1442567.25307753,-14.1166666666667,7,718.061833333334,212.57,0.147115363129142,7.11,5952.75
2025-05-20 00:23:00,66099534.6056129,1450254.12402589,-10.5,0,7.92499999999998,10.5,0.0224544862803557,0.5,5953
2025-05-20 00:24:00,66801441.5300951,1416608.81432271,0,0,0,0,0,0,5952.25
2025-05-20 00:25:00,66613272.3486668,1430795.6212072,-0.883333333333328,0,-6.67183333333337,-2.18,0.0242235560197751,0.16,5952.5
2025-05-20 00:26:00,65705580.1213445,1415819.96286664,-64.55,-6,-237.5875,-22.31,0.034526147550255,-0.51,5952.75
2025-05-20 00:28:00,65873503.5418777,1449260.49495325,8.5,1,85.775,15.35,0.0170807915108834,0.63,5953
2025-05-20 00:29:00,66092263.286497,1423372.73596231,-24.5,-2,-70.3,-5.5,0.0154439463839591,-0.08,5952.75
2025-05-20 00:30:00,67050981.0694184,1455451.5473542,3.09999999999999,0,26.122,4.97,0.00746148777281797,0.21,5953.25
2025-05-20 00:31:00,65349111.2741911,1441062.93028995,-70.6500000000001,-8,-591.533166666668,-72.11,0.0802965654059309,-1.31,5953.5
2025-05-20 00:32:00,64952634.2799501,1460937.9832097,-1.99999999999999,3,135.15,48.5,0.0432510251358414,1.78,5953.75
2025-05-20 00:33:00,67637093.2934353,1444152.39591107,-2.84999999999991,0,0.285500000000948,9.17,0.0620839652906983,0.79,5952.25
2025-05-20 00:34:00,69192925.3920064,1397380.75025109,-2.03333333333336,-1,-48.5473333333336,-14.4,0.0265208596306353,-0.23,5951
2025-05-20 00:35:00,69264413.9429433,1430580.26642728,38.35,7,238.7565,76.29,0.0276888068563938,1.77,5950.75
2025-05-20 00:36:00,71027609.3942033,1464173.61691578,45.7000000000001,7,236.245666666667,36.07,0.0505008668252953,1.48,5949.75
2025-05-20 00:37:00,68852689.5731945,1426499.10763799,18.3333333333333,-1,269.4778,-23.44,0.0812297491750206,0.58,5950.25
2025-05-20 00:39:00,67548210.8036417,1455343.34604104,30.2666666666666,7,160.443666666666,30.07,0.054220724226529,1.36,5951.5
2025-05-20 00:40:00,68556602.9650265,1438009.67016841,8.93333333333331,1,181.577,19.57,0.0299461269616567,0.75,5950.5
2025-05-20 00:43:00,71775504.4460651,1466778.74306236,106.79696969697,6,785.378515151514,87.59,0.145644799742133,2.67,5949.5
2025-05-20 00:44:00,71691665.9900367,1423175.18678749,276.483333333333,26,2593.87716666665,266.84,0.25419127280578,9.64,5948.5
2025-05-20 00:45:00,72050328.7067625,1489874.68874821,361.849999999996,20,5441.01949999993,293.77,0.281329115654251,10.55,5948.25
2025-05-20 00:46:00,73187181.1878118,1604678.15556908,699.399999999999,44,7528.46799999999,529.51,0.425555918542638,18.86,5947.25
2025-05-20 00:49:00,74935804.3133954,1797832.9392455,777.766666666672,54,14046.8100000001,932.22,0.653523944977555,32.59,5945.5
2025-05-20 00:51:00,75865973.045378,1854995.87017413,178.15,-5,2781.32249999999,135.51,0.207213105985299,5.17,5945
2025-05-20 00:52:00,75957369.4606268,1862610.16255877,80.2166666666668,3,658.934499999999,49.02,0.000515512146451937,1.18,5944.75
2025-05-20 00:53:00,77289876.0827976,1996410.03160413,671.833333333333,31,3920.73099999999,162.28,0.167300747093542,5.87,5943.5
2025-05-20 00:55:00,77738481.1206878,2070060.47083035,316.4,27,1681.52833333333,145.23,0.0539694587230099,4.73,5943.25
2025-05-20 00:56:00,77923133.8061916,2086608.49934505,271.633333333333,22,4587.80799999999,321.02,0.134868166670973,10.9,5943.25
2025-05-20 00:57:00,78346802.0756945,2204701.06897465,441.533333333334,16,4688.77566666668,182.01,0.131994565695893,6.37,5942.75
2025-05-20 01:00:00,72879589.4567253,195620.373069502,3396.0763888889,201,55824.1517638891,2520.66,0.208149239316354,103,5938.5
2025-05-20 01:01:00,72945500.8315812,191037.427521692,616.666666666668,47,8223.63533333336,355.4,-0.00445989196096252,12.85,5938.5
2025-05-20 01:04:00,73350693.9141047,213943.396580785,1969.83333333333,118,12112.5723333333,557.18,0.069580762861914,20.12,5938.5
2025-05-20 01:05:00,74157267.3502476,259123.369799983,164.616666666667,17,961.349166666664,61.72,0.012141580111351,2.2,5939
2025-05-20 01:06:00,74594656.9191935,224641.353339266,936.858333333334,50,5547.43458333334,257.93,0.0313578690540442,8.25,5938.5
2025-05-20 01:07:00,74381809.2047752,115531.006489548,801.863888888892,37,11371.139638889,421.27,0.0834508904823167,11.65,5937.25
2025-05-20 01:08:00,74616924.6640769,24934.2756717241,1085.675,101,14041.69375,839.82,-0.345126544852122,26.36,5937.5
2025-05-20 01:13:00,78061690.948647,2679019.28550719,4687.485,465,38259.2307166667,2702.83,0.239846709276475,88.84,5941
2025-05-20 01:16:00,75344015.0522862,287434.105130615,2092.83888888888,112,40465.2040555554,1824.52,0.337849254318961,75.65,5938.5
2025-05-20 01:19:00,75474048.1590078,273335.423599335,470.158333333334,36,2656.59641666667,151.73,0.00925803031419095,5.29,5938.25
2025-05-20 01:21:00,74734036.8240352,862.361494692264,2200.5,125,16599.8653333333,764.26,0.00734708155913802,28.2,5935.75
2025-05-20 01:22:00,74281712.7778676,49435.030559002,220.366666666667,13,2390.70566666666,107.82,0.00134681873095451,3.71,5936.25
2025-05-20 01:22:00,74281683.5713004,49356.0495336778,0,0,0,0,0,0,5936.25
2025-05-20 01:25:00,74279557.3951537,43593.1292280286,0,0,0,0,0,0,5936.25
2025-05-20 01:26:00,74277905.6790351,39097.9289978458,0,0,0,0,0,0,5936.25
2025-05-20 01:27:00,74276970.634244,36545.9791692485,0,0,0,0,0,0,5936.25
2025-05-20 01:28:00,74276040.8077332,34003.0554179337,0,0,0,0,0,0,5936.25
2025-05-20 01:30:00,74274394.8916771,29488.8471465414,0,0,0,0,0,0,5936.25
2025-05-20 01:35:00,74270478.935817,18680.9988067115,0,0,0,0,0,0,5936.25
2025-05-20 01:36:00,74269544.073126,16086.4326342093,0,0,0,0,0,0,5936.25
2025-05-20 01:37:00,74268617.3913711,13508.992271069,0,0,0,0,0,0,5936.25
2025-05-20 01:39:00,74266730.4850024,8243.43085493817,0,0,0,0,0,0,5936.25
2025-05-20 01:41:00,74264337.9497674,1532.75107157707,0,0,0,0,0,0,5936.25
2025-05-20 01:42:00,74263422.3313663,-1045.68560879931,0,0,0,0,0,0,5936.25
2025-05-20 01:44:00,74261640.669729,-6079.53648577964,0,0,0,0,0,0,5936.25
2025-05-20 01:46:00,74259789.1665932,-11334.2965140496,0,0,0,0,0,0,5936.25
2025-05-20 01:47:00,74258873.888329,-13940.9707652757,0,0,0,0,0,0,5936.25
2025-05-20 01:48:00,74257956.6308562,-16559.3455505025,0,0,0,0,0,0,5936.25
2025-05-20 01:51:00,74255505.3180217,-23587.0301821616,0,0,0,0,0,0,5936.25
2025-05-20 01:53:00,74253570.6148997,-29165.3149945245,0,0,0,0,0,0,5936.25
2025-05-20 01:54:00,74252665.0941754,-31785.9653614621,0,0,0,0,0,0,5936.25
2025-05-20 01:59:00,74248307.6176524,-44486.4190331459,0,0,0,0,0,0,5936.25
2025-05-20 02:00:00,74247408.4345274,-47126.0939713598,0,0,0,0,0,0,5936.25
2025-05-20 02:01:00,74246507.1865325,-49778.4636897041,0,0,0,0,0,0,5936.25
2025-05-20 02:02:00,74245605.5232879,-52438.7688758264,0,0,0,0,0,0,5936.25
2025-05-20 02:04:00,74243607.3151006,-58358.6452191205,0,0,0,0,0,0,5936.25
2025-05-20 02:05:00,74242705.8324796,-61040.484074532,0,0,0,0,0,0,5936.25
2025-05-20 02:06:00,74241812.0849238,-63706.2336262976,0,0,0,0,0,0,5936.25
2025-05-20 02:07:00,74240916.9796884,-66383.0131771957,0,0,0,0,0,0,5936.25
2025-05-20 02:10:00,74238476.0435104,-73718.638861302,0,0,0,0,0,0,5936.25
2025-05-20 02:13:00,74235715.6705836,-82079.4570117448,0,0,0,0,0,0,5936.25
2025-05-20 02:14:00,74234826.4166969,-84787.9979358616,0,0,0,0,0,0,5936.25
2025-05-20 02:20:00,74230041.0816298,-99494.2823408361,0,0,0,0,0,0,5936.25
2025-05-20 02:21:00,74229160.991266,-102223.663835502,0,0,0,0,0,0,5936.25
2025-05-20 02:24:00,74226955.1244827,-109099.458511044,0,0,0,0,0,0,5936.25
2025-05-20 02:26:00,74224659.5644436,-116308.975842282,0,0,0,0,0,0,5936.25
2025-05-20 02:27:00,74223798.4961714,-119027.857127379,0,0,0,0,0,0,5936.25
2025-05-20 02:30:00,74221560.1931288,-126133.564348571,0,0,0,0,0,0,5936.25
2025-05-20 02:31:00,74220701.2032884,-128875.389495901,0,0,0,0,0,0,5936.25
2025-05-20 02:32:00,74219843.8547943,-131620.35421153,0,0,0,0,0,0,5936.25
2025-05-20 02:35:00,74216997.2943787,-140795.47176255,0,0,0,0,0,0,5936.25
2025-05-20 02:38:00,74214605.3804709,-148580.133298406,0,0,0,0,0,0,5936.25
2025-05-20 02:39:00,74213755.3914698,-151363.456083753,0,0,0,0,0,0,5936.25
2025-05-20 02:42:00,74211454.0242025,-158945.252130246,0,0,0,0,0,0,5936.25
2025-05-20 02:45:00,74209101.4712449,-166766.841681066,0,0,0,0,0,0,5936.25
2025-05-20 02:46:00,74208263.4731626,-169570.814655391,0,0,0,0,0,0,5936.25
2025-05-20 02:49:00,74205919.0975014,-177466.444514803,0,0,0,0,0,0,5936.25
2025-05-20 02:52:00,74203520.8474906,-185623.964809005,0,0,0,0,0,0,5936.25
2025-05-20 02:53:00,74202705.7735852,-188415.468888167,0,0,0,0,0,0,5936.25
2025-05-20 02:54:00,74201887.3081247,-191228.536870471,0,0,0,0,0,0,5936.25
2025-05-20 02:55:00,74201068.5863975,-194052.592610193,0,0,0,0,0,0,5936.25
2025-05-20 02:58:00,74198552.8054454,-202795.110053996,0,0,0,0,0,0,5936.25
2025-05-20 03:01:00,74196149.1681109,-211242.112632529,0,0,0,0,0,0,5936.25
2025-05-20 03:02:00,74195352.5244419,-214062.701216811,0,0,0,0,0,0,5936.25
2025-05-20 03:05:00,74192921.1505324,-222737.921772872,0,0,0,0,0,0,5936.25
2025-05-20 03:09:00,74189959.5650874,-233445.840499042,0,0,0,0,0,0,5936.25
2025-05-20 03:10:00,74189178.2424492,-236297.571465666,0,0,0,0,0,0,5936.25
2025-05-20 03:13:00,74186600.4612769,-245788.621096872,0,0,0,0,0,0,5936.25
2025-05-20 03:14:00,74185832.2213058,-248642.311395616,0,0,0,0,0,0,5936.25
2025-05-20 03:18:00,74182917.3488331,-259579.168146107,0,0,0,0,0,0,5936.25
2025-05-20 03:19:00,74182155.6435438,-262466.525147197,0,0,0,0,0,0,5936.25
2025-05-20 03:20:00,74181395.4216589,-265360.761855139,0,0,0,0,0,0,5936.25
2025-05-20 03:21:00,74180637.8300164,-268257.606947404,0,0,0,0,0,0,5936.25
2025-05-20 03:24:00,74178378.1973426,-276974.730511523,0,0,0,0,0,0,5936.25
2025-05-20 03:27:00,74175899.0974697,-286676.218071473,0,0,0,0,0,0,5936.25
2025-05-20 03:29:00,74175158.0719917,-289605.188784917,0,0,0,0,0,0,5936.25
2025-05-20 03:30:00,74174420.0996758,-292535.80276623,0,0,0,0,0,0,5936.25
2025-05-20 03:36:00,74169741.1969893,-311450.476892719,0,0,0,0,0,0,5936.25
2025-05-20 03:40:00,74167292.2897899,-321595.187123159,0,0,0,0,0,0,5936.25
2025-05-20 03:41:00,74166591.1176971,-324532.856369911,0,0,0,0,0,0,5936.25
2025-05-20 03:45:00,74163861.673593,-336115.574243595,0,0,0,0,0,0,5936.25
2025-05-20 03:48:00,74161443.0447046,-346585.671313843,0,0,0,0,0,0,5936.25
2025-05-20 03:49:00,74160759.3630264,-349582.359212464,0,0,0,0,0,0,5936.25
2025-05-20 03:53:00,74158362.8595978,-360222.569893994,0,0,0,0,0,0,5936.25
2025-05-20 03:56:00,74155990.3824153,-370976.058097898,0,0,0,0,0,0,5936.25
2025-05-20 03:57:00,74155340.3684869,-373962.660023171,0,0,0,0,0,0,5936.25
2025-05-20 04:01:00,74152990.1462902,-384914.458340625,0,0,0,0,0,0,5936.25
2025-05-20 04:05:00,74150637.7907483,-396131.399896802,0,0,0,0,0,0,5936.25
2025-05-20 04:06:00,74150017.3742425,-399134.986345687,0,0,0,0,0,0,5936.25
2025-05-20 04:10:00,74147694.9451427,-410556.843430768,0,0,0,0,0,0,5936.25
2025-05-20 04:13:00,74145438.1861373,-421943.694284669,0,0,0,0,0,0,5936.25
2025-05-20 04:15:00,74144840.5681004,-425009.885683461,0,0,0,0,0,0,5936.25
2025-05-20 04:18:00,74142606.9252516,-436671.873608573,0,0,0,0,0,0,5936.25
2025-05-20 04:19:00,74142028.2996975,-439747.420202675,0,0,0,0,0,0,5936.25
2025-05-20 04:24:00,74139451.092279,-453740.980368878,0,0,0,0,0,0,5936.25
2025-05-20 04:25:00,74138896.8265996,-456817.166931877,0,0,0,0,0,0,5936.25
2025-05-20 04:26:00,74138345.0700397,-459904.27530525,0,0,0,0,0,0,5936.25
2025-05-20 04:30:00,74136189.6060936,-472215.221597529,0,0,0,0,0,0,5936.25
2025-05-20 04:38:00,74132142.9073852,-496548.315210528,0,0,0,0,0,0,5936.25
2025-05-20 04:39:00,74131644.3068689,-499671.549530536,0,0,0,0,0,0,5936.25
2025-05-20 04:43:00,74129642.7094332,-512525.711149629,0,0,0,0,0,0,5936.25
2025-05-20 04:47:00,74127704.9404305,-525503.98642749,0,0,0,0,0,0,5936.25
2025-05-20 04:48:00,74127247.8169508,-528650.660564498,0,0,0,0,0,0,5936.25
2025-05-20 04:53:00,74125404.6572553,-541706.272449001,0,0,0,0,0,0,5936.25
2025-05-20 04:57:00,74123611.9265113,-555040.619486495,0,0,0,0,0,0,5936.25
2025-05-20 04:58:00,74123197.0969153,-558226.988217272,0,0,0,0,0,0,5936.25
2025-05-20 05:02:00,74121473.0383691,-571932.383498153,0,0,0,0,0,0,5936.25
2025-05-20 05:07:00,74119821.4220704,-585866.59119805,0,0,0,0,0,0,5936.25
2025-05-20 05:08:00,74119455.3667782,-589078.256404897,0,0,0,0,0,0,5936.25
2025-05-20 05:12:00,74117939.8372714,-602931.589812969,0,0,0,0,0,0,5936.25
2025-05-20 05:17:00,74116250.8966151,-619636.373260832,0,0,0,0,0,0,5936.25
2025-05-20 05:18:00,74115942.2897748,-622863.342706404,0,0,0,0,0,0,5936.25
2025-05-20 05:27:00,74113497.3398098,-651005.481240678,0,0,0,0,0,0,5936.25
2025-05-20 05:28:00,74113243.8269768,-654255.179305267,0,0,0,0,0,0,5936.25
2025-05-20 05:29:00,74112997.2642035,-657492.764244646,0,0,0,0,0,0,5936.25
2025-05-20 05:34:00,74111941.7022643,-672373.067050117,0,0,0,0,0,0,5936.25
2025-05-20 05:39:00,74110994.4601583,-687612.905709928,0,0,0,0,0,0,5936.25
2025-05-20 05:40:00,74110808.9623739,-690884.840386376,0,0,0,0,0,0,5936.25
2025-05-20 05:41:00,74110629.7749629,-694157.838565566,0,0,0,0,0,0,5936.25
2025-05-20 05:42:00,74110456.5099961,-697439.948865019,0,0,0,0,0,0,5936.25
2025-05-20 05:47:00,74109723.4952321,-712995.447331277,0,0,0,0,0,0,5936.25
2025-05-20 05:52:00,74109060.8420291,-730953.599834631,0,0,0,0,0,0,5936.25
2025-05-20 05:53:00,74108961.3667514,-734233.143184147,0,0,0,0,0,0,5936.25
2025-05-20 05:54:00,74108868.0363368,-737533.572878584,0,0,0,0,0,0,5936.25
2025-05-20 05:59:00,74108513.1288321,-753514.743008322,0,0,0,0,0,0,5936.25
2025-05-20 06:09:00,74108294.24155,-785137.239698325,0,0,0,0,0,0,5936.25
2025-05-20 06:10:00,74108309.2249343,-788450.36071995,0,0,0,0,0,0,5936.25
2025-05-20 06:15:00,74108495.7466437,-805104.74763615,0,0,0,0,0,0,5936.25
2025-05-20 06:24:00,73971364.7809854,-834446.185972581,0,0,0,0,0,0,5936.25
2025-05-20 06:25:00,69385352.7472875,7988466.24991663,36082.9663114488,2752,457905.993439246,101254.74,82.1861066989335,2203.17,5952.75
2025-05-20 06:26:00,69594730.8885142,7995114.40778613,67.2,3,2042.553,133.59,0.135717034901666,4.88,5953
2025-05-20 06:27:00,68397886.6161162,7869897.51214323,-15.1500000000002,12,-1429.38150000001,31.96,0.204242993244248,2.42,5953.25
2025-05-20 06:28:00,70552815.9369798,8169751.8686276,131.348888888889,11,1057.13024444445,166.16,0.289038506987051,5.33,5952.75
2025-05-20 06:29:00,70056721.6757273,8068362.46150168,25.5500000000005,2,1171.80350000001,81.41,0.0939688211586452,3.15,5953
2025-05-20 06:30:00,68350715.2687673,7891165.05588655,-562.5,-23,-7505.51100000001,-322.63,0.222604548307946,-6.4,5954
2025-05-20 06:31:00,68607305.218523,7811196.0625634,138.6,9,1829.178,121.82,0.115182500588211,4.4,5953.25
2025-05-20 06:32:00,70174623.4916405,8098564.40780863,983.749999999999,50,11.685499999996,10.21,0.286953956708079,2.24,5953.25
2025-05-20 06:33:00,67347544.8479253,7998798.1553569,2323.71666666666,111,5946.72116666665,333.13,0.497440376375804,11.44,5953.75
2025-05-20 06:34:00,71395063.0062218,8430850.50648374,142.716666666667,9,903.347166666677,45.26,0.254512546542142,4.2,5952.25
2025-05-20 06:35:00,71818759.1567135,8408098.48147007,-52.7491341991343,96,-4288.68256926408,6346.59,-0.234453326793243,75.65,5952
2025-05-20 06:36:00,71510276.1485541,8363766.53268455,-8.73333333333404,3,696.583666666655,104.49,0.277879332795242,5.49,5952
2025-05-20 06:37:00,70589117.2550448,8141453.40342744,27.9344256518672,114,-4039.10569591262,6460.45,-0.257082886295082,78.39,5952.25
2025-05-20 06:38:00,69262891.2022596,8030077.0291988,64.5666666666667,-1,927.742666666668,76.91,0.16032146135035,3.28,5953
2025-05-20 06:39:00,69169050.6518799,7911542.8090581,-79.3000000000001,-13,-238.394333333334,-13.38,0.0646531959893873,0.13,5953.25
2025-05-20 06:40:00,69897401.1085342,8056777.71243073,16.2500000000008,6,1367.64350000001,114.5,0.172225243351137,4.64,5952.5
2025-05-20 06:41:00,69585824.4487271,7440552.47418673,23.0000000000005,-2,-1367.12199999999,-97.45,0.0845347535697515,-2.1,5952.25
2025-05-20 06:42:00,71502321.5811669,8291956.76108419,2.50000000000013,-1,380.355000000003,13.14,0.0545296546500087,0.81,5952.25
2025-05-20 06:43:00,69349377.3858104,7371756.34358641,-193.850000000001,-17,-34.2095000000124,-8.67,0.082835208048354,0.38,5952.25
2025-05-20 06:44:00,69394936.2163819,7355635.60174966,-59.1833333333336,-2,-413.033833333335,-16.99,0.172374748291919,0.57,5951.75
2025-05-20 06:45:00,72721692.9062559,7572927.50195066,-1131.75,-69,-453.5215,-43.85,0.29531175739303,0.38,5950.75
2025-05-20 06:46:00,71489204.6975722,7450513.65465453,-244.416666666667,-22,-520.644833333332,-62.25,0.106916400697653,-1.05,5951
2025-05-20 06:47:00,70973444.0415725,7383332.35841447,-1085.55,-52,-2857.17350000003,-130.68,0.37132838309607,-0.94,5951.25
2025-05-20 06:48:00,69484517.8097373,7379848.2924574,-523.365384615385,-22,-523.135269230784,93.32,0.3325638299822,3.99,5952.25
2025-05-20 06:49:00,69232014.3090958,8044737.1681184,-46.8999999999999,-2,1026.937,70.46,0.170340899666975,3.52,5953
2025-05-20 06:50:00,68868080.0768687,7342152.62540646,86.8,6,310.656,22.76,0.0365023565475811,0.83,5952.25
2025-05-20 06:51:00,70428830.3047173,7495394.88150689,43.9500000000001,3,1260.7265,62.87,0.0521040683148303,2.23,5951.75
2025-05-20 06:52:00,68873139.2396619,7325500.52453865,-79,-5,-30.8500000000001,-1,0.0214353999226329,0.12,5952.25
2025-05-20 06:53:00,70924637.028448,8283827.65081757,29.2666666666671,2,1312.76700000001,81.24,0.106939918663538,3.47,5952.5
2025-05-20 06:54:00,72531931.103397,7575989.22662173,-1253.35,-61,-5733.78349999999,-279.9,0.335590616654678,-5.75,5950.75
2025-05-20 06:55:00,71650421.3350794,7463856.06492357,-159.050000000002,-9,-408.207500000012,-41.43,0.32381165036828,1,5951
2025-05-20 06:56:00,72455299.2787646,7581116.19900996,-130.75,-7,18.0074999999999,1.14,0.0498743219809594,0.33,5950.75
2025-05-20 06:57:00,72189131.9534103,7579523.52675981,-55.166666666667,-2,-408.908333333335,-22.35,0.0198703583563914,-0.48,5950.5
2025-05-20 06:58:00,71974524.2308483,7631880.28401502,1259.6,48,1587.74699999999,4.94999999999999,0.249852238374516,1.75,5951.25
2025-05-20 06:59:00,73243003.8021391,7697104.59241751,473.950000000001,18,2384.4965,119.82,0.152742065371827,4.85,5950.25
2025-05-20 07:00:00,71670659.3868366,7749466.92127324,1116.05,16,3464.84549999999,191.57,0.426736238375104,7.2,5950.75
2025-05-20 07:01:00,71792178.3863711,7748774.79395085,-126.400000000001,-6,-1299.52600000001,-87.23,0.109828337451918,-1.59,5950.75
2025-05-20 07:03:00,74841239.3386793,8085309.10256587,279.65,9,1570.8905,43.55,0.0806583997420587,1.68,5949.25
2025-05-20 07:04:00,75193123.3348901,8088263.50123553,-1987.18333333333,-252,-4399.14516666666,-465.41,0.627096571502126,-9.74,5949.25
2025-05-20 07:05:00,72756009.942832,7830313.29726947,16.4833333333346,-2,1869.98983333337,72.06,0.174170560355213,4.44,5950
2025-05-20 07:06:00,72401648.4169533,7918436.79274946,640.849999999987,-1,-18551.3505000002,-1727.73,2.94353387196767,-21.79,5950.75
2025-05-20 07:07:00,70180930.1746933,7632261.147251,-229.996666666665,-14,1116.5433,-86.05,0.303258108522371,2.2,5951.5
2025-05-20 07:08:00,68017666.0622184,7547521.56717886,-908.666666666668,-31,-4622.23366666667,-163.43,0.304905305192517,-2.46,5952.75
2025-05-20 07:09:00,71173533.1963276,7624709.98609236,34.35,0,-1748.60350000001,-106.28,0.107747816796043,-1.6,5951.25
2025-05-20 07:10:00,71869545.8112593,7511331.68114199,-1407.3,-94,-3293.26400000001,-248.66,0.460569702326544,-3.22,5950.25
2025-05-20 07:11:00,72823413.3541844,7759238.13576322,-158,-9,-1404.53,-87.08,0.074233081343699,-1.89,5950.5
2025-05-20 07:12:00,71293651.6994676,7784449.17336094,173.499999999999,7,1110.59999999999,23.63,0.0678500086825986,1.09,5951.5
2025-05-20 07:13:00,69976426.9540616,7507152.0290631,-13.15,-1,-77.9794999999999,-5.93,0.0136190824312125,-0.1,5951.5
2025-05-20 07:14:00,69919417.1432448,7627506.23922986,-73.9000000000001,-10,-229.927000000001,-25.58,0.0471607044876603,-0.34,5951.75
2025-05-20 07:15:00,70429108.4629222,7503167.65290367,-696.45,-39,-4013.7005,-241.54,0.220823673694631,-4.88,5951.5
2025-05-20 07:16:00,69946210.0138919,7630292.51843411,473.449999999998,24,7018.78149999997,344.67,0.299035739616807,12.36,5951.75
2025-05-20 07:17:00,70933217.2836524,7702906.06163825,500.999999999999,19,2313.90699999999,76.8,0.274752218216588,4.09,5951.25
2025-05-20 07:18:00,70043242.233964,7681861.60190123,19.933333333334,-1,313.61533333335,-10.72,0.0746097729331898,1.46,5952
2025-05-20 07:19:00,69842434.2230505,8469281.33831131,-81.3499999999999,-5,-224.0235,-10.83,0.0567935892144934,0.04,5952.75
2025-05-20 07:20:00,69541479.0550874,7701512.80639642,-1526.95000000001,-50,-11353.9865,-370.27,0.367916459863037,-8.06,5952.25
2025-05-20 07:21:00,72193536.4127175,7731562.89699988,-189.050000000001,-13,-4989.65650000002,-331.8,0.211089686562062,-6.77,5951.25
2025-05-20 07:22:00,70418238.0518123,7872419.30128947,2.83333333333384,0,615.348333333341,19.63,0.0889264073909953,1.33,5951.75
2025-05-20 07:23:00,72976555.0999397,7850164.1417781,-138.300000000001,-13,-2592.84600000001,-241.58,0.157712853645717,-4.68,5950
2025-05-20 07:24:00,73282256.0855432,7978540.54426329,2654.6,91,4946.82099999999,133.81,0.384516368468839,4.48,5950
2025-05-20 07:25:00,73838914.8058619,8068861.5269755,1067.18333333333,77,2015.5245,137.23,0.479954512294851,5.4,5949.75
2025-05-20 07:26:00,74815142.3304715,8259235.64365616,521.400000000001,21,4615.48300000001,177.39,0.224714408013402,6.48,5949.5
2025-05-20 07:27:00,73301388.9937494,8145225.39448994,8.66666666666719,-3,867.370666666674,18,0.120270252253365,1.41,5950
2025-05-20 07:28:00,75200712.7278969,8426110.4109016,-21.9666666666668,-1,-129.950000000001,-3.54,0.0274056699805198,0.0500000000000001,5949.5
2025-05-20 07:29:00,75082903.379788,8447872.79661516,130.016666666667,6,1515.8625,59.02,0.12167137771147,2.59,5949.25
2025-05-20 07:30:00,76238331.4388802,8788067.69150518,-45.2,-5,-163.407000000001,-28.06,0.0931242120288944,-0.21,5949.25
2025-05-20 07:31:00,74311781.3508137,9059218.3925031,2957.05000000001,101,60470.1325000002,2109.36,2.04617020578092,80.47,5949.5
2025-05-20 07:32:00,76974960.4152286,9602901.17076244,1700.9,66,13441.711,538.97,0.667423126684853,18.71,5948.75
2025-05-20 07:33:00,80274211.5627091,10557834.0660133,528,19,1531.555,-12.81,0.135951959940187,0.0799999999999998,5948
2025-05-20 07:34:00,78105461.3401361,10375848.825442,4918.20000000001,200,14333.234,444.57,1.04294481510309,12.88,5948
2025-05-20 07:35:00,81646041.3954695,11459302.044665,7982.45000000001,316,26000.0775,876.47,1.04919659904304,23.92,5947.5
2025-05-20 07:36:00,69453730.6350863,4162661.63024479,383.10528138528,-4,8352.45676883116,485.88,0.472505517888725,9.21,5945.75
2025-05-20 07:37:00,69146093.3225993,3726549.39143036,1003.56666666667,23,7836.34316666667,200.79,0.339886949795208,6.54,5944.75
2025-05-20 07:38:00,68946340.5508754,3183085.90395027,466.050000000004,-25,14333.4235,100.18,0.417307734018412,6.92,5943.5
2025-05-20 07:39:00,69547288.4468375,3472152.00047334,1968,30,20424.6655,606.5,0.354970224169891,16.12,5944
2025-05-20 07:40:00,68377817.5864852,3731747.40248597,885.750000000001,27,10739.0875,355.92,0.171933154226434,12.59,5944.5
2025-05-20 07:41:00,68134544.7797687,3987268.3623905,1374.13333333333,51,10165.1426666666,417.74,0.265742752559211,14.35,5945
2025-05-20 07:42:00,68722453.7974578,3765707.70547072,423.537878787879,27,6100.50899999999,734.7,0.046638752335932,15.16,5944.5
2025-05-20 07:43:00,67087550.0072101,4244633.90115092,467.850000000001,8,6271.19950000002,120.1,0.258437948936616,5.45,5945.5
2025-05-20 07:44:00,68607878.5285723,4042758.85253091,492.799999999999,14,3641.24599999999,104.48,0.147722847182051,3.46,5945
2025-05-20 07:45:00,68098096.6140954,4707959.83812923,305.924999999999,-3,4317.37074999998,114.75,0.215076147188363,3.54,5946.5
2025-05-20 07:46:00,69235129.6177849,4238212.20187942,854.683333333332,23,9892.16749999998,392.55,0.240068478098677,14.14,5945.25
2025-05-20 07:47:00,83579639.7560189,13536869.1592644,370.25,-4,1289.3135,-83.19,0.178681675101639,-1.54,5947.25
2025-05-20 07:48:00,80782963.8855628,12515552.645241,896.166666666664,49,10432.5616666666,442.75,0.554846245545126,16.85,5947.5
2025-05-20 07:49:00,81180128.4636071,12588960.5072794,-104.7,-6,58.2226666666651,-20.83,0.0884376049313005,0.04,5947.5
2025-05-20 07:50:00,93730048.958979,18394649.9199792,401.799999999999,13,4604.19099999999,150.39,0.267462517150076,5.88,5946.25
2025-05-20 07:51:00,68969624.2859527,4825301.35232494,293.716666666666,7,1906.20849999999,147.76,0.154927182366676,3.53,5946.25
2025-05-20 07:52:00,69600948.5324483,4166709.11654454,152.283333333334,-4,2526.71983333334,18.44,0.118105670810879,2.34,5944.75
2025-05-20 07:54:00,68331989.2936548,4345795.02648886,357.1,15,2375.867,85.76,0.059577815208736,2.79,5945.25
2025-05-20 07:55:00,69237122.4666066,4579409.15558116,-381.218888888888,-26,-842.507411111109,-12.76,0.12960378893305,-1.51,5945.75
2025-05-20 07:56:00,69245248.3977911,4256330.20428602,902.1,42,2405.842,80.07,0.110853823771638,2.67,5945.25
2025-05-20 07:57:00,68725869.5066749,4743355.36362801,514.633333333333,22,2278.44466666666,46.7,0.100491441082435,2.32,5946.25
2025-05-20 07:58:00,69278002.1664262,4741206.91935299,-235.483333333333,-30,-6.19249999999971,-34.38,0.084050058122174,-0.56,5946.25
2025-05-20 07:59:00,69059974.3420024,4485936.83015074,55.6333333333333,6,496.203333333332,104.3,0.0128291893551007,2.53,5945.5
2025-05-20 08:00:00,68242005.5593419,4597479.94577225,24.9999999999999,-4,408.2,14.75,0.028125408307425,0.5,5945.75
2025-05-20 08:01:00,79871937.1082883,12028165.2223385,648,14,8134.87699999998,63.5399999999999,0.38513214918255,5.22,5948.25
2025-05-20 08:02:00,76083337.8945308,10950132.3088782,-76.4500000000005,-5,-678.176500000004,-90.79,0.102795752422066,-1.55,5948.25
2025-05-20 08:03:00,76887170.8119284,11204871.884894,159.283333333334,-18,2324.57550000001,-89.99,0.41991256319209,-0.27,5949
2025-05-20 08:04:00,74915011.1303695,10854551.3230434,315.7,8,2579.584,132.27,0.134878620420022,3.72,5949.25
2025-05-20 08:05:00,75210807.2842519,10926369.7144319,443.033333333335,11,4795.28766666669,93.35,0.256733589838916,4.48,5949.75
2025-05-20 08:06:00,73583281.4647654,10716443.5031172,467.8,13,7184.98500000001,250.04,0.399060703690042,10.33,5949.75
2025-05-20 08:07:00,75519599.6981803,11082061.2883528,1497.5,30,4294.576,34.72,0.246487674305822,1.97,5949.5
2025-05-20 08:08:00,77622867.8322324,11610548.1879554,545.533333333334,10,8992.01733333335,171.88,0.426827655660696,9.04,5948.5
2025-05-20 08:09:00,75650019.9091169,11132869.7864745,258.383333333333,8,2439.76516666666,66.58,0.115889438271424,2.79,5949
2025-05-20 08:10:00,74706129.3242386,11006603.0523289,-76.4833333333335,-10,1088.72283333334,9.36000000000001,0.155900686623724,1.65,5949.75
2025-05-20 08:11:00,76740124.6371238,11426508.8960088,-977.316666666666,-68,-4851.80183333333,-221.34,0.321770644890457,-4.44,5949
2025-05-20 08:12:00,78853066.388514,11770141.2642899,-1755.38333333333,-164,-8581.12449999999,-887.18,1.09833926983035,-19.03,5948.5
2025-05-20 08:13:00,79803640.7030925,12091313.7261106,-8.79999999999979,-5,326.274000000001,-30.97,0.0675125035264614,-0.34,5948.5
2025-05-20 08:14:00,81182340.3330276,12560346.9533177,37.5833333333344,-9,3197.48416666668,70.6,0.274508556974521,4.01,5948.25
2025-05-20 08:15:00,80500425.535969,12694772.0662326,891.616666666667,32,7193.70483333333,202.78,0.317926645625052,7.78,5947.75
2025-05-20 08:16:00,75099754.9804304,11005248.7609034,2138.18333333333,43,11608.9241666666,240.91,0.683689110266717,10.48,5949.5
2025-05-20 08:17:00,72802327.8980994,10543760.1549641,305.034848484848,-8,2318.77184848485,-250.61,0.305588586331127,-1.33,5950.5
2025-05-20 08:18:00,74976072.4073323,10935922.3218485,343.566666666668,12,742.289666666667,-32.68,0.230215198742046,0.430000000000001,5949.75
2025-05-20 08:19:00,75818480.1437252,11149464.0270139,110.45,4,1031.2965,39.05,0.057410805372813,1.41,5949.75
2025-05-20 08:20:00,75294176.4664164,11032681.3718337,62.7000000000001,3,1140.319,44.32,0.100982718496581,1.91,5950
2025-05-20 08:21:00,73575802.8271003,10846306.7294962,4451.44999999999,100,13313.8745,242.93,0.61891193298458,8.52,5950.5
2025-05-20 08:22:00,73140243.9377379,10773756.8281475,-473.716666666668,1,-5212.20350000002,-379.19,0.893759334827323,-5.53,5950.5
2025-05-20 08:23:00,73473786.2744501,10755930.5912973,152.616666666668,5,4266.75416666671,214.28,0.116331861718007,8.19,5949.75
2025-05-20 08:24:00,69454275.0126387,5288328.06381428,2601.28585271318,100,26134.9463042635,4105.47,0.869356583890147,52.85,5946.5
2025-05-20 08:25:00,83138525.3386742,5636108.29597549,-9.46689219302396,-23,51.1074051570009,-144.38,0.012822118230924,-5.76,5947.75
2025-05-20 08:26:00,80449689.3770057,4795978.80191268,0,0,0,0,0,0,5946
2025-05-20 08:27:00,79712674.6346235,4566859.38687369,0,0,0,0,0,0,5945.5
2025-05-20 08:28:00,74136431.1617631,2950292.06076602,0,0,0,0,0,0,5942
2025-05-20 08:29:00,76136177.4429498,3530455.85928209,0,0,0,0,0,0,5943.25
2025-05-20 08:30:00,36234061.9659971,5609983.27679219,-2769.57843137255,-1397,-117594.495605042,-50802.08,4.22825447471574,-1126.28,5945
2025-05-20 08:31:00,36306615.6271102,7644411.13842138,-2387.75071428572,-2483,-22326.8990571429,-27765.33,-8.95420318582745,-977.63,5944.75
2025-05-20 08:32:00,39774116.9199395,8615479.98225628,-2346.25,-2689,-36371.5281666666,-28617.24,-4.59974068079319,-668.64,5946
2025-05-20 08:33:00,37841163.0390617,9299109.76080523,398.492757475084,795,-13425.3571718716,-10880.13,-0.669106699744651,31.63,5946.25
2025-05-20 08:34:00,36297808.5912249,8089269.95713501,-651.154492753624,120,-3504.82557681128,-2132.53,6.36942707735971,-323.05,5943.5
2025-05-20 08:35:00,35028984.3818129,7570036.61924381,763.651904761912,3354,2352.55729523823,15816.58,-4.02582401987366,743.07,5942.5
2025-05-20 08:36:00,34034475.8436703,7101386.11207576,534.895290960746,243,2962.02056766279,4833.31,5.48141044369423,191.18,5942
2025-05-20 08:37:00,34090670.8083403,8021757.69417825,1244.87333333333,1348,12838.1438666665,5293.51,-2.10562004194994,191.49,5942.25
2025-05-20 08:38:00,33082786.1744164,7585465.928874,-6769.92607142855,-4021,-63264.0571845236,-20373.61,1.88205235557984,-724.29,5943
2025-05-20 08:39:00,35380645.5904346,8761514.83356877,575.782380952375,-173,7476.04160476184,2578.78,-6.51899446319156,61.47,5943.25
2025-05-20 08:40:00,34463943.1212746,7604569.46318927,1220.01166666667,622,27328.1621166666,12425.6,3.44984084239327,407.55,5942.5
2025-05-20 08:41:00,32963411.9654056,3527809.54273266,-2556.585,-3246,-4108.58054999999,-4049.53,4.27767347706325,-116.49,5941
2025-05-20 08:42:00,33901025.731357,6804227.89020703,1038.79583333333,1840,11407.9329416665,14778.07,4.05316265192113,412.02,5943.25
2025-05-20 08:43:00,32996154.8333585,3331709.98138915,-1718.05,-1729,-11434.8734999999,-5766.43,2.01944883967445,-264.15,5941.25
2025-05-20 08:44:00,31160663.7253511,1021484.05231187,-1956.34603174603,-2941,-12950.7598492063,-12277.46,0.0379074560500504,-535.04,5940
2025-05-20 08:45:00,33642196.0181128,5012586.83208566,-1791.16833333333,-2201,-13759.2620166667,-12778.98,-3.08944347011133,-497.43,5942.5
2025-05-20 08:47:00,29754002.657195,-2309649.22126739,167.529999999997,222,7785.62569999999,4081.63,2.62693512243579,131.34,5938.75
2025-05-20 08:48:00,25099908.1538286,-16926839.6881085,2549.64976190477,3147,29318.6846928571,25055.4,-19.1438746248115,838.92,5932.5
2025-05-20 08:49:00,26740014.008867,-13342632.0488769,-4235.04915138916,-3950,-69843.8845459024,-44408.93,4.43106372579033,-1236.6,5935
2025-05-20 08:50:00,23608337.0588229,-18532027.7753491,-317.168333333331,-819,-11799.4526333333,-12946.12,-3.04655834754724,-290.94,5933.75
2025-05-20 08:51:00,23440465.4419483,-18812496.3015473,696.680952380951,743,6358.22230952379,6408.59,-7.97865564239464,244.12,5932.75
2025-05-20 08:52:00,25106705.2679754,-13755227.5016797,-5862.90571428571,-1634,-101162.221114286,-23917.41,7.8156925098362,-667.7,5935.25
2025-05-20 08:53:00,29775568.5042393,-780108.661931262,-6340.55774891776,-5798,15.2804649349183,-2666.25,5.29193317219098,-99.5500000000001,5941.25
2025-05-20 08:54:00,36892566.3612318,12162587.3471911,3014.60207792209,2429,35221.6135246754,27156.06,17.8198143671197,1024.78,5945
2025-05-20 08:55:00,34996913.1343442,5502314.86872558,-2064.34549019608,-708,-20752.6504784315,-8369.95,-4.36185281086235,-303.09,5943
2025-05-20 08:56:00,33609640.5431915,1994379.250854,-2990.33366300366,-1960,-27569.1894274726,-10858.33,-6.23982141996138,-389.65,5942.25
2025-05-20 08:57:00,31488742.2936252,-1913876.41451917,-25.3758730158729,290,-679.374180952372,3463.63,0.768502512714584,184.63,5940
2025-05-20 08:58:00,32996999.862313,-1576385.49713548,-293.375000000007,-37,-1270.84200000007,546.7,-4.90559724309893,-3.02000000000002,5940
2025-05-20 08:59:00,30210415.0652943,-7690959.80728978,-3504.07213916575,-1833,-20745.9910085826,-8096.52,-0.0583384911952772,-366.01,5938.5
2025-05-20 09:00:00,30187715.6639048,-7518777.57953679,733.814956709957,1171,15662.4961751082,8659.02,8.6166794681179,302.03,5938.5
2025-05-20 09:01:00,30485379.4953737,-8381487.95684221,-375.578571428571,335,1160.99749999997,5758.71,2.20539452638523,234.12,5938.25
2025-05-20 09:02:00,31205386.265468,-378958.200828781,-72.978992248063,-259,-4883.6700627907,-3601.99,2.75030162098271,-94.39,5941.5
2025-05-20 09:03:00,31073677.4399278,-1453328.21494347,109.873333333334,76,-1193.33779999999,237.51,0.573886543779747,11.39,5940.5
2025-05-20 09:04:00,33002043.3733071,3118441.90488584,997.003333333334,847,7842.4227,8484.83,4.07669917401706,371.18,5941.75
2025-05-20 09:05:00,33917555.7926054,9189689.54663451,165.774411764705,626,3422.0911480392,6380.24,2.5569033515902,294.86,5943.25
2025-05-20 09:06:00,34165068.2853788,8655245.21721996,377.781818181818,-21,-300.405727272732,-2729.24,9.30570424468532,-43.5,5943
2025-05-20 09:07:00,29480280.6825351,-7526844.08744125,-1878.15,-1321,-16435.825,-9022.71,-1.8130896592259,-310.44,5938.75
2025-05-20 09:08:00,29018137.2698871,-8678728.71448208,1251.77214285714,889,9966.66473571427,4682.56,-9.44046958407563,208.77,5938.5
2025-05-20 09:09:00,29055752.9841904,-13684500.9445453,1538.05,1887,16356.9856666667,7560.8,-4.98132938920241,308.13,5936.75
2025-05-20 09:10:00,27474348.8858831,-17003836.5931316,-349.138095238093,139,-11195.4384761905,-117.2,-1.05248297224272,98.94,5937
2025-05-20 09:11:00,25680496.6959748,-22124769.1403121,1029.53666666667,3536,-3438.0616,-679.38,1.79259700653637,-3.01999999999999,5935.75
2025-05-20 09:12:00,26390207.9301669,-22724820.1564644,-180.416666666668,546,-2002.11250000002,763.62,-6.40618588883679,51.37,5935.5
2025-05-20 09:13:00,28325246.4291886,-12169181.3186323,-1315.21666666667,-1331,-13307.8138333334,-12216.4,6.60322577470819,-451.14,5939
2025-05-20 09:14:00,28927198.1592389,-10405668.4356061,-1175.86000000001,-483,-6040.35990000004,-4478.18,2.1451860880312,-188.1,5938.5
2025-05-20 09:15:00,30890698.0725469,-5341181.00807744,226.166666666664,728,1086.10266666664,3449.06,-6.76477145975836,166.54,5939.75
2025-05-20 09:16:00,29637186.6518299,-14150438.918652,537.386666666677,465,13503.6584333335,7351.24,-5.96169235662219,217.82,5937.75
2025-05-20 09:17:00,29324107.0555772,-12280399.8183922,-749.099999999999,-957,-9773.14799999997,-8302.63,5.18159471419703,-321.79,5938.75
2025-05-20 09:18:00,31894952.4303087,-4111451.02166441,993.430909090909,1226,19571.1198454548,10604.76,7.71069795945096,263.81,5940.5
2025-05-20 09:20:00,31253040.4817299,-6745900.55418879,154.775,-11,4556.43424999998,-255.12,-7.68988821663625,-63.14,5940
2025-05-20 09:21:00,33177866.8143905,2700160.76719585,-895.644444444441,-1028,-2825.97438888885,-2890.78,-0.0472278289759268,-143.75,5942.75
2025-05-20 09:22:00,33655286.6840153,5879527.54795255,488.370707070706,49,14619.9099595959,7146.39,-6.99526543975972,222.61,5942.25
2025-05-20 09:23:00,35744040.6268885,12778985.3931504,-375.799999999995,-546,-134.04099999992,-1205.14,-4.74672823120756,-117.13,5943.75
2025-05-20 09:24:00,33081034.5524841,4476482.82279972,-159.273432616292,37,4113.94821106821,3114.67,0.58796713962863,49.02,5942.25
2025-05-20 09:25:00,32326394.553921,-2923385.07532116,-762.730158730162,-856,759.05360317458,-773.8,3.28249315017328,-84.15,5940.25
2025-05-20 09:26:00,32459517.8381534,-1547439.90047838,78.353571428571,-243,-182.518607142846,-4736.11,-0.800193195233905,-167.62,5941.5
2025-05-20 09:27:00,33711119.5917913,9375527.68561871,116.526666666667,78,-1994.96956666668,-4152.74,-1.26033143605915,-93.03,5943.5
2025-05-20 09:28:00,32321367.809218,1600827.58818718,-675.216666666663,-333,-6346.4708333333,-2537.11,-0.169253108484794,-84.14,5941.75
2025-05-20 09:29:00,30670657.3545368,-8384712.72063906,-3452.86333333332,-1395,-25795.0184333332,-8093.33,-7.59877261519026,-354.63,5940.25
2025-05-20 09:30:00,28349578.8415772,-16510585.855951,1096.72142857143,576,7813.09357142858,1169.49,-9.11122121401996,58.01,5938.5
2025-05-20 09:31:00,29061174.4795827,-12293567.9335345,720.225000000001,74,3446.24425,537.54,-5.50118474500283,35.31,5939.25
2025-05-20 09:32:00,31305626.4906358,-539853.640374611,275.786666666666,348,2052.7332,2542.59,-1.81079434250386,123.8,5941.25
2025-05-20 09:33:00,27952910.2937586,-17987368.8149451,272.024541062802,1008,4615.11893526569,9597.4,-5.07923608008934,372.74,5937.5
2025-05-20 09:34:00,27816545.2729613,-12574092.8907848,226.74,-107,-583.371199999992,-2093.5,-2.93154476472479,-62.56,5939.25
2025-05-20 09:35:00,29884222.727385,-8459517.06932258,277.383333333333,185,2214.49,1673.7,-1.92197850593724,79.89,5939.75
2025-05-20 09:36:00,33514252.0730721,8468907.74048989,1322.6543902439,1489,15466.3361414633,9890.87,1.76229860362868,458.58,5942.5
2025-05-20 09:37:00,31407856.0930546,2706818.02937887,-1743.7244047619,-821,-12962.579125,-5588.42,-2.23643022348142,-250.12,5941.5
2025-05-20 09:38:00,33803341.6760726,14680147.9796409,444.7,715,3033.3495,4395.36,5.15759704023068,240.23,5943.5
2025-05-20 09:39:00,36938032.1972928,29468601.4983208,-674.953333333335,-1367,-4512.36696666665,-11125.09,-0.663362692538435,-499.2,5945.25
2025-05-20 09:40:00,41342428.2241588,51072576.3547788,1394.75813852812,676,-4889.0324670996,-7743.25,-10.7621201793414,-122.28,5949.5
2025-05-20 09:41:00,38910235.7026354,47361179.0498782,-131.450000000004,-1108,59898.8244999999,32107.99,-6.32721514210277,160.29,5947.5
2025-05-20 09:42:00,39373255.078141,52719170.4026304,1312.915,851,-118.414949999987,-1683.28,-5.29641506404132,26.54,5948
2025-05-20 09:43:00,40198782.8952183,56150249.1329792,40.2665116279076,317,5199.46806046512,5502.16,3.73022721191227,225.91,5948
2025-05-20 09:44:00,40926207.108407,60662956.6458068,579.273768115942,965,5624.95469710144,3871.73,-5.22023486553985,191.12,5948.5
2025-05-20 09:45:00,41734453.6903819,65921178.5543302,-673.266666666665,-532,-214.41816666665,-2610.49,-13.3692939210607,-181.81,5949.5
2025-05-20 09:46:00,43339902.9276897,70046087.9772909,-300.123333333332,202,3940.27130000001,3061.49,-5.06303858861103,65.18,5950.25
2025-05-20 09:47:00,40739410.3408635,57275047.081805,-2066.85833333333,-1618,-8167.73774999997,-6979.34,1.88055523470059,-353.43,5948.5
2025-05-20 09:48:00,41904699.3536599,62718398.1346167,-896.706190476189,-527,-6227.37147142856,-3262.57,1.40931487070515,-145.45,5950
2025-05-20 09:49:00,42558831.2826205,70894931.5984631,-341.760000000001,-605,1532.0344000001,-457.860000000001,-2.98853859212859,-165.6,5950
2025-05-20 09:50:00,40165728.4445531,59564373.1076275,-298.883333333337,100,-886.137333333365,1335.49,6.05154105117139,68.56,5948.75
2025-05-20 09:51:00,38149635.9628446,46856300.2623823,-241.570000000002,-509,-368.33480000001,-1300.16,-3.85077622702369,-66.58,5946.75
2025-05-20 09:52:00,38604743.0882407,47639767.6240952,-6.77000000000297,-350,-1734.72480000003,-1768.39,-6.88507882438245,-55.93,5947.5
2025-05-20 09:53:00,38857681.86218,51810238.879745,-371.375833333334,-612,-3032.31392500006,-4670.68,1.43621223105291,-217.65,5947.25
2025-05-20 09:54:00,39124013.173041,59435434.5573589,55.1499999999997,116,1331.9845,1048.48,4.6453234906417,40.03,5948.25
2025-05-20 09:55:00,39465502.4540955,58026018.2104447,-1107.94431524548,-1242,-8531.13743410853,-7596.36,0.96715339415948,-368.08,5948.25
2025-05-20 09:56:00,37995934.978772,49123252.1235266,-112.350555555555,-226,150.616872222223,-1900.96,0.562455567995344,-102.17,5946.75
2025-05-20 09:57:00,33717299.3236593,17738237.4305563,67.3938095238095,793,7833.08643809524,7517.76,9.69227357521291,331.02,5942
2025-05-20 09:58:00,31697538.5511558,3597254.5023718,3089.99666666667,3043,24008.4754,23979.1,-0.491227974477441,1114.61,5940.5
2025-05-20 09:59:00,30699769.8211657,-9868231.00003353,-910.696421602789,-1046,-2191.58557405342,-2316.6,2.35458240675369,-182.61,5939.25
2025-05-20 10:00:00,27063449.0109998,-27302449.8891255,-3650.8419047619,-1690,-51055.3423142857,-8776.35,26.556997687005,-108.52,5938
2025-05-20 10:01:00,28127584.4692793,-23352039.4274713,-663.509490884073,-1219,-822.693999311993,-6681.23,3.94050209814275,-350.52,5938
2025-05-20 10:02:00,30138043.2989953,-6945122.12430473,-58.7986580086589,-256,-2707.79857662339,-4458.41,-5.65885728998167,-169.39,5940.5
2025-05-20 10:04:00,31264011.7563751,1105780.69030557,978.099999999994,749,8162.51699999995,6631.95,-1.48947151966291,347.45,5941.75
2025-05-20 10:05:00,31102746.9668993,-3600175.59719403,73.7499999999995,235,2697.59500000001,832.95,0.813733393378122,34.21,5940.5
2025-05-20 10:06:00,30152660.8889541,-10879200.5894804,913.8,970,6851.43699999997,5074.47,5.59770399994714,282.7,5940
2025-05-20 10:07:00,30314494.6275008,-20810831.4806619,969.283333333335,750,6495.24183333335,3636.72,1.41899294220144,162.78,5938
2025-05-20 10:08:00,30579615.0844861,1071349.3989342,-277.599999999999,-137,-333.660999999978,1437.24,6.56835775438772,72.3,5941.5
2025-05-20 10:09:00,30269129.9266787,-528524.517743353,676.064090909092,821,5183.16265000001,6647.25,0.290304589019834,277.52,5941
2025-05-20 10:10:00,31476859.8715441,-363896.178120638,374.125,579,3547.04724999998,5505.33,0.783303541938687,214.75,5940.75
2025-05-20 10:11:00,31367790.7348099,-828031.011320166,-45.6666666666666,-416,-460.708500000003,-3825.02,-3.2950022918366,-158.3,5941.25
2025-05-20 10:12:00,34263105.0910845,23932787.4638687,171.941666666665,-986,1365.29724999999,-3784.9,-1.65089182016244,-210.08,5944
2025-05-20 10:13:00,34262799.5000002,23327931.3048032,1621.91,1300,14618.2852,9579.02,1.06254882751142,455.6,5943
2025-05-20 10:14:00,34879582.6420874,23805194.9494139,-1086.23333333333,-1554,-10906.916,-12084.81,-11.967404988429,-568.71,5943.75
2025-05-20 10:15:00,33909588.6210695,26086845.5085561,-445.025,-1753,-2979.45725,-16782.44,-17.2805697656944,-771.6,5943.25
2025-05-20 10:16:00,34505343.8014471,27249921.5415002,415.008888888889,272,3437.77551111112,2861.59,-3.52887280113608,139.13,5943.5
2025-05-20 10:17:00,34247602.6583664,50284750.8065623,872.005000000001,757,9692.36395000004,6075.09,0.0582721390967583,235.64,5945.25
2025-05-20 10:18:00,35581250.75436,49206951.745381,339.299999999997,581,4014.06899999996,3601.94,0.000547782595325205,163.54,5944.75
2025-05-20 10:19:00,38346295.1453505,60326558.0624531,343.016666666665,507,4712.67938888886,5342.06,-2.78505270069296,221.26,5946
2025-05-20 10:20:00,37678088.625724,61005321.0500274,-175.770000000001,-163,-1588.59970000003,-1506.91,-0.609342638052925,-56.65,5946.25
2025-05-20 10:21:00,37458546.6954601,52344606.402697,-352.821739130435,-455,-818.838521739125,-1448.03,0.710936718651671,-72.82,5945.25
2025-05-20 10:22:00,37813880.112062,59268113.1666371,632.649186991869,556,5614.09979268292,3524.43,-0.131735665362164,180.46,5945.75
2025-05-20 10:23:00,37144878.8014088,55688548.4690652,-113.666666666668,-274,-581.468200000011,-2096.66,1.5925255201518,-108.18,5944.75
2025-05-20 10:24:00,34443425.9779179,40663784.6823608,-744.650000000001,-1505,-7931.82660000002,-9459.68,1.02368038794069,-436.5,5944
2025-05-20 10:25:00,31778055.7621085,18291761.8725403,-398.266666666666,-1027,-1225.14416666668,-4642.92,-4.15887998892381,-267.3,5940.75
2025-05-20 10:26:00,33539436.945188,33099671.3557789,-16.0833333333339,108,328.835999999994,1420.79,2.82479113617124,83.46,5943.25
2025-05-20 10:27:00,33718554.5194786,41269248.5677999,807.833333333333,562,7601.91783333333,2838.01,-3.27824198045605,128.93,5943.25
2025-05-20 10:28:00,35829513.392392,55528022.9493557,557.059999999999,394,3607.7392,5989.41,-4.81270412562665,303.86,5945
2025-05-20 10:29:00,34680204.7825777,51474212.782838,-29.7416666666672,-32,-523.745750000007,-199.02,-1.54699218786864,-10.49,5944.75
2025-05-20 10:30:00,35337017.5784115,47904252.6447549,229.09999999999,210,6891.34316666655,932.74,-8.32650724859084,3.57,5944.75
2025-05-20 10:31:00,36309060.3833327,58884676.254219,185.558888888888,-4069,-218.517244444442,-2243.04,-13.0638186256973,-185.55,5945.25
2025-05-20 10:32:00,32152032.7451058,46669385.9816583,2063.88333333333,-3772,6284.8013333333,-526.65,-9.16985746477722,-128.66,5943
2025-05-20 10:33:00,30645400.8559274,29433723.6199737,-102.877460317459,-378,134.014934920648,-2231.61,-3.80827408611228,-149.83,5941.25
2025-05-20 10:34:00,34306352.3676009,48366383.3277712,1390.12222222223,1580,9726.15494444451,9532.89,-2.46584342450613,485.21,5943
2025-05-20 10:35:00,32078490.6596288,36334278.7478445,-578.950000000001,-731,-4379.0575,-3250.75,-3.3946856249299,-177.07,5942.25
2025-05-20 10:36:00,31680321.9759392,39421900.1488858,-692.773333333335,-573,-625.609800000032,925.73,6.66527675457443,38.13,5942.5
2025-05-20 10:37:00,32069755.7259592,36502661.8646202,-282.618333333334,-722,-1112.00885000001,-4312.48,-3.10454856952502,-227.37,5942.25
2025-05-20 10:38:00,32496528.9481862,34180501.925636,-464.056007751937,-933,-2490.34914922479,-4291.14,-1.23521227918153,-257.99,5942
