Time,MAXGEX,MINGEX,MAXVEX,MINVEX,MAXDEX,MINDEX,ZERO,BAC,SAC,BAP,SAP,MAXCP,MINCP,LONGGAMMA,SHORTGAMMA,LONGCALLS,SHORTCALLS,LONGPUTS,SHORTPUTS,INV_BAC,INV_SAC,INV_BAP,INV_SAP,NET_CALL_FLOW,NET_PUT_FLOW,ZERO_OI,SPOT
2026-07-28 17:09:00,7450.0,,,7450.0,7450.0,7550.0,7469.94,,,,,7635.0,7425.0,7595.0,7450.0,7595.0,7490.0,7575.0,7450.0,4352.0,20540.0,3148.0,30202.0,-16188.0,-27054.0,7471.03,7473.25
2026-07-28 17:10:00,7450.0,,,7450.0,7450.0,7550.0,7469.94,,,,,7635.0,7425.0,7595.0,7450.0,7595.0,7490.0,7575.0,7450.0,4352.0,20540.0,3148.0,30212.0,-16188.0,-27065.0,7471.03,7473.25
2026-07-28 17:11:00,7450.0,,,7450.0,7450.0,7550.0,7469.94,,,,,7635.0,7425.0,7595.0,7450.0,7595.0,7490.0,7575.0,7450.0,4354.0,20540.0,3148.0,30212.0,-16186.0,-27064.0,7470.57,7471.0
2026-07-28 17:12:00,7450.0,,,7450.0,7450.0,7550.0,7469.94,,,,,7635.0,7425.0,7595.0,7450.0,7595.0,7490.0,7575.0,7450.0,4354.0,20540.0,3148.0,30212.0,-16186.0,-27064.0,7470.54,7470.5
2026-07-28 17:13:00,7450.0,,,7450.0,7450.0,7550.0,7469.94,,,,,7635.0,7425.0,7595.0,7450.0,7595.0,7490.0,7575.0,7450.0,4354.0,20540.0,3194.0,30238.0,-16185.0,-27044.0,7467.8,7468.5
2026-07-28 17:14:00,,7425.0,,7425.0,7450.0,7550.0,7469.94,,,,,7635.0,7425.0,7595.0,7450.0,7595.0,7490.0,7575.0,7450.0,4362.0,20542.0,3196.0,30238.0,-16180.0,-27043.0,7468.47,7466.0
2026-07-28 17:15:00,7450.0,,,7425.0,7450.0,7550.0,7469.88,,,,,7635.0,7425.0,7595.0,7450.0,7595.0,7490.0,7575.0,7450.0,4362.0,20542.0,3196.0,30254.0,-16180.0,-27058.0,7466.77,7467.75
2026-07-28 17:16:00,7450.0,,,7425.0,7450.0,7550.0,7469.89,,,,,7635.0,7425.0,7595.0,7450.0,7595.0,7490.0,7575.0,7450.0,4370.0,20542.0,3210.0,30254.0,-16173.0,-27043.0,7467.28,7466.5
2026-07-28 17:17:00,7450.0,,,7425.0,7450.0,7550.0,7469.89,,,,,7635.0,7425.0,7595.0,7450.0,7595.0,7490.0,7575.0,7450.0,4370.0,20546.0,3211.0,30256.0,-16176.0,-27045.0,7466.52,7466.0
2026-07-28 17:18:00,,7425.0,,7425.0,7450.0,7550.0,7469.89,,,,,7635.0,7425.0,7400.0,7450.0,7595.0,7490.0,7400.0,7450.0,4374.0,20546.0,3224.0,30258.0,-16172.0,-27034.0,7466.52,7462.25
2026-07-28 17:19:00,,7425.0,,7425.0,7450.0,7550.0,7458.74,,,,,7635.0,7425.0,7400.0,7450.0,7470.0,7490.0,7400.0,7450.0,4384.0,20548.0,3242.0,30278.0,-16163.0,-27035.0,7469.63,7463.25
2026-07-28 17:20:00,,7400.0,,7425.0,7450.0,7550.0,7458.78,,,,,7635.0,7425.0,7400.0,7450.0,7470.0,7490.0,7400.0,7450.0,4388.0,20554.0,3244.0,30280.0,-16167.0,-27036.0,7469.63,7461.5
2026-07-28 17:21:00,,7400.0,,7425.0,7450.0,7550.0,7458.78,,,,,7635.0,7425.0,7400.0,7450.0,7470.0,7490.0,7400.0,7450.0,4388.0,20554.0,3246.0,30280.0,-16166.0,-27035.0,7455.63,7461.5
2026-07-28 17:22:00,,7400.0,,7425.0,7450.0,7550.0,7458.82,,,,,7635.0,7425.0,7470.0,7450.0,7470.0,7490.0,7400.0,7450.0,4390.0,20562.0,3248.0,30286.0,-16171.0,-27038.0,7455.61,7461.75
2026-07-28 17:23:00,,7400.0,,7425.0,7450.0,7550.0,7458.82,,,,,7635.0,7425.0,7400.0,7450.0,7470.0,7490.0,7400.0,7450.0,4404.0,20562.0,3258.0,30288.0,-16158.0,-27030.0,7455.65,7460.0
2026-07-28 17:24:00,,7400.0,,7440.0,7450.0,7550.0,7458.82,,,,,7635.0,7315.0,7400.0,7450.0,7470.0,7490.0,7400.0,7450.0,4409.0,20564.0,3270.0,30296.0,-16155.0,-27026.0,7455.61,7459.75
2026-07-28 17:25:00,,7400.0,,7440.0,7450.0,7550.0,7458.83,,,,,7635.0,7315.0,7400.0,7450.0,7470.0,7490.0,7400.0,7450.0,4437.0,20564.0,3295.0,30296.0,-16127.0,-27001.0,7455.65,7458.0
2026-07-28 17:26:00,,7400.0,,7440.0,7450.0,7550.0,7458.83,,,,,7635.0,7315.0,7400.0,7450.0,7470.0,7490.0,7400.0,7450.0,4437.0,20569.0,3297.0,30308.0,-16132.0,-27011.0,7455.7,7460.5
2026-07-28 17:27:00,,7400.0,,7440.0,7450.0,7550.0,7464.97,,,,,7635.0,7315.0,7400.0,7450.0,7470.0,7490.0,7400.0,7450.0,4438.0,20572.0,3308.0,30322.0,-16134.0,-27014.0,7455.7,7461.25
2026-07-28 17:28:00,7450.0,,7505.0,,7450.0,7550.0,7464.97,,,,,7635.0,7315.0,7400.0,7450.0,7470.0,7490.0,7400.0,7450.0,4439.0,20575.0,3309.0,30322.0,-16136.0,-27013.0,7465.56,7462.0
2026-07-28 17:29:00,7450.0,,7505.0,,7450.0,7550.0,7459.96,,,,,7635.0,7315.0,7400.0,7450.0,7470.0,7490.0,7400.0,7450.0,4446.0,20580.0,3310.0,30324.0,-16134.0,-27013.0,7465.65,7462.0
2026-07-28 17:30:00,,7400.0,7505.0,,7450.0,7550.0,7459.91,,,,,7635.0,7315.0,7400.0,7450.0,7470.0,7490.0,7400.0,7450.0,4452.0,20580.0,3314.0,30328.0,-16129.0,-27015.0,7466.24,7461.5
2026-07-28 17:31:00,,7400.0,7505.0,,7450.0,7550.0,7459.87,,,,,7635.0,7315.0,7400.0,7450.0,7470.0,7490.0,7400.0,7450.0,4456.0,20580.0,3318.0,30336.0,-16124.0,-27018.0,7466.25,7461.75
2026-07-28 17:32:00,,7400.0,7455.0,,7450.0,7550.0,7459.99,,,,,7635.0,7315.0,7400.0,7450.0,7470.0,7490.0,7400.0,7450.0,4460.0,20706.0,3370.0,30362.0,-16246.0,-26992.0,7466.25,7457.5
2026-07-28 17:33:00,,7400.0,7455.0,,7375.0,7550.0,7459.97,,,,,7635.0,7315.0,7470.0,7450.0,7470.0,7490.0,7400.0,7450.0,4466.0,20708.0,3397.0,30363.0,-16243.0,-26966.0,7455.65,7455.5
2026-07-28 17:34:00,,7400.0,7455.0,,7375.0,7550.0,7459.98,,,,,7635.0,7315.0,7470.0,7450.0,7470.0,7490.0,7400.0,7450.0,4510.0,20712.0,3399.0,30374.0,-16203.0,-26975.0,7455.72,7456.25
2026-07-28 17:35:00,,7400.0,7455.0,,7375.0,7550.0,7459.94,,,,,7635.0,7315.0,7475.0,7450.0,7470.0,7490.0,7400.0,7450.0,4528.0,20712.0,3402.0,30377.0,-16185.0,-26975.0,7455.7,7455.75
2026-07-28 17:36:00,,7400.0,,7480.0,7450.0,7550.0,7458.32,,,,,7635.0,7315.0,7475.0,7450.0,7470.0,7490.0,7400.0,7450.0,4532.0,20722.0,3403.0,30379.0,-16190.0,-26976.0,7455.89,7458.5
2026-07-28 17:37:00,,7400.0,,7480.0,7450.0,7550.0,7458.62,,,,,7635.0,7315.0,7475.0,7450.0,7470.0,7490.0,7400.0,7450.0,4532.0,20722.0,3416.0,30380.0,-16190.0,-26964.0,7455.83,7457.25
2026-07-28 17:38:00,,7400.0,,7370.0,7375.0,7550.0,7458.71,,,,,7635.0,7315.0,7475.0,7450.0,7470.0,7490.0,7450.0,7450.0,4538.0,20722.0,3440.0,30380.0,-16184.0,-26941.0,7455.71,7454.5
2026-07-28 17:39:00,,7400.0,,7370.0,7375.0,7550.0,7457.0,,,,,7635.0,7315.0,7475.0,7450.0,7470.0,7490.0,7450.0,7450.0,4586.0,20820.0,3444.0,30380.0,-16234.0,-26936.0,7455.61,7453.0
2026-07-28 17:40:00,,7400.0,,7370.0,7375.0,7550.0,7456.45,,,,,7635.0,7315.0,7475.0,7450.0,7470.0,7490.0,7450.0,7450.0,4621.0,20933.0,3452.0,30416.0,-16312.0,-26964.0,7455.63,7454.0
2026-07-28 17:41:00,,7400.0,,7370.0,7375.0,7550.0,7456.48,,,,,7635.0,7315.0,7475.0,7450.0,7470.0,7490.0,7450.0,7450.0,4623.0,20935.0,3456.0,30420.0,-16312.0,-26964.0,7455.58,7453.25
2026-07-28 17:42:00,,7400.0,,7370.0,7375.0,7550.0,7456.52,,,,,7635.0,7315.0,7475.0,7450.0,7475.0,7490.0,7450.0,7450.0,4646.0,20935.0,3458.0,30420.0,-16289.0,-26962.0,7455.71,7454.75
2026-07-28 17:43:00,,7400.0,,7370.0,7375.0,7550.0,7456.62,,,,,7635.0,7315.0,7475.0,7450.0,7475.0,7490.0,7450.0,7450.0,4650.0,20939.0,3459.0,30425.0,-16289.0,-26966.0,7455.74,7454.75
2026-07-28 17:44:00,,7400.0,,7370.0,7375.0,7550.0,7457.0,,,,,7635.0,7370.0,7475.0,7450.0,7475.0,7490.0,7450.0,7450.0,4656.0,20939.0,3461.0,30436.0,-16283.0,-26975.0,7455.68,7453.5
2026-07-28 17:45:00,,7400.0,,7370.0,7375.0,7550.0,7457.02,,,,,7635.0,7370.0,7475.0,7450.0,7475.0,7490.0,7450.0,7450.0,4711.0,20942.0,3467.0,30437.0,-16231.0,-26970.0,7455.62,7452.25
2026-07-28 17:46:00,,7400.0,,7370.0,7375.0,7550.0,7457.05,,,,,7635.0,7370.0,7475.0,7450.0,7475.0,7490.0,7450.0,7450.0,4712.0,20943.0,3468.0,30442.0,-16231.0,-26973.0,7455.59,7452.75
2026-07-28 17:47:00,,7400.0,,7370.0,7375.0,7550.0,7457.05,,,,,7635.0,7370.0,7475.0,7450.0,7475.0,7490.0,7450.0,7450.0,4712.0,20943.0,3468.0,30442.0,-16231.0,-26973.0,7455.59,7452.75
2026-07-28 17:48:00,,7400.0,,7370.0,7375.0,7550.0,7457.05,,,,,7635.0,7370.0,7475.0,7450.0,7475.0,7490.0,7450.0,7450.0,4712.0,20943.0,3468.0,30442.0,-16231.0,-26973.0,7455.59,7452.75
2026-07-28 17:49:00,,7400.0,,7370.0,7375.0,7550.0,7457.05,,,,,7635.0,7370.0,7475.0,7450.0,7475.0,7490.0,7450.0,7450.0,4712.0,20943.0,3468.0,30442.0,-16231.0,-26973.0,7455.59,7452.75
2026-07-28 17:50:00,,7400.0,,7370.0,7375.0,7550.0,7457.05,,,,,7635.0,7370.0,7475.0,7450.0,7475.0,7490.0,7450.0,7450.0,4712.0,20943.0,3468.0,30442.0,-16231.0,-26973.0,7455.59,7452.75
2026-07-28 17:51:00,,7400.0,,7370.0,7375.0,7550.0,7457.05,,,,,7635.0,7370.0,7475.0,7450.0,7475.0,7490.0,7450.0,7450.0,4712.0,20943.0,3468.0,30442.0,-16231.0,-26973.0,7455.59,7452.75
2026-07-28 17:52:00,,7400.0,,7370.0,7375.0,7550.0,7457.05,,,,,7635.0,7370.0,7475.0,7450.0,7475.0,7490.0,7450.0,7450.0,4712.0,20943.0,3468.0,30442.0,-16231.0,-26973.0,7455.59,7452.75
2026-07-28 17:53:00,,7400.0,,7370.0,7375.0,7550.0,7457.05,,,,,7635.0,7370.0,7475.0,7450.0,7475.0,7490.0,7450.0,7450.0,4712.0,20943.0,3468.0,30442.0,-16231.0,-26973.0,7455.59,7452.75
2026-07-28 17:54:00,,7400.0,,7370.0,7375.0,7550.0,7457.05,,,,,7635.0,7370.0,7475.0,7450.0,7475.0,7490.0,7450.0,7450.0,4712.0,20943.0,3468.0,30442.0,-16231.0,-26973.0,7455.59,7452.75
2026-07-28 17:55:00,,7400.0,,7370.0,7375.0,7550.0,7457.05,,,,,7635.0,7370.0,7475.0,7450.0,7475.0,7490.0,7450.0,7450.0,4712.0,20943.0,3468.0,30442.0,-16231.0,-26973.0,7455.59,7452.75
2026-07-28 17:56:00,,7400.0,,7370.0,7375.0,7550.0,7457.05,,,,,7635.0,7370.0,7475.0,7450.0,7475.0,7490.0,7450.0,7450.0,4712.0,20943.0,3468.0,30442.0,-16231.0,-26973.0,7455.59,7452.75
2026-07-28 17:57:00,,7400.0,,7370.0,7375.0,7550.0,7457.05,,,,,7635.0,7370.0,7475.0,7450.0,7475.0,7490.0,7450.0,7450.0,4712.0,20943.0,3468.0,30442.0,-16231.0,-26973.0,7455.59,7452.75
2026-07-28 17:58:00,,7400.0,,7370.0,7375.0,7550.0,7457.05,,,,,7635.0,7370.0,7475.0,7450.0,7475.0,7490.0,7450.0,7450.0,4712.0,20943.0,3468.0,30442.0,-16231.0,-26973.0,7455.59,7452.75
2026-07-28 17:59:00,,7400.0,,7370.0,7375.0,7550.0,7457.05,,,,,7635.0,7370.0,7475.0,7450.0,7475.0,7490.0,7450.0,7450.0,4712.0,20943.0,3468.0,30442.0,-16231.0,-26973.0,7455.59,7452.75
2026-07-28 18:00:00,,7400.0,,7370.0,7375.0,7550.0,7457.05,,,,,7635.0,7370.0,7475.0,7450.0,7475.0,7490.0,7450.0,7450.0,4712.0,20943.0,3468.0,30442.0,-16231.0,-26973.0,7455.59,7452.75
2026-07-28 18:01:00,,7400.0,,7370.0,7375.0,7550.0,7457.05,,,,,7635.0,7370.0,7475.0,7450.0,7475.0,7490.0,7450.0,7450.0,4712.0,20943.0,3468.0,30442.0,-16231.0,-26973.0,7455.59,7452.75
2026-07-28 18:02:00,,7400.0,,7370.0,7375.0,7550.0,7457.05,,,,,7635.0,7370.0,7475.0,7450.0,7475.0,7490.0,7450.0,7450.0,4712.0,20943.0,3468.0,30442.0,-16231.0,-26973.0,7455.59,7452.75
2026-07-28 18:03:00,,7400.0,,7370.0,7375.0,7550.0,7457.05,,,,,7635.0,7370.0,7475.0,7450.0,7475.0,7490.0,7450.0,7450.0,4712.0,20943.0,3468.0,30442.0,-16231.0,-26973.0,7455.59,7452.75
2026-07-28 18:04:00,,7400.0,,7370.0,7375.0,7550.0,7457.05,,,,,7635.0,7370.0,7475.0,7450.0,7475.0,7490.0,7450.0,7450.0,4712.0,20943.0,3468.0,30442.0,-16231.0,-26973.0,7455.59,7452.75
2026-07-28 18:05:00,,7400.0,,7370.0,7375.0,7550.0,7457.05,,,,,7635.0,7370.0,7475.0,7450.0,7475.0,7490.0,7450.0,7450.0,4712.0,20943.0,3468.0,30442.0,-16231.0,-26973.0,7455.59,7452.75
2026-07-28 18:06:00,,7400.0,,7370.0,7375.0,7550.0,7457.05,,,,,7635.0,7370.0,7475.0,7450.0,7475.0,7490.0,7450.0,7450.0,4712.0,20943.0,3468.0,30442.0,-16231.0,-26973.0,7455.59,7452.75
2026-07-28 18:07:00,,7400.0,,7370.0,7375.0,7550.0,7457.05,,,,,7635.0,7370.0,7475.0,7450.0,7475.0,7490.0,7450.0,7450.0,4712.0,20943.0,3468.0,30442.0,-16231.0,-26973.0,7455.59,7452.75
2026-07-28 18:08:00,,7400.0,,7370.0,7375.0,7550.0,7457.05,,,,,7635.0,7370.0,7475.0,7450.0,7475.0,7490.0,7450.0,7450.0,4712.0,20943.0,3468.0,30442.0,-16231.0,-26973.0,7455.59,7452.75
2026-07-28 18:09:00,,7400.0,,7370.0,7375.0,7550.0,7457.05,,,,,7635.0,7370.0,7475.0,7450.0,7475.0,7490.0,7450.0,7450.0,4712.0,20943.0,3468.0,30442.0,-16231.0,-26973.0,7455.59,7452.75
2026-07-28 18:10:00,,7400.0,,7370.0,7375.0,7550.0,7457.05,,,,,7635.0,7370.0,7475.0,7450.0,7475.0,7490.0,7450.0,7450.0,4712.0,20943.0,3468.0,30442.0,-16231.0,-26973.0,7455.59,7452.75
2026-07-28 18:11:00,,7400.0,,7370.0,7375.0,7550.0,7457.05,,,,,7635.0,7370.0,7475.0,7450.0,7475.0,7490.0,7450.0,7450.0,4712.0,20943.0,3468.0,30442.0,-16231.0,-26973.0,7455.59,7452.75
2026-07-28 18:12:00,,7400.0,,7370.0,7375.0,7550.0,7457.05,,,,,7635.0,7370.0,7475.0,7450.0,7475.0,7490.0,7450.0,7450.0,4712.0,20943.0,3468.0,30442.0,-16231.0,-26973.0,7455.59,7452.75
2026-07-28 18:13:00,,7400.0,,7370.0,7375.0,7550.0,7457.05,,,,,7635.0,7370.0,7475.0,7450.0,7475.0,7490.0,7450.0,7450.0,4712.0,20943.0,3468.0,30442.0,-16231.0,-26973.0,7455.59,7452.75
2026-07-28 18:14:00,,7400.0,,7370.0,7375.0,7550.0,7457.05,,,,,7635.0,7370.0,7475.0,7450.0,7475.0,7490.0,7450.0,7450.0,4712.0,20943.0,3468.0,30442.0,-16231.0,-26973.0,7455.59,7452.75
2026-07-28 18:15:00,,7400.0,,7370.0,7375.0,7550.0,7457.05,,,,,7635.0,7370.0,7475.0,7450.0,7475.0,7490.0,7450.0,7450.0,4712.0,20943.0,3468.0,30442.0,-16231.0,-26973.0,7455.59,7452.75
2026-07-28 18:16:00,,7400.0,,7370.0,7375.0,7550.0,7457.05,,,,,7635.0,7370.0,7475.0,7450.0,7475.0,7490.0,7450.0,7450.0,4712.0,20943.0,3468.0,30442.0,-16231.0,-26973.0,7455.59,7452.75
2026-07-28 18:17:00,,7400.0,,7370.0,7375.0,7550.0,7457.05,,,,,7635.0,7370.0,7475.0,7450.0,7475.0,7490.0,7450.0,7450.0,4712.0,20943.0,3468.0,30442.0,-16231.0,-26973.0,7455.59,7452.75
2026-07-28 18:18:00,,7400.0,,7370.0,7375.0,7550.0,7457.05,,,,,7635.0,7370.0,7475.0,7450.0,7475.0,7490.0,7450.0,7450.0,4712.0,20943.0,3468.0,30442.0,-16231.0,-26973.0,7455.59,7452.75
2026-07-28 18:19:00,,7400.0,,7370.0,7375.0,7550.0,7457.05,,,,,7635.0,7370.0,7475.0,7450.0,7475.0,7490.0,7450.0,7450.0,4712.0,20943.0,3468.0,30442.0,-16231.0,-26973.0,7455.59,7452.75
2026-07-28 18:20:00,,7400.0,,7370.0,7375.0,7550.0,7457.05,,,,,7635.0,7370.0,7475.0,7450.0,7475.0,7490.0,7450.0,7450.0,4712.0,20943.0,3468.0,30442.0,-16231.0,-26973.0,7455.59,7452.75
2026-07-28 18:21:00,,7400.0,,7370.0,7375.0,7550.0,7457.05,,,,,7635.0,7370.0,7475.0,7450.0,7475.0,7490.0,7450.0,7450.0,4712.0,20943.0,3468.0,30442.0,-16231.0,-26973.0,7455.59,7452.75
2026-07-28 18:22:00,,7400.0,,7370.0,7375.0,7550.0,7457.05,,,,,7635.0,7370.0,7475.0,7450.0,7475.0,7490.0,7450.0,7450.0,4712.0,20943.0,3468.0,30442.0,-16231.0,-26973.0,7455.59,7452.75
2026-07-28 18:23:00,,7400.0,,7370.0,7375.0,7550.0,7457.05,,,,,7635.0,7370.0,7475.0,7450.0,7475.0,7490.0,7450.0,7450.0,4712.0,20943.0,3468.0,30442.0,-16231.0,-26973.0,7455.59,7452.75
2026-07-28 18:24:00,,7400.0,,7370.0,7375.0,7550.0,7457.05,,,,,7635.0,7370.0,7475.0,7450.0,7475.0,7490.0,7450.0,7450.0,4712.0,20943.0,3468.0,30442.0,-16231.0,-26973.0,7455.59,7452.75
2026-07-28 18:25:00,,7400.0,,7370.0,7375.0,7550.0,7457.05,,,,,7635.0,7370.0,7475.0,7450.0,7475.0,7490.0,7450.0,7450.0,4712.0,20943.0,3468.0,30442.0,-16231.0,-26973.0,7455.59,7452.75
2026-07-28 18:26:00,,7400.0,,7370.0,7375.0,7550.0,7457.05,,,,,7635.0,7370.0,7475.0,7450.0,7475.0,7490.0,7450.0,7450.0,4712.0,20943.0,3468.0,30442.0,-16231.0,-26973.0,7455.59,7452.75
2026-07-28 18:27:00,,7400.0,,7370.0,7375.0,7550.0,7457.05,,,,,7635.0,7370.0,7475.0,7450.0,7475.0,7490.0,7450.0,7450.0,4712.0,20943.0,3468.0,30442.0,-16231.0,-26973.0,7455.59,7452.75
2026-07-28 18:28:00,,7400.0,,7370.0,7375.0,7550.0,7457.05,,,,,7635.0,7370.0,7475.0,7450.0,7475.0,7490.0,7450.0,7450.0,4712.0,20943.0,3468.0,30442.0,-16231.0,-26973.0,7455.59,7452.75
2026-07-28 18:29:00,,7400.0,,7370.0,7375.0,7550.0,7457.05,,,,,7635.0,7370.0,7475.0,7450.0,7475.0,7490.0,7450.0,7450.0,4712.0,20943.0,3468.0,30442.0,-16231.0,-26973.0,7455.59,7452.75
2026-07-28 18:30:00,,7400.0,,7370.0,7375.0,7550.0,7457.05,,,,,7635.0,7370.0,7475.0,7450.0,7475.0,7490.0,7450.0,7450.0,4712.0,20943.0,3468.0,30442.0,-16231.0,-26973.0,7455.59,7452.75
2026-07-28 18:31:00,,7400.0,,7370.0,7375.0,7550.0,7457.05,,,,,7635.0,7370.0,7475.0,7450.0,7475.0,7490.0,7450.0,7450.0,4712.0,20943.0,3468.0,30442.0,-16231.0,-26973.0,7455.59,7452.75
2026-07-28 18:32:00,,7400.0,,7370.0,7375.0,7550.0,7457.05,,,,,7635.0,7370.0,7475.0,7450.0,7475.0,7490.0,7450.0,7450.0,4712.0,20943.0,3468.0,30442.0,-16231.0,-26973.0,7455.59,7452.75
2026-07-28 18:33:00,,7400.0,,7370.0,7375.0,7550.0,7457.05,,,,,7635.0,7370.0,7475.0,7450.0,7475.0,7490.0,7450.0,7450.0,4712.0,20943.0,3468.0,30442.0,-16231.0,-26973.0,7455.59,7452.75
2026-07-28 18:34:00,,7400.0,,7370.0,7375.0,7550.0,7457.05,,,,,7635.0,7370.0,7475.0,7450.0,7475.0,7490.0,7450.0,7450.0,4712.0,20943.0,3468.0,30442.0,-16231.0,-26973.0,7455.59,7452.75
2026-07-28 18:35:00,,7400.0,,7370.0,7375.0,7550.0,7457.05,,,,,7635.0,7370.0,7475.0,7450.0,7475.0,7490.0,7450.0,7450.0,4712.0,20943.0,3468.0,30442.0,-16231.0,-26973.0,7455.59,7452.75
2026-07-28 18:36:00,,7400.0,,7370.0,7375.0,7550.0,7457.05,,,,,7635.0,7370.0,7475.0,7450.0,7475.0,7490.0,7450.0,7450.0,4712.0,20943.0,3468.0,30442.0,-16231.0,-26973.0,7455.59,7452.75
2026-07-28 18:37:00,,7400.0,,7370.0,7375.0,7550.0,7457.05,,,,,7635.0,7370.0,7475.0,7450.0,7475.0,7490.0,7450.0,7450.0,4712.0,20943.0,3468.0,30442.0,-16231.0,-26973.0,7455.59,7452.75
2026-07-28 18:38:00,,7400.0,,7370.0,7375.0,7550.0,7457.05,,,,,7635.0,7370.0,7475.0,7450.0,7475.0,7490.0,7450.0,7450.0,4712.0,20943.0,3468.0,30442.0,-16231.0,-26973.0,7455.59,7452.75
2026-07-28 18:39:00,,7400.0,,7370.0,7375.0,7550.0,7457.05,,,,,7635.0,7370.0,7475.0,7450.0,7475.0,7490.0,7450.0,7450.0,4712.0,20943.0,3468.0,30442.0,-16231.0,-26973.0,7455.59,7452.75
2026-07-28 18:40:00,,7400.0,,7370.0,7375.0,7550.0,7457.05,,,,,7635.0,7370.0,7475.0,7450.0,7475.0,7490.0,7450.0,7450.0,4712.0,20943.0,3468.0,30442.0,-16231.0,-26973.0,7455.59,7452.75
2026-07-28 18:41:00,,7400.0,,7370.0,7375.0,7550.0,7457.05,,,,,7635.0,7370.0,7475.0,7450.0,7475.0,7490.0,7450.0,7450.0,4712.0,20943.0,3468.0,30442.0,-16231.0,-26973.0,7455.59,7452.75
2026-07-28 18:42:00,,7400.0,,7370.0,7375.0,7550.0,7457.05,,,,,7635.0,7370.0,7475.0,7450.0,7475.0,7490.0,7450.0,7450.0,4712.0,20943.0,3468.0,30442.0,-16231.0,-26973.0,7455.59,7452.75
2026-07-28 18:43:00,,7400.0,,7370.0,7375.0,7550.0,7457.05,,,,,7635.0,7370.0,7475.0,7450.0,7475.0,7490.0,7450.0,7450.0,4712.0,20943.0,3468.0,30442.0,-16231.0,-26973.0,7455.59,7452.75
2026-07-28 18:44:00,,7400.0,,7370.0,7375.0,7550.0,7457.05,,,,,7635.0,7370.0,7475.0,7450.0,7475.0,7490.0,7450.0,7450.0,4712.0,20943.0,3468.0,30442.0,-16231.0,-26973.0,7455.59,7452.75
2026-07-28 18:45:00,,7400.0,,7370.0,7375.0,7550.0,7457.05,,,,,7635.0,7370.0,7475.0,7450.0,7475.0,7490.0,7450.0,7450.0,4712.0,20943.0,3468.0,30442.0,-16231.0,-26973.0,7455.59,7452.75
2026-07-28 18:46:00,,7400.0,,7370.0,7375.0,7550.0,7457.05,,,,,7635.0,7370.0,7475.0,7450.0,7475.0,7490.0,7450.0,7450.0,4712.0,20943.0,3468.0,30442.0,-16231.0,-26973.0,7455.59,7452.75
2026-07-28 18:47:00,,7400.0,,7370.0,7375.0,7550.0,7457.05,,,,,7635.0,7370.0,7475.0,7450.0,7475.0,7490.0,7450.0,7450.0,4712.0,20943.0,3468.0,30442.0,-16231.0,-26973.0,7455.59,7452.75
2026-07-28 18:48:00,,7400.0,,7370.0,7375.0,7550.0,7457.05,,,,,7635.0,7370.0,7475.0,7450.0,7475.0,7490.0,7450.0,7450.0,4712.0,20943.0,3468.0,30442.0,-16231.0,-26973.0,7455.59,7452.75
2026-07-28 18:49:00,,7400.0,,7370.0,7375.0,7550.0,7457.05,,,,,7635.0,7370.0,7475.0,7450.0,7475.0,7490.0,7450.0,7450.0,4712.0,20943.0,3468.0,30442.0,-16231.0,-26973.0,7455.59,7452.75
2026-07-28 18:50:00,,7400.0,,7370.0,7375.0,7550.0,7457.05,,,,,7635.0,7370.0,7475.0,7450.0,7475.0,7490.0,7450.0,7450.0,4712.0,20943.0,3468.0,30442.0,-16231.0,-26973.0,7455.59,7452.75
2026-07-28 18:51:00,,7400.0,,7370.0,7375.0,7550.0,7457.05,,,,,7635.0,7370.0,7475.0,7450.0,7475.0,7490.0,7450.0,7450.0,4712.0,20943.0,3468.0,30442.0,-16231.0,-26973.0,7455.59,7452.75
2026-07-28 18:52:00,,7400.0,,7370.0,7375.0,7550.0,7457.05,,,,,7635.0,7370.0,7475.0,7450.0,7475.0,7490.0,7450.0,7450.0,4712.0,20943.0,3468.0,30442.0,-16231.0,-26973.0,7455.59,7452.75
2026-07-28 18:53:00,,7400.0,,7370.0,7375.0,7550.0,7457.05,,,,,7635.0,7370.0,7475.0,7450.0,7475.0,7490.0,7450.0,7450.0,4712.0,20943.0,3468.0,30442.0,-16231.0,-26973.0,7455.59,7452.75
2026-07-28 18:54:00,,7400.0,,7370.0,7375.0,7550.0,7457.05,,,,,7635.0,7370.0,7475.0,7450.0,7475.0,7490.0,7450.0,7450.0,4712.0,20943.0,3468.0,30442.0,-16231.0,-26973.0,7455.59,7452.75
2026-07-28 18:55:00,,7400.0,,7370.0,7375.0,7550.0,7457.05,,,,,7635.0,7370.0,7475.0,7450.0,7475.0,7490.0,7450.0,7450.0,4712.0,20943.0,3468.0,30442.0,-16231.0,-26973.0,7455.59,7452.75
2026-07-28 18:56:00,,7400.0,,7370.0,7375.0,7550.0,7457.05,,,,,7635.0,7370.0,7475.0,7450.0,7475.0,7490.0,7450.0,7450.0,4712.0,20943.0,3468.0,30442.0,-16231.0,-26973.0,7455.59,7452.75
2026-07-28 18:57:00,,7400.0,,7370.0,7375.0,7550.0,7457.05,,,,,7635.0,7370.0,7475.0,7450.0,7475.0,7490.0,7450.0,7450.0,4712.0,20943.0,3468.0,30442.0,-16231.0,-26973.0,7455.59,7452.75
2026-07-28 18:58:00,,7400.0,,7370.0,7375.0,7550.0,7457.05,,,,,7635.0,7370.0,7475.0,7450.0,7475.0,7490.0,7450.0,7450.0,4712.0,20943.0,3468.0,30442.0,-16231.0,-26973.0,7455.59,7452.75
2026-07-28 18:59:00,,7400.0,,7370.0,7375.0,7550.0,7457.05,,,,,7635.0,7370.0,7475.0,7450.0,7475.0,7490.0,7450.0,7450.0,4712.0,20943.0,3468.0,30442.0,-16231.0,-26973.0,7455.59,7452.75
2026-07-28 19:00:00,,7400.0,,7370.0,7375.0,7550.0,7457.05,,,,,7635.0,7370.0,7475.0,7450.0,7475.0,7490.0,7450.0,7450.0,4712.0,20943.0,3468.0,30442.0,-16231.0,-26973.0,7455.59,7452.75
2026-07-28 19:01:00,,7400.0,,7370.0,7375.0,7550.0,7457.05,,,,,7635.0,7370.0,7475.0,7450.0,7475.0,7490.0,7450.0,7450.0,4712.0,20943.0,3468.0,30442.0,-16231.0,-26973.0,7455.59,7452.75
2026-07-28 19:02:00,,7400.0,,7370.0,7375.0,7550.0,7457.05,,,,,7635.0,7370.0,7475.0,7450.0,7475.0,7490.0,7450.0,7450.0,4712.0,20943.0,3468.0,30442.0,-16231.0,-26973.0,7455.59,7452.75
2026-07-28 19:03:00,,7400.0,,7370.0,7375.0,7550.0,7457.05,,,,,7635.0,7370.0,7475.0,7450.0,7475.0,7490.0,7450.0,7450.0,4712.0,20943.0,3468.0,30442.0,-16231.0,-26973.0,7455.59,7452.75
2026-07-28 19:04:00,,7400.0,,7370.0,7375.0,7550.0,7457.05,,,,,7635.0,7370.0,7475.0,7450.0,7475.0,7490.0,7450.0,7450.0,4712.0,20943.0,3468.0,30442.0,-16231.0,-26973.0,7455.59,7452.75
2026-07-28 19:05:00,,7400.0,,7370.0,7375.0,7550.0,7457.05,,,,,7635.0,7370.0,7475.0,7450.0,7475.0,7490.0,7450.0,7450.0,4712.0,20943.0,3468.0,30442.0,-16231.0,-26973.0,7455.59,7452.75
2026-07-28 19:06:00,,7400.0,,7370.0,7375.0,7550.0,7457.05,,,,,7635.0,7370.0,7475.0,7450.0,7475.0,7490.0,7450.0,7450.0,4712.0,20943.0,3468.0,30442.0,-16231.0,-26973.0,7455.59,7452.75
2026-07-28 19:07:00,,7400.0,,7370.0,7375.0,7550.0,7457.05,,,,,7635.0,7370.0,7475.0,7450.0,7475.0,7490.0,7450.0,7450.0,4712.0,20943.0,3468.0,30442.0,-16231.0,-26973.0,7455.59,7452.75
2026-07-28 19:08:00,,7400.0,,7370.0,7375.0,7550.0,7457.05,,,,,7635.0,7370.0,7475.0,7450.0,7475.0,7490.0,7450.0,7450.0,4712.0,20943.0,3468.0,30442.0,-16231.0,-26973.0,7455.59,7452.75
2026-07-28 19:09:00,,7400.0,,7370.0,7375.0,7550.0,7457.05,,,,,7635.0,7370.0,7475.0,7450.0,7475.0,7490.0,7450.0,7450.0,4712.0,20943.0,3468.0,30442.0,-16231.0,-26973.0,7455.59,7452.75
2026-07-28 19:10:00,,7400.0,,7370.0,7375.0,7550.0,7457.05,,,,,7635.0,7370.0,7475.0,7450.0,7475.0,7490.0,7450.0,7450.0,4712.0,20943.0,3468.0,30442.0,-16231.0,-26973.0,7455.59,7452.75
2026-07-28 19:11:00,,7400.0,,7370.0,7375.0,7550.0,7457.05,,,,,7635.0,7370.0,7475.0,7450.0,7475.0,7490.0,7450.0,7450.0,4712.0,20943.0,3468.0,30442.0,-16231.0,-26973.0,7455.59,7452.75
2026-07-28 19:12:00,,7400.0,,7370.0,7375.0,7550.0,7457.05,,,,,7635.0,7370.0,7475.0,7450.0,7475.0,7490.0,7450.0,7450.0,4712.0,20943.0,3468.0,30442.0,-16231.0,-26973.0,7455.59,7452.75
2026-07-28 19:13:00,,7400.0,,7370.0,7375.0,7550.0,7457.05,,,,,7635.0,7370.0,7475.0,7450.0,7475.0,7490.0,7450.0,7450.0,4712.0,20943.0,3468.0,30442.0,-16231.0,-26973.0,7455.59,7452.75
2026-07-28 19:14:00,,7400.0,,7370.0,7375.0,7550.0,7457.05,,,,,7635.0,7370.0,7475.0,7450.0,7475.0,7490.0,7450.0,7450.0,4712.0,20943.0,3468.0,30442.0,-16231.0,-26973.0,7455.59,7452.75
2026-07-28 19:15:00,,7400.0,,7370.0,7375.0,7550.0,7457.05,,,,,7635.0,7370.0,7475.0,7450.0,7475.0,7490.0,7450.0,7450.0,4712.0,20943.0,3468.0,30442.0,-16231.0,-26973.0,7455.59,7452.75
2026-07-28 19:16:00,,7400.0,,7370.0,7375.0,7550.0,7457.05,,,,,7635.0,7370.0,7475.0,7450.0,7475.0,7490.0,7450.0,7450.0,4712.0,20943.0,3468.0,30442.0,-16231.0,-26973.0,7455.59,7452.75
2026-07-28 19:17:00,,7400.0,,7370.0,7375.0,7550.0,7457.05,,,,,7635.0,7370.0,7475.0,7450.0,7475.0,7490.0,7450.0,7450.0,4712.0,20943.0,3468.0,30442.0,-16231.0,-26973.0,7455.59,7452.75
2026-07-28 19:18:00,,7400.0,,7370.0,7375.0,7550.0,7457.05,,,,,7635.0,7370.0,7475.0,7450.0,7475.0,7490.0,7450.0,7450.0,4712.0,20943.0,3468.0,30442.0,-16231.0,-26973.0,7455.59,7452.75
2026-07-28 19:19:00,,7400.0,,7370.0,7375.0,7550.0,7457.05,,,,,7635.0,7370.0,7475.0,7450.0,7475.0,7490.0,7450.0,7450.0,4712.0,20943.0,3468.0,30442.0,-16231.0,-26973.0,7455.59,7452.75
2026-07-28 19:20:00,,7400.0,,7370.0,7375.0,7550.0,7457.05,,,,,7635.0,7370.0,7475.0,7450.0,7475.0,7490.0,7450.0,7450.0,4712.0,20943.0,3468.0,30442.0,-16231.0,-26973.0,7455.59,7452.75
2026-07-28 19:21:00,,7400.0,,7370.0,7375.0,7550.0,7457.05,,,,,7635.0,7370.0,7475.0,7450.0,7475.0,7490.0,7450.0,7450.0,4712.0,20943.0,3468.0,30442.0,-16231.0,-26973.0,7455.59,7452.75
2026-07-28 19:22:00,,7400.0,,7370.0,7375.0,7550.0,7457.05,,,,,7635.0,7370.0,7475.0,7450.0,7475.0,7490.0,7450.0,7450.0,4712.0,20943.0,3468.0,30442.0,-16231.0,-26973.0,7455.59,7452.75
2026-07-28 19:23:00,7500.0,,7500.0,,7450.0,7550.0,7457.05,,,,,7635.0,7150.0,7475.0,7450.0,7515.0,7490.0,7420.0,7450.0,5820.0,23678.0,5054.0,32752.0,-17859.0,-27697.0,7455.59,7495.75
2026-07-28 19:24:00,7500.0,,,7450.0,7450.0,7550.0,7495.61,,,,,7635.0,7150.0,7475.0,7450.0,7515.0,7490.0,7420.0,7450.0,5824.0,23682.0,5084.0,32758.0,-17857.0,-27673.0,7490.82,7493.25
2026-07-28 19:25:00,7500.0,,7500.0,,7450.0,7550.0,7495.57,,,,,7635.0,7150.0,7475.0,7450.0,7515.0,7490.0,7420.0,7450.0,5826.0,23706.0,5090.0,32764.0,-17880.0,-27674.0,7490.82,7493.0
2026-07-28 19:26:00,7500.0,,7500.0,,7450.0,7550.0,7495.57,,,,,7635.0,7150.0,7475.0,7450.0,7515.0,7490.0,7420.0,7450.0,5832.0,23712.0,5094.0,32782.0,-17879.0,-27688.0,7490.82,7492.75
2026-07-28 19:27:00,7500.0,,,7450.0,7450.0,7550.0,7495.6,,,,,7635.0,7150.0,7475.0,7450.0,7515.0,7490.0,7420.0,7450.0,5902.0,23714.0,5100.0,32786.0,-17811.0,-27686.0,7490.87,7492.25
2026-07-28 19:28:00,7500.0,,,7450.0,7450.0,7550.0,7495.6,,,,,7635.0,7150.0,7475.0,7450.0,7515.0,7490.0,7420.0,7450.0,5922.0,23714.0,5143.0,32800.0,-17791.0,-27657.0,7490.89,7491.0
2026-07-28 19:29:00,7500.0,,7500.0,,7450.0,7550.0,7495.56,,,,,7635.0,7150.0,7475.0,7450.0,7515.0,7490.0,7420.0,7450.0,5924.0,23724.0,5144.0,32822.0,-17800.0,-27678.0,7490.79,7492.5
2026-07-28 19:30:00,7500.0,,,7450.0,7450.0,7550.0,7495.56,,,,,7635.0,7150.0,7475.0,7450.0,7515.0,7490.0,7420.0,7450.0,5936.0,23726.0,5170.0,32822.0,-17790.0,-27652.0,7490.85,7490.5
2026-07-28 19:31:00,7500.0,,,7450.0,7450.0,7550.0,7486.76,,,,,7635.0,7150.0,7475.0,7450.0,7515.0,7490.0,7420.0,7450.0,5940.0,23730.0,5184.0,32860.0,-17790.0,-27677.0,7490.83,7490.75
2026-07-28 19:32:00,7500.0,,,7450.0,7450.0,7550.0,7486.24,,,,,7635.0,7150.0,7475.0,7450.0,7515.0,7490.0,7420.0,7450.0,5946.0,23730.0,5200.0,32890.0,-17785.0,-27689.0,7490.85,7489.5
2026-07-28 19:33:00,7500.0,,,7450.0,7450.0,7550.0,7486.22,,,,,7635.0,7150.0,7475.0,7450.0,7515.0,7490.0,7420.0,7450.0,5952.0,23748.0,5202.0,32893.0,-17796.0,-27691.0,7486.94,7488.75
2026-07-28 19:34:00,7500.0,,,7450.0,7450.0,7550.0,7485.81,,,,,7635.0,7150.0,7475.0,7450.0,7515.0,7490.0,7420.0,7450.0,5970.0,23750.0,5227.0,32904.0,-17780.0,-27677.0,7490.84,7489.25
2026-07-28 19:35:00,7500.0,,,7450.0,7450.0,7550.0,7485.8,,,,,7635.0,7150.0,7475.0,7450.0,7515.0,7490.0,7420.0,7450.0,5974.0,23754.0,5230.0,32932.0,-17781.0,-27702.0,7490.85,7489.25
2026-07-28 19:36:00,7500.0,,7500.0,,7450.0,7550.0,7485.16,,,,,7635.0,7150.0,7475.0,7450.0,7515.0,7490.0,7420.0,7450.0,6112.0,23754.0,5369.0,33102.0,-17643.0,-27733.0,7490.81,7489.0
2026-07-28 19:37:00,7500.0,,7500.0,,7450.0,7550.0,7485.16,,,,,7635.0,7150.0,7475.0,7450.0,7515.0,7490.0,7420.0,7450.0,6115.0,23760.0,5369.0,33116.0,-17645.0,-27747.0,7490.75,7491.25
2026-07-28 19:38:00,7500.0,,7500.0,,7450.0,7550.0,7495.26,,,,,7635.0,7150.0,7475.0,7450.0,7515.0,7490.0,7420.0,7450.0,6121.0,23770.0,5375.0,33134.0,-17649.0,-27759.0,7490.76,7492.75
2026-07-28 19:39:00,7500.0,,7500.0,,7450.0,7550.0,7495.26,,,,,7635.0,7150.0,7475.0,7450.0,7515.0,7490.0,7420.0,7450.0,6125.0,23773.0,5388.0,33170.0,-17648.0,-27782.0,7490.76,7494.0
2026-07-28 19:40:00,7500.0,,7500.0,,7450.0,7550.0,7495.27,,,,,7635.0,7150.0,7475.0,7450.0,7515.0,7490.0,7420.0,7450.0,6131.0,23778.0,5390.0,33179.0,-17647.0,-27789.0,7490.76,7493.0
2026-07-28 19:41:00,7500.0,,7500.0,,7450.0,7550.0,7495.27,,,,,7635.0,7150.0,7475.0,7450.0,7515.0,7490.0,7420.0,7450.0,6136.0,23778.0,5403.0,33179.0,-17642.0,-27776.0,7490.85,7490.5
2026-07-28 19:42:00,7500.0,,7500.0,,7450.0,7550.0,7495.27,,,,,7635.0,7150.0,7475.0,7450.0,7515.0,7490.0,7420.0,7450.0,6137.0,23778.0,5406.0,33179.0,-17641.0,-27773.0,7490.82,7490.25
2026-07-28 19:43:00,7500.0,,7500.0,,7450.0,7550.0,7495.25,,,,,7635.0,7150.0,7475.0,7450.0,7515.0,7490.0,7420.0,7450.0,6137.0,23788.0,5406.0,33184.0,-17651.0,-27778.0,7490.73,7493.75
2026-07-28 19:44:00,7500.0,,7500.0,,7450.0,7550.0,7495.26,,,,,7635.0,7150.0,7475.0,7450.0,7515.0,7490.0,7420.0,7450.0,6144.0,23790.0,5418.0,33196.0,-17646.0,-27777.0,7490.78,7492.25
2026-07-28 19:45:00,7500.0,,7500.0,,7450.0,7550.0,7495.26,,,,,7635.0,7150.0,7475.0,7450.0,7515.0,7490.0,7420.0,7450.0,6145.0,23807.0,5418.0,33200.0,-17662.0,-27781.0,7490.74,7494.5
2026-07-28 19:46:00,7500.0,,7500.0,,7450.0,7550.0,7495.28,,,,,7635.0,7150.0,7475.0,7450.0,7515.0,7490.0,7420.0,7450.0,6147.0,23808.0,5426.0,33204.0,-17661.0,-27778.0,7490.8,7493.0
2026-07-28 19:47:00,7500.0,,7500.0,,7450.0,7550.0,7495.27,,,,,7635.0,7150.0,7475.0,7450.0,7515.0,7490.0,7420.0,7450.0,6147.0,23816.0,5426.0,33204.0,-17669.0,-27778.0,7490.8,7493.25
2026-07-28 19:48:00,7500.0,,7500.0,,7450.0,7550.0,7495.3,,,,,7635.0,7150.0,7475.0,7450.0,7515.0,7490.0,7420.0,7450.0,6148.0,23816.0,5433.0,33218.0,-17668.0,-27785.0,7490.72,7491.75
2026-07-28 19:49:00,7500.0,,7500.0,,7450.0,7550.0,7495.32,,,,,7635.0,7150.0,7475.0,7450.0,7515.0,7490.0,7420.0,7450.0,6148.0,23816.0,5435.0,33243.0,-17668.0,-27808.0,7490.76,7491.25
2026-07-28 19:50:00,7500.0,,7500.0,,7450.0,7550.0,7495.32,,,,,7635.0,7150.0,7475.0,7450.0,7515.0,7490.0,7420.0,7450.0,6157.0,23816.0,5470.0,33248.0,-17659.0,-27778.0,7490.9,7489.0
2026-07-28 19:51:00,7500.0,,7500.0,,7450.0,7550.0,7495.34,,,,,7635.0,7150.0,7475.0,7450.0,7515.0,7490.0,7420.0,7450.0,6159.0,23818.0,5470.0,33254.0,-17659.0,-27784.0,7490.82,7490.5
2026-07-28 19:52:00,7500.0,,7500.0,,7450.0,7550.0,7495.32,,,,,7635.0,7150.0,7475.0,7450.0,7515.0,7490.0,7420.0,7450.0,6164.0,23818.0,5488.0,33259.0,-17654.0,-27771.0,7490.76,7491.5
2026-07-28 19:53:00,7500.0,,7500.0,,7450.0,7550.0,7495.33,,,,,7635.0,7150.0,7475.0,7450.0,7515.0,7490.0,7420.0,7450.0,6166.0,23820.0,5502.0,33266.0,-17654.0,-27764.0,7490.79,7491.25
2026-07-28 19:54:00,7500.0,,7500.0,,7450.0,7550.0,7495.33,,,,,7635.0,7150.0,7475.0,7450.0,7515.0,7490.0,7420.0,7450.0,6167.0,23820.0,5504.0,33274.0,-17653.0,-27769.0,7490.81,7491.25
2026-07-28 19:55:00,7500.0,,7500.0,,7450.0,7550.0,7495.31,,,,,7635.0,7150.0,7475.0,7450.0,7515.0,7490.0,7420.0,7450.0,6168.0,23820.0,5508.0,33282.0,-17652.0,-27775.0,7490.77,7491.5
2026-07-28 19:56:00,7500.0,,7500.0,,7450.0,7550.0,7495.31,,,,,7635.0,7450.0,7475.0,7450.0,7515.0,7490.0,7420.0,7450.0,6173.0,23826.0,5512.0,33288.0,-17653.0,-27777.0,7490.88,7489.5
2026-07-28 19:57:00,7500.0,,7500.0,,7450.0,7550.0,7485.24,,,,,7635.0,7450.0,7475.0,7450.0,7515.0,7490.0,7420.0,7450.0,6182.0,23826.0,5516.0,33288.0,-17644.0,-27773.0,7490.89,7489.0
2026-07-28 19:58:00,7500.0,,7500.0,,7450.0,7550.0,7484.81,,,,,7635.0,7450.0,7475.0,7450.0,7515.0,7490.0,7420.0,7450.0,6360.0,23826.0,5542.0,33296.0,-17466.0,-27754.0,7486.89,7485.5
2026-07-28 19:59:00,7500.0,,7500.0,,7450.0,7550.0,7484.94,,,,,7635.0,7450.0,7475.0,7450.0,7515.0,7490.0,7420.0,7450.0,6362.0,23832.0,5542.0,33310.0,-17471.0,-27768.0,7486.98,7486.75
2026-07-28 20:00:00,7500.0,,7500.0,,7450.0,7550.0,7485.06,,,,,7635.0,7450.0,7475.0,7450.0,7515.0,7490.0,7420.0,7450.0,6382.0,23842.0,5574.0,33320.0,-17461.0,-27746.0,7487.08,7486.25
2026-07-28 20:01:00,7500.0,,7500.0,,7450.0,7550.0,7484.93,,,,,7635.0,7450.0,7475.0,7450.0,7515.0,7490.0,7420.0,7450.0,6396.0,23845.0,5580.0,33330.0,-17449.0,-27750.0,7486.98,7486.75
2026-07-28 20:02:00,7500.0,,7500.0,,7450.0,7550.0,7485.09,,,,,7635.0,7450.0,7475.0,7450.0,7515.0,7490.0,7420.0,7450.0,6396.0,23845.0,5590.0,33340.0,-17449.0,-27750.0,7487.17,7488.0
2026-07-28 20:03:00,7500.0,,7500.0,,7450.0,7550.0,7485.06,,,,,7635.0,7450.0,7475.0,7450.0,7515.0,7490.0,7420.0,7450.0,6398.0,23845.0,5590.0,33340.0,-17447.0,-27750.0,7487.08,7487.5
2026-07-28 20:04:00,7500.0,,7500.0,,7450.0,7550.0,7484.81,,,,,7635.0,7450.0,7475.0,7450.0,7515.0,7490.0,7420.0,7450.0,6399.0,23846.0,5609.0,33362.0,-17447.0,-27753.0,7486.92,7486.0
2026-07-28 20:05:00,7500.0,,7500.0,,7450.0,7550.0,7484.8,,,,,7635.0,7450.0,7475.0,7450.0,7515.0,7490.0,7420.0,7450.0,6409.0,23851.0,5627.0,33364.0,-17442.0,-27737.0,7486.95,7485.5
2026-07-28 20:06:00,7500.0,,7500.0,,7450.0,7550.0,7485.05,,,,,7635.0,7450.0,7475.0,7450.0,7515.0,7490.0,7420.0,7450.0,6442.0,23851.0,5728.0,33365.0,-17409.0,-27637.0,7487.09,7482.75
2026-07-28 20:07:00,7500.0,,7500.0,,7450.0,7550.0,7484.52,,,,,7635.0,7450.0,7475.0,7450.0,7515.0,7490.0,7420.0,7450.0,6470.0,23874.0,5732.0,33434.0,-17404.0,-27702.0,7486.87,7482.0
2026-07-28 20:08:00,7500.0,,7500.0,,7450.0,7550.0,7484.8,,,,,7635.0,7450.0,7475.0,7450.0,7515.0,7490.0,7420.0,7450.0,6488.0,23874.0,5741.0,33434.0,-17386.0,-27693.0,7486.87,7480.75
2026-07-28 20:09:00,7500.0,,7500.0,,7450.0,7550.0,7484.56,,,,,7635.0,7450.0,7475.0,7450.0,7515.0,7490.0,7420.0,7450.0,6535.0,23874.0,5754.0,33442.0,-17339.0,-27688.0,7476.54,7479.25
2026-07-28 20:10:00,7500.0,,,7450.0,7450.0,7550.0,7484.56,,,,,7635.0,7450.0,7475.0,7450.0,7515.0,7490.0,7420.0,7450.0,6560.0,23874.0,5807.0,33452.0,-17314.0,-27645.0,7476.55,7476.0
2026-07-28 20:11:00,7500.0,,,7450.0,7450.0,7550.0,7473.39,,,,,7635.0,7120.0,7475.0,7450.0,7515.0,7490.0,7420.0,7450.0,6566.0,23884.0,6182.0,33830.0,-17319.0,-27647.0,7476.47,7474.25
2026-07-28 20:12:00,7500.0,,,7450.0,7450.0,7550.0,7473.36,,,,,7635.0,7120.0,7475.0,7450.0,7515.0,7490.0,7420.0,7450.0,6593.0,23915.0,6190.0,33852.0,-17322.0,-27661.0,7476.47,7474.25
2026-07-28 20:13:00,7500.0,,,7450.0,7450.0,7550.0,7473.13,,,,,7635.0,7450.0,7475.0,7450.0,7515.0,7490.0,7420.0,7450.0,6604.0,23931.0,6201.0,33857.0,-17327.0,-27656.0,7476.29,7475.5
2026-07-28 20:14:00,7450.0,,,7450.0,7450.0,7550.0,7473.45,,,,,7635.0,7120.0,7475.0,7450.0,7515.0,7490.0,7420.0,7450.0,6611.0,23933.0,6230.0,33866.0,-17322.0,-27636.0,7476.29,7471.75
2026-07-28 20:15:00,7450.0,,,7450.0,7450.0,7550.0,7473.34,,,,,7635.0,7120.0,7475.0,7450.0,7515.0,7490.0,7420.0,7450.0,6647.0,23982.0,6282.0,33880.0,-17335.0,-27599.0,7470.67,7470.0
2026-07-28 20:16:00,7450.0,,,7450.0,7450.0,7550.0,7473.31,,,,,7635.0,7120.0,7475.0,7450.0,7515.0,7490.0,7420.0,7450.0,6741.0,23983.0,6294.0,33888.0,-17242.0,-27594.0,7470.79,7470.25
2026-07-28 20:17:00,7450.0,,,7450.0,7450.0,7550.0,7473.24,,,,,7635.0,7120.0,7475.0,7450.0,7515.0,7490.0,7420.0,7450.0,6744.0,23986.0,6297.0,33922.0,-17241.0,-27625.0,7470.97,7471.75
2026-07-28 20:18:00,7450.0,,,7450.0,7450.0,7550.0,7473.32,,,,,7635.0,7120.0,7475.0,7450.0,7515.0,7490.0,7420.0,7450.0,6810.0,24004.0,6317.0,33922.0,-17194.0,-27605.0,7470.67,7470.75
2026-07-28 20:19:00,7500.0,,,7450.0,7450.0,7550.0,7473.18,,,,,7635.0,7120.0,7475.0,7450.0,7515.0,7490.0,7420.0,7450.0,6810.0,24004.0,6319.0,33932.0,-17194.0,-27613.0,7470.67,7473.75
2026-07-28 20:20:00,7500.0,,,7450.0,7450.0,7550.0,7473.03,,,,,7635.0,7450.0,7475.0,7450.0,7515.0,7490.0,7420.0,7450.0,6825.0,24020.0,6327.0,33952.0,-17195.0,-27625.0,7476.26,7475.75
2026-07-28 20:21:00,7500.0,,,7450.0,7450.0,7550.0,7473.25,,,,,7635.0,7450.0,7475.0,7450.0,7515.0,7490.0,7420.0,7450.0,6844.0,24022.0,6355.0,33989.0,-17178.0,-27634.0,7476.39,7475.25
2026-07-28 20:22:00,7500.0,,,7450.0,7450.0,7550.0,7473.47,,,,,7635.0,7450.0,7475.0,7450.0,7515.0,7490.0,7420.0,7450.0,6854.0,24024.0,6374.0,34001.0,-17169.0,-27627.0,7476.52,7475.25
2026-07-28 20:23:00,7500.0,,,7450.0,7450.0,7550.0,7473.21,,,,,7635.0,7450.0,7475.0,7450.0,7515.0,7490.0,7420.0,7450.0,6860.0,24028.0,6381.0,34005.0,-17168.0,-27624.0,7476.33,7477.75
2026-07-28 20:24:00,7500.0,,7500.0,,7450.0,7550.0,7473.21,,,,,7635.0,7450.0,7475.0,7450.0,7515.0,7490.0,7420.0,7450.0,6872.0,24030.0,6426.0,34020.0,-17158.0,-27594.0,7476.35,7480.0
2026-07-28 20:25:00,7500.0,,,7450.0,7450.0,7550.0,7473.6,,,,,7635.0,7450.0,7475.0,7450.0,7515.0,7490.0,7420.0,7450.0,6873.0,24033.0,6456.0,34030.0,-17160.0,-27574.0,7476.35,7479.0
2026-07-28 20:26:00,7500.0,,7500.0,,7450.0,7550.0,7473.61,,,,,7635.0,7450.0,7475.0,7450.0,7515.0,7490.0,7420.0,7450.0,6882.0,24034.0,6514.0,34038.0,-17152.0,-27524.0,7461.56,7479.25
2026-07-28 20:27:00,7500.0,,7500.0,,7450.0,7550.0,7473.61,,,,,7635.0,7450.0,7475.0,7450.0,7515.0,7490.0,7420.0,7450.0,6892.0,24034.0,6516.0,34038.0,-17143.0,-27522.0,7461.5,7479.5
2026-07-28 20:28:00,7500.0,,7500.0,,7450.0,7550.0,7473.42,,,,,7635.0,7450.0,7475.0,7450.0,7515.0,7490.0,7420.0,7450.0,6896.0,24034.0,6520.0,34038.0,-17138.0,-27518.0,7461.48,7479.0
2026-07-28 20:29:00,7500.0,,7500.0,,7450.0,7550.0,7473.34,,,,,7635.0,7450.0,7475.0,7450.0,7515.0,7490.0,7420.0,7450.0,6909.0,24048.0,6538.0,34046.0,-17139.0,-27508.0,7461.48,7479.0
2026-07-28 20:30:00,7500.0,,,7450.0,7450.0,7550.0,7473.32,,,,,7635.0,7450.0,7475.0,7450.0,7515.0,7490.0,7420.0,7450.0,6910.0,24058.0,6540.0,34050.0,-17148.0,-27511.0,7461.59,7477.25
2026-07-28 20:31:00,7500.0,,,7450.0,7450.0,7550.0,7473.27,,,,,7635.0,7450.0,7475.0,7450.0,7515.0,7490.0,7420.0,7450.0,6910.0,24058.0,6542.0,34052.0,-17148.0,-27510.0,7461.52,7477.25
2026-07-28 20:32:00,7500.0,,,7450.0,7450.0,7550.0,7473.57,,,,,7635.0,7450.0,7475.0,7450.0,7515.0,7490.0,7420.0,7450.0,6916.0,24062.0,6542.0,34068.0,-17146.0,-27526.0,7461.62,7477.25
2026-07-28 20:33:00,7500.0,,,7450.0,7450.0,7550.0,7473.93,,,,,7635.0,7120.0,7475.0,7450.0,7515.0,7490.0,7420.0,7450.0,6922.0,24064.0,6640.0,34068.0,-17142.0,-27428.0,7461.68,7474.0
2026-07-28 20:34:00,7500.0,,,7450.0,7450.0,7550.0,7473.44,,,,,7635.0,7450.0,7475.0,7450.0,7515.0,7490.0,7420.0,7450.0,6952.0,24108.0,6642.0,34094.0,-17156.0,-27453.0,7461.51,7475.5
2026-07-28 20:35:00,7500.0,,,7450.0,7450.0,7550.0,7473.57,,,,,7635.0,7120.0,7475.0,7450.0,7515.0,7490.0,7420.0,7450.0,6956.0,24108.0,6650.0,34094.0,-17152.0,-27444.0,7461.62,7473.5
2026-07-28 20:36:00,7500.0,,,7450.0,7450.0,7550.0,7473.58,,,,,7635.0,7120.0,7475.0,7450.0,7515.0,7490.0,7420.0,7450.0,6958.0,24110.0,6675.0,34095.0,-17152.0,-27420.0,7461.63,7473.75
2026-07-28 20:37:00,7500.0,,,7450.0,7450.0,7550.0,7473.54,,,,,7635.0,7120.0,7475.0,7450.0,7515.0,7490.0,7420.0,7450.0,6967.0,24115.0,6677.0,34100.0,-17148.0,-27423.0,7461.62,7474.25
2026-07-28 20:38:00,7500.0,,,7450.0,7450.0,7550.0,7473.55,,,,,7635.0,7120.0,7475.0,7450.0,7515.0,7490.0,7420.0,7450.0,6988.0,24124.0,6690.0,34104.0,-17136.0,-27414.0,7461.59,7474.75
2026-07-28 20:39:00,7500.0,,,7450.0,7450.0,7550.0,7473.49,,,,,7635.0,7120.0,7475.0,7450.0,7515.0,7490.0,7420.0,7450.0,6989.0,24125.0,6691.0,34104.0,-17136.0,-27413.0,7461.57,7474.5
2026-07-28 20:40:00,7500.0,,,7450.0,7450.0,7550.0,7473.49,,,,,7635.0,7120.0,7475.0,7450.0,7515.0,7490.0,7420.0,7450.0,7006.0,24133.0,6720.0,34105.0,-17127.0,-27385.0,7461.67,7471.5
2026-07-28 20:41:00,7500.0,,,7450.0,7450.0,7550.0,7473.49,,,,,7635.0,7120.0,7475.0,7450.0,7515.0,7490.0,7420.0,7450.0,7010.0,24140.0,6730.0,34111.0,-17130.0,-27381.0,7461.64,7470.0
2026-07-28 20:42:00,7500.0,,,7450.0,7450.0,7550.0,7473.62,,,,,7635.0,7120.0,7475.0,7450.0,7515.0,7490.0,7420.0,7450.0,7026.0,24147.0,6762.0,34142.0,-17121.0,-27380.0,7461.66,7467.5
2026-07-28 20:43:00,7500.0,,,7450.0,7450.0,7550.0,7473.61,,,,,7635.0,7120.0,7475.0,7450.0,7515.0,7490.0,7420.0,7450.0,7044.0,24148.0,6801.0,34156.0,-17105.0,-27355.0,7461.7,7467.25
2026-07-28 20:44:00,7500.0,,,7450.0,7450.0,7550.0,7473.4,,,,,7635.0,7120.0,7475.0,7450.0,7500.0,7490.0,7420.0,7450.0,7062.0,24148.0,6808.0,34162.0,-17086.0,-27355.0,7461.58,7468.25
2026-07-28 20:45:00,7500.0,,,7450.0,7450.0,7550.0,7473.38,,,,,7635.0,7120.0,7475.0,7450.0,7500.0,7490.0,7420.0,7450.0,7070.0,24176.0,6819.0,34182.0,-17106.0,-27363.0,7461.63,7467.25
2026-07-28 20:46:00,7500.0,,,7450.0,7450.0,7550.0,7473.32,,,,,7635.0,7120.0,7475.0,7450.0,7500.0,7490.0,7420.0,7450.0,7074.0,24182.0,6824.0,34208.0,-17108.0,-27383.0,7461.59,7467.5
2026-07-28 20:47:00,7500.0,,,7450.0,7450.0,7550.0,7473.51,,,,,7635.0,7120.0,7475.0,7450.0,7500.0,7490.0,7420.0,7450.0,7093.0,24182.0,6832.0,34230.0,-17089.0,-27398.0,7461.67,7465.75
2026-07-28 20:48:00,7500.0,,,7450.0,7450.0,7550.0,7473.6,,,,,7635.0,7120.0,7475.0,7450.0,7515.0,7490.0,7420.0,7450.0,7102.0,24185.0,6852.0,34232.0,-17083.0,-27381.0,7461.67,7464.5
2026-07-28 20:49:00,7500.0,,,7450.0,7450.0,7550.0,7473.45,,,,,7635.0,7120.0,7475.0,7450.0,7515.0,7490.0,7420.0,7450.0,7118.0,24208.0,6869.0,34237.0,-17090.0,-27368.0,7461.67,7464.25
2026-07-28 20:50:00,7500.0,,,7450.0,7450.0,7550.0,7473.51,,,,,7635.0,7120.0,7475.0,7450.0,7515.0,7490.0,7420.0,7450.0,7130.0,24222.0,6874.0,34264.0,-17092.0,-27391.0,7461.64,7464.0
2026-07-28 20:51:00,7500.0,,,7450.0,7450.0,7550.0,7473.62,,,,,7635.0,7120.0,7475.0,7450.0,7515.0,7490.0,7420.0,7450.0,7150.0,24286.0,6930.0,34264.0,-17136.0,-27334.0,7461.66,7460.75
2026-07-28 20:52:00,7500.0,,,7450.0,7450.0,7550.0,7473.55,,,,,7635.0,7120.0,7475.0,7450.0,7515.0,7490.0,7420.0,7450.0,7176.0,24308.0,6933.0,34268.0,-17132.0,-27335.0,7461.64,7459.75
2026-07-28 20:53:00,7500.0,,,7450.0,7450.0,7550.0,7473.63,,,,,7635.0,7120.0,7475.0,7450.0,7500.0,7490.0,7420.0,7450.0,7184.0,24310.0,7012.0,34296.0,-17127.0,-27284.0,7461.69,7459.0
2026-07-28 20:54:00,7500.0,,,7450.0,7450.0,7550.0,7473.64,,,,,7635.0,7120.0,7475.0,7450.0,7500.0,7490.0,7420.0,7450.0,7189.0,24335.0,7067.0,34296.0,-17146.0,-27229.0,7461.72,7458.5
2026-07-28 20:55:00,7500.0,,,7450.0,7450.0,7550.0,7473.48,,,,,7635.0,7120.0,7475.0,7450.0,7500.0,7490.0,7420.0,7450.0,7197.0,24344.0,7080.0,34331.0,-17147.0,-27251.0,7461.57,7460.0
2026-07-28 20:56:00,7500.0,,,7450.0,7375.0,7550.0,7473.57,,,,,7635.0,7120.0,7475.0,7450.0,7500.0,7490.0,7420.0,7450.0,7220.0,24350.0,7128.0,34334.0,-17130.0,-27206.0,7461.57,7457.75
2026-07-28 20:57:00,,7425.0,,7450.0,7375.0,7550.0,7473.64,,,,,7635.0,7120.0,7475.0,7450.0,7500.0,7490.0,7420.0,7450.0,7233.0,24357.0,7164.0,34340.0,-17124.0,-27176.0,7454.92,7456.5
2026-07-28 20:58:00,,7425.0,,7450.0,7375.0,7550.0,7473.38,,,,,7635.0,7120.0,7475.0,7450.0,7500.0,7490.0,7420.0,7450.0,7261.0,24369.0,7272.0,34424.0,-17108.0,-27152.0,7454.91,7456.25
2026-07-28 20:59:00,,7425.0,,7450.0,7375.0,7550.0,7473.3,,,,,7635.0,7120.0,7475.0,7450.0,7500.0,7490.0,7420.0,7450.0,7299.0,24385.0,7292.0,34441.0,-17086.0,-27149.0,7454.96,7455.75
2026-07-28 21:00:00,,7425.0,,7450.0,7375.0,7550.0,7473.22,,,,,7635.0,7120.0,7475.0,7450.0,7500.0,7490.0,7420.0,7450.0,7302.0,24395.0,7392.0,34468.0,-17093.0,-27076.0,7454.97,7454.25
2026-07-28 21:01:00,7500.0,,,7450.0,7450.0,7550.0,7473.14,,,,,7635.0,7120.0,7475.0,7450.0,7500.0,7490.0,7420.0,7450.0,7309.0,24485.0,7409.0,34498.0,-17176.0,-27089.0,7454.97,7457.75
2026-07-28 21:02:00,7500.0,,,7450.0,7375.0,7550.0,7473.07,,,,,7635.0,7120.0,7475.0,7450.0,7500.0,7490.0,7420.0,7450.0,7320.0,24485.0,7456.0,34504.0,-17165.0,-27049.0,7454.98,7457.25
2026-07-28 21:03:00,7500.0,,,7450.0,7450.0,7550.0,7472.98,,,,,7635.0,7120.0,7475.0,7450.0,7500.0,7490.0,7420.0,7450.0,7336.0,24506.0,7466.0,34520.0,-17170.0,-27054.0,7454.98,7458.5
2026-07-28 21:04:00,7500.0,,,7450.0,7375.0,7550.0,7472.95,,,,,7635.0,7120.0,7475.0,7450.0,7500.0,7490.0,7420.0,7450.0,7369.0,24507.0,7506.0,34520.0,-17138.0,-27013.0,7454.96,7457.75
2026-07-28 21:05:00,,7425.0,,7450.0,7375.0,7550.0,7473.24,,,,,7635.0,7120.0,7475.0,7450.0,7500.0,7490.0,7420.0,7450.0,7371.0,24508.0,7550.0,34522.0,-17137.0,-26972.0,7454.91,7456.5
2026-07-28 21:06:00,7500.0,,,7450.0,7450.0,7550.0,7473.12,,,,,7635.0,7120.0,7475.0,7450.0,7500.0,7490.0,7420.0,7450.0,7373.0,24557.0,7550.0,34562.0,-17184.0,-27013.0,7454.91,7460.0
2026-07-28 21:07:00,7500.0,,,7450.0,7450.0,7550.0,7473.17,,,,,7635.0,7120.0,7475.0,7450.0,7500.0,7490.0,7420.0,7450.0,7388.0,24562.0,7575.0,34568.0,-17174.0,-26993.0,7461.55,7461.0
2026-07-28 21:08:00,7500.0,,,7450.0,7450.0,7550.0,7473.03,,,,,7635.0,7120.0,7475.0,7450.0,7500.0,7490.0,7420.0,7450.0,7390.0,24566.0,7580.0,34570.0,-17176.0,-26989.0,7461.49,7461.5
2026-07-28 21:09:00,7500.0,,,7450.0,7450.0,7550.0,7473.09,,,,,7635.0,7120.0,7475.0,7450.0,7500.0,7490.0,7420.0,7450.0,7391.0,24574.0,7590.0,34601.0,-17183.0,-27011.0,7461.52,7461.75
2026-07-28 21:10:00,7500.0,,,7450.0,7450.0,7550.0,7473.12,,,,,7635.0,7120.0,7475.0,7460.0,7500.0,7490.0,7420.0,7450.0,7393.0,24575.0,7672.0,34684.0,-17182.0,-27012.0,7461.55,7462.25
2026-07-28 21:11:00,7500.0,,,7450.0,7450.0,7550.0,7473.0,,,,,7635.0,7120.0,7475.0,7460.0,7500.0,7490.0,7420.0,7450.0,7408.0,24578.0,7674.0,34690.0,-17171.0,-27015.0,7461.52,7464.0
2026-07-28 21:12:00,7500.0,,,7450.0,7450.0,7550.0,7473.1,,,,,7635.0,7120.0,7475.0,7460.0,7500.0,7490.0,7420.0,7450.0,7474.0,24582.0,7700.0,34694.0,-17109.0,-26993.0,7461.56,7463.75
2026-07-28 21:13:00,7500.0,,,7450.0,7450.0,7550.0,7472.98,,,,,7635.0,7120.0,7475.0,7460.0,7500.0,7490.0,7420.0,7450.0,7474.0,24584.0,7719.0,34710.0,-17109.0,-26991.0,7461.53,7464.25
2026-07-28 21:14:00,7500.0,,,7450.0,7450.0,7550.0,7473.19,,,,,7635.0,7120.0,7475.0,7460.0,7500.0,7490.0,7420.0,7450.0,7500.0,24588.0,7736.0,34710.0,-17089.0,-26974.0,7461.66,7462.5
2026-07-28 21:15:00,7500.0,,,7450.0,7450.0,7550.0,7473.02,,,,,7635.0,7120.0,7475.0,7460.0,7500.0,7490.0,7420.0,7450.0,7522.0,24590.0,7741.0,34722.0,-17067.0,-26981.0,7461.63,7461.75
2026-07-28 21:16:00,7500.0,,,7450.0,7450.0,7550.0,7472.99,,,,,7635.0,7120.0,7475.0,7460.0,7500.0,7490.0,7420.0,7450.0,7522.0,24590.0,7754.0,34736.0,-17068.0,-26982.0,7461.59,7461.75
2026-07-28 21:17:00,7500.0,,,7450.0,7450.0,7550.0,7473.1,,,,,7635.0,7120.0,7475.0,7460.0,7500.0,7490.0,7420.0,7450.0,7526.0,24614.0,7774.0,34736.0,-17089.0,-26962.0,7461.67,7459.0
2026-07-28 21:18:00,7500.0,,,7450.0,7450.0,7550.0,7473.09,,,,,7635.0,7120.0,7475.0,7460.0,7500.0,7490.0,7420.0,7450.0,7528.0,24620.0,7774.0,34742.0,-17092.0,-26968.0,7461.59,7459.0
2026-07-28 21:19:00,7500.0,,,7450.0,7450.0,7550.0,7473.07,,,,,7635.0,7120.0,7475.0,7460.0,7500.0,7490.0,7420.0,7450.0,7536.0,24622.0,7774.0,34749.0,-17086.0,-26975.0,7461.58,7458.5
2026-07-28 21:20:00,7500.0,,,7450.0,7450.0,7550.0,7473.04,,,,,7635.0,7120.0,7475.0,7460.0,7500.0,7490.0,7420.0,7450.0,7570.0,24622.0,7814.0,34749.0,-17052.0,-26935.0,7461.7,7458.75
2026-07-28 21:21:00,7500.0,,,7450.0,7450.0,7550.0,7472.94,,,,,7635.0,7120.0,7475.0,7460.0,7500.0,7490.0,7420.0,7450.0,7570.0,24630.0,7816.0,34753.0,-17060.0,-26937.0,7461.52,7463.25
2026-07-28 21:22:00,7500.0,,,7450.0,7450.0,7550.0,7472.87,,,,,7635.0,7120.0,7475.0,7460.0,7500.0,7490.0,7420.0,7450.0,7571.0,24642.0,7816.0,34753.0,-17071.0,-26937.0,7461.55,7465.25
2026-07-28 21:23:00,7500.0,,,7450.0,7450.0,7550.0,7472.98,,,,,7635.0,7120.0,7475.0,7460.0,7500.0,7490.0,7420.0,7450.0,7575.0,24642.0,7824.0,34759.0,-17067.0,-26935.0,7461.62,7462.25
2026-07-28 21:24:00,7500.0,,,7450.0,7450.0,7550.0,7472.76,,,,,7635.0,7120.0,7475.0,7460.0,7500.0,7490.0,7420.0,7450.0,7576.0,24648.0,7824.0,34790.0,-17072.0,-26966.0,7461.43,7465.25
2026-07-28 21:25:00,7500.0,,,7450.0,7450.0,7550.0,7472.98,,,,,7635.0,7120.0,7475.0,7460.0,7500.0,7490.0,7420.0,7450.0,7577.0,24650.0,7825.0,34792.0,-17073.0,-26967.0,7461.57,7463.25
2026-07-28 21:26:00,7500.0,,,7450.0,7450.0,7550.0,7472.84,,,,,7635.0,7120.0,7475.0,7460.0,7500.0,7490.0,7420.0,7450.0,7578.0,24650.0,7831.0,34793.0,-17072.0,-26962.0,7461.53,7463.25
2026-07-28 21:27:00,7500.0,,,7450.0,7450.0,7550.0,7472.98,,,,,7635.0,7120.0,7475.0,7460.0,7500.0,7490.0,7420.0,7450.0,7579.0,24666.0,7831.0,34793.0,-17087.0,-26962.0,7461.57,7463.25
2026-07-28 21:28:00,7500.0,,,7450.0,7450.0,7550.0,7472.83,,,,,7635.0,7120.0,7475.0,7460.0,7500.0,7490.0,7420.0,7450.0,7579.0,24668.0,7832.0,34796.0,-17089.0,-26964.0,7461.52,7465.0
2026-07-28 21:29:00,7500.0,,,7450.0,7450.0,7550.0,7472.83,,,,,7635.0,7120.0,7475.0,7460.0,7500.0,7490.0,7420.0,7450.0,7579.0,24672.0,7832.0,34802.0,-17093.0,-26970.0,7461.55,7465.75
2026-07-28 21:30:00,7500.0,,,7450.0,7450.0,7550.0,7472.9,,,,,7635.0,7120.0,7475.0,7460.0,7500.0,7490.0,7420.0,7450.0,7583.0,24676.0,7835.0,34805.0,-17093.0,-26970.0,7461.55,7466.75
2026-07-28 21:31:00,7500.0,,,7450.0,7450.0,7550.0,7472.77,,,,,7635.0,7120.0,7475.0,7460.0,7500.0,7490.0,7420.0,7450.0,7584.0,24682.0,7835.0,34810.0,-17098.0,-26975.0,7461.52,7468.0
2026-07-28 21:32:00,7500.0,,,7450.0,7450.0,7550.0,7472.77,,,,,7635.0,7120.0,7475.0,7460.0,7500.0,7490.0,7420.0,7450.0,7592.0,24683.0,7837.0,34814.0,-17091.0,-26977.0,7461.56,7467.0
2026-07-28 21:33:00,7500.0,,,7450.0,7450.0,7550.0,7472.86,,,,,7635.0,7120.0,7475.0,7460.0,7500.0,7490.0,7420.0,7450.0,7600.0,24685.0,7840.0,34814.0,-17085.0,-26974.0,7461.6,7464.25
2026-07-28 21:34:00,7500.0,,,7450.0,7450.0,7550.0,7472.8,,,,,7635.0,7120.0,7475.0,7460.0,7500.0,7490.0,7420.0,7450.0,7616.0,24690.0,7846.0,34814.0,-17074.0,-26969.0,7461.62,7464.5
2026-07-28 21:35:00,7500.0,,,7450.0,7450.0,7550.0,7472.51,,,,,7635.0,7120.0,7475.0,7460.0,7500.0,7490.0,7420.0,7450.0,7632.0,24690.0,7848.0,34815.0,-17058.0,-26967.0,7461.53,7465.25
2026-07-28 21:36:00,7500.0,,,7450.0,7450.0,7550.0,7472.19,,,,,7635.0,7120.0,7475.0,7460.0,7500.0,7490.0,7420.0,7450.0,7638.0,24732.0,7856.0,34823.0,-17094.0,-26967.0,7461.58,7465.75
2026-07-28 21:37:00,7500.0,,,7450.0,7450.0,7550.0,7472.32,,,,,7635.0,7120.0,7475.0,7460.0,7500.0,7490.0,7420.0,7450.0,7638.0,24736.0,7861.0,34832.0,-17097.0,-26971.0,7461.65,7464.75
2026-07-28 21:38:00,7500.0,,,7450.0,7450.0,7550.0,7472.39,,,,,7635.0,7120.0,7475.0,7460.0,7500.0,7490.0,7420.0,7450.0,7640.0,24736.0,7861.0,34832.0,-17096.0,-26971.0,7461.62,7464.25
2026-07-28 21:39:00,7500.0,,,7450.0,7450.0,7550.0,7471.96,,,,,7635.0,7120.0,7475.0,7460.0,7500.0,7490.0,7420.0,7450.0,7640.0,24737.0,7862.0,34834.0,-17097.0,-26972.0,7461.48,7466.0
2026-07-28 21:40:00,7500.0,,,7450.0,7450.0,7550.0,7472.09,,,,,7635.0,7120.0,7475.0,7460.0,7500.0,7490.0,7420.0,7450.0,7645.0,24737.0,7874.0,34834.0,-17092.0,-26960.0,7461.51,7466.0
2026-07-28 21:41:00,7500.0,,,7450.0,7450.0,7550.0,7471.6,,,,,7635.0,7120.0,7475.0,7460.0,7500.0,7490.0,7420.0,7450.0,7662.0,24752.0,7884.0,34844.0,-17090.0,-26960.0,7461.52,7468.5
2026-07-28 21:42:00,7500.0,,,7450.0,7450.0,7550.0,7472.04,,,,,7635.0,7120.0,7475.0,7460.0,7500.0,7490.0,7420.0,7450.0,7672.0,24752.0,7890.0,34864.0,-17081.0,-26975.0,7461.56,7466.75
2026-07-28 21:43:00,7500.0,,,7450.0,7450.0,7550.0,7471.84,,,,,7635.0,7120.0,7475.0,7460.0,7500.0,7490.0,7420.0,7450.0,7672.0,24752.0,7892.0,34868.0,-17081.0,-26977.0,7461.53,7467.25
2026-07-28 21:44:00,7500.0,,,7450.0,7450.0,7550.0,7471.04,,,,,7635.0,7120.0,7475.0,7460.0,7500.0,7490.0,7420.0,7450.0,7672.0,24776.0,7894.0,34874.0,-17104.0,-26981.0,7461.49,7466.5
2026-07-28 21:45:00,7500.0,,,7450.0,7450.0,7550.0,7471.09,,,,,7635.0,7120.0,7475.0,7460.0,7500.0,7490.0,7420.0,7450.0,7672.0,24780.0,7894.0,34874.0,-17109.0,-26980.0,7461.52,7466.25
2026-07-28 21:46:00,7500.0,,,7450.0,7450.0,7550.0,7471.28,,,,,7635.0,7120.0,7475.0,7460.0,7500.0,7490.0,7420.0,7450.0,7672.0,24780.0,7895.0,34877.0,-17109.0,-26982.0,7461.59,7465.5
2026-07-28 21:47:00,7500.0,,,7450.0,7450.0,7550.0,7471.42,,,,,7635.0,7120.0,7475.0,7460.0,7500.0,7490.0,7420.0,7450.0,7672.0,24786.0,7895.0,34882.0,-17114.0,-26987.0,7461.65,7464.75
2026-07-28 21:48:00,7500.0,,,7450.0,7450.0,7550.0,7471.37,,,,,7635.0,7120.0,7475.0,7460.0,7500.0,7490.0,7420.0,7450.0,7672.0,24786.0,7895.0,34882.0,-17113.0,-26987.0,7461.62,7464.25
2026-07-28 21:49:00,7500.0,,,7450.0,7450.0,7550.0,7471.38,,,,,7635.0,7120.0,7475.0,7460.0,7500.0,7490.0,7420.0,7450.0,7674.0,24786.0,7896.0,34882.0,-17112.0,-26986.0,7461.62,7464.0
2026-07-28 21:50:00,7500.0,,,7450.0,7450.0,7550.0,7471.44,,,,,7635.0,7120.0,7475.0,7460.0,7500.0,7490.0,7420.0,7450.0,7676.0,24798.0,7916.0,34886.0,-17123.0,-26970.0,7461.63,7464.25
2026-07-28 21:51:00,7500.0,,,7450.0,7450.0,7550.0,7471.05,,,,,7635.0,7120.0,7475.0,7460.0,7500.0,7490.0,7420.0,7450.0,7676.0,24800.0,7916.0,34888.0,-17124.0,-26972.0,7461.49,7465.75
2026-07-28 21:52:00,7500.0,,,7450.0,7450.0,7550.0,7471.49,,,,,7635.0,7120.0,7475.0,7460.0,7500.0,7490.0,7420.0,7450.0,7678.0,24800.0,7921.0,34889.0,-17122.0,-26968.0,7461.62,7464.0
2026-07-28 21:53:00,7500.0,,,7450.0,7450.0,7550.0,7471.61,,,,,7635.0,7120.0,7475.0,7460.0,7500.0,7490.0,7420.0,7450.0,7680.0,24802.0,7923.0,34893.0,-17122.0,-26970.0,7461.67,7462.75
2026-07-28 21:54:00,7500.0,,,7450.0,7450.0,7550.0,7471.47,,,,,7635.0,7120.0,7475.0,7460.0,7500.0,7490.0,7420.0,7450.0,7680.0,24804.0,7934.0,34896.0,-17125.0,-26962.0,7461.6,7462.75
2026-07-28 21:55:00,7500.0,,,7450.0,7450.0,7550.0,7471.22,,,,,7635.0,7120.0,7475.0,7460.0,7500.0,7490.0,7420.0,7450.0,7688.0,24804.0,7934.0,34898.0,-17117.0,-26964.0,7461.59,7462.25
2026-07-28 21:56:00,7500.0,,,7450.0,7450.0,7550.0,7471.16,,,,,7635.0,7120.0,7475.0,7460.0,7500.0,7490.0,7420.0,7450.0,7690.0,24808.0,7936.0,34899.0,-17118.0,-26963.0,7461.59,7462.75
2026-07-28 21:57:00,7500.0,,,7450.0,7450.0,7550.0,7471.21,,,,,7635.0,7120.0,7475.0,7460.0,7500.0,7490.0,7420.0,7450.0,7701.0,24812.0,7950.0,34900.0,-17111.0,-26950.0,7461.55,7461.5
2026-07-28 21:58:00,7500.0,,,7450.0,7450.0,7550.0,7471.29,,,,,7635.0,7120.0,7475.0,7460.0,7500.0,7490.0,7420.0,7450.0,7704.0,24812.0,7954.0,34902.0,-17108.0,-26948.0,7461.56,7461.75
2026-07-28 21:59:00,7500.0,,,7450.0,7450.0,7550.0,7471.11,,,,,7635.0,7120.0,7475.0,7460.0,7500.0,7490.0,7420.0,7450.0,7707.0,24825.0,7954.0,34904.0,-17118.0,-26949.0,7461.54,7463.25
2026-07-28 22:00:00,7500.0,,,7450.0,7450.0,7550.0,7471.29,,,,,7635.0,7120.0,7475.0,7460.0,7500.0,7490.0,7420.0,7450.0,7708.0,24826.0,7960.0,34908.0,-17118.0,-26948.0,7461.59,7462.0
2026-07-28 22:01:00,7500.0,,,7450.0,7450.0,7550.0,7471.2,,,,,7635.0,7120.0,7475.0,7460.0,7500.0,7490.0,7420.0,7450.0,7709.0,24827.0,7961.0,34910.0,-17118.0,-26949.0,7461.55,7462.25
2026-07-28 22:02:00,7500.0,,,7450.0,7450.0,7550.0,7471.33,,,,,7635.0,7120.0,7475.0,7460.0,7500.0,7490.0,7420.0,7450.0,7716.0,24832.0,7964.0,34912.0,-17116.0,-26949.0,7461.61,7460.25
2026-07-28 22:03:00,7500.0,,,7450.0,7450.0,7550.0,7471.2,,,,,7635.0,7120.0,7475.0,7460.0,7500.0,7490.0,7420.0,7450.0,7720.0,24835.0,7978.0,34914.0,-17115.0,-26936.0,7461.64,7459.25
2026-07-28 22:04:00,7500.0,,,7450.0,7450.0,7550.0,7471.08,,,,,7635.0,7120.0,7475.0,7460.0,7500.0,7490.0,7420.0,7450.0,7725.0,24835.0,7988.0,34926.0,-17110.0,-26938.0,7461.65,7458.5
2026-07-28 22:05:00,7500.0,,,7450.0,7450.0,7550.0,7470.91,,,,,7635.0,7120.0,7475.0,7460.0,7500.0,7490.0,7420.0,7450.0,7727.0,24842.0,7988.0,34942.0,-17115.0,-26954.0,7461.56,7459.75
2026-07-28 22:06:00,7500.0,,,7450.0,7450.0,7550.0,7470.79,,,,,7635.0,7120.0,7475.0,7460.0,7500.0,7490.0,7420.0,7450.0,7729.0,24849.0,7988.0,34952.0,-17120.0,-26964.0,7461.59,7460.25
2026-07-28 22:07:00,7500.0,,,7450.0,7450.0,7550.0,7470.68,,,,,7635.0,7120.0,7475.0,7460.0,7500.0,7490.0,7420.0,7450.0,7729.0,24853.0,7990.0,34956.0,-17124.0,-26966.0,7461.62,7463.75
2026-07-28 22:08:00,7500.0,,,7450.0,7450.0,7550.0,7470.39,,,,,7635.0,7120.0,7475.0,7460.0,7500.0,7490.0,7420.0,7450.0,7736.0,24868.0,7990.0,34985.0,-17132.0,-26995.0,7461.48,7465.5
2026-07-28 22:09:00,7500.0,,,7450.0,7450.0,7550.0,7470.68,,,,,7635.0,7120.0,7475.0,7460.0,7500.0,7490.0,7420.0,7450.0,7738.0,24876.0,7990.0,34991.0,-17137.0,-27001.0,7461.52,7467.25
2026-07-28 22:10:00,7500.0,,,7450.0,7450.0,7550.0,7470.73,,,,,7635.0,7120.0,7475.0,7460.0,7500.0,7490.0,7420.0,7450.0,7751.0,24880.0,8000.0,35004.0,-17129.0,-27004.0,7461.56,7467.75
2026-07-28 22:11:00,7500.0,,,7450.0,7450.0,7550.0,7470.96,,,,,7635.0,7120.0,7475.0,7460.0,7500.0,7490.0,7420.0,7450.0,7753.0,24881.0,8008.0,35005.0,-17128.0,-26997.0,7461.58,7465.75
2026-07-28 22:12:00,7500.0,,,7450.0,7450.0,7550.0,7470.96,,,,,7635.0,7120.0,7475.0,7460.0,7500.0,7490.0,7420.0,7450.0,7763.0,24882.0,8015.0,35005.0,-17119.0,-26990.0,7461.69,7463.0
2026-07-28 22:13:00,7500.0,,,7450.0,7450.0,7550.0,7471.0,,,,,7635.0,7120.0,7475.0,7460.0,7500.0,7490.0,7420.0,7450.0,7768.0,24882.0,8018.0,35005.0,-17114.0,-26987.0,7461.73,7461.5
2026-07-28 22:14:00,7500.0,,,7450.0,7450.0,7550.0,7471.03,,,,,7635.0,7120.0,7475.0,7460.0,7500.0,7490.0,7420.0,7450.0,7774.0,24886.0,8023.0,35005.0,-17112.0,-26982.0,7461.66,7460.5
2026-07-28 22:15:00,7500.0,,,7450.0,7450.0,7550.0,7471.12,,,,,7635.0,7120.0,7475.0,7460.0,7500.0,7490.0,7420.0,7450.0,7786.0,24888.0,8023.0,35005.0,-17102.0,-26982.0,7461.69,7460.75
2026-07-28 22:16:00,7500.0,,,7450.0,7450.0,7550.0,7470.94,,,,,7635.0,7120.0,7475.0,7460.0,7500.0,7490.0,7420.0,7450.0,7787.0,24889.0,8026.0,35010.0,-17102.0,-26983.0,7461.61,7461.0
2026-07-28 22:17:00,7500.0,,,7450.0,7450.0,7550.0,7471.02,,,,,7635.0,7120.0,7475.0,7460.0,7500.0,7490.0,7420.0,7450.0,7793.0,24893.0,8030.0,35011.0,-17100.0,-26981.0,7461.65,7460.75
2026-07-28 22:18:00,7500.0,,,7450.0,7450.0,7550.0,7470.84,,,,,7635.0,7120.0,7475.0,7460.0,7500.0,7490.0,7420.0,7450.0,7793.0,24915.0,8035.0,35027.0,-17122.0,-26992.0,7461.6,7460.5
2026-07-28 22:19:00,7500.0,,,7450.0,7450.0,7550.0,7470.97,,,,,7635.0,7120.0,7475.0,7460.0,7500.0,7490.0,7420.0,7450.0,7796.0,24920.0,8053.0,35033.0,-17124.0,-26980.0,7461.7,7458.75
2026-07-28 22:20:00,7500.0,,,7450.0,7450.0,7550.0,7470.75,,,,,7635.0,7120.0,7475.0,7460.0,7500.0,7490.0,7420.0,7450.0,7804.0,24924.0,8055.0,35036.0,-17120.0,-26981.0,7461.58,7461.0
2026-07-28 22:21:00,7500.0,,,7450.0,7450.0,7550.0,7470.95,,,,,7635.0,7120.0,7475.0,7460.0,7500.0,7490.0,7420.0,7450.0,7812.0,24924.0,8057.0,35036.0,-17112.0,-26979.0,7461.7,7460.0
2026-07-28 22:22:00,7500.0,,,7450.0,7450.0,7550.0,7471.02,,,,,7635.0,7120.0,7475.0,7460.0,7500.0,7490.0,7420.0,7450.0,7812.0,24930.0,8057.0,35041.0,-17118.0,-26984.0,7461.69,7459.75
2026-07-28 22:23:00,7500.0,,,7450.0,7450.0,7550.0,7470.94,,,,,7635.0,7120.0,7475.0,7460.0,7500.0,7490.0,7420.0,7450.0,7812.0,24930.0,8073.0,35047.0,-17118.0,-26974.0,7461.68,7458.5
2026-07-28 22:24:00,7500.0,,,7450.0,7375.0,7550.0,7470.82,,,,,7635.0,7120.0,7475.0,7460.0,7500.0,7490.0,7420.0,7450.0,7820.0,24948.0,8080.0,35048.0,-17127.0,-26967.0,7461.68,7458.25
2026-07-28 22:25:00,7500.0,,,7450.0,7375.0,7550.0,7470.86,,,,,7635.0,7120.0,7475.0,7460.0,7500.0,7490.0,7420.0,7450.0,7821.0,24959.0,8148.0,35056.0,-17138.0,-26908.0,7454.95,7457.75
2026-07-28 22:26:00,7500.0,,,7450.0,7450.0,7550.0,7470.83,,,,,7635.0,7120.0,7475.0,7460.0,7500.0,7490.0,7420.0,7450.0,7824.0,24966.0,8150.0,35056.0,-17142.0,-26906.0,7454.98,7458.25
2026-07-28 22:27:00,,7425.0,,7450.0,7375.0,7550.0,7470.99,,,,,7635.0,7120.0,7475.0,7460.0,7500.0,7490.0,7420.0,7450.0,7834.0,24966.0,8152.0,35056.0,-17133.0,-26904.0,7454.93,7457.0
2026-07-28 22:28:00,7500.0,,,7450.0,7375.0,7550.0,7470.95,,,,,7635.0,7120.0,7475.0,7460.0,7500.0,7490.0,7420.0,7450.0,7837.0,24968.0,8152.0,35056.0,-17131.0,-26904.0,7454.95,7457.5
2026-07-28 22:29:00,,7425.0,,7450.0,7375.0,7550.0,7470.98,,,,,7635.0,7120.0,7475.0,7460.0,7500.0,7490.0,7420.0,7450.0,7841.0,24968.0,8162.0,35056.0,-17127.0,-26894.0,7454.92,7456.25
2026-07-28 22:30:00,,7425.0,,7450.0,7375.0,7550.0,7471.02,,,,,7635.0,7120.0,7475.0,7460.0,7500.0,7490.0,7420.0,7450.0,7854.0,24970.0,8254.0,35064.0,-17116.0,-26810.0,7454.92,7453.5
2026-07-28 22:31:00,,7425.0,,7450.0,7375.0,7550.0,7471.02,,,,,7635.0,7120.0,7475.0,7460.0,7500.0,7490.0,7420.0,7450.0,7874.0,25004.0,8259.0,35081.0,-17130.0,-26822.0,7454.91,7452.25
2026-07-28 22:32:00,,7425.0,,7450.0,7375.0,7550.0,7445.04,,,,,7635.0,7110.0,7475.0,7460.0,7500.0,7490.0,7420.0,7450.0,7886.0,25006.0,8274.0,35098.0,-17121.0,-26824.0,7454.93,7455.0
2026-07-28 22:33:00,,7425.0,,7450.0,7375.0,7550.0,7445.04,,,,,7635.0,7110.0,7475.0,7460.0,7500.0,7490.0,7420.0,7450.0,7888.0,25014.0,8275.0,35105.0,-17126.0,-26830.0,7454.98,7455.5
2026-07-28 22:34:00,,7425.0,,7450.0,7375.0,7550.0,7445.04,,,,,7635.0,7110.0,7475.0,7460.0,7500.0,7490.0,7420.0,7450.0,7889.0,25019.0,8290.0,35108.0,-17130.0,-26818.0,7454.98,7456.0
2026-07-28 22:35:00,,7425.0,,7450.0,7375.0,7550.0,7445.04,,,,,7635.0,7110.0,7475.0,7460.0,7500.0,7490.0,7420.0,7450.0,7889.0,25027.0,8290.0,35108.0,-17138.0,-26819.0,7455.0,7456.75
2026-07-28 22:36:00,7500.0,,,7450.0,7375.0,7550.0,7445.03,,,,,7635.0,7110.0,7475.0,7460.0,7500.0,7490.0,7420.0,7450.0,7891.0,25028.0,8290.0,35118.0,-17137.0,-26829.0,7454.98,7457.25
2026-07-28 22:37:00,,7425.0,,7450.0,7375.0,7550.0,7445.04,,,,,7635.0,7110.0,7475.0,7460.0,7500.0,7490.0,7420.0,7450.0,7897.0,25033.0,8291.0,35119.0,-17136.0,-26828.0,7454.99,7456.25
2026-07-28 22:38:00,,7425.0,,7450.0,7375.0,7550.0,7445.03,,,,,7635.0,7110.0,7475.0,7460.0,7500.0,7490.0,7420.0,7450.0,7919.0,25033.0,8294.0,35119.0,-17114.0,-26825.0,7454.96,7455.5
2026-07-28 22:39:00,,7425.0,,7450.0,7375.0,7550.0,7445.03,,,,,7635.0,7110.0,7475.0,7460.0,7500.0,7490.0,7420.0,7450.0,7928.0,25036.0,8310.0,35120.0,-17109.0,-26810.0,7454.92,7453.75
2026-07-28 22:40:00,,7425.0,,7450.0,7375.0,7550.0,7445.04,,,,,7635.0,7110.0,7475.0,7460.0,7500.0,7490.0,7420.0,7450.0,7932.0,25036.0,8360.0,35174.0,-17105.0,-26814.0,7454.94,7454.0
2026-07-28 22:41:00,,7425.0,,7450.0,7375.0,7550.0,7445.04,,,,,7635.0,7110.0,7475.0,7460.0,7500.0,7490.0,7420.0,7450.0,7934.0,25066.0,8412.0,35227.0,-17133.0,-26815.0,7454.96,7453.75
2026-07-28 22:42:00,,7425.0,,7450.0,7375.0,7550.0,7445.04,,,,,7635.0,7110.0,7475.0,7460.0,7500.0,7490.0,7420.0,7450.0,7934.0,25104.0,8412.0,35232.0,-17171.0,-26819.0,7454.95,7453.25
2026-07-28 22:43:00,,7425.0,,7450.0,7375.0,7550.0,7445.04,,,,,7635.0,7110.0,7475.0,7460.0,7500.0,7490.0,7420.0,7450.0,7948.0,25126.0,8412.0,35234.0,-17178.0,-26822.0,7454.99,7453.75
2026-07-28 22:44:00,,7425.0,,7450.0,7375.0,7550.0,7445.04,,,,,7635.0,7110.0,7475.0,7460.0,7500.0,7490.0,7420.0,7450.0,7950.0,25129.0,8414.0,35236.0,-17179.0,-26821.0,7454.96,7453.75
2026-07-28 22:45:00,,7425.0,,7450.0,7375.0,7550.0,7445.02,,,,,7635.0,7110.0,7475.0,7460.0,7500.0,7490.0,7420.0,7450.0,7950.0,25153.0,8416.0,35240.0,-17203.0,-26824.0,7454.98,7455.0
2026-07-28 22:46:00,,7425.0,,7450.0,7375.0,7550.0,7445.04,,,,,7635.0,7110.0,7475.0,7460.0,7500.0,7490.0,7420.0,7450.0,7952.0,25154.0,8419.0,35242.0,-17202.0,-26823.0,7454.96,7455.0
2026-07-28 22:47:00,,7425.0,,7450.0,7375.0,7550.0,7445.04,,,,,7635.0,7110.0,7475.0,7460.0,7500.0,7490.0,7420.0,7450.0,7952.0,25156.0,8420.0,35242.0,-17204.0,-26822.0,7454.99,7456.5
2026-07-28 22:48:00,,7425.0,,7450.0,7375.0,7550.0,7445.04,,,,,7635.0,7110.0,7475.0,7460.0,7500.0,7490.0,7420.0,7450.0,7954.0,25156.0,8431.0,35246.0,-17202.0,-26815.0,7454.94,7453.75
2026-07-28 22:49:00,,7425.0,,7450.0,7375.0,7550.0,7445.04,,,,,7635.0,7110.0,7475.0,7460.0,7500.0,7490.0,7420.0,7450.0,7956.0,25162.0,8438.0,35246.0,-17206.0,-26808.0,7454.92,7453.25
2026-07-28 22:50:00,,7425.0,,7450.0,7375.0,7550.0,7445.04,,,,,7635.0,7110.0,7475.0,7460.0,7500.0,7490.0,7420.0,7450.0,7958.0,25162.0,8458.0,35262.0,-17204.0,-26805.0,7454.94,7452.75
2026-07-28 22:51:00,,7425.0,,7450.0,7375.0,7550.0,7445.04,,,,,7635.0,7110.0,7475.0,7460.0,7500.0,7490.0,7420.0,7450.0,7992.0,25162.0,8489.0,35265.0,-17170.0,-26776.0,7454.94,7449.25
2026-07-28 22:52:00,,7425.0,,7450.0,7375.0,7550.0,7470.73,,,,,7635.0,7110.0,7475.0,7460.0,7500.0,7490.0,7420.0,7450.0,8024.0,25176.0,8548.0,35266.0,-17152.0,-26718.0,7445.07,7447.25
2026-07-28 22:53:00,,7425.0,,7450.0,7375.0,7550.0,7470.73,,,,,7635.0,7110.0,7475.0,7460.0,7500.0,7490.0,7420.0,7450.0,8040.0,25183.0,8553.0,35284.0,-17143.0,-26731.0,7445.02,7447.5
2026-07-28 22:54:00,,7425.0,,7450.0,7375.0,7550.0,7445.07,,,,,7635.0,7110.0,7475.0,7460.0,7500.0,7490.0,7420.0,7450.0,8044.0,25190.0,8579.0,35291.0,-17146.0,-26712.0,7445.02,7447.75
2026-07-28 22:55:00,,7425.0,,7450.0,7375.0,7550.0,7445.05,,,,,7635.0,7110.0,7475.0,7460.0,7500.0,7490.0,7420.0,7450.0,8076.0,25196.0,8586.0,35294.0,-17119.0,-26709.0,7445.07,7446.25
2026-07-28 22:56:00,,7425.0,,7450.0,7375.0,7550.0,7445.04,,,,,7635.0,7110.0,7475.0,7460.0,7500.0,7490.0,7420.0,7450.0,8078.0,25200.0,8590.0,35298.0,-17123.0,-26707.0,7445.09,7446.5
2026-07-28 22:57:00,,7425.0,,7450.0,7375.0,7550.0,7445.06,,,,,7635.0,7110.0,7475.0,7460.0,7500.0,7490.0,7420.0,7450.0,8102.0,25202.0,8598.0,35298.0,-17099.0,-26700.0,7445.07,7447.0
2026-07-28 22:58:00,,7425.0,,7450.0,7375.0,7550.0,7445.06,,,,,7635.0,7110.0,7475.0,7460.0,7500.0,7490.0,7420.0,7450.0,8136.0,25206.0,8602.0,35310.0,-17070.0,-26707.0,7445.04,7447.25
2026-07-28 22:59:00,,7425.0,,7450.0,7375.0,7550.0,7445.06,,,,,7635.0,7110.0,7475.0,7460.0,7500.0,7490.0,7420.0,7450.0,8142.0,25208.0,8606.0,35310.0,-17066.0,-26705.0,7445.06,7447.0
2026-07-28 23:00:00,,7425.0,,7450.0,7375.0,7550.0,7444.61,,,,,7635.0,7110.0,7475.0,7460.0,7500.0,7490.0,7450.0,7450.0,8158.0,25222.0,8614.0,35315.0,-17065.0,-26701.0,7444.1,7444.5
2026-07-28 23:01:00,,7425.0,,7450.0,7375.0,7550.0,7444.36,,,,,7635.0,7110.0,7475.0,7460.0,7500.0,7490.0,7450.0,7450.0,8162.0,25254.0,8622.0,35331.0,-17091.0,-26709.0,7444.57,7444.5
2026-07-28 23:02:00,,7425.0,,7450.0,7375.0,7550.0,7445.21,,,,,7635.0,7110.0,7475.0,7460.0,7500.0,7490.0,7450.0,7450.0,8170.0,25292.0,8622.0,35340.0,-17122.0,-26718.0,7445.04,7446.5
2026-07-28 23:03:00,,7400.0,,7450.0,7375.0,7550.0,7444.38,,,,,7635.0,7110.0,7475.0,7460.0,7500.0,7490.0,7450.0,7450.0,8184.0,25292.0,8625.0,35341.0,-17108.0,-26716.0,7444.3,7444.5
2026-07-28 23:04:00,,7400.0,,7450.0,7375.0,7550.0,7445.21,,,,,7635.0,7110.0,7475.0,7460.0,7500.0,7490.0,7450.0,7450.0,8192.0,25292.0,8630.0,35344.0,-17101.0,-26715.0,7445.02,7445.0
2026-07-28 23:05:00,,7400.0,,7450.0,7375.0,7550.0,7445.21,,,,,7635.0,7110.0,7475.0,7460.0,7500.0,7490.0,7450.0,7450.0,8219.0,25293.0,8636.0,35344.0,-17074.0,-26708.0,7445.02,7445.25
2026-07-28 23:06:00,,7400.0,,7450.0,7375.0,7550.0,7445.22,,,,,7635.0,7110.0,7475.0,7460.0,7500.0,7490.0,7450.0,7450.0,8224.0,25300.0,8640.0,35350.0,-17076.0,-26711.0,7445.02,7445.0
2026-07-28 23:07:00,,7400.0,,7450.0,7375.0,7550.0,7445.22,,,,,7635.0,7110.0,7475.0,7460.0,7500.0,7490.0,7450.0,7450.0,8224.0,25304.0,8640.0,35356.0,-17079.0,-26715.0,7439.22,7445.25
2026-07-28 23:08:00,,7400.0,,7450.0,7375.0,7550.0,7445.21,,,,,7635.0,7110.0,7475.0,7460.0,7500.0,7490.0,7450.0,7450.0,8238.0,25309.0,8643.0,35382.0,-17071.0,-26739.0,7439.21,7446.0
2026-07-28 23:09:00,,7425.0,,7450.0,7375.0,7550.0,7445.21,,,,,7635.0,7110.0,7475.0,7460.0,7500.0,7490.0,7450.0,7450.0,8259.0,25336.0,8644.0,35397.0,-17077.0,-26753.0,7439.21,7447.75
2026-07-28 23:10:00,,7425.0,,7450.0,7375.0,7550.0,7445.2,,,,,7635.0,7110.0,7475.0,7460.0,7500.0,7490.0,7450.0,7450.0,8260.0,25338.0,8648.0,35397.0,-17079.0,-26749.0,7439.25,7446.75
2026-07-28 23:11:00,,7400.0,,7450.0,7375.0,7550.0,7444.34,,,,,7635.0,7110.0,7475.0,7460.0,7500.0,7490.0,7450.0,7450.0,8262.0,25342.0,8752.0,35400.0,-17079.0,-26649.0,7439.26,7444.75
2026-07-28 23:12:00,,7400.0,,7450.0,7375.0,7550.0,7445.2,,,,,7635.0,7110.0,7475.0,7460.0,7500.0,7490.0,7450.0,7450.0,8268.0,25346.0,8757.0,35412.0,-17079.0,-26655.0,7439.21,7446.25
2026-07-28 23:13:00,,7400.0,,7450.0,7375.0,7550.0,7445.2,,,,,7635.0,7110.0,7475.0,7460.0,7500.0,7490.0,7450.0,7450.0,8276.0,25346.0,8772.0,35418.0,-17071.0,-26646.0,7439.22,7445.0
2026-07-28 23:14:00,,7400.0,,7450.0,7375.0,7550.0,7444.42,,,,,7635.0,7110.0,7475.0,7460.0,7500.0,7490.0,7450.0,7450.0,8276.0,25346.0,8910.0,35502.0,-17071.0,-26592.0,7439.22,7444.25
2026-07-28 23:15:00,,7400.0,,7450.0,7375.0,7550.0,7444.47,,,,,7635.0,7110.0,7475.0,7460.0,7500.0,7490.0,7450.0,7450.0,8289.0,25349.0,8914.0,35504.0,-17060.0,-26590.0,7444.15,7443.5
2026-07-28 23:16:00,,7400.0,,7450.0,7375.0,7550.0,7444.51,,,,,7635.0,7110.0,7475.0,7460.0,7500.0,7490.0,7450.0,7450.0,8290.0,25351.0,8916.0,35524.0,-17061.0,-26608.0,7444.33,7443.25
2026-07-28 23:17:00,,7400.0,,7450.0,7375.0,7550.0,7444.49,,,,,7635.0,7110.0,7475.0,7460.0,7500.0,7490.0,7450.0,7450.0,8327.0,25351.0,8938.0,35528.0,-17024.0,-26591.0,7444.34,7443.0
2026-07-28 23:18:00,,7400.0,,7450.0,7375.0,7550.0,7444.47,,,,,7635.0,7110.0,7475.0,7460.0,7500.0,7490.0,7450.0,7450.0,8334.0,25356.0,8944.0,35532.0,-17022.0,-26587.0,7444.6,7443.5
2026-07-28 23:19:00,,7400.0,,7450.0,7375.0,7550.0,7445.2,,,,,7635.0,7110.0,7475.0,7460.0,7500.0,7490.0,7450.0,7450.0,8348.0,25372.0,8944.0,35534.0,-17024.0,-26589.0,7444.6,7445.25
2026-07-28 23:20:00,,7400.0,,7450.0,7375.0,7550.0,7444.45,,,,,7635.0,7110.0,7475.0,7460.0,7500.0,7490.0,7450.0,7450.0,8372.0,25382.0,8948.0,35536.0,-17010.0,-26588.0,7439.16,7444.0
2026-07-28 23:21:00,,7400.0,,7450.0,7375.0,7550.0,7444.52,,,,,7635.0,7110.0,7475.0,7460.0,7500.0,7490.0,7450.0,7450.0,8374.0,25382.0,8956.0,35538.0,-17009.0,-26581.0,7439.16,7443.25
2026-07-28 23:22:00,,7425.0,,7450.0,7375.0,7550.0,7445.2,,,,,7635.0,7110.0,7475.0,7460.0,7500.0,7490.0,7450.0,7450.0,8374.0,25384.0,8958.0,35546.0,-17010.0,-26587.0,7439.13,7446.0
2026-07-28 23:23:00,,7425.0,,7450.0,7375.0,7550.0,7445.19,,,,,7635.0,7110.0,7475.0,7460.0,7500.0,7490.0,7450.0,7450.0,8374.0,25386.0,8960.0,35546.0,-17012.0,-26586.0,7439.17,7445.75
2026-07-28 23:24:00,,7425.0,,7450.0,7375.0,7550.0,7445.19,,,,,7635.0,7110.0,7475.0,7460.0,7500.0,7490.0,7450.0,7450.0,8386.0,25404.0,8964.0,35548.0,-17018.0,-26584.0,7439.11,7447.0
2026-07-28 23:25:00,,7425.0,,7450.0,7375.0,7550.0,7445.18,,,,,7635.0,7110.0,7475.0,7460.0,7500.0,7490.0,7450.0,7450.0,8400.0,25407.0,8972.0,35550.0,-17007.0,-26579.0,7439.18,7446.25
2026-07-28 23:26:00,,7425.0,,7450.0,7375.0,7550.0,7445.19,,,,,7635.0,7110.0,7475.0,7460.0,7500.0,7490.0,7450.0,7450.0,8400.0,25410.0,8972.0,35550.0,-17010.0,-26578.0,7439.18,7447.25
2026-07-28 23:27:00,,7425.0,,7450.0,7375.0,7550.0,7445.19,,,,,7635.0,7110.0,7475.0,7460.0,7500.0,7490.0,7450.0,7450.0,8423.0,25430.0,8994.0,35562.0,-17007.0,-26568.0,7439.15,7446.75
2026-07-28 23:28:00,,7425.0,,7450.0,7375.0,7550.0,7445.18,,,,,7635.0,7110.0,7475.0,7460.0,7500.0,7490.0,7450.0,7450.0,8429.0,25436.0,9010.0,35568.0,-17007.0,-26557.0,7439.27,7446.0
2026-07-28 23:29:00,,7425.0,,7450.0,7375.0,7550.0,7444.46,,,,,7635.0,7110.0,7475.0,7460.0,7500.0,7490.0,7450.0,7450.0,8435.0,25445.0,9012.0,35570.0,-17010.0,-26559.0,7439.29,7444.0
2026-07-28 23:30:00,,7425.0,,7450.0,7375.0,7550.0,7445.18,,,,,7635.0,7110.0,7475.0,7460.0,7500.0,7490.0,7450.0,7450.0,8436.0,25451.0,9012.0,35574.0,-17015.0,-26563.0,7439.29,7445.0
2026-07-28 23:31:00,,7400.0,,7450.0,7375.0,7550.0,7444.45,,,,,7635.0,7110.0,7475.0,7460.0,7500.0,7490.0,7450.0,7450.0,8441.0,25452.0,9030.0,35574.0,-17011.0,-26544.0,7444.82,7444.0
2026-07-28 23:32:00,,7400.0,,7450.0,7375.0,7550.0,7444.41,,,,,7635.0,7110.0,7475.0,7460.0,7500.0,7490.0,7450.0,7450.0,8445.0,25452.0,9040.0,35574.0,-17007.0,-26534.0,7444.82,7443.75
2026-07-28 23:33:00,,7400.0,,7450.0,7375.0,7550.0,7444.35,,,,,7635.0,7110.0,7475.0,7460.0,7500.0,7490.0,7450.0,7450.0,8451.0,25454.0,9044.0,35588.0,-17003.0,-26543.0,7439.2,7444.0
2026-07-28 23:34:00,,7400.0,,7450.0,7375.0,7550.0,7444.47,,,,,7635.0,7110.0,7475.0,7460.0,7500.0,7490.0,7450.0,7450.0,8471.0,25458.0,9050.0,35596.0,-16987.0,-26545.0,7439.2,7443.25
2026-07-28 23:35:00,,7400.0,,7450.0,7375.0,7550.0,7444.42,,,,,7635.0,7110.0,7475.0,7460.0,7500.0,7490.0,7450.0,7450.0,8473.0,25462.0,9050.0,35604.0,-16989.0,-26553.0,7439.18,7443.75
2026-07-28 23:36:00,,7425.0,,7450.0,7375.0,7550.0,7445.2,,,,,7635.0,7110.0,7475.0,7460.0,7500.0,7490.0,7450.0,7450.0,8478.0,25476.0,9054.0,35614.0,-16998.0,-26560.0,7439.09,7446.5
2026-07-28 23:37:00,,7425.0,,7450.0,7375.0,7550.0,7445.21,,,,,7635.0,7110.0,7475.0,7460.0,7500.0,7490.0,7450.0,7450.0,8481.0,25476.0,9056.0,35617.0,-16995.0,-26561.0,7439.06,7446.5
2026-07-28 23:38:00,,7425.0,,7450.0,7375.0,7550.0,7445.21,,,,,7635.0,7110.0,7475.0,7460.0,7500.0,7490.0,7450.0,7450.0,8497.0,25480.0,9064.0,35618.0,-16983.0,-26554.0,7439.16,7446.0
2026-07-28 23:39:00,,7425.0,,7450.0,7375.0,7550.0,7445.2,,,,,7635.0,7110.0,7475.0,7460.0,7500.0,7490.0,7450.0,7450.0,8498.0,25488.0,9068.0,35620.0,-16990.0,-26552.0,7439.16,7445.25
2026-07-28 23:40:00,,7400.0,,7450.0,7375.0,7550.0,7444.49,,,,,7635.0,7110.0,7475.0,7460.0,7500.0,7490.0,7450.0,7450.0,8539.0,25491.0,9221.0,35620.0,-16952.0,-26399.0,7439.16,7442.0
2026-07-28 23:41:00,,7400.0,,7450.0,7375.0,7550.0,7444.42,,,,,7635.0,7110.0,7475.0,7460.0,7500.0,7490.0,7450.0,7450.0,8540.0,25492.0,9227.0,35620.0,-16952.0,-26393.0,7444.38,7443.0
2026-07-28 23:42:00,,7400.0,,7450.0,7375.0,7550.0,7444.42,,,,,7635.0,7110.0,7475.0,7460.0,7500.0,7490.0,7450.0,7450.0,8540.0,25492.0,9239.0,35621.0,-16952.0,-26382.0,7444.43,7442.5
2026-07-28 23:43:00,,7400.0,,7450.0,7375.0,7550.0,7444.46,,,,,7635.0,7110.0,7475.0,7460.0,7500.0,7490.0,7450.0,7450.0,8542.0,25509.0,9250.0,35640.0,-16967.0,-26390.0,7444.43,7441.25
2026-07-28 23:44:00,,7400.0,,7450.0,7375.0,7550.0,7444.46,,,,,7635.0,7110.0,7475.0,7460.0,7500.0,7490.0,7450.0,7450.0,8554.0,25511.0,9265.0,35642.0,-16957.0,-26377.0,7439.25,7440.5
2026-07-28 23:45:00,,7400.0,,7450.0,7375.0,7550.0,7444.5,,,,,7635.0,7110.0,7475.0,7460.0,7500.0,7490.0,7450.0,7450.0,8601.0,25556.0,9288.0,35653.0,-16955.0,-26365.0,7439.25,7440.25
2026-07-28 23:46:00,,7400.0,,7450.0,7375.0,7550.0,7444.44,,,,,7635.0,7110.0,7475.0,7460.0,7500.0,7490.0,7450.0,7450.0,8622.0,25559.0,9288.0,35679.0,-16937.0,-26391.0,7439.25,7443.0
2026-07-28 23:47:00,,7400.0,,7450.0,7375.0,7550.0,7444.47,,,,,7635.0,7110.0,7475.0,7460.0,7500.0,7490.0,7450.0,7450.0,8623.0,25562.0,9290.0,35682.0,-16939.0,-26391.0,7444.22,7442.25
2026-07-28 23:48:00,,7400.0,,7450.0,7375.0,7550.0,7444.45,,,,,7635.0,7110.0,7475.0,7460.0,7500.0,7490.0,7450.0,7450.0,8623.0,25562.0,9290.0,35682.0,-16939.0,-26391.0,7444.44,7442.0
2026-07-28 23:49:00,,7400.0,,7450.0,7375.0,7550.0,7444.7,,,,,7635.0,7110.0,7475.0,7460.0,7500.0,7490.0,7450.0,7450.0,8623.0,25563.0,9311.0,35682.0,-16940.0,-26371.0,7444.44,7441.0
2026-07-28 23:50:00,,7400.0,,7450.0,7375.0,7550.0,7445.17,,,,,7635.0,7110.0,7475.0,7460.0,7500.0,7490.0,7450.0,7450.0,8650.0,25574.0,9311.0,35690.0,-16924.0,-26379.0,7439.12,7445.25
2026-07-28 23:51:00,,7425.0,,7450.0,7375.0,7550.0,7445.14,,,,,7635.0,7110.0,7475.0,7460.0,7500.0,7490.0,7450.0,7450.0,8650.0,25592.0,9323.0,35698.0,-16941.0,-26375.0,7439.12,7447.25
2026-07-28 23:52:00,,7425.0,,7450.0,7375.0,7550.0,7445.14,,,,,7635.0,7110.0,7475.0,7460.0,7500.0,7490.0,7450.0,7450.0,8660.0,25594.0,9342.0,35715.0,-16933.0,-26373.0,7439.12,7447.75
2026-07-28 23:53:00,,7425.0,,7450.0,7375.0,7550.0,7445.14,,,,,7635.0,7110.0,7475.0,7460.0,7500.0,7490.0,7450.0,7450.0,8678.0,25608.0,9352.0,35720.0,-16931.0,-26367.0,7445.02,7447.5
2026-07-28 23:54:00,,7425.0,,7450.0,7375.0,7550.0,7445.13,,,,,7635.0,7110.0,7475.0,7460.0,7500.0,7490.0,7450.0,7450.0,8684.0,25614.0,9352.0,35722.0,-16930.0,-26370.0,7445.04,7448.0
2026-07-28 23:55:00,,7425.0,,7450.0,7375.0,7550.0,7445.12,,,,,7635.0,7110.0,7475.0,7460.0,7500.0,7490.0,7450.0,7450.0,8686.0,25626.0,9354.0,35728.0,-16940.0,-26373.0,7445.07,7448.0
2026-07-28 23:56:00,,7425.0,7500.0,,7375.0,7550.0,7445.12,,,,,7635.0,7110.0,7475.0,7460.0,7500.0,7490.0,7450.0,7450.0,8815.0,25730.0,9484.0,36192.0,-16915.0,-26708.0,7445.07,7450.0
2026-07-28 23:57:00,,7425.0,,7450.0,7375.0,7550.0,7471.86,,,,,7635.0,7110.0,7475.0,7460.0,7500.0,7490.0,7450.0,7450.0,8827.0,25743.0,9488.0,36192.0,-16916.0,-26704.0,7445.02,7448.75
2026-07-28 23:58:00,,7425.0,7500.0,,7375.0,7550.0,7471.76,,,,,7635.0,7110.0,7475.0,7460.0,7500.0,7490.0,7450.0,7450.0,8830.0,25746.0,9494.0,36193.0,-16915.0,-26699.0,7445.02,7449.75
2026-07-29 00:00:00,,7425.0,,7450.0,7375.0,7550.0,7471.78,,,7450.0,,7635.0,7110.0,7450.0,7460.0,7500.0,7455.0,7450.0,7460.0,9435.0,8586.0,6530.0,10518.0,849.0,-3988.0,7445.02,7448.5
2026-07-29 00:01:00,,7425.0,7500.0,,7375.0,7550.0,7471.63,,,,,7635.0,7110.0,7450.0,7460.0,7500.0,7455.0,7450.0,7460.0,9435.0,8587.0,6530.0,10518.0,848.0,-3988.0,7445.02,7451.5
2026-07-29 00:02:00,,7425.0,7500.0,,7375.0,7550.0,7471.61,,,,,7635.0,7110.0,7450.0,7460.0,7500.0,7455.0,7450.0,7460.0,9444.0,8612.0,6534.0,10526.0,832.0,-3992.0,7455.06,7452.25
2026-07-29 00:03:00,,7425.0,7500.0,,7375.0,7550.0,7471.5,,,,,7635.0,7110.0,7450.0,7460.0,7500.0,7455.0,7450.0,7460.0,9453.0,8618.0,6536.0,10526.0,835.0,-3991.0,7455.06,7453.5
2026-07-29 00:04:00,,7425.0,7500.0,,7375.0,7550.0,7471.66,,,,,7635.0,7110.0,7450.0,7460.0,7500.0,7455.0,7450.0,7460.0,9456.0,8618.0,6536.0,10528.0,838.0,-3992.0,7454.99,7452.5
2026-07-29 00:05:00,,7425.0,7500.0,,7375.0,7550.0,7471.7,,,,,7635.0,7110.0,7450.0,7460.0,7500.0,7455.0,7450.0,7460.0,9458.0,8618.0,6540.0,10530.0,840.0,-3989.0,7454.99,7450.25
2026-07-29 00:06:00,,7425.0,7500.0,,7375.0,7550.0,7471.55,,,,,7635.0,7110.0,7450.0,7460.0,7500.0,7455.0,7450.0,7460.0,9461.0,8632.0,6540.0,10534.0,829.0,-3994.0,7454.99,7453.5
2026-07-29 00:07:00,,7425.0,7500.0,,7375.0,7550.0,7471.58,,,,,7635.0,7110.0,7450.0,7460.0,7500.0,7455.0,7450.0,7460.0,9462.0,8656.0,6542.0,10570.0,806.0,-4028.0,7454.98,7454.75
2026-07-29 00:08:00,,7425.0,7500.0,,7375.0,7550.0,7471.29,,,,,7635.0,7110.0,7450.0,7460.0,7500.0,7455.0,7450.0,7460.0,9509.0,8657.0,6542.0,10588.0,852.0,-4045.0,7455.01,7457.25
2026-07-29 00:09:00,7500.0,,7500.0,,7375.0,7550.0,7471.41,,,,,7635.0,7110.0,7450.0,7460.0,7500.0,7455.0,7450.0,7460.0,9523.0,8669.0,6544.0,10596.0,854.0,-4052.0,7455.06,7458.25
2026-07-29 00:10:00,,7425.0,7500.0,,7375.0,7550.0,7471.5,,,,,7635.0,7110.0,7450.0,7460.0,7500.0,7455.0,7450.0,7460.0,9524.0,8685.0,6548.0,10596.0,839.0,-4049.0,7454.99,7457.25
2026-07-29 00:11:00,7500.0,,7500.0,,7450.0,7550.0,7471.32,,,,,7635.0,7110.0,7450.0,7460.0,7500.0,7455.0,7450.0,7460.0,9524.0,8692.0,6548.0,10596.0,832.0,-4049.0,7454.99,7458.75
2026-07-29 00:12:00,7500.0,,7500.0,,7450.0,7550.0,7471.24,,,,,7635.0,7110.0,7450.0,7460.0,7500.0,7455.0,7450.0,7460.0,9545.0,8694.0,6560.0,10598.0,851.0,-4038.0,7461.47,7458.75
2026-07-29 00:13:00,7500.0,,7500.0,,7450.0,7550.0,7471.31,,,,,7635.0,7110.0,7450.0,7460.0,7500.0,7455.0,7450.0,7460.0,9546.0,8714.0,6561.0,10607.0,833.0,-4046.0,7461.52,7460.25
2026-07-29 00:14:00,7500.0,,7500.0,,7450.0,7550.0,7471.41,,,,,7635.0,7110.0,7450.0,7460.0,7500.0,7455.0,7450.0,7460.0,9550.0,8728.0,6581.0,10617.0,821.0,-4036.0,7461.55,7460.25
2026-07-29 00:15:00,7500.0,,7500.0,,7375.0,7550.0,7471.48,,,,,7635.0,7110.0,7450.0,7460.0,7500.0,7455.0,7450.0,7460.0,9552.0,8730.0,6587.0,10619.0,822.0,-4032.0,7461.55,7458.0
2026-07-29 00:16:00,7500.0,,7500.0,,7375.0,7550.0,7471.57,,,,,7635.0,7110.0,7450.0,7460.0,7500.0,7455.0,7450.0,7460.0,9552.0,8736.0,6598.0,10634.0,816.0,-4036.0,7454.99,7458.0
2026-07-29 00:17:00,,7425.0,7500.0,,7375.0,7550.0,7471.58,,,,,7635.0,7110.0,7450.0,7460.0,7500.0,7455.0,7450.0,7460.0,9578.0,8736.0,6616.0,10644.0,841.0,-4028.0,7454.98,7456.75
2026-07-29 00:18:00,,7425.0,7500.0,,7375.0,7550.0,7471.6,,,,,7635.0,7110.0,7450.0,7460.0,7500.0,7455.0,7450.0,7460.0,9578.0,8736.0,6642.0,10644.0,842.0,-4002.0,7454.96,7456.0
2026-07-29 00:19:00,,7425.0,7500.0,,7375.0,7550.0,7471.76,,,,,7635.0,7110.0,7450.0,7460.0,7500.0,7455.0,7450.0,7460.0,9584.0,8740.0,6647.0,10648.0,844.0,-4001.0,7454.93,7455.5
2026-07-29 00:20:00,,7425.0,7500.0,,7375.0,7550.0,7471.48,,,,,7635.0,7110.0,7450.0,7460.0,7500.0,7455.0,7450.0,7460.0,9584.0,8742.0,6652.0,10655.0,842.0,-4003.0,7455.06,7457.5
2026-07-29 00:21:00,,7425.0,7500.0,,7375.0,7550.0,7471.68,,,,,7635.0,7110.0,7450.0,7460.0,7500.0,7455.0,7450.0,7460.0,9587.0,8743.0,6657.0,10660.0,844.0,-4003.0,7454.97,7456.25
2026-07-29 00:22:00,7500.0,,7500.0,,7450.0,7550.0,7471.5,,,,,7635.0,7110.0,7450.0,7460.0,7500.0,7455.0,7450.0,7460.0,9587.0,8745.0,6657.0,10664.0,842.0,-4007.0,7454.97,7458.5
2026-07-29 00:23:00,7500.0,,7500.0,,7450.0,7550.0,7471.5,,,,,7635.0,7110.0,7450.0,7460.0,7500.0,7455.0,7450.0,7460.0,9587.0,8749.0,6665.0,10664.0,838.0,-3999.0,7461.49,7458.5
2026-07-29 00:24:00,7500.0,,7500.0,,7450.0,7550.0,7471.57,,,,,7635.0,7110.0,7450.0,7460.0,7500.0,7455.0,7450.0,7460.0,9588.0,8752.0,6666.0,10666.0,836.0,-3999.0,7461.52,7459.0
2026-07-29 00:25:00,7500.0,,7500.0,,7450.0,7550.0,7471.5,,,,,7635.0,7110.0,7450.0,7460.0,7500.0,7455.0,7450.0,7460.0,9596.0,8752.0,6672.0,10672.0,844.0,-4000.0,7461.54,7459.25
2026-07-29 00:26:00,7500.0,,7500.0,,7450.0,7550.0,7471.32,,,,,7635.0,7110.0,7450.0,7460.0,7500.0,7455.0,7450.0,7460.0,9598.0,8752.0,6678.0,10676.0,845.0,-3999.0,7461.56,7460.25
2026-07-29 00:27:00,7500.0,,7500.0,,7450.0,7550.0,7471.38,,,,,7635.0,7110.0,7450.0,7460.0,7500.0,7455.0,7450.0,7460.0,9598.0,8760.0,6678.0,10684.0,838.0,-4007.0,7461.6,7460.25
2026-07-29 00:28:00,7500.0,,7500.0,,7450.0,7550.0,7471.36,,,,,7635.0,7110.0,7450.0,7460.0,7500.0,7455.0,7450.0,7460.0,9607.0,8765.0,6680.0,10684.0,842.0,-4004.0,7461.58,7460.25
2026-07-29 00:29:00,7500.0,,7500.0,,7450.0,7550.0,7471.3,,,,,7635.0,7110.0,7450.0,7460.0,7500.0,7455.0,7450.0,7460.0,9609.0,8778.0,6682.0,10688.0,831.0,-4006.0,7461.56,7460.25
2026-07-29 00:30:00,,7425.0,7500.0,,7375.0,7550.0,7471.59,,,,,7635.0,7110.0,7450.0,7460.0,7500.0,7455.0,7450.0,7460.0,9609.0,8778.0,6682.0,10689.0,831.0,-4007.0,7461.56,7457.25
2026-07-29 00:31:00,7500.0,,7500.0,,7450.0,7550.0,7471.51,,,,,7635.0,7110.0,7450.0,7460.0,7500.0,7455.0,7450.0,7460.0,9611.0,8778.0,6686.0,10690.0,833.0,-4004.0,7461.7,7458.75
2026-07-29 00:32:00,7500.0,,7500.0,,7450.0,7550.0,7471.53,,,,,7635.0,7110.0,7450.0,7460.0,7500.0,7455.0,7450.0,7460.0,9611.0,8778.0,6689.0,10692.0,833.0,-4003.0,7461.71,7458.5
2026-07-29 00:33:00,7500.0,,7500.0,,7450.0,7550.0,7471.53,,,,,7635.0,7110.0,7450.0,7460.0,7500.0,7455.0,7450.0,7460.0,9611.0,8778.0,6690.0,10692.0,833.0,-4002.0,7461.71,7458.5
2026-07-29 00:34:00,7500.0,,7500.0,,7450.0,7550.0,7471.44,,,,,7635.0,7110.0,7450.0,7460.0,7500.0,7455.0,7450.0,7460.0,9612.0,8798.0,6690.0,10695.0,814.0,-4005.0,7461.59,7459.75
2026-07-29 00:35:00,7500.0,,7500.0,,7450.0,7550.0,7471.43,,,,,7635.0,7110.0,7450.0,7460.0,7500.0,7455.0,7450.0,7460.0,9613.0,8802.0,6690.0,10695.0,811.0,-4005.0,7461.59,7460.5
2026-07-29 00:36:00,7500.0,,7500.0,,7450.0,7550.0,7471.43,,,,,7635.0,7110.0,7450.0,7460.0,7500.0,7455.0,7450.0,7460.0,9659.0,8927.0,6700.0,10704.0,732.0,-4005.0,7461.53,7462.0
2026-07-29 00:37:00,7500.0,,7500.0,,7450.0,7550.0,7464.97,,,,,7635.0,7110.0,7450.0,7460.0,7500.0,7455.0,7450.0,7460.0,9702.0,8930.0,6710.0,10728.0,772.0,-4018.0,7461.59,7461.75
2026-07-29 00:38:00,7500.0,,7500.0,,7450.0,7550.0,7464.97,,,,,7635.0,7110.0,7450.0,7460.0,7500.0,7455.0,7450.0,7460.0,9702.0,8930.0,6712.0,10742.0,772.0,-4030.0,7461.56,7461.5
2026-07-29 00:39:00,7500.0,,7500.0,,7450.0,7550.0,7464.97,,,,,7635.0,7110.0,7450.0,7460.0,7500.0,7455.0,7450.0,7460.0,9706.0,8936.0,6712.0,10742.0,770.0,-4030.0,7461.56,7461.5
2026-07-29 00:40:00,7500.0,,7500.0,,7450.0,7550.0,7464.99,,,,,7635.0,7110.0,7450.0,7460.0,7500.0,7455.0,7450.0,7460.0,9724.0,8952.0,6714.0,10771.0,772.0,-4057.0,7461.62,7460.75
2026-07-29 00:41:00,7500.0,,7500.0,,7450.0,7550.0,7464.99,,,,,7635.0,7110.0,7450.0,7460.0,7500.0,7455.0,7450.0,7460.0,9724.0,8952.0,6715.0,10772.0,773.0,-4057.0,7461.73,7459.25
2026-07-29 00:42:00,7500.0,,7500.0,,7450.0,7550.0,7464.97,,,,,7635.0,7110.0,7450.0,7460.0,7500.0,7455.0,7450.0,7460.0,9728.0,8956.0,6718.0,10774.0,773.0,-4057.0,7461.54,7461.75
2026-07-29 00:43:00,7500.0,,7500.0,,7450.0,7550.0,7464.97,,,,,7635.0,7110.0,7450.0,7460.0,7500.0,7455.0,7450.0,7460.0,9732.0,8964.0,6718.0,10774.0,769.0,-4057.0,7461.57,7461.25
2026-07-29 00:44:00,7500.0,,7500.0,,7450.0,7550.0,7471.6,,,,,7635.0,7110.0,7450.0,7460.0,7500.0,7455.0,7450.0,7460.0,9734.0,8964.0,6718.0,10774.0,770.0,-4057.0,7461.66,7460.0
2026-07-29 00:45:00,7500.0,,7500.0,,7450.0,7550.0,7471.56,,,,,7635.0,7110.0,7450.0,7460.0,7500.0,7455.0,7450.0,7460.0,9746.0,8964.0,6728.0,10774.0,782.0,-4047.0,7461.64,7460.25
2026-07-29 00:46:00,7500.0,,7500.0,,7450.0,7550.0,7471.51,,,,,7635.0,7110.0,7450.0,7460.0,7500.0,7455.0,7450.0,7460.0,9747.0,8964.0,6731.0,10778.0,783.0,-4047.0,7461.6,7461.25
2026-07-29 00:47:00,7500.0,,7500.0,,7450.0,7550.0,7471.51,,,,,7635.0,7110.0,7450.0,7460.0,7500.0,7455.0,7450.0,7460.0,9747.0,8968.0,6731.0,10778.0,779.0,-4047.0,7461.54,7461.5
2026-07-29 00:48:00,7500.0,,7500.0,,7450.0,7550.0,7464.99,,,,,7635.0,7110.0,7450.0,7460.0,7500.0,7455.0,7450.0,7460.0,9748.0,8969.0,6733.0,10781.0,779.0,-4048.0,7461.6,7460.5
2026-07-29 00:49:00,7500.0,,7500.0,,7450.0,7550.0,7464.99,,,,,7635.0,7110.0,7450.0,7460.0,7500.0,7455.0,7450.0,7460.0,9757.0,8969.0,6737.0,10781.0,788.0,-4044.0,7461.69,7460.0
2026-07-29 00:50:00,7500.0,,7500.0,,7450.0,7550.0,7464.99,,,,,7635.0,7110.0,7450.0,7460.0,7500.0,7455.0,7450.0,7460.0,9757.0,8969.0,6742.0,10784.0,788.0,-4042.0,7461.62,7460.5
2026-07-29 00:51:00,7500.0,,7500.0,,7450.0,7550.0,7464.99,,,,,7635.0,7110.0,7450.0,7460.0,7500.0,7455.0,7450.0,7460.0,9761.0,8969.0,6744.0,10784.0,792.0,-4041.0,7461.65,7460.0
2026-07-29 00:52:00,7500.0,,7500.0,,7450.0,7550.0,7471.73,,,,,7635.0,7110.0,7450.0,7460.0,7500.0,7455.0,7450.0,7460.0,9762.0,8970.0,6750.0,10786.0,792.0,-4035.0,7461.65,7458.25
2026-07-29 00:53:00,7500.0,,7500.0,,7450.0,7550.0,7471.53,,,,,7635.0,7110.0,7450.0,7460.0,7500.0,7455.0,7450.0,7460.0,9764.0,8973.0,6751.0,10786.0,791.0,-4035.0,7461.66,7459.25
2026-07-29 00:54:00,7500.0,,7500.0,,7450.0,7550.0,7471.41,,,,,7635.0,7110.0,7450.0,7460.0,7500.0,7455.0,7450.0,7460.0,9764.0,8974.0,6751.0,10788.0,790.0,-4037.0,7461.59,7461.0
2026-07-29 00:55:00,7500.0,,7500.0,,7450.0,7550.0,7471.52,,,,,7635.0,7110.0,7450.0,7460.0,7500.0,7455.0,7450.0,7460.0,9784.0,8974.0,6771.0,10788.0,810.0,-4017.0,7461.69,7459.5
2026-07-29 00:56:00,7500.0,,7500.0,,7450.0,7550.0,7471.65,,,,,7635.0,7110.0,7450.0,7460.0,7500.0,7455.0,7450.0,7460.0,9788.0,8978.0,6774.0,10788.0,810.0,-4014.0,7461.69,7458.5
2026-07-29 00:57:00,,7425.0,7500.0,,7375.0,7550.0,7471.65,,,,,7635.0,7110.0,7450.0,7460.0,7500.0,7455.0,7450.0,7460.0,9942.0,8982.0,6777.0,10789.0,960.0,-4012.0,7461.69,7457.25
2026-07-29 00:58:00,,7425.0,7500.0,,7375.0,7550.0,7464.34,,,,,7635.0,7110.0,7450.0,7460.0,7500.0,7455.0,7450.0,7460.0,9944.0,8982.0,6782.0,10796.0,962.0,-4014.0,7454.92,7457.0
2026-07-29 00:59:00,,7425.0,7500.0,,7375.0,7550.0,7464.32,,,,,7635.0,7110.0,7450.0,7460.0,7500.0,7455.0,7450.0,7460.0,9946.0,8982.0,6786.0,10805.0,963.0,-4019.0,7454.94,7457.25
2026-07-29 01:00:00,,7425.0,7500.0,,7375.0,7550.0,7464.32,,,,,7635.0,7110.0,7450.0,7460.0,7500.0,7455.0,7450.0,7460.0,9946.0,8982.0,6802.0,10806.0,963.0,-4003.0,7454.92,7456.75
2026-07-29 01:01:00,,7425.0,7500.0,,7375.0,7550.0,7464.23,,,,,7635.0,7110.0,7450.0,7460.0,7500.0,7455.0,7450.0,7460.0,9946.0,8984.0,6804.0,10806.0,963.0,-4001.0,7454.94,7458.0
2026-07-29 01:02:00,,7425.0,7500.0,,7375.0,7550.0,7464.31,,,,,7635.0,7110.0,7450.0,7460.0,7500.0,7455.0,7450.0,7460.0,9956.0,8984.0,6804.0,10814.0,972.0,-4009.0,7454.91,7457.0
