2025-05-28 22:09:00,9170702721.69184,15804771686.8233,266061.969704109,928734,-426311.180809934,-484979.67,22722.9229727821,-118539.73,597.2
2025-05-28 22:10:00,9192451900.39035,15913555027.4042,0,0,0,0,0,0,597.21
2025-05-28 22:11:00,9231332699.17102,11600941020.1929,0,0,0,0,0,0,597.48
2025-05-28 22:12:00,9346765395.45473,11849919471.7814,0,0,0,0,0,0,597.53
2025-05-28 22:13:00,9053433100.97739,11897154283.2714,0,0,0,0,0,0,597.71
2025-05-28 22:14:00,9166213727.57573,12251807197.9966,0,0,0,0,0,0,597.75
2025-05-28 22:15:00,9094735004.11857,12090661842.5241,0,0,0,0,0,0,597.74
2025-05-28 22:16:00,9182236894.87938,12316849680.0305,0,0,0,0,0,0,597.76
2025-05-28 22:17:00,9013826993.16984,11720555271.8579,0,0,0,0,0,0,597.68
2025-05-28 22:18:00,9463001111.6723,12296199391.1212,0,0,0,0,0,0,597.63
2025-05-28 22:19:00,9183563344.06554,12325035811.8786,0,0,0,0,0,0,597.76
2025-05-28 22:20:00,9069642959.06345,11960610238.26,0,0,0,0,0,0,597.72
2025-05-28 22:21:00,9466196488.47777,12245926289.6681,0,0,0,0,0,0,597.61
2025-05-28 22:22:00,9399973240.79509,12017299595.2152,0,0,0,0,0,0,597.56
2025-05-28 22:23:00,9112424822.76576,11303071496.0626,0,0,0,0,0,0,597.41
2025-05-28 22:24:00,9030633647.78109,11105056752.9115,0,0,0,0,0,0,597.36
2025-05-28 22:25:00,8922897631.73064,10849519052.4786,0,0,0,0,0,0,597.29
2025-05-28 22:26:00,8866295857.15557,10441053986.6078,0,0,0,0,0,0,597.27
2025-05-28 22:27:00,8866311250.79192,10443014133.5331,0,0,0,0,0,0,597.27
2025-05-28 22:28:00,8952054244.23098,10923745540.1558,0,0,0,0,0,0,597.31
2025-05-28 22:29:00,8968509748.32908,10962553426.944,0,0,0,0,0,0,597.32
2025-05-28 22:30:00,9097726043.93375,11274749340.0674,0,0,0,0,0,0,597.4
2025-05-28 22:31:00,9177561364.94506,15834559572.978,0,0,0,0,0,0,597.2
2025-05-28 22:32:00,9105584068.62481,15323634051.1773,0,0,0,0,0,0,597.17
2025-05-28 22:33:00,8797473442.54103,13431163739.9677,0,0,0,0,0,0,597.03
2025-05-28 22:34:00,8819409080.89547,10346840612.1727,0,0,0,0,0,0,597.23
2025-05-28 22:36:00,9130373708.12851,15507344338.9599,0,0,0,0,0,0,597.18
2025-05-28 22:37:00,9116722881.87688,11324713401.6304,0,0,0,0,0,0,597.41
2025-05-28 22:38:00,9117057915.2088,11322737646.5817,0,0,0,0,0,0,597.41
2025-05-28 22:39:00,9003019943.89265,11046652193.367,0,0,0,0,0,0,597.34
2025-05-28 22:40:00,8912404435.69761,14117417105.2311,0,0,0,0,0,0,597.09
2025-05-28 22:41:00,8933543969.67157,14249460479.597,0,0,0,0,0,0,597.1
2025-05-28 22:42:00,8913132821.30512,14123479249.1981,0,0,0,0,0,0,597.09
2025-05-28 22:43:00,8996972262.94592,14676828316.846,0,0,0,0,0,0,597.13
2025-05-28 22:44:00,8836239159.55601,13660579750.0458,0,0,0,0,0,0,597.05
2025-05-28 22:45:00,8671334409.68604,12755792627.51,0,0,0,0,0,0,596.95
2025-05-28 22:46:00,8503073445.25873,12066566345.3465,0,0,0,0,0,0,596.88
2025-05-28 22:47:00,8654043307.36721,12682362666.4183,0,0,0,0,0,0,596.94
2025-05-28 22:48:00,8561014740.76861,12374620680.1646,0,0,0,0,0,0,596.91
2025-05-28 22:49:00,8502821742.07807,12109815019.323,0,0,0,0,0,0,596.87
2025-05-28 22:50:00,8686600029.98019,12840034936.8171,0,0,0,0,0,0,596.96
2025-05-28 22:51:00,8548007452.2448,12312098729.2189,0,0,0,0,0,0,596.9
2025-05-28 22:52:00,8575468722.11447,12450042122.1304,0,0,0,0,0,0,596.92
2025-05-28 22:53:00,8478467478.26317,11999430439.3494,0,0,0,0,0,0,596.85
2025-05-28 22:54:00,8518893823.00592,12181084101.987,0,0,0,0,0,0,596.88
2025-05-28 22:55:00,8533086587.65895,12243892626.8014,0,0,0,0,0,0,596.89
2025-05-28 22:56:00,8548889616.32613,12317312756.8252,0,0,0,0,0,0,596.9
2025-05-28 22:57:00,8520408633.03997,12190782392.1135,0,0,0,0,0,0,596.88
2025-05-28 22:58:00,8752295300.32872,13175305798.3913,0,0,0,0,0,0,597
2025-05-28 22:59:00,8576992081.24583,12449815883.2266,0,0,0,0,0,0,596.92
2025-05-28 23:00:00,8658075624.47869,12701955397.2641,0,0,0,0,0,0,596.94
2025-05-28 23:01:00,8840400533.38788,13667138041.5203,0,0,0,0,0,0,597.05
2025-05-28 23:02:00,8960422261.67481,14411124820.7864,0,0,0,0,0,0,597.11
2025-05-28 23:03:00,8898363978.28198,14011630979.2777,0,0,0,0,0,0,597.08
2025-05-28 23:04:00,8897384168.05931,14015674687.2409,0,0,0,0,0,0,597.08
2025-05-28 23:05:00,8897739843.19033,14019435853.8269,0,0,0,0,0,0,597.08
2025-05-28 23:06:00,8981727323.20222,14557005364.7284,0,0,0,0,0,0,597.12
2025-05-28 23:07:00,8920974254.06639,14150646997.264,0,0,0,0,0,0,597.09
2025-05-28 23:08:00,8959949448.63803,14410731350.3224,0,0,0,0,0,0,597.11
2025-05-28 23:09:00,8940080312.6938,14264991300.3839,0,0,0,0,0,0,597.1
2025-05-28 23:10:00,8981767312.54453,14549617715.3297,0,0,0,0,0,0,597.12
2025-05-28 23:11:00,8940760528.55985,14269015675.972,0,0,0,0,0,0,597.1
2025-05-28 23:12:00,9005594076.26252,14711363496.0482,0,0,0,0,0,0,597.13
2025-05-28 23:13:00,9004304390.32998,14692636585.2437,0,0,0,0,0,0,597.13
2025-05-28 23:14:00,9091768543.29522,15192224300.0729,0,0,0,0,0,0,597.16
2025-05-28 23:15:00,9091879880.45904,15196047637.4689,0,0,0,0,0,0,597.16
2025-05-28 23:16:00,9066741513.73538,15019559555.367,0,0,0,0,0,0,597.15
2025-05-28 23:17:00,8675640255.0425,12789898859.8224,0,0,0,0,0,0,596.95
2025-05-28 23:18:00,8597830593.86628,12550225032.9308,0,0,0,0,0,0,596.93
2025-05-28 23:19:00,8740702614.79541,13117398797.4511,0,0,0,0,0,0,596.99
2025-05-28 23:20:00,8963947463.71671,14413292791.6321,0,0,0,0,0,0,597.11
2025-05-28 23:21:00,8964187951.35771,14417142448.9945,0,0,0,0,0,0,597.11
2025-05-28 23:22:00,8828443435.1136,13590651991.7683,0,0,0,0,0,0,597.04
2025-05-28 23:23:00,9118273733.31927,15377302082.5778,0,0,0,0,0,0,597.17
2025-05-28 23:24:00,9067864852.14632,15021795901.7558,0,0,0,0,0,0,597.15
2025-05-28 23:25:00,8922854203.75162,14155009467.8792,0,0,0,0,0,0,597.09
2025-05-28 23:26:00,8525092832.19297,12220933816.1545,0,0,0,0,0,0,596.88
2025-05-28 23:27:00,8553853433.67882,12352558065.3845,0,0,0,0,0,0,596.9
2025-05-28 23:28:00,8759759949.13402,13218278431.4539,0,0,0,0,0,0,597
2025-05-28 23:29:00,8847817539.77601,13693954444.9876,0,0,0,0,0,0,597.05
2025-05-28 23:30:00,9119324726.29152,15377317844.8142,0,0,0,0,0,0,597.17
2025-05-28 23:31:00,9072139788.13227,15048639202.1782,0,0,0,0,0,0,597.15
2025-05-28 23:32:00,8986821828.49242,14565300768.4367,0,0,0,0,0,0,597.12
2025-05-28 23:33:00,8570985252.37278,12430099146.8411,0,0,0,0,0,0,596.91
2025-05-28 23:34:00,8555756298.33628,12363981463.1199,0,0,0,0,0,0,596.9
2025-05-28 23:36:00,8555993075.82766,12365563928.0243,0,0,0,0,0,0,596.9
2025-05-28 23:37:00,8571217157.39437,12430035817.8327,0,0,0,0,0,0,596.91
2025-05-28 23:38:00,8527385488.74164,12236681488.0543,0,0,0,0,0,0,596.88
2025-05-28 23:39:00,8849741075.83755,13711438444.6703,0,0,0,0,0,0,597.05
2025-05-28 23:40:00,8850061411.11089,13711467118.1498,0,0,0,0,0,0,597.05
2025-05-28 23:41:00,8988132618.89783,14570270984.2526,0,0,0,0,0,0,597.12
2025-05-28 23:42:00,9075104506.05897,15039549387.0323,0,0,0,0,0,0,597.15
2025-05-28 23:43:00,8968675727.93011,14448296384.4372,0,0,0,0,0,0,597.11
2025-05-28 23:44:00,8859494672.67834,10474932964.6829,0,0,0,0,0,0,597.25
2025-05-28 23:45:00,8961545970.67708,10997442398.5308,0,0,0,0,0,0,597.3
2025-05-28 23:46:00,8959238904.26789,10995952987.0344,0,0,0,0,0,0,597.3
2025-05-28 23:47:00,9036362571.6883,11177902117.155,0,0,0,0,0,0,597.35
2025-05-28 23:48:00,9036884205.40607,11180500982.4777,0,0,0,0,0,0,597.35
2025-05-28 23:49:00,9037352386.82132,11179574745.0806,0,0,0,0,0,0,597.35
2025-05-28 23:50:00,9037818683.28208,11182269697.2739,0,0,0,0,0,0,597.35
2025-05-28 23:51:00,8959418878.29581,11003392779.9404,0,0,0,0,0,0,597.3
2025-05-28 23:52:00,8874954068.01336,10516940891.7623,0,0,0,0,0,0,597.26
2025-05-28 23:53:00,8931575525.46383,10939429683.0823,0,0,0,0,0,0,597.28
2025-05-28 23:54:00,8976784139.89643,11044102897.2267,0,0,0,0,0,0,597.31
2025-05-28 23:55:00,8977474921.0884,11043471828.3295,0,0,0,0,0,0,597.31
2025-05-28 23:56:00,9009201694.22901,11117673049.5264,0,0,0,0,0,0,597.33
2025-05-28 23:57:00,9257579522.61236,11735664129.4086,0,0,0,0,0,0,597.48
2025-05-28 23:58:00,9258348621.93651,11734049323.5434,0,0,0,0,0,0,597.48
2025-05-28 23:59:00,9122270059.106,11389409712.1238,0,0,0,0,0,0,597.4
2025-05-29 00:00:00,9106748224.79472,11350600756.526,0,0,0,0,0,0,597.39
2025-05-29 00:01:00,8978702511.92216,11055080487.8355,0,0,0,0,0,0,597.31
2025-05-29 00:02:00,8934590849.22708,10951472626.8453,0,0,0,0,0,0,597.28
2025-05-29 00:03:00,8934077883.58498,10952558120.4845,0,0,0,0,0,0,597.28
2025-05-29 00:04:00,9058159253.68096,11240075546.8962,0,0,0,0,0,0,597.36
2025-05-29 00:05:00,8964038819.14134,11023309333.7934,0,0,0,0,0,0,597.3
2025-05-29 00:06:00,9016421612.70044,14749309133.0174,0,0,0,0,0,0,597.13
2025-05-29 00:07:00,9079154410.68869,15059503079.3048,0,0,0,0,0,0,597.15
2025-05-29 00:08:00,8965498047.97304,11027866045.7251,0,0,0,0,0,0,597.3
2025-05-29 00:09:00,8996996837.48328,11100517036.4905,0,0,0,0,0,0,597.32
2025-05-29 00:10:00,9028198336.72758,11171482019.2037,0,0,0,0,0,0,597.34
2025-05-29 00:11:00,8966388317.94218,11034891852.0268,0,0,0,0,0,0,597.3
2025-05-29 00:12:00,8966832301.53831,11034463786.0331,0,0,0,0,0,0,597.3
2025-05-29 00:13:00,8967139773.878,11036771110.8428,0,0,0,0,0,0,597.3
2025-05-29 00:14:00,8966215598.15709,11037249296.8394,0,0,0,0,0,0,597.3
2025-05-29 00:15:00,9046132137.40967,11219780860.9252,0,0,0,0,0,0,597.35
2025-05-29 00:16:00,9046396782.71249,11218679660.5009,0,0,0,0,0,0,597.35
2025-05-29 00:17:00,9430640399.03479,12152534675.3565,0,0,0,0,0,0,597.56
2025-05-29 00:18:00,9507799716.46427,12426831940.2633,0,0,0,0,0,0,597.62
2025-05-29 00:19:00,9506860212.07859,12455880308.528,0,0,0,0,0,0,597.63
2025-05-29 00:20:00,9507736923.25565,12458570580.2067,0,0,0,0,0,0,597.63
2025-05-29 00:21:00,9043256548.39912,11847309135.4334,0,0,0,0,0,0,597.68
2025-05-29 00:22:00,9413680878.29571,12107404143.2069,0,0,0,0,0,0,597.55
2025-05-29 00:23:00,9414420988.52531,12110456927.5805,0,0,0,0,0,0,597.55
2025-05-29 00:24:00,9509929158.10637,12436136198.1885,0,0,0,0,0,0,597.62
2025-05-29 00:25:00,9509859895.9433,12438551618.1593,0,0,0,0,0,0,597.62
2025-05-29 00:26:00,9414766593.73662,12111364037.1923,0,0,0,0,0,0,597.55
2025-05-29 00:27:00,9414058149.3241,12112186898.2863,0,0,0,0,0,0,597.55
2025-05-29 00:28:00,9433255940.53956,12162465328.6202,0,0,0,0,0,0,597.56
2025-05-29 00:29:00,9415228010.35494,12112863970.0047,0,0,0,0,0,0,597.55
2025-05-29 00:30:00,9415552985.90088,12115508761.9422,0,0,0,0,0,0,597.55
2025-05-29 00:31:00,9434708833.04063,12171091504.8199,0,0,0,0,0,0,597.56
2025-05-29 00:32:00,9416345384.66464,12120945358.7001,0,0,0,0,0,0,597.55
2025-05-29 00:33:00,9417655539.91155,12118050393.9442,0,0,0,0,0,0,597.55
2025-05-29 00:34:00,9417835208.53127,12120073363.5882,0,0,0,0,0,0,597.55
2025-05-29 00:35:00,9418280418.8894,12122941956.6751,0,0,0,0,0,0,597.55
2025-05-29 00:36:00,9418604592.61946,12125471779.3373,0,0,0,0,0,0,597.55
2025-05-29 00:38:00,9419161898.73223,12128636871.3361,0,0,0,0,0,0,597.55
2025-05-29 00:39:00,9419429583.3322,12125670058.6433,0,0,0,0,0,0,597.55
2025-05-29 00:40:00,9453370170.8311,12230619236.0057,0,0,0,0,0,0,597.57
2025-05-29 00:41:00,9420448135.10639,12131608298.4162,0,0,0,0,0,0,597.55
2025-05-29 00:42:00,9306127487.74567,11883773983.3921,0,0,0,0,0,0,597.5
2025-05-29 00:43:00,9454215224.73997,12232653895.9879,0,0,0,0,0,0,597.57
2025-05-29 00:44:00,9047398759.79116,11868492611.3678,0,0,0,0,0,0,597.68
2025-05-29 00:45:00,9437977800.40136,12186761023.8332,0,0,0,0,0,0,597.56
2025-05-29 00:46:00,9420959447.69809,12137385831.3666,0,0,0,0,0,0,597.55
2025-05-29 00:47:00,9469172716.93767,12287484137.5546,0,0,0,0,0,0,597.58
2025-05-29 00:48:00,9515239455.9038,12493318736.0898,0,0,0,0,0,0,597.63
2025-05-29 00:48:00,9515809337.87698,12494958399.5133,0,0,0,0,0,0,597.63
2025-05-29 00:49:00,9516008966.63194,12496290826.2281,0,0,0,0,0,0,597.63
2025-05-29 00:50:00,9516320346.11633,12498372142.7365,0,0,0,0,0,0,597.63
2025-05-29 00:51:00,9516630845.77161,12500451249.9348,0,0,0,0,0,0,597.63
2025-05-29 00:52:00,9516940820.90934,12502530527.912,0,0,0,0,0,0,597.63
2025-05-29 00:53:00,9517249864.47071,12504607246.1781,0,0,0,0,0,0,597.63
2025-05-29 00:54:00,9517558330.72443,12506683784.4647,0,0,0,0,0,0,597.63
2025-05-29 00:55:00,9517866722.66807,12508763543.4966,0,0,0,0,0,0,597.63
2025-05-29 00:56:00,9518174028.57187,12510839705.8155,0,0,0,0,0,0,597.63
2025-05-29 00:57:00,9518481154.5117,12512918396.6052,0,0,0,0,0,0,597.63
2025-05-29 00:58:00,9518787494.51962,12514995523.823,0,0,0,0,0,0,597.63
2025-05-29 00:59:00,9519092847.82145,12517069720.6254,0,0,0,0,0,0,597.63
2025-05-29 01:00:00,9519398264.67019,12519148131.4224,0,0,0,0,0,0,597.63
2025-05-29 01:01:00,9519702692.14925,12521223601.2588,0,0,0,0,0,0,597.63
2025-05-29 01:02:00,9520006877.72232,12523301230.8131,0,0,0,0,0,0,597.63
2025-05-29 01:03:00,9520310221.45945,12525376930.0693,0,0,0,0,0,0,597.63
2025-05-29 01:04:00,9520612772.76695,12527451034.3649,0,0,0,0,0,0,597.63
2025-05-29 01:05:00,9520915224.06814,12529528301.9612,0,0,0,0,0,0,597.63
2025-05-29 01:06:00,9521216731.06305,12531602942.7516,0,0,0,0,0,0,597.63
2025-05-29 01:07:00,9521517935.00229,12533679373.997,0,0,0,0,0,0,597.63
2025-05-29 01:08:00,9521818291.27908,12535753848.1062,0,0,0,0,0,0,597.63
2025-05-29 01:09:00,9522117897.89979,12537827040.1916,0,0,0,0,0,0,597.63
2025-05-29 01:10:00,9522417342.07781,12539903025.2773,0,0,0,0,0,0,597.63
2025-05-29 01:11:00,9522715788.15184,12541976016.7897,0,0,0,0,0,0,597.63
2025-05-29 01:12:00,9523014017.62399,12544051448.9734,0,0,0,0,0,0,597.63
2025-05-29 01:13:00,9523311198.51231,12546123536.9331,0,0,0,0,0,0,597.63
2025-05-29 01:14:00,9523607720.61277,12548194994.7788,0,0,0,0,0,0,597.63
2025-05-29 01:15:00,9523904164.52876,12550269894.3508,0,0,0,0,0,0,597.63
2025-05-29 01:16:00,9524199605.65724,12552341773.0995,0,0,0,0,0,0,597.63
2025-05-29 01:17:00,9524494672.5706,12554415042.255,0,0,0,0,0,0,597.63
2025-05-29 01:18:00,9524788976.46865,12556486978.0557,0,0,0,0,0,0,597.63
2025-05-29 01:19:00,9525082516.53485,12558557574.9642,0,0,0,0,0,0,597.63
2025-05-29 01:20:00,9525376011.84504,12560631920.4371,0,0,0,0,0,0,597.63
2025-05-29 01:21:00,9525668116.0679,12562700501.1957,0,0,0,0,0,0,597.63
2025-05-29 01:22:00,9525960122.63804,12564772478.1444,0,0,0,0,0,0,597.63
2025-05-29 01:23:00,9526251120.4138,12566841395.4464,0,0,0,0,0,0,597.63
2025-05-29 01:24:00,9526541395.60685,12568909284.2005,0,0,0,0,0,0,597.63
2025-05-29 01:25:00,9526831801.68387,12570982244.982,0,0,0,0,0,0,597.63
2025-05-29 01:26:00,9527120863.31231,12573049754.0583,0,0,0,0,0,0,597.63
2025-05-29 01:27:00,9527409906.95679,12575121303.3406,0,0,0,0,0,0,597.63
2025-05-29 01:28:00,9527697653.30841,12577187729.5637,0,0,0,0,0,0,597.63
2025-05-29 01:29:00,9527984669.70294,12579253097.0044,0,0,0,0,0,0,597.63
2025-05-29 01:30:00,9528271612.381,12581322144.8157,0,0,0,0,0,0,597.63
2025-05-29 01:31:00,9528557773.00679,12583389781.3196,0,0,0,0,0,0,597.63
2025-05-29 01:32:00,9528843477.94689,12585458372.3039,0,0,0,0,0,0,597.63
2025-05-29 01:33:00,9529128211.08646,12587524184.4297,0,0,0,0,0,0,597.63
2025-05-29 01:34:00,9529412112.4477,12589588228.7021,0,0,0,0,0,0,597.63
2025-05-29 01:36:00,9529695877.90518,12591655578.4008,0,0,0,0,0,0,597.63
2025-05-29 01:37:00,9529978668.34765,12593720131.2092,0,0,0,0,0,0,597.63
2025-05-29 01:38:00,9530261084.97054,12595786281.9557,0,0,0,0,0,0,597.63
2025-05-29 01:39:00,9530542524.62803,12597849623.7802,0,0,0,0,0,0,597.63
2025-05-29 01:40:00,9530823217.73448,12599911843.1413,0,0,0,0,0,0,597.63
2025-05-29 01:41:00,9531103759.68154,12601977330.8597,0,0,0,0,0,0,597.63
2025-05-29 01:42:00,9531383275.17557,12604039652.7418,0,0,0,0,0,0,597.63
2025-05-29 01:43:00,9531662358.72733,12606103198.9182,0,0,0,0,0,0,597.63
2025-05-29 01:44:00,9531940596.75393,12608164919.4303,0,0,0,0,0,0,597.63
2025-05-29 01:45:00,9532217988.69351,12610224808.4059,0,0,0,0,0,0,597.63
2025-05-29 01:46:00,9532495259.54576,12612288265.4711,0,0,0,0,0,0,597.63
2025-05-29 01:47:00,9532771136.82404,12614345823.4407,0,0,0,0,0,0,597.63
2025-05-29 01:48:00,9533046797.24413,12616406259.0565,0,0,0,0,0,0,597.63
2025-05-29 01:49:00,9533322010.52078,12618467874.864,0,0,0,0,0,0,597.63
2025-05-29 01:50:00,9533596054.58829,12620525262.429,0,0,0,0,0,0,597.63
2025-05-29 01:51:00,9533869916.70469,12622585840.874,0,0,0,0,0,0,597.63
2025-05-29 01:52:00,9534142786.9705,12624643528.1949,0,0,0,0,0,0,597.63
2025-05-29 01:53:00,9534415156.10789,12626702028.8534,0,0,0,0,0,0,597.63
2025-05-29 01:54:00,9534686576.24365,12628757963.055,0,0,0,0,0,0,597.63
2025-05-29 01:55:00,9534957224.8536,12630812673.4657,0,0,0,0,0,0,597.63
2025-05-29 01:56:00,9535227587.28776,12632869860.2273,0,0,0,0,0,0,597.63
2025-05-29 01:57:00,9535497040.82653,12634924797.1682,0,0,0,0,0,0,597.63
2025-05-29 01:58:00,9535765981.30882,12636980509.4986,0,0,0,0,0,0,597.63
2025-05-29 01:59:00,9536034185.93521,12639035305.2759,0,0,0,0,0,0,597.63
2025-05-29 02:00:00,9536301259.03399,12641086148.0198,0,0,0,0,0,0,597.63
2025-05-29 02:01:00,9536568293.78102,12643141445.7083,0,0,0,0,0,0,597.63
2025-05-29 02:02:00,9536834194.20051,12645192776.4832,0,0,0,0,0,0,597.63
2025-05-29 02:03:00,9537099700.21674,12647245852.877,0,0,0,0,0,0,597.63
2025-05-29 02:04:00,9537364200.88953,12649295958.506,0,0,0,0,0,0,597.63
2025-05-29 02:05:00,9537627912.68573,12651344768.3785,0,0,0,0,0,0,597.63
2025-05-29 02:06:00,9537891308.32901,12653395971.4002,0,0,0,0,0,0,597.63
2025-05-29 02:07:00,9538153781.00245,12655444854.716,0,0,0,0,0,0,597.63
2025-05-29 02:08:00,9538415887.62303,12657495777.3085,0,0,0,0,0,0,597.63
2025-05-29 02:09:00,9538676768.48944,12659542015.462,0,0,0,0,0,0,597.63
2025-05-29 02:10:00,9538936894.67756,12661587256.4628,0,0,0,0,0,0,597.63
2025-05-29 02:11:00,9539196774.62507,12663635518.2292,0,0,0,0,0,0,597.63
2025-05-29 02:12:00,9539455596.96356,12665680417.7844,0,0,0,0,0,0,597.63
2025-05-29 02:13:00,9539714207.95248,12667728654.4444,0,0,0,0,0,0,597.63
2025-05-29 02:14:00,9539971547.39218,12669771838.363,0,0,0,0,0,0,597.63
2025-05-29 02:15:00,9540228038.20843,12671813315.9756,0,0,0,0,0,0,597.63
2025-05-29 02:16:00,9540484266.25622,12673857768.6253,0,0,0,0,0,0,597.63
2025-05-29 02:17:00,9540739598.55039,12675900162.9229,0,0,0,0,0,0,597.63
2025-05-29 02:18:00,9540994742.97285,12677946181.0616,0,0,0,0,0,0,597.63
2025-05-29 02:19:00,9541248155.10405,12679983432.9603,0,0,0,0,0,0,597.63
2025-05-29 02:20:00,9541501250.38261,12682023288.6393,0,0,0,0,0,0,597.63
2025-05-29 02:21:00,9541753899.14468,12684064733.3753,0,0,0,0,0,0,597.63
2025-05-29 02:22:00,9542005396.40684,12686102075.6995,0,0,0,0,0,0,597.63
2025-05-29 02:23:00,9542256893.76348,12688144663.6312,0,0,0,0,0,0,597.63
2025-05-29 02:24:00,9542506457.76931,12690176788.9549,0,0,0,0,0,0,597.63
2025-05-29 02:25:00,9542755689.27145,12692211471.1853,0,0,0,0,0,0,597.63
2025-05-29 02:26:00,9543004501.05668,12694248030.7134,0,0,0,0,0,0,597.63
2025-05-29 02:27:00,9543252401.02081,12696282453.8677,0,0,0,0,0,0,597.63
2025-05-29 02:28:00,9543499914.48275,12698319067.4433,0,0,0,0,0,0,597.63
2025-05-29 02:29:00,9543746188.85418,12700350861.2926,0,0,0,0,0,0,597.63
2025-05-29 02:30:00,9543991588.34428,12702380829.4963,0,0,0,0,0,0,597.63
2025-05-29 02:31:00,9544236833.51058,12704414957.8629,0,0,0,0,0,0,597.63
2025-05-29 02:32:00,9544480877.48382,12706444578.0836,0,0,0,0,0,0,597.63
2025-05-29 02:33:00,9544724797.85986,12708478668.293,0,0,0,0,0,0,597.63
2025-05-29 02:34:00,9544966997.86569,12710503911.3928,0,0,0,0,0,0,597.63
2025-05-29 02:35:00,9545208592.80761,12712529615.7646,0,0,0,0,0,0,597.63
2025-05-29 02:37:00,9545449894.66766,12714558428.7238,0,0,0,0,0,0,597.63
2025-05-29 02:38:00,9545690188.63775,12716584358.2236,0,0,0,0,0,0,597.63
2025-05-29 02:39:00,9545929592.39542,12718608393.7256,0,0,0,0,0,0,597.63
2025-05-29 02:40:00,9546168691.07434,12720635504.5309,0,0,0,0,0,0,597.63
2025-05-29 02:41:00,9546406465.04443,12722657053.1574,0,0,0,0,0,0,597.63
2025-05-29 02:42:00,9546643849.23911,12724680992.7376,0,0,0,0,0,0,597.63
2025-05-29 02:43:00,9546880218.39962,12726702007.9451,0,0,0,0,0,0,597.63
2025-05-29 02:44:00,9547115803.98418,12728722079.3995,0,0,0,0,0,0,597.63
2025-05-29 02:45:00,9547351949.10267,12730752783.9089,0,0,0,0,0,0,597.63
2025-05-29 02:46:00,9547584845.19402,12732761338.9193,0,0,0,0,0,0,597.63
2025-05-29 02:47:00,9547818332.87764,12734780836.985,0,0,0,0,0,0,597.63
2025-05-29 02:48:00,9548050721.62665,12736796706.9803,0,0,0,0,0,0,597.63
2025-05-29 02:49:00,9548282201.86629,12738810595.2386,0,0,0,0,0,0,597.63
2025-05-29 02:50:00,9548513377.08094,12740827777.2186,0,0,0,0,0,0,597.63
2025-05-29 02:51:00,9548743486.69303,12742841635.7006,0,0,0,0,0,0,597.63
2025-05-29 02:52:00,9548972418.55116,12744851174.7744,0,0,0,0,0,0,597.63
2025-05-29 02:53:00,9549201146.51547,12746864962.5301,0,0,0,0,0,0,597.63
2025-05-29 02:54:00,9549428804.89066,12748875401.3726,0,0,0,0,0,0,597.63
2025-05-29 02:55:00,9549655876.77292,12750886766.9403,0,0,0,0,0,0,597.63
2025-05-29 02:56:00,9549881876.47292,12752894766.5756,0,0,0,0,0,0,597.63
2025-05-29 02:57:00,9550106915.00409,12754900381.0522,0,0,0,0,0,0,597.63
2025-05-29 02:58:00,9550331505.78311,12756908206.4018,0,0,0,0,0,0,597.63
2025-05-29 02:59:00,9550555093.50704,12758913297.1579,0,0,0,0,0,0,597.63
2025-05-29 03:00:00,9550778078.83438,12760919259.2451,0,0,0,0,0,0,597.63
2025-05-29 03:01:00,9551000021.06598,12762922139.5932,0,0,0,0,0,0,597.63
2025-05-29 03:02:00,9551220992.59981,12764922587.4959,0,0,0,0,0,0,597.63
2025-05-29 03:03:00,9551441425.26103,12766924530.114,0,0,0,0,0,0,597.63
2025-05-29 03:04:00,9551660882.3805,12768924019.6546,0,0,0,0,0,0,597.63
2025-05-29 03:05:00,9551879685.15943,12770923995.9894,0,0,0,0,0,0,597.63
2025-05-29 03:06:00,9552097543.97932,12772921826.9191,0,0,0,0,0,0,597.63
2025-05-29 03:07:00,9552314280.1068,12774915867.7678,0,0,0,0,0,0,597.63
2025-05-29 03:08:00,9552530530.95547,12776911998.2283,0,0,0,0,0,0,597.63
2025-05-29 03:09:00,9552745831.97314,12778905953.6818,0,0,0,0,0,0,597.63
2025-05-29 03:10:00,9552960076.66896,12780896745.4931,0,0,0,0,0,0,597.63
2025-05-29 03:11:00,9553173824.22752,12782889588.597,0,0,0,0,0,0,597.63
2025-05-29 03:12:00,9553386650.27534,12784880552.0534,0,0,0,0,0,0,597.63
2025-05-29 03:13:00,9553598865.15593,12786872559.981,0,0,0,0,0,0,597.63
2025-05-29 03:14:00,9553809703.80082,12788858430.2081,0,0,0,0,0,0,597.63
2025-05-29 03:15:00,9554019617.04197,12790842393.3443,0,0,0,0,0,0,597.63
2025-05-29 03:16:00,9554229082.64191,12792828994.6093,0,0,0,0,0,0,597.63
2025-05-29 03:17:00,9554437513.20942,12794812687.9497,0,0,0,0,0,0,597.63
2025-05-29 03:18:00,9554645315.86152,12796797364.5462,0,0,0,0,0,0,597.63
2025-05-29 03:19:00,9554852011.58564,12798778462.6673,0,0,0,0,0,0,597.63
2025-05-29 03:20:00,9555057634.48946,12800756300.0696,0,0,0,0,0,0,597.63
2025-05-29 03:21:00,9555263123.48464,12802739949.1995,0,0,0,0,0,0,597.63
2025-05-29 03:22:00,9555466863.86131,12804713829.2919,0,0,0,0,0,0,597.63
2025-05-29 03:23:00,9555669894.82455,12806687985.0842,0,0,0,0,0,0,597.63
2025-05-29 03:24:00,9555872443.32085,12808664667.1217,0,0,0,0,0,0,597.63
2025-05-29 03:25:00,9556073809.47815,12810637064.5474,0,0,0,0,0,0,597.63
2025-05-29 03:26:00,9556274585.15783,12812610988.7329,0,0,0,0,0,0,597.63
2025-05-29 03:27:00,9556474143.19939,12814580286.0862,0,0,0,0,0,0,597.63
2025-05-29 03:28:00,9556672745.4805,12816547533.356,0,0,0,0,0,0,597.63
2025-05-29 03:29:00,9556870908.15876,12818517879.6508,0,0,0,0,0,0,597.63
2025-05-29 03:30:00,9557067784.61436,12820482925.1577,0,0,0,0,0,0,597.63
2025-05-29 03:31:00,9557264051.05817,12822449428.3296,0,0,0,0,0,0,597.63
2025-05-29 03:32:00,9557459349.62719,12824413831.3805,0,0,0,0,0,0,597.63
2025-05-29 03:33:00,9557653297.19007,12826372265.486,0,0,0,0,0,0,597.63
2025-05-29 03:34:00,9557846909.42987,12828335009.3734,0,0,0,0,0,0,597.63
2025-05-29 03:35:00,9558039325.64056,12830293369.9151,0,0,0,0,0,0,597.63
2025-05-29 03:36:00,9558231017.09268,12832252153.1873,0,0,0,0,0,0,597.63
2025-05-29 03:38:00,9558421604.20996,12834207495.992,0,0,0,0,0,0,597.63
2025-05-29 03:39:00,9558611180.05169,12836160351.2273,0,0,0,0,0,0,597.63
2025-05-29 03:40:00,9558800422.53239,12838117749.2707,0,0,0,0,0,0,597.63
2025-05-29 03:41:00,9558987968.35756,12840065593.2088,0,0,0,0,0,0,597.63
2025-05-29 03:42:00,9559175079.64349,12842016989.5934,0,0,0,0,0,0,597.63
2025-05-29 03:43:00,9559360985.80387,12843963932.0647,0,0,0,0,0,0,597.63
2025-05-29 03:44:00,9559545900.0525,12845908647.8224,0,0,0,0,0,0,597.63
2025-05-29 03:45:00,9559730151.77764,12847854631.6597,0,0,0,0,0,0,597.63
2025-05-29 03:46:00,9559913434.42863,12849798678.906,0,0,0,0,0,0,597.63
2025-05-29 03:47:00,9560095924.48328,12851742686.5285,0,0,0,0,0,0,597.63
2025-05-29 03:48:00,9560277142.39687,12853681550.7183,0,0,0,0,0,0,597.63
2025-05-29 03:49:00,9560457326.41135,12855617808.4876,0,0,0,0,0,0,597.63
2025-05-29 03:50:00,9560636944.51397,12857556527.1323,0,0,0,0,0,0,597.63
2025-05-29 03:51:00,9560815404.11847,12859491340.7259,0,0,0,0,0,0,597.63
2025-05-29 03:52:00,9560993053.95443,12861426043.5825,0,0,0,0,0,0,597.63
2025-05-29 03:53:00,9561169571.24136,12863357136.1879,0,0,0,0,0,0,597.63
2025-05-29 03:54:00,9561344984.6403,12865284926.3965,0,0,0,0,0,0,597.63
2025-05-29 03:55:00,9561519950.33537,12867216672.2089,0,0,0,0,0,0,597.63
2025-05-29 03:56:00,9561693491.48886,12869141611.4515,0,0,0,0,0,0,597.63
2025-05-29 03:57:00,9561866318.66654,12871067628.9989,0,0,0,0,0,0,597.63
2025-05-29 03:58:00,9562037975.44703,12872989661.6645,0,0,0,0,0,0,597.63
2025-05-29 03:59:00,9562208573.91332,12874908961.0139,0,0,0,0,0,0,597.63
2025-05-29 04:00:00,9562378445.61341,12876829289.8557,0,0,0,0,0,0,597.63
2025-05-29 04:01:00,9562547279.73315,12878747169.9281,0,0,0,0,0,0,597.63
2025-05-29 04:02:00,9562715321.14692,12880665414.0566,0,0,0,0,0,0,597.63
2025-05-29 04:03:00,9562882072.639,12882578356.9647,0,0,0,0,0,0,597.63
2025-05-29 04:04:00,9563047807.63348,12884489127.3803,0,0,0,0,0,0,597.63
2025-05-29 04:05:00,9563212927.77242,12886402406.739,0,0,0,0,0,0,597.63
2025-05-29 04:06:00,9563376726.91821,12888310038.1324,0,0,0,0,0,0,597.63
2025-05-29 04:07:00,9563539500.70915,12890215454.2584,0,0,0,0,0,0,597.63
2025-05-29 04:08:00,9563701643.37323,12892123322.2465,0,0,0,0,0,0,597.63
2025-05-29 04:09:00,9563862277.51532,12894023327.158,0,0,0,0,0,0,597.63
2025-05-29 04:10:00,9564022323.70045,12895926371.6867,0,0,0,0,0,0,597.63
2025-05-29 04:11:00,9564180810.6158,12897820915.5985,0,0,0,0,0,0,597.63
2025-05-29 04:12:00,9564338390.34602,12899714733.3874,0,0,0,0,0,0,597.63
2025-05-29 04:13:00,9564495416.51002,12901612152.3107,0,0,0,0,0,0,597.63
2025-05-29 04:14:00,9564650986.1229,12903502286.1018,0,0,0,0,0,0,597.63
2025-05-29 04:15:00,9564806040.17017,12905396597.9302,0,0,0,0,0,0,597.63
2025-05-29 04:16:00,9564959535.67053,12907282365.9122,0,0,0,0,0,0,597.63
2025-05-29 04:17:00,9565112103.7997,12909167323.2932,0,0,0,0,0,0,597.63
2025-05-29 04:18:00,9565263863.28111,12911052994.4778,0,0,0,0,0,0,597.63
2025-05-29 04:19:00,9565414486.48201,12912935345.5167,0,0,0,0,0,0,597.63
2025-05-29 04:20:00,9565564167.76721,12914816829.4909,0,0,0,0,0,0,597.63
2025-05-29 04:21:00,9565712683.52028,12916694657.2078,0,0,0,0,0,0,597.63
2025-05-29 04:22:00,9565860177.6834,12918570662.4191,0,0,0,0,0,0,597.63
2025-05-29 04:23:00,9566006694.38067,12920445442.3031,0,0,0,0,0,0,597.63
2025-05-29 04:24:00,9566151920.11685,12922314991.2741,0,0,0,0,0,0,597.63
2025-05-29 04:25:00,9566296516.96443,12924187880.4934,0,0,0,0,0,0,597.63
2025-05-29 04:26:00,9566439629.87034,12926053060.7554,0,0,0,0,0,0,597.63
2025-05-29 04:27:00,9566581706.29005,12927916341.3582,0,0,0,0,0,0,597.63
2025-05-29 04:28:00,9566722996.02633,12929781062.3854,0,0,0,0,0,0,597.63
2025-05-29 04:29:00,9566863009.09385,12931640792.6882,0,0,0,0,0,0,597.63
2025-05-29 04:30:00,9567002132.85845,12933500701.8041,0,0,0,0,0,0,597.63
2025-05-29 04:31:00,9567140021.93282,12935356202.895,0,0,0,0,0,0,597.63
2025-05-29 04:32:00,9567276743.76285,12937208198.4674,0,0,0,0,0,0,597.63
2025-05-29 04:33:00,9567412740.54602,12939062743.1342,0,0,0,0,0,0,597.63
2025-05-29 04:34:00,9567547274.7043,12940909804.3856,0,0,0,0,0,0,597.63
2025-05-29 04:35:00,9567681093.61042,12942759672.2919,0,0,0,0,0,0,597.63
2025-05-29 04:36:00,9567813427.62067,12944601733.8653,0,0,0,0,0,0,597.63
2025-05-29 04:37:00,9567944712.12126,12946442028.8903,0,0,0,0,0,0,597.63
2025-05-29 04:39:00,9568075261.75826,12948285058.923,0,0,0,0,0,0,597.63
2025-05-29 04:40:00,9568204325.7014,12950120251.5973,0,0,0,0,0,0,597.63
2025-05-29 04:41:00,9568332516.72904,12951956328.4918,0,0,0,0,0,0,597.63
2025-05-29 04:42:00,9568459473.04249,12953788155.612,0,0,0,0,0,0,597.63
2025-05-29 04:43:00,9568585215.03897,12955616022.567,0,0,0,0,0,0,597.63
2025-05-29 04:44:00,9568710108.54921,12957445306.775,0,0,0,0,0,0,597.63
2025-05-29 04:45:00,9568833739.38601,12959269995.1452,0,0,0,0,0,0,597.63
2025-05-29 04:46:00,9568956347.87285,12961093661.2329,0,0,0,0,0,0,597.63
2025-05-29 04:47:00,9569077828.70908,12962914790.2333,0,0,0,0,0,0,597.63
2025-05-29 04:48:00,9569197884.03134,12964728898.2766,0,0,0,0,0,0,597.63
2025-05-29 04:49:00,9569317101.83445,12966544905.2574,0,0,0,0,0,0,597.63
2025-05-29 04:50:00,9569435085.19167,12968356836.4851,0,0,0,0,0,0,597.63
2025-05-29 04:51:00,9569552062.13818,12970168237.4084,0,0,0,0,0,0,597.63
2025-05-29 04:52:00,9569667723.16478,12971974344.4005,0,0,0,0,0,0,597.63
2025-05-29 04:53:00,9569782163.22275,12973776628.5313,0,0,0,0,0,0,597.63
2025-05-29 04:54:00,9569895713.99429,12975580389.0473,0,0,0,0,0,0,597.63
2025-05-29 04:55:00,9570007924.51698,12977378516.0447,0,0,0,0,0,0,597.63
2025-05-29 04:56:00,9570119086.78829,12979175712.0513,0,0,0,0,0,0,597.63
2025-05-29 04:57:00,9570229050.33916,12980969599.7192,0,0,0,0,0,0,597.63
2025-05-29 04:58:00,9570337706.2598,12982758402.5605,0,0,0,0,0,0,597.63
2025-05-29 04:59:00,9570445423.96483,12984548263.3644,0,0,0,0,0,0,597.63
2025-05-29 05:00:00,9570551827.89567,12986333003.7843,0,0,0,0,0,0,597.63
2025-05-29 05:01:00,9570657159.24062,12988116703.3055,0,0,0,0,0,0,597.63
2025-05-29 05:02:00,9570761224.2114,12989896127.4467,0,0,0,0,0,0,597.63
2025-05-29 05:03:00,9570864005.24691,12991670972.5678,0,0,0,0,0,0,597.63
2025-05-29 05:04:00,9570965833.68002,12993447039.3186,0,0,0,0,0,0,597.63
2025-05-29 05:05:00,9571066288.06014,12995217035.2187,0,0,0,0,0,0,597.63
2025-05-29 05:06:00,9571165775.72865,12996988197.1028,0,0,0,0,0,0,597.63
2025-05-29 05:07:00,9571263821.02901,12998752099.2436,0,0,0,0,0,0,597.63
2025-05-29 05:08:00,9571360618.543,13000512207.3277,0,0,0,0,0,0,597.63
2025-05-29 05:09:00,9571456415.7635,13002273116.7154,0,0,0,0,0,0,597.63
2025-05-29 05:10:00,9571550939.46667,13004029897.1202,0,0,0,0,0,0,597.63
2025-05-29 05:11:00,9571644355.36631,13005785693.3695,0,0,0,0,0,0,597.63
2025-05-29 05:12:00,9571736340.55612,13007534453.4733,0,0,0,0,0,0,597.63
2025-05-29 05:13:00,9571827077.13063,13009279612.2819,0,0,0,0,0,0,597.63
2025-05-29 05:14:00,9571916795.94447,13011025723.5815,0,0,0,0,0,0,597.63
2025-05-29 05:15:00,9572005139.28442,13012765900.3327,0,0,0,0,0,0,597.63
2025-05-29 05:16:00,9572092378.91589,13014505546.0856,0,0,0,0,0,0,597.63
2025-05-29 05:17:00,9572178309.66969,13016240647.3208,0,0,0,0,0,0,597.63
2025-05-29 05:18:00,9572262972.02845,13017972041.5607,0,0,0,0,0,0,597.63
2025-05-29 05:19:00,9572346512.64251,13019702825.2308,0,0,0,0,0,0,597.63
2025-05-29 05:20:00,9572428587.73549,13021425897.1489,0,0,0,0,0,0,597.63
2025-05-29 05:21:00,9572509611.37457,13023150006.0388,0,0,0,0,0,0,597.63
2025-05-29 05:22:00,9572589259.27654,13024868348.796,0,0,0,0,0,0,597.63
2025-05-29 05:23:00,9572667813.6049,13026587100.7494,0,0,0,0,0,0,597.63
2025-05-29 05:24:00,9572745124.26272,13028303133.5725,0,0,0,0,0,0,597.63
2025-05-29 05:26:00,7034755491.26262,0,-266061.969704109,-928734,426311.180809934,484979.67,5272.63714611715,98171.91,594.7
2025-05-29 05:27:00,6986830004.04779,0,0,0,0,0,0,0,594.69
2025-05-29 05:28:00,7029442791.75215,0,0,0,0,0,0,0,594.67
2025-05-29 05:30:00,6955024188.77181,0,0,0,0,0,0,0,594.46
2025-05-29 05:31:00,9429253617.02944,0,0,0,0,0,0,0,594.68
2025-05-29 05:32:00,10209303653.6948,0,0,0,0,0,0,0,594.89
2025-05-29 05:33:00,10180986346.6354,0,0,0,0,0,0,0,594.88
2025-05-29 05:34:00,10154187612.779,0,0,0,0,0,0,0,594.87
2025-05-29 05:35:00,10381695205.5743,0,0,0,0,0,0,0,594.95
2025-05-29 05:36:00,10180676919.9856,0,0,0,0,0,0,0,594.9
2025-05-29 05:37:00,9786439335.98924,0,0,0,0,0,0,0,594.73
2025-05-29 05:38:00,10181872546.2408,0,0,0,0,0,0,0,594.53
2025-05-29 05:39:00,10324747328.9782,0,0,0,0,0,0,0,594.59
2025-05-29 05:40:00,10238963500.2694,0,0,0,0,0,0,0,594.55
2025-05-29 05:41:00,10143724172.7846,0,0,0,0,0,0,0,594.62
2025-05-29 05:42:00,10170218300.7681,0,0,0,0,0,0,0,594.63
2025-05-29 05:43:00,10323112793.2057,0,0,0,0,0,0,0,594.6
2025-05-29 05:44:00,10144324319.5118,0,0,0,0,0,0,0,594.62
2025-05-29 05:45:00,10153826144.2694,0,0,0,0,0,0,0,594.52
2025-05-29 05:46:00,10033146923.2806,0,0,0,0,0,0,0,594.48
2025-05-29 05:47:00,9300969830.72842,0,0,0,0,0,0,0,594.21
2025-05-29 05:48:00,9550010386.2773,0,0,0,0,0,0,0,594.31
2025-05-29 05:49:00,9800559396.66346,0,0,0,0,0,0,0,594.4
2025-05-29 05:50:00,9663762432.6141,0,0,0,0,0,0,0,594.35
2025-05-29 05:51:00,10094493418.0498,0,0,0,0,0,0,0,594.5
2025-05-29 05:52:00,10290927220.3101,0,0,0,0,0,0,0,594.61
2025-05-29 05:53:00,9692014674.37387,0,0,0,0,0,0,0,594.36
2025-05-29 05:54:00,9141971433.4775,0,0,0,0,0,0,0,594.14
2025-05-29 05:55:00,8904423871.48169,0,0,0,0,0,0,0,594.06
2025-05-29 05:56:00,9233793284.47173,0,0,0,0,0,0,0,594.18
2025-05-29 05:57:00,9719066648.90542,0,0,0,0,0,0,0,594.37
2025-05-29 05:58:00,9803578349.9676,0,0,0,0,0,0,0,594.4
2025-05-29 05:59:00,10095433187.2947,0,0,0,0,0,0,0,594.5
2025-05-29 06:00:00,10180654461.6573,0,0,0,0,0,0,0,594.51
2025-05-29 06:01:00,10038023739.5498,0,0,0,0,0,0,0,594.48
2025-05-29 06:02:00,10158715072.8172,0,0,0,0,0,0,0,594.52
2025-05-29 06:03:00,10217849864.4098,0,0,0,0,0,0,0,594.54
2025-05-29 06:04:00,9919783692.16742,0,0,0,0,0,0,0,594.44
2025-05-29 06:05:00,9309249852.0314,0,0,0,0,0,0,0,594.21
2025-05-29 06:06:00,9215963348.72769,0,0,0,0,0,0,0,594.17
2025-05-29 06:07:00,9834742254.46723,0,0,0,0,0,0,0,594.41
2025-05-29 06:08:00,9532190274.98834,0,0,0,0,0,0,0,594.3
2025-05-29 06:09:00,9558930420.77198,0,0,0,0,0,0,0,594.31
2025-05-29 06:10:00,9215333571.28555,0,0,0,0,0,0,0,594.17
2025-05-29 06:11:00,9430614169.70965,0,0,0,0,0,0,0,594.26
2025-05-29 06:12:00,9559256710.96407,0,0,0,0,0,0,0,594.31
2025-05-29 06:13:00,9892289682.79823,0,0,0,0,0,0,0,594.43
2025-05-29 06:14:00,9836124269.04081,0,0,0,0,0,0,0,594.41
2025-05-29 06:15:00,9981221525.20458,0,0,0,0,0,0,0,594.46
2025-05-29 06:16:00,10162747226.4446,0,0,0,0,0,0,0,594.52
2025-05-29 06:17:00,10103061605.2105,0,0,0,0,0,0,0,594.5
2025-05-29 06:18:00,10190296531.9931,0,0,0,0,0,0,0,594.53
2025-05-29 06:19:00,10191456871.4808,0,0,0,0,0,0,0,594.53
2025-05-29 07:14:00,7824970547.19765,0,0,0,0,0,0,0,592.31
2025-05-29 07:15:00,7912376329.31758,0,0,0,0,0,0,0,592.43
2025-05-29 07:16:00,7845143581.45855,0,0,0,0,0,0,0,592.32
2025-05-29 07:17:00,7477357282.57549,0,0,0,0,0,0,0,592.09
2025-05-29 07:18:00,7764088543.03606,0,0,0,0,0,0,0,592.28
2025-05-29 07:19:00,7552270766.44813,0,0,0,0,0,0,0,592.14
2025-05-29 07:20:00,7764229137.96661,0,0,0,0,0,0,0,592.28
2025-05-29 07:21:00,7340240792.22179,0,0,0,0,0,0,0,592.01
2025-05-29 07:22:00,7324108997.43385,0,0,0,0,0,0,0,592
2025-05-29 07:23:00,7802960156.05318,0,0,0,0,0,0,0,592.3
2025-05-29 07:24:00,7935284146.56178,0,0,0,0,0,0,0,592.37
2025-05-29 07:25:00,7947520509.53436,0,0,0,0,0,0,0,592.53
2025-05-29 07:26:00,8087735930.53978,0,0,0,0,0,0,0,592.68
2025-05-29 07:27:00,8015372812.84759,0,0,0,0,0,0,0,592.57
2025-05-29 07:28:00,7918213304.98875,0,0,0,0,0,0,0,592.36
2025-05-29 07:29:00,7899233317.56052,0,0,0,0,0,0,0,592.35
2025-05-29 07:30:00,7964882560.60498,0,0,0,0,0,0,0,592.54
2025-05-29 07:31:00,8449866737.81631,0,0,0,0,0,0,0,593.01
2025-05-29 07:32:00,8449909034.21031,0,0,0,0,0,0,0,593.01
2025-05-29 07:33:00,8135856726.2293,0,0,0,0,0,0,0,592.88
2025-05-29 07:34:00,8450114516.74632,0,0,0,0,0,0,0,593.01
2025-05-29 07:35:00,8303688742.00802,0,0,0,0,0,0,0,592.95
2025-05-29 07:36:00,8376938011.25465,0,0,0,0,0,0,0,592.98
2025-05-29 07:37:00,8063226947.96721,0,0,0,0,0,0,0,592.69
2025-05-29 07:38:00,7896211785.25977,0,0,0,0,0,0,0,592.5
2025-05-29 07:39:00,7535730741.23235,0,0,0,0,0,0,0,592.13
2025-05-29 07:40:00,7422256538.29264,0,0,0,0,0,0,0,592.06
2025-05-29 07:41:00,7168797364.52836,0,0,0,0,0,0,0,591.91
2025-05-29 07:42:00,6675167215.05507,0,0,0,0,0,0,0,591.79
2025-05-29 07:43:00,7037058768.86643,0,0,0,0,0,0,0,591.83
2025-05-29 07:44:00,7118243005.81941,0,0,0,0,0,0,0,591.88
2025-05-29 07:45:00,7567536338.09401,0,0,0,0,0,0,0,592.16
2025-05-29 07:46:00,7519319301.74853,0,0,0,0,0,0,0,592.2
2025-05-29 07:47:00,7858094125.07777,0,0,0,0,0,0,0,592.33
2025-05-29 07:48:00,7947478154.67456,0,0,0,0,0,0,0,592.38
2025-05-29 07:49:00,7777777226.46493,0,0,0,0,0,0,0,592.29
2025-05-29 07:50:00,7838430461.6726,0,0,0,0,0,0,0,592.32
2025-05-29 07:51:00,7558278923.00418,0,0,0,0,0,0,0,592.15
2025-05-29 07:52:00,8059119310.69553,0,0,0,0,0,0,0,592.6
2025-05-29 07:53:00,7931903179.22946,0,0,0,0,0,0,0,592.52
2025-05-29 07:54:00,8059260181.23702,0,0,0,0,0,0,0,592.6
2025-05-29 07:55:00,7912144220.88628,0,0,0,0,0,0,0,592.51
2025-05-29 07:56:00,7924866095.32029,0,0,0,0,0,0,0,592.43
2025-05-29 07:57:00,7959540214.05333,0,0,0,0,0,0,0,592.39
2025-05-29 07:58:00,7518214843.45242,0,0,0,0,0,0,0,592.2
2025-05-29 07:59:00,7716054983.22654,0,0,0,0,0,0,0,592.26
2025-05-29 08:00:00,7498107534.37829,0,0,0,0,0,0,0,592.19
2025-05-29 08:01:00,7517604481.10136,0,0,0,0,0,0,0,592.2
2025-05-29 08:02:00,7875331727.48698,0,0,0,0,0,0,0,592.34
2025-05-29 08:03:00,7931139541.95872,0,0,0,0,0,0,0,592.52
2025-05-29 08:04:00,7929954255.48778,0,0,0,0,0,0,0,592.37
2025-05-29 08:05:00,7966004704.22409,0,0,0,0,0,0,0,592.42
2025-05-29 08:06:00,7931236213.97837,0,0,0,0,0,0,0,592.52
2025-05-29 08:07:00,8059430074.58878,0,0,0,0,0,0,0,592.6
2025-05-29 08:08:00,7982162977.19889,0,0,0,0,0,0,0,592.55
2025-05-29 08:09:00,7913531734.26979,0,0,0,0,0,0,0,592.51
2025-05-29 08:10:00,7911348961.57926,0,0,0,0,0,0,0,592.36
2025-05-29 08:11:00,7515148324.45575,0,0,0,0,0,0,0,592.2
2025-05-29 08:12:00,7494688649.18271,0,0,0,0,0,0,0,592.19
2025-05-29 08:13:00,7841173813.61594,0,0,0,0,0,0,0,592.47
2025-05-29 08:14:00,7859378312.25396,0,0,0,0,0,0,0,592.48
2025-05-29 08:15:00,8084261622.45894,0,0,0,0,0,0,0,592.62
2025-05-29 08:16:00,7446769057.92838,0,0,0,0,0,0,0,592.72
2025-05-29 08:17:00,8184464140.93773,0,0,0,0,0,0,0,592.9
2025-05-29 08:18:00,8137913569.21684,0,0,0,0,0,0,0,592.88
2025-05-29 08:19:00,8328741352.82724,0,0,0,0,0,0,0,592.96
2025-05-29 08:20:00,8497783808.19758,0,0,0,0,0,0,0,593.03
2025-05-29 08:21:00,8523093721.40979,0,0,0,0,0,0,0,593.04
2025-05-29 08:22:00,8624438953.55018,0,0,0,0,0,0,0,593.1
2025-05-29 08:23:00,8222370439.53347,0,0,0,0,0,0,0,593.25
2025-05-29 08:24:00,8620706053.04905,0,0,0,0,0,0,0,593.11
2025-05-29 08:25:00,7549550548.78633,0,0,0,0,0,0,0,592.77
2025-05-29 08:27:00,7486316966.1473,0,0,0,0,0,0,0,592.74
2025-05-29 08:28:00,8115176752.35911,0,0,0,0,0,0,0,592.87
2025-05-29 08:29:00,8621313324.42074,0,0,0,0,0,0,0,593.11
2025-05-29 08:30:00,8624263705.77068,0,0,0,0,0,0,0,593.1
2025-05-29 08:31:00,5554231297.01158,466583187.090645,-271398.156414073,-40017,50026.7799210755,27493.1,-182.742724415165,2246.69,592.43
2025-05-29 08:32:00,5223557119.71952,619438184.472061,-68792.1275510227,-28839,10578.0213607522,943.16,-222.162224001974,-489.93,591.89
2025-05-29 08:33:00,4963605624.97406,617161267.902922,-49319.0403225796,-21413,-16821.6102060439,-20385.05,235.078395486454,-5528.47,591.45
2025-05-29 08:34:00,5273016510.87984,887403756.789284,-104010.011737846,-29909,13323.3719766915,5108.17,-49.6879642596558,571.01,591.96
2025-05-29 08:35:00,5366358520.7497,1096494429.45904,-88614.5980392171,-23238,10759.572434843,-1069.56,-199.08796544055,-41.7200000000001,592.12
2025-05-29 08:36:00,5264240683.85268,1241955165.69422,-55211.9153766194,-23150,6364.23438553129,-2370.28,-312.08727440066,-1052.7,591.96
2025-05-29 08:37:00,5200307786.86177,1330877592.79823,-45583.7545379546,-19704,23849.8564502163,16557.56,290.001667768176,3983.83,591.85
2025-05-29 08:38:00,5190629967.88272,1309773517.75223,-50581.9101313033,-20771,13439.6275579974,10583.13,-104.633611928883,2194.11,591.8
2025-05-29 08:39:00,5196722787.57623,1345370282.28301,-38726.744761905,-21809,-16034.2798585858,-17927.76,-4.18170239754512,-4777.29,591.74
2025-05-29 08:40:00,5061150395.8754,1266125634.31211,-28811.097288677,-13110,14723.6181349208,520.82,137.83377768762,196.76,591.575
2025-05-29 08:41:00,5121454520.40557,1366436802.53805,-38889.8278756906,-18042,970.780919913409,-5641.92,-131.710764047572,-1924.14,591.77
2025-05-29 08:42:00,5074023966.11667,1412639850.26902,-14800.5269748913,-16507,17782.1807884615,10250.6,-180.169865867377,2553.67,591.53
2025-05-29 08:43:00,5219734428.91304,1472331538.00987,-50675.0888355324,-13779,-10966.5427362637,-356.95,-302.541156435383,165.15,591.89
2025-05-29 08:44:00,5011734782.3405,1409994086.20293,-4995.24000000015,313,13108.8416666666,253.45,-81.694515839121,-109.75,591.4
2025-05-29 08:45:00,4869683856.98657,1250403840.26717,38981.1843575423,29754,-5143.79370129886,-3511.45,578.637192640663,-718.549999999999,591.07
2025-05-29 08:46:00,4710163409.57921,1084133292.93362,25025.5738528155,14494,10961.5458928571,19776.96,133.924514511329,5606.11,590.91
2025-05-29 08:47:00,4660257819.84186,1076498552.37271,41400.7055137848,22862,-3603.16997198889,-10431.37,-182.976820582137,-3308.49,590.76
2025-05-29 08:48:00,4627784668.19044,906054666.448502,19215.2316120713,10807,11954.0140606059,7336.43,-221.640437332062,1710.22,590.79
2025-05-29 08:49:00,4674758171.50308,993598707.932656,4680.72552105617,29,-2147.25409049295,-351.37,-459.193414119067,-172.42,590.82
2025-05-29 08:50:00,4440600691.65822,739244817.813027,82261.3589579824,30605,-13701.2535577202,1695.48,473.590589870666,932.99,590.37
2025-05-29 08:51:00,4685287906.15115,1063444597.25109,-16455.9941860453,-3387,-15634.1381428569,-12893.34,-916.487050997391,-3548.14,590.83
2025-05-29 08:52:00,5255480158.70317,1985867587.46943,-73584.7711038957,-35376,-16101.8485583308,-25522.76,-666.431148964062,-6176.95,591.59
2025-05-29 08:53:00,5110364880.33076,1934530532.15817,-54314.388827502,-26324,-15125.9437142855,-18975.45,-568.669447011534,-4831.27,591.56
2025-05-29 08:54:00,5237509985.26153,2276934007.65171,-71115.0862410802,-21700,8114.023961039,2420.12,641.899478439052,655.97,591.78
2025-05-29 08:55:00,5303863122.29699,2537478749.82921,-82556.0232346941,-23138,10040.765493007,908.71,254.068860239481,98.5199999999999,591.87
2025-05-29 08:56:00,4937875816.97763,2236453757.60709,41370.7757685352,22795,26633.1346785142,16394.69,18.7706301924346,4204.23,591.305
2025-05-29 08:57:00,4884025733.84469,2163244386.61101,42080.8842646707,32829,12631.4311862027,18954.14,-140.099815653733,5954.81,591.09
2025-05-29 08:58:00,4641050333.57035,1781973282.91965,55114.3980980786,16322,9568.1575833334,5680.46,-125.521671971063,1390.73,590.75
2025-05-29 08:59:00,4897161139.63984,2223473384.05974,7519.73856209152,1689,5906.49475757582,2745.53,226.012695154933,654.5,591.165
2025-05-29 09:00:00,4804005277.71741,2242344593.22681,23140.1202555009,14729,25360.9416753247,11176.96,243.984202118369,3049.2,590.99
2025-05-29 09:01:00,4912914079.87123,2377500255.79229,1152.73620129865,-554,12277.3522813852,7643.65,-29.2934913192771,2133.72,591.2
2025-05-29 09:02:00,5088839504.57577,2772452118.34039,-1320.28087879773,-4833,11566.3571038961,4727.93,323.246933390692,1129.33,591.41
2025-05-29 09:03:00,4813821662.30956,2334154379.66049,23495.1754761903,12118,3204.849002886,-4181.32,-445.600951178813,-1632.94,591.04
2025-05-29 09:05:00,4739182148.45894,2297986541.42593,32159.3295454531,12961,3545.07905477856,4495.05,-283.014217199663,1126.4,590.83
2025-05-29 09:06:00,4267197551.16831,1421720473.50655,159869.89592707,35981,8450.55315567766,22982.79,-539.500858936653,5812.43,590.04
2025-05-29 09:07:00,4184125521.27416,1204425976.79766,137212.371080137,31836,4298.82283405477,15400.94,-256.914619815705,3762.04,589.92
2025-05-29 09:08:00,3727076052.09887,320552180.022005,269527.259627329,41568,2559.6647521367,12579.05,-456.794499052461,2302.69,589.09
2025-05-29 09:09:00,3782600274.34785,328088314.31631,163588.871674244,32024,41048.8413023087,17512.72,-408.240693259215,4152.4,589.17
2025-05-29 09:10:00,3752804966.03179,106745034.063843,57814.7608695642,20101,-16040.5805447331,-14750.96,190.425358452781,-3643.37,589.22
2025-05-29 09:11:00,3855114985.86606,417904096.333849,81957.5469530479,28653,25514.6371212121,19403.62,-87.1324658770911,4845.96,589.29
2025-05-29 09:12:00,3695927823.20059,-20671261.4942099,94383.0646726454,29727,-27165.7508354978,-19314.78,348.615346173091,-4459.63,589.07
2025-05-29 09:13:00,3729439356.16799,83593235.3738621,38207.5576092407,13350,1742.72175396827,2885.86,23.9665180236525,985.9,589.09
2025-05-29 09:14:00,4053980927.4271,709771493.339669,-9866.83811802253,509,-3223.87748412713,88.8099999999998,134.840182959321,501.17,589.64
2025-05-29 09:15:00,4028193092.6124,676159716.574971,1751.38509316758,-6880,-273.53801587303,-4877.47,-410.940379115614,-1567.31,589.6
2025-05-29 09:16:00,4199930777.30663,1200210307.43876,-25638.5631693879,-6783,3675.24500122114,6959.66,246.175132937297,2259.81,589.94
2025-05-29 09:17:00,4094508629.41436,1018222003.91937,11533.8452380954,-1346,5738.62118781219,3405.28,101.853864632676,856.08,589.705
2025-05-29 09:18:00,3776575477.52255,179223302.91171,63245.5775314163,19480,10044.3626285937,10297.91,164.924829667511,3304.41,589.19
2025-05-29 09:19:00,3538890568.02824,-210722657.897682,119225.551921464,24754,2178.79308441554,-3338.68,-54.9106318376745,-1847.16,588.71
2025-05-29 09:20:00,3500652094.92352,-426940125.203146,74621.2257181952,26272,20520.6879415585,13437.08,-297.846919859504,3997.41,588.69
2025-05-29 09:21:00,3497902519.60665,-669159633.805546,63661.257067018,16003,20117.2734523809,15917.44,-306.450285015848,4442.69,588.64
2025-05-29 09:22:00,3596344293.06452,-452058654.626178,40230.813991064,18075,6608.25031623927,5.54999999999919,242.623125919076,59.9600000000001,588.84
2025-05-29 09:23:00,3695026149.08207,-106003582.148508,29865.8229651958,13730,-3941.59594372292,-8940.12,-88.3558327330838,-2653.77,588.985
2025-05-29 09:24:00,3684699029.58322,-186139671.732843,26634.6033764688,12013,3470.95886363637,-2227.23,266.040713867371,-886.81,589
2025-05-29 09:25:00,3928619778.62188,483565124.757238,-10223.1032884716,-13894,-8871.71319408369,-9793.49,-240.170642300214,-2836.69,589.44
2025-05-29 09:26:00,4068288764.54748,965162807.690595,-21397.759404664,-15561,3312.72499206348,789.620000000001,52.1715922808264,395.22,589.68
2025-05-29 09:27:00,4191820255.16614,1390013130.30121,-38533.8994011978,-14359,-1883.00752380949,692.269999999999,119.529340955898,487.42,589.92
2025-05-29 09:28:00,4227839990.68383,1585951128.77701,-27368.0209566079,-11763,-14458.1601666667,-8658.69,92.4109032420558,-2489.55,589.96
2025-05-29 09:29:00,4217479977.93337,1675915133.12706,-24121.9205088506,-20567,9487.48143956045,8223.3,-381.398732625597,1956.43,589.94
2025-05-29 09:30:00,4313229798.73978,2117361703.2657,-25053.4777853726,-11231,-20412.7129090909,-13069.15,-135.293599447217,-3674.42,590.11
2025-05-29 09:31:00,4313512227.64268,2183978251.53717,-14327.9421313384,-11468,2734.90311111106,4136.89,388.135071949707,1590.86,590.13
2025-05-29 09:32:00,4284967520.9118,2186587127.44843,-202.226041220989,5978,23725.0683397507,-4381.83,-121.352069330531,-1303.43,590.02
2025-05-29 09:33:00,4300510241.9993,2365123662.92016,7051.40668333713,1451,1443.12981240979,-697.87,-135.651609391622,-311.43,590.025
2025-05-29 09:34:00,4001091648.56855,1439760567.11317,46350.941242451,22414,-233.487607503618,7109.79,126.35420660989,1810.9,589.495
2025-05-29 09:35:00,3914852939.3957,981240419.84018,33757.2584338076,15083,-10265.107996337,-12448.39,203.502054010429,-3763.29,589.45
2025-05-29 09:36:00,4259875048.25481,2299403908.84258,-8690.34817813792,-9430,-1429.73781818182,-3968.73,91.4615272861352,-1090.78,590
2025-05-29 09:37:00,4251431323.29718,2338706931.93584,1004.82885776694,1642,1115.46663419919,3866.9,8.35332942528409,963.1,589.96
2025-05-29 09:38:00,4353726663.29135,2684949581.78255,-10387.2307575294,-11635,3069.28531746033,3416.89,315.890509105581,1312.09,590.15
2025-05-29 09:39:00,4238324101.62472,2393277499.46911,2721.12345060722,6997,1130.39202380949,-539.25,30.23863990298,-139.07,589.93
2025-05-29 09:40:00,4007911587.8709,1444510900.33287,11069.2518518521,7890,-8127.96484733899,-4350.29,-140.159057027258,-1450,589.62
2025-05-29 09:41:00,4022143513.88044,1726995090.25243,17426.7102538956,10990,-3957.59990476191,-1964.25,79.7229038923907,-504.4,589.565
2025-05-29 09:42:00,3944728686.5017,1596543730.11904,32195.4774384236,14160,-6367.91909090908,-7346.45,-128.048037259644,-2115.24,589.41
2025-05-29 09:43:00,4084400932.21598,1954663460.42816,-7.11188220384383,427,-7427.6913672086,-3324.8,205.327768729186,-999.37,589.7
2025-05-29 09:44:00,4142783598.64045,2208615599.27128,-234.561309483916,-2330,2305.46926190479,-244.92,24.3287289330042,-49.97,589.78
2025-05-29 09:45:00,4279123299.13759,2885237901.63958,-10898.9545714291,-6810,-7250.79696428573,-3480.79,-18.7794049461454,-1046.82,589.959
2025-05-29 09:46:00,4210875748.07457,2455481700.76146,4386.52672938198,5204,28731.7058658007,5349.83,-298.424914349624,1231.9,589.89
2025-05-29 09:47:00,4368946246.3501,3368043910.00608,-8910.58576957609,-5629,-5773.28294830167,-4930.39,-8.34362317661012,-1662.3,590.13
2025-05-29 09:48:00,4425381781.84554,3506639121.13387,-17603.1315947604,-10354,12114.2481976912,6628.77,-28.0571467644228,1785.96,590.22
2025-05-29 09:49:00,4357308502.71597,3306229558.33524,-8786.80190705887,-9911,6931.43550000001,6908.61,515.618904632009,2294.33,590.14
2025-05-29 09:50:00,4300284101.66925,3198462832.21102,-4606.76117318385,-3309,108.815031746065,1576.63,238.13843960329,664.3,590.03
2025-05-29 09:51:00,4314186312.99484,3269181560.2083,-6468.87179487192,-6374,-1756.53399999997,-1634.1,-107.677064341396,-532.35,590.05
2025-05-29 09:52:00,4456936209.99992,3935363938.47526,-25538.2330062056,-10078,17195.215,9242.35,-87.0119808621441,2815.16,590.33
2025-05-29 09:54:00,4653391113.8625,4762646541.10903,-70240.0045962116,-21793,6256.04555579208,581.59,-27.1914487550796,408.8,590.6
2025-05-29 09:55:00,4587128513.53107,4717747254.15462,-19933.2989130427,-19791,16413.1494621212,8694.65,13.6546194824839,2223.65,590.455
2025-05-29 09:56:00,4533282645.20781,4391839097.57985,-15197.5894801726,-7966,1500.50017460318,-1455.99,-19.7651491514277,-330.38,590.42
2025-05-29 09:57:00,4788768143.71308,5751922033.70386,-47981.4707006375,-12361,7648.98555555555,1994.84,371.806116366438,622.99,590.79
2025-05-29 09:58:00,4795268035.36542,6022027745.73634,-62682.1211675243,-17590,485.850952381006,-5264.49,-324.800982705572,-1904.01,590.79
2025-05-29 09:59:00,4996387702.73715,7050879382.27767,-90138.4702865512,-18031,-397.753273809533,-6044.15,-74.3983459849713,-1641.8,591.07
2025-05-29 10:00:00,4908407605.68,6783775128.97483,-45384.7023809512,-11459,-4237.50172222221,-4960.18,98.4418408750657,-1444.63,590.96
2025-05-29 10:01:00,4852430456.565,6708757653.89421,-44438.2525872334,-15904,-1999.93388888892,-12497.46,-756.459448524434,-3833.14,590.89
2025-05-29 10:02:00,4755480690.16765,6449504978.22369,-25476.9700470681,-12422,-5459.63821428571,-6464.96,-185.070988386209,-2125.51,590.72
2025-05-29 10:03:00,4688957423.2316,6192616017.50598,-13953.5056497176,2187,6557.07185714286,7573.84,203.070701494976,2617.26,590.6
2025-05-29 10:04:00,4318653523.19947,5158561853.23601,37377.5041183646,2072,75640.8133333341,19570.94,-68.8137239726253,6038.53,589.94
2025-05-29 10:05:00,4553748602.81031,5825805326.53546,-13505.9172783737,2047,-17519.8490981241,3119.08,286.80454802329,1289.69,590.39
2025-05-29 10:06:00,4505476682.54603,5656413729.88149,-379.474860002274,3965,3437.51244460848,-3081.81,-124.604563500666,-1111.52,590.33
2025-05-29 10:07:00,4456313142.81535,5473226707.53022,-2797.7186758557,-117,4406.72825,2971.74,-86.5350985112388,923.44,590.25
2025-05-29 10:08:00,4294411799.31497,4701114238.57557,10549.8880714661,21,385.287384004887,-2804.91,157.652191231041,-848.4,589.99
2025-05-29 10:09:00,4274052037.6934,4448378288.57926,5538.91173874665,677,14868.8513928572,6648.83,54.1895839305684,2387.09,590
2025-05-29 10:10:00,4476599681.64035,6063727263.28344,3307.42602508105,1787,-9504.16795238094,-3606.2,-20.9609667860783,-1274.76,590.19
2025-05-29 10:11:00,4616995216.55661,6412573006.35126,-24989.042553191,-9906,3102.97404761905,2613.93,-169.320293360994,716.69,590.52
2025-05-29 10:12:00,4682607183.26117,6878352665.59811,-18115.7248824915,-7815,2666.86952164502,3650.76,197.060448525994,1304.74,590.61
2025-05-29 10:13:00,4528034321.50857,6216454910.46597,-1856.3584833067,1161,4376.39446825395,2698.95,-142.863772268363,779.48,590.35
2025-05-29 10:14:00,4245980995.15564,4706757506.98844,21009.2341772158,9402,3238.60604761901,2658.37,-80.4068347309475,933.73,589.92
2025-05-29 10:15:00,4206079511.16417,5153319924.93646,105195.956363639,28117,-19549.7676031746,-17496.56,66.0253303363745,-6054.58,589.69
2025-05-29 10:16:00,4178339327.62764,4633615480.93212,26132.9575371555,10578,-193.437234487687,-1418.76,120.968091235732,-359.51,589.755
2025-05-29 10:17:00,4217848016.49318,4838649953.5719,8398.19319869314,3494,-4210.35275000001,-5175.88,80.0824495566671,-1696.15,589.86
2025-05-29 10:18:00,4207493885.83389,4725883399.54585,8557.83213738569,5340,-2594.90369047619,-3906.35,-67.1066095505729,-1332.68,589.85
2025-05-29 10:19:00,4245857656.32327,4607224595.19496,545.666770209903,-4933,-198.148785714291,9411.09,-405.222462998351,2986.43,589.91
2025-05-29 10:20:00,4141592875.14901,3813979897.92316,4406.59090909085,5405,-1107.7960952381,-3084.86,256.16666543119,-1065.76,589.77
2025-05-29 10:21:00,4257831028.11477,4787280490.86517,510.656246972609,747,-10876.4391666666,-2195.24,12.2807468990044,-679.51,589.94
2025-05-29 10:22:00,4429519376.44855,6066508640.84576,4522.92799724024,4192,8419.03733333334,8990.96,182.503613837652,2916.3,590.1
2025-05-29 10:23:00,4412319588.5051,5897441133.29959,-1650.44701298688,2757,-4201.1059047619,-5003.66,-59.833036727386,-1651.55,590.15
2025-05-29 10:24:00,4427258272.56733,6063470510.5269,1670.45228758181,4237,4216.91071428572,5018.61,449.271652620826,1753.79,590.17
2025-05-29 10:25:00,4554036637.20558,6567411449.31968,-13660.5112474439,-7250,-9075.32128571427,-3868.21,4.9505365527167,-1201.03,590.43
2025-05-29 10:26:00,4505318146.71594,6397924860.46871,-1972.719767442,-1967,2703.337,2078.6,355.62098528357,962.95,590.35
2025-05-29 10:27:00,4616833398.93278,7400690477.3592,-6581.78666396015,-12028,-6344.36796536795,-5325.63,-502.528048975346,-2241.69,590.47
2025-05-29 10:28:00,4752865674.85638,8002712916.11722,-21843.518612953,-7981,-3085.0180595238,-7636.33,-315.424091760733,-2423.64,590.7
2025-05-29 10:29:00,4761323085.22682,8062491992.17226,-29135.4326018791,-12215,4995.42772222223,-2963.75,-297.396112917151,-1302.99,590.7
2025-05-29 10:30:00,4660183346.02374,7572019900.74746,7019.18877099963,8969,-8817.28535042735,-12265.46,-832.382761197118,-4435.45,590.51
2025-05-29 10:31:00,4304851017.55137,5903163026.59262,37019.7683685497,16160,5967.18476190474,2333.21,441.563491416092,644.24,589.94
2025-05-29 10:32:00,4018132083.14279,4128964091.49941,52940.1782771525,16397,29177.3975772006,14217.19,-176.353933405402,4863.23,589.56
2025-05-29 10:33:00,3874626808.33354,3500908180.40449,99745.7364598584,22485,-1608.21279649755,-1278.42,463.90083220973,-755.6,589.28
2025-05-29 10:34:00,3739577362.60543,3335235011.89365,121541.278450361,23020,-28921.59294117,-10696.95,-151.38392259634,-3958.54,589.07
2025-05-29 10:35:00,3960770861.65238,4267704911.50647,35527.4342784839,15946,-31563.5365151515,-9066.01,-157.259907717957,-3307.91,589.48
2025-05-29 10:36:00,4057962538.51898,5036842597.51733,28364.1436170215,15438,5790.61525974025,2492.05,-297.362287089295,513.14,589.58
2025-05-29 10:37:00,3957694874.10837,4522665981.33317,24767.6743498609,10751,2177.05297619048,2217.25,160.244324949446,848.29,589.41
2025-05-29 10:38:00,3753180092.98525,3448952272.18351,56039.004762812,13562,25697.4636428575,13705.72,-83.5857297121975,4269.47,589.07
2025-05-29 10:39:00,3826378505.27062,4149870594.27472,525.977011494256,160,-54.4,-54.4,8.79254135451604,-25.6,589.13
2025-05-29 10:40:00,3747412236.89598,3370632487.3897,106.043956043956,20,0,-0.2,-0.150592461917608,-0.2,589.07
2025-05-29 10:41:00,3834702359.51591,3778222323.44424,125608.142336976,46130,6643.55169444436,2261.83,257.162642294146,562.43,589.25
2025-05-29 10:42:00,3904794637.3283,4213273611.01357,9262.69811320762,2777,-1422.33542207792,-3370.49,-39.095843643831,-1053.37,589.37
2025-05-29 10:43:00,3888164069.34463,4178339071.39126,6432.97756410259,3595,2473.67928571429,632.46,-65.9806201111295,244.26,589.32
2025-05-29 10:44:00,3848428167.06143,4034998902.93455,7424.86738782043,2915,481.561777777777,916.12,-3.87875794168774,333.1,589.24
2025-05-29 10:45:00,3785247135.97404,3552607542.07943,12210.4269572239,5158,-2275.39799999999,-2735.23,32.7168678147322,-797.29,589.2
2025-05-29 10:46:00,3877937667.4346,4386297578.27279,20933.2983149238,11062,-3104.03600000001,-1511.62,-401.568095874365,-669.88,589.275
2025-05-29 10:47:00,3932916096.15392,4944196720.94599,15377.3977251536,9125,1194.07805555564,-1350.02,34.9903853533794,-474.63,589.35
2025-05-29 10:48:00,3722020865.02286,3247920311.21167,30267.426170788,8172,-5803.88291666667,-4069.23,-223.426709122734,-1633.94,589.06
2025-05-29 10:49:00,3607081196.96922,2877202082.94215,65820.8845381523,11763,6554.79357142855,1033.57,-158.921636911573,168.2,588.83
2025-05-29 10:50:00,3693590934.76275,3365191929.8228,45516.4876043886,17511,3318.80911111112,6483.63,-641.345631333387,2276.54,588.98
2025-05-29 10:51:00,3942640175.64448,4774117951.14223,7859.10056414076,3106,4820.09401190475,5510.23,306.040085022146,1892.66,589.39
2025-05-29 10:53:00,4036509962.39048,5770766388.78102,568.485866581132,2408,-4771.87080952381,-4002.37,56.588557557777,-1361.96,589.55
2025-05-29 10:54:00,3943617334.90594,5317273453.9401,31198.2833670715,13988,1489.01299206349,-1081.32,244.906478379548,-628.41,589.36
2025-05-29 10:55:00,3794335436.64303,4216003956.9415,29104.9063859862,7766,3614.74777777777,3104.13,276.356483438377,1065.03,589.14
2025-05-29 10:56:00,3819803257.51185,4704995561.2436,15455.5286986998,5669,-2123.72116666667,21.6899999999998,71.549593914499,-28.3300000000001,589.15
2025-05-29 10:57:00,3651149320.81146,3503068929.47385,32721.8895061727,7512,2600.02700000001,1802.8,-30.6977847960805,947.99,588.9
2025-05-29 10:58:00,2634367924.73893,-1868915352.0961,258479.956664859,46745,14300.7497726439,34721.85,-1486.07130188182,8702.79,587.2
2025-05-29 10:59:00,2420917719.18995,-2041889757.11548,384415.930869493,72973,-100043.69212067,-20846.51,989.785519705583,-5154.6,586.58
2025-05-29 11:00:00,2627821251.89437,-1141366116.10361,191681.24025157,38704,-16898.7691818182,4347.83,-186.916135230393,1616.51,587.04
2025-05-29 11:01:00,2616561951.1449,-427853129.565334,191448.021630642,46351,9810.81333127692,-8303.56,-504.793323015648,-2248.57,586.89
2025-05-29 11:02:00,2452375284.24671,-2728166911.82019,94863.1807407406,26976,-8570.10718290033,-5114.45,-719.913539986034,-845.1,586.88
2025-05-29 11:03:00,2669843219.67857,-612141674.196873,67326.2690092133,18741,2995.36915584416,3541.37,98.7707983322459,699.42,586.95
2025-05-29 11:04:00,2807557078.90717,-829684914.328506,821.656423763852,-4330,-2347.58343722947,-3160.43,-100.75450078351,-288.65,587.52
2025-05-29 11:05:00,2803453598.60778,-675785266.730063,9416.08955512584,-2256,-8482.06060098523,-2690.9,-331.96196945938,-825.89,587.5
2025-05-29 11:06:00,2835988415.19258,-236468818.713949,14710.5409090909,14607,1796.7094003744,840.06,108.494415550253,222.94,587.45
2025-05-29 11:07:00,2965848267.52776,430890636.112521,4229.70380209185,-1924,11.051120141127,977.810000000001,165.373515254237,432.71,587.75
2025-05-29 11:08:00,3001781028.61362,564244719.802111,3667.05379013582,-4087,8502.79314285715,5520.09,-60.1541801826619,1794.5,587.79
2025-05-29 11:09:00,2934102907.45961,141248538.139409,3624.28629148644,-2926,515.362801120439,1324.49,155.187504919126,642.17,587.72
2025-05-29 11:10:00,2902040178.62688,-59667879.3608431,4400.9216257254,2593,2146.05371428572,1971.57,-82.0082330816461,611,587.625
2025-05-29 11:11:00,3258310359.28683,2468678108.42187,-21986.3760867933,-15293,-4935.74392857144,-13310.83,-301.087869693689,-3814.85,588.27
2025-05-29 11:12:00,3242288017.6198,2336257782.56487,-13484.3924914675,-12874,-11731.4413809524,-11809.86,-468.264589085669,-4063.86,588.28
2025-05-29 11:13:00,3322845367.55837,3430478137.68479,-12543.2823026408,-12373,-2039.11221291865,2281.93,10.4929567920016,524.5,588.32
2025-05-29 11:14:00,3432417213.21529,4074345336.06392,-17629.7332713756,-10333,9794.53638095212,-2672.19,-260.173551920004,-887.06,588.55
2025-05-29 11:15:00,3528429224.37017,4495057935.2904,-33138.8190208674,-17402,12992.6726666666,9437.09,32.5507344262231,3567.72,588.77
2025-05-29 11:16:00,3625653772.07427,5568191570.99267,-40010.3605063298,-13482,-17308.4923571428,-4860.46,443.989024308681,-1341.47,588.87
2025-05-29 11:17:00,3727142755.55899,6037575003.10652,-37077.8179310332,-8914,-1369.29596969697,36.5999999999997,-85.4640268521619,39.3200000000001,589.1
2025-05-29 11:18:00,3566980896.94227,4635861974.9149,-16260.39784191,-6810,-2918.26783333333,-3083.07,27.6999990747319,-1138.74,588.84
2025-05-29 11:19:00,3620094129.36212,5139456961.59896,-19610.8673740046,-5926,4395.04533333333,2746.1,34.7236451424089,900.28,588.92
2025-05-29 11:20:00,3733896464.75198,6203002923.78679,-35014.443458979,-9391,1334.24782738096,2441.53,162.972220778512,1077.16,589.11
2025-05-29 11:21:00,3629728258.31234,4869770433.68589,-44367.8659730715,-12496,12320.1485942373,4519.33,-260.354521002664,1797.32,589.01
2025-05-29 11:22:00,3489296828.80553,3558727560.94726,-9074.11293920781,-2888,-8488.89780952381,-1739.67,54.4772311690175,-540.26,588.83
2025-05-29 11:23:00,3530722720.13795,4669860483.21968,-26778.7872463284,-19143,7286.01966666677,-1166.05,59.4252902999968,-232.23,588.75
2025-05-29 11:24:00,3753312742.61587,6670242039.67143,-26181.4873417719,-7075,-6436.06817032967,-2695.18,167.239514407885,-887.61,589.07
2025-05-29 11:25:00,3641081420.49275,5227402217.51851,-23075.4578155084,-8041,5774.66144444446,3006.66,109.527820183993,1128.91,588.965
2025-05-29 11:26:00,3645196382.31363,5782920067.32811,-17437.2944893831,-7476,-3009.60206349208,-4637.13,-159.345971277024,-1655.85,588.9
2025-05-29 11:27:00,3645534664.56269,5889333621.74579,-15970.1271317272,-5060,-870.613015873014,-454.96,27.6270709047511,-144.9,588.88
2025-05-29 11:28:00,3565432553.34837,5050263589.86075,-6502.91609977311,-5562,7969.73212698413,2079.96,-177.573573703839,663.63,588.78
2025-05-29 11:29:00,3732307943.8528,5835199985.10254,-40682.8812324923,-8662,1214.6783968254,2199.29,-57.9251032141834,697.82,589.11
2025-05-29 11:30:00,3799674611.32764,6723805668.0994,-16172.0879621394,-3820,3525.45999999996,2154.62,219.982650550259,748.01,589.16
2025-05-29 11:31:00,3839991003.49959,7099180362.63273,-107314.046176044,-25548,441.339054112597,2040.8,-744.701176825042,472.45,589.22
2025-05-29 11:32:00,3779040347.38387,6374805343.01034,-28088.6275303643,-6679,-1191.89280952381,-2227.71,186.642665753907,-1052.65,589.13
2025-05-29 11:33:00,3801522817.16964,6722127358.46444,-12668.5474084245,-3556,177.65833333333,-190.62,166.067876716081,-19.01,589.17
2025-05-29 11:34:00,3823455154.53898,6477049408.68042,-43463.6191759714,-11292,-8377.13165079361,-3977.46,-27.9874506605838,-1644.64,589.23
2025-05-29 11:35:00,3821362036.94384,6957314147.6054,-13019.5496503494,-4997,2421.2071904762,-260.66,-50.8842322115009,-104.65,589.18
2025-05-29 11:36:00,3882989907.32399,7433445211.89556,-62693.8005432147,-18169,16257.9418733766,9549.81,-182.50278136269,2561.03,589.31
2025-05-29 11:37:00,3742777653.33176,6352577053.89903,-11474.3145691012,-9017,-510.812261904765,-1348.42,-241.853286461436,-507.63,589.09
2025-05-29 11:38:00,3759498040.97917,6359528390.62923,-10367.2647737356,-6837,-974.97633333333,343.13,279.991975997952,47.37,589.1
2025-05-29 11:39:00,3860480085.9418,7353082236.8897,-17527.6139534882,-7669,-9372.40133333332,-4957.22,-281.857939941534,-1812.14,589.27
2025-05-29 11:41:00,3943944272.06763,8384623304.6984,-24707.4621621617,-9092,2099.67694083694,238.5,-11.1421003917482,9.93999999999996,589.33
2025-05-29 11:42:00,3951643858.94442,8269946606.944,-23668.2279884679,-6384,-334.465000000002,-818.98,-63.6723687758168,-449.27,589.38
2025-05-29 11:43:00,3955006203.53191,8081773780.47453,-18388.5891114983,-10789,-7417.63438461539,-8804.83,-291.146919719614,-3531.81,589.42
2025-05-29 11:44:00,4064550116.62158,10065159953.5988,-18298.7447895245,-8823,3746.10737301587,4749.24,101.016422922211,1903.54,589.471
2025-05-29 11:45:00,4044246795.93596,9271531786.02319,-17567.5847933608,-6412,-1217.85986111111,-4190.83,-112.118598547817,-1489.69,589.53
2025-05-29 11:46:00,4070009648.56927,9606233070.92773,-13964.5310562305,-5287,-288.345999999996,-390.51,-74.0248350789928,-119.79,589.55
2025-05-29 11:47:00,4002517671.62317,8896539107.56481,-7773.74459006379,-4454,-3675.0511111111,-3815.71,-47.7461060556981,-1096.05,589.474
2025-05-29 11:48:00,3954268555.18569,8470753648.9025,-8812.15384615381,-4998,5656.80333333333,2275.67,208.240339760747,940.79,589.42
2025-05-29 11:49:00,3863166359.11607,8053949633.98576,839.574000257242,-1463,4164.07355555555,2646.6,47.2548812852504,1067.99,589.19
2025-05-29 11:50:00,3778616853.23451,7218251998.21069,7532.21629694718,10272,-789.322391265596,175.87,-8.20928941059242,152.72,589.08
2025-05-29 11:51:00,3771042304.99989,6672087417.33497,-439.773190056603,0,-1877.48305128205,-1740.63,4.64911007737439,-538.85,589.14
2025-05-29 11:52:00,3677598277.02627,6173181244.4543,6436.31714781852,7149,-15610.552,-6119.15,131.630598493205,-2025.82,588.96
2025-05-29 11:53:00,3873399796.66753,8467261849.92529,-4645.59947739755,-8475,6693.98166666666,3685.51,-177.896545951334,1421.3,589.24
2025-05-29 11:54:00,3883684159.25903,8153920119.77033,-3405.40456877016,-4117,2929.13066666664,1221.46,35.9467933157354,545.08,589.28
2025-05-29 11:55:00,3940805334.48105,8559641448.43932,-10323.8194756793,-6838,2762.80908333333,1854.26,-129.356294242432,807.67,589.39
2025-05-29 11:56:00,3945642334.24023,8813700243.24458,-4569.6252113016,-4297,78.1774047619038,-1251.92,-161.012833279701,-723.87,589.38
2025-05-29 11:57:00,4106853902.74673,10822593867.7798,-19611.4816828481,-8398,-2153.89159090909,-855.29,107.934435614649,-419.61,589.59
2025-05-29 11:58:00,4367906213.83433,12721760617.8819,-62075.4957592236,-29267,525.262459235198,-12038.23,-758.698352632889,-4218.59,590.08
2025-05-29 11:59:00,4304832816.42157,12285000112.2602,-24575.4562231756,-15542,6135.57471428571,3188.52,-336.253362253805,1243.15,589.94
2025-05-29 12:00:00,4265917426.22422,11986974598.8344,-13094.1089108907,-10735,3275.50616666667,4769.92,-39.6161198353531,1958.92,589.88
2025-05-29 12:01:00,4396835112.08727,14217562101.4616,-17857.2303621163,-18748,3861.00651018591,2559.21,-63.9385098130322,767.07,590.12
2025-05-29 12:02:00,4540559505.90138,14564076739.6005,-28271.2563790895,-18479,1941.71532905982,-4411.89,159.443232617868,-1604.42,590.3
2025-05-29 12:03:00,4461287452.44388,14177194933.2062,-25667.1647727261,-9954,2193.98722222222,887.229999999999,77.7747564953699,379.66,590.15
2025-05-29 12:04:00,4333039816.69174,12749821279.4286,-27508.0568181809,-10590,-5195.09128427126,-4182.34,55.0510688811774,-1416.71,590.01
2025-05-29 12:05:00,4348890413.64821,12979360932.9354,-9881.27777060193,-4718,-198.585656565655,-1945.87,-161.897951909088,-693.35,590.009
2025-05-29 12:06:00,4293358140.15933,12465503922.7333,-14590.5386590145,-7012,-271.357206349196,-1831.65,-133.46685269262,-484.72,589.91
2025-05-29 12:07:00,4196043775.17077,11977613506.7492,-13102.2801355011,-11459,2933.2284981685,1400.38,-437.61378064076,779.42,589.72
2025-05-29 12:08:00,4286877143.80319,12583548894.6462,-29166.5031847115,-10183,-2562.46516666667,-2146.85,198.199741587619,-801.43,589.91
2025-05-29 12:09:00,4148318142.71483,11557634899.0371,-51.8858223552602,1807,718.719272616272,-1647.18,-89.2254154839913,-916.05,589.665
2025-05-29 12:10:00,4260189370.82465,12505455048.3507,-11791.6778555825,-8563,3416.82266666668,1527.79,-407.055539748251,580.34,589.83
2025-05-29 12:11:00,4187993360.27968,11717482002.6752,-2088.88688798105,348,-1708.14998412699,-410.46,-108.200088034958,-247.45,589.74
2025-05-29 12:12:00,4327057270.09307,13544226212.9578,-6435.73711088178,-3797,-624.443333333334,-729.15,-4.11237341515169,-326.54,589.945
2025-05-29 12:13:00,4324766474.62936,13283917768.8271,-8659.43039015257,-4742,-887.482916666668,-2355.26,-94.9264685828789,-962.86,589.955
2025-05-29 12:14:00,4201435401.12897,11964810172.1315,-6310.8873427372,-4737,2636.99816666667,-30.2099999999999,72.9692484437737,-38.85,589.76
2025-05-29 12:15:00,4187270020.10693,12067115904.846,-2907.55523266216,1143,-724.237479076476,-1870.25,-26.6802173033553,-738.72,589.722
2025-05-29 12:16:00,4187044474.99249,11668893102.3539,-7026.85385563605,-5007,728.485857142857,856.31,-22.1969577107627,285.6,589.74
2025-05-29 12:17:00,4046091632.2202,10580631774.821,-2199.45787545758,413,-6875.65885714286,-4439.25,214.623003993331,-1942.58,589.54
2025-05-29 12:18:00,3981441704.3004,9747785517.62662,3515.32273566519,3601,-6593.02738095238,-4844.81,43.4967703714187,-2228.93,589.43
2025-05-29 12:20:00,4010657966.19363,10198710004.6971,-1841.00265869059,-2064,-3147.74999999998,578.050000000001,-114.299899198384,648.43,589.47
2025-05-29 12:21:00,4061717016.91712,10783591140.1686,-242.487305178404,-2962,-93.9686666666624,1939.17,84.4406280671214,541.49,589.52
2025-05-29 12:22:00,4356285499.74489,13466648011.7552,-32123.6442562872,-11485,1219.563,-131.669999999999,164.090502988585,-197.38,590.029
2025-05-29 12:23:00,4126442010.40404,11288152886.0915,2006.39507506214,695,-6794.29,-3013.25,359.755971215883,-1419.98,589.65
2025-05-29 12:24:00,4115641328.31068,11333208943.5462,-1489.46751412424,-2321,157.954333333338,-438.66,-260.120629266134,-180.79,589.63
2025-05-29 12:25:00,4179264516.3551,12482105613.5457,-4018.13333333315,-2588,-2917.12934523809,-1629.83,188.771695981731,-790.8,589.69
2025-05-29 12:26:00,3959809182.98657,9914268459.72702,12217.9549861988,15401,-16690.4123181819,-3275.79,-745.429150168928,-1156.84,589.39
2025-05-29 12:27:00,3962426511.60462,10232623132.9915,8048.28119249172,5388,5946.44914285714,2211.62,-189.760799668331,845.78,589.35
2025-05-29 12:28:00,3963970197.69494,9927438878.84425,6871.88515275703,6202,7040.00522222222,4436.75,-8.62179520302856,1854.32,589.381
2025-05-29 12:29:00,3962830902.25648,10006789381.2584,6393.57142857144,5858,2310.69877777777,927.19,327.149221842504,655.96,589.36
2025-05-29 12:30:00,4003882751.54746,10268372887.0929,3583.81944112724,4961,194.648071428572,516.58,-209.512177970027,280.02,589.43
2025-05-29 12:31:00,4187593743.39698,12233903545.67,-15062.9730408348,-8659,5264.06322222222,2990.68,-261.665852518128,1448.96,589.705
2025-05-29 12:33:00,4145162613.98652,12235225830.0263,-2583.6775956284,-5418,81.3888809523825,-1064.6,-331.306897835663,-479.11,589.61
2025-05-29 12:34:00,3981010302.90957,10474624253.4315,2199.47391738367,3406,155.509952380954,-572.81,-5.63733318558929,-441.79,589.32
2025-05-29 12:35:00,3936546280.08918,9301639573.43393,8938.61626145873,8931,5050.00844444444,2246.24,-59.0263632055997,1192.32,589.33
2025-05-29 12:36:00,3886216864.48917,8878261204.14415,17629.2964285712,8287,3377.38445238095,1697.24,528.752200802262,882.38,589.26
2025-05-29 12:38:00,3783284569.49167,8002617604.92523,47667.6189886843,18144,3968.58688888889,3777.29,-199.790338718432,1640.04,589.09
2025-05-29 12:40:00,3842288134.76214,8514701740.6539,9478.69672657277,8649,1517.34314285714,2288.24,-80.1365015499508,1262.88,589.24
2025-05-29 12:41:00,4090867696.61029,11600448699.0959,169.201149425479,3622,-90.601297619055,287.6,50.8071313533452,-123.18,589.56
2025-05-29 12:43:00,4010129948.38098,11525697787.8019,24404.9207576337,12135,22088.608607143,10919.61,93.1585478053527,5215.79,589.41
2025-05-29 12:44:00,3927854823.1213,10315256752.7047,8294.44168096042,5760,5335.82,4058.93,-186.090496835933,1720.01,589.3
2025-05-29 12:46:00,3828280454.05007,8669893122.94535,26609.9991283881,10089,1512.36607142857,2088.35,261.058836930756,970.38,589.15
2025-05-29 12:47:00,3881540313.15812,9580767098.25434,6229.69227871958,3553,286.366571428573,276.12,-119.548433110377,75.17,589.24
2025-05-29 12:49:00,3495331663.2652,4769113189.91346,134216.930251227,27174,7229.45942424242,7801.62,-828.768941302642,3683.43,588.68
2025-05-29 12:50:00,3560263091.95096,6656885035.34481,101031.564273844,22158,8388.1691969697,4226.11,848.146820818205,2055.32,588.67
2025-05-29 12:52:00,3837750543.59375,9666036096.42564,22995.3260869561,24125,690.435599206305,-780.419999999999,-604.113818400681,-206.54,589.17
2025-05-29 12:55:00,3625781753.81488,6409473303.8218,55829.0014789682,18144,-645.939444444443,29.0700000000004,295.152723155414,526.59,588.86
2025-05-29 12:57:00,3370901450.7088,3106673266.73324,144222.235294107,28918,-624.31317460318,3530.19,-338.776776202343,1254.85,588.47
2025-05-29 13:02:00,3508189920.76627,4699939953.30318,83852.051169591,35979,9400.5047797619,3451.2,-1546.00770724462,876.260000000001,588.7
2025-05-29 13:05:00,3817118844.01959,10148591138.2189,231.091593973105,0,-1867.94997546898,-2757.74,249.650907784369,-1228.09,589.078
2025-05-29 13:08:00,3822721825.03346,8550740487.43377,-17620.9729729725,-27360,1040.22031349206,-1406.76,-839.036373425403,-807.84,589.195
2025-05-29 13:12:00,3652548295.8581,6578813355.52281,29600.8590750425,21307,15531.882510989,8831.43,-290.861821760583,4781.03,588.89
2025-05-29 13:17:00,3564280323.97318,5835962047.31788,104216.307189541,35374,3311.77548809524,5929.83,2241.20151021035,2941.02,588.73
2025-05-29 13:22:00,2922036385.39661,-2434566021.53729,523896.539490661,99897,-45.2574608111285,44705.31,-1468.84623576005,17774.69,587.755
2025-05-29 13:26:00,3205709768.41311,-128979475.542822,6159.15997718644,1764,-12573.1137731942,-14474.52,2295.80980251024,-6635.14,588.26
2025-05-29 13:33:00,3484480229.46344,4728756712.01015,-101256.993523315,-56949,6672.60014133987,7688.98,1625.02654858528,4576.39,588.62
2025-05-29 13:37:00,3737738594.82757,8851664240.13515,-95870.6318715527,-41556,-11231.7624285714,-11573.04,513.315780285365,-5869.23,589.025
2025-05-29 13:43:00,3897110744.7807,11941837541.7955,-117402.969230767,-40533,1857.50194436067,4121.2,1217.40796329136,4806.2,589.21
2025-05-29 14:03:00,3937156081.65923,14228947704.7475,-339348.806776493,-171189,-50029.3200793649,-49213.1,-8991.50671708414,-29240.33,589.2
2025-05-29 14:04:00,3990935497.39957,14329192686.4492,-12557.8931980816,-7509,3565.17916883117,3794.25,-130.355017529959,2339.93,589.26
2025-05-29 14:05:00,3830118074.11142,10013372283.2368,-4331.92930324474,-5645,-1232.12803968254,-1532.28,-165.021752017355,-1060.12,589.11
2025-05-29 14:06:00,3525728469.75588,3632834662.96123,-19190.9075201615,-20081,-8710.18630769231,-6332.05,578.439696169916,-3498.61,588.9
2025-05-29 14:07:00,3492996730.45816,5712446332.67036,7195.18234418663,22971,1460.92984848485,10566.13,-917.291584259292,6796.22,588.7
2025-05-29 14:08:00,3395120226.63932,3755968586.24738,10753.6962748344,14187,3849.16968939393,381.14,-241.489767921953,101.02,588.52
2025-05-29 14:09:00,3501360499.75555,5687720896.27675,4013.197807818,8609,-1954.52527777778,-1396.28,318.110545854762,-804.62,588.687
2025-05-29 14:11:00,3523387833.67029,5357096082.31873,1214.67776223776,3654,-1637.00404761905,-1196.28,-11.9930933805289,-208.61,588.69
2025-05-29 14:12:00,3459938161.35641,4252725001.9085,7492.63604353392,9500,-1496.23013461539,-2446.35,208.224303028366,-1468.39,588.69
2025-05-29 14:13:00,3405490852.56947,3072453914.14311,6078.17501876872,7148,1487.9668,1106.73,409.213613137572,445.91,588.53
2025-05-29 14:14:00,3602091799.91653,6733011550.91248,-4023.30850806761,-7370,-1163.49765182884,-678.34,-466.536349749746,-315.21,588.83
2025-05-29 14:15:00,3398592761.11036,3193960457.27066,3173.94470650717,4434,-871.821585921326,-915.05,48.7688971494854,-328.93,588.51
2025-05-29 14:16:00,3430236376.35632,4122318920.02895,2061.67431175663,6980,187.31561654136,-83.3400000000001,-193.92887748207,431.41,588.59
2025-05-29 14:17:00,3644482537.25944,8384939054.07789,-1359.48387096766,-8199,-8617.46377777777,-2793.19,-248.509675379322,-1899.36,588.85
2025-05-29 14:18:00,3641346253.7369,8127434597.49239,-3145.95045012277,-8622,-668.468333333333,-402.4,-628.312151302247,-114.77,588.9
2025-05-29 14:19:00,3826721163.5616,10549431483.9879,-11834.8089836531,-7277,796.655891402718,608.22,9.98672437387132,912.49,589.095
2025-05-29 14:20:00,3884564896.54946,11672590125.9856,-19321.9044625519,-9587,2436.48056277056,3063.82,-285.898709575578,1913.59,589.17
2025-05-29 14:21:00,4002402646.38274,14214103695.2879,-36836.4802197784,-9163,-276.440638888888,-1059.5,-281.74842990403,-584.47,589.33
2025-05-29 14:22:00,4063968075.8874,16322583747.6689,-26905.8709523793,-8788,1202.3827020202,-378.25,-265.559859430306,-470.16,589.38
2025-05-29 14:23:00,4020515000.1823,15124875473.8393,-19485.0831480648,-6667,-80.056580808078,-614.5,-88.43589590441,-257.19,589.33
2025-05-29 14:24:00,4218787739.37401,18436730203.3624,-64430.9553157667,-14517,3225.73380555554,1385.3,437.594752241542,936.21,589.59
2025-05-29 14:25:00,4172135677.19698,18836921290.7978,-19724.6813469203,-6103,-819.911819985572,-928.62,91.5875659141811,-1372.63,589.52
2025-05-29 14:26:00,4235644044.42281,18114039576.7288,-25489.7755102034,-8844,7722.12189682539,5179.25,558.747148865493,2084.58,589.585
2025-05-29 14:27:00,4068076913.30123,15341031355.228,-10881.8777692893,-8415,4457.71977777778,3089.84,-138.627231682008,1625.82,589.34
2025-05-29 14:28:00,3795509666.64438,9308999299.83442,-1875.46053488016,-253,-3309.86836507936,-2629.08,-55.3639819162258,-1217.87,589.03
2025-05-29 14:29:00,3766078440.3004,9536662261.76306,117.099506948194,645,30.4579523809523,811.11,-241.955898773864,747.95,588.98
2025-05-29 14:30:00,3715312901.18214,8189352300.95344,-4521.3176526484,-20881,726.174287157288,2471.78,-246.79672197272,2327.52,588.96
2025-05-29 14:31:00,3922273651.39705,12243961852.9441,-85074.257310202,-43163,-11256.9764960318,-9145.17,-2020.95996074862,-6172.19,589.29
2025-05-29 14:32:00,3911599679.76466,13824540903.169,-12106.0767474102,-12462,-360.522282828282,-1749.39,-950.071063624322,-1662.09,589.18
2025-05-29 14:33:00,3908394391.64159,13255722897.6531,-8954.44682115265,-5418,664.385409356726,1328.04,41.0383027602576,914.63,589.181
2025-05-29 14:34:00,3905003513.79989,14180667648.215,-13761.5081961071,-9651,-827.278095238095,-347.8,-230.601216868976,-568.42,589.19
2025-05-29 14:35:00,3891868214.9945,14721418220.6941,-7734.40331505571,-7416,51.4757777777748,1260.6,103.455242235343,830.34,589.13
2025-05-29 14:36:00,3905950106.77736,14610612674.6865,-3087.25911147201,-2664,-421.461363636364,-224.31,42.5175172330651,43.37,589.18
2025-05-29 14:37:00,3841004262.09439,11918679517.4396,-1977.96285153403,-4476,495.059283716284,687.75,460.55791107933,410.16,589.1
2025-05-29 14:38:00,3762743721.28082,10337038650.9437,167.877990819398,1067,671.360975912976,899.83,-143.821918743682,487.49,588.97
2025-05-29 14:39:00,3729742550.02882,10521312832.0621,859.286404416991,5803,-480.079444444442,137.51,161.065517183954,205.74,588.94
2025-05-29 14:40:00,3765162094.75228,9274813962.96454,-9500.95435285043,-5407,-130.721626262627,-896.15,-350.127519424049,87.24,589.13
2025-05-29 14:41:00,4023032339.92821,16122226916.13,-12058.3211250141,-5626,566.038222222218,902.38,-232.111484011625,422.31,589.3
2025-05-29 14:42:00,4035659571.22703,16844103339.0314,-8238.78917165616,-4497,1405.14473953824,670.4,-208.135664696736,719.15,589.31
2025-05-29 14:43:00,4069374631.36019,16434589431.3772,-4785.12502064406,-2167,138.948357142858,103.72,57.7539979348275,18.46,589.35
2025-05-29 14:44:00,3975846573.81921,15403569783.5943,-2596.23203609689,-3390,772.700277777778,737.17,134.501437101194,486.72,589.24
2025-05-29 14:45:00,4069448059.82323,17515499769.194,-17326.5109283184,-7581,-2154.83708333334,-504.17,-168.563675912014,-605.61,589.36
2025-05-29 14:46:00,4334201725.40794,24382756346.8431,-41253.8173758868,-10569,521.463750000003,-452.34,-410.168548506084,-363.01,589.69
2025-05-29 14:47:00,4487016095.94232,23932308469.84,-63865.7496470035,-12984,1452.78765079365,-1416.57,-636.253283565697,-1184.57,589.83
2025-05-29 14:48:00,4720559917.95229,30485647820.7628,-85907.7754335911,-20309,6456.24731168831,2709.06,205.767382490884,2974.92,590.155
2025-05-29 14:49:00,4385239176.27825,19314300858.8278,-24748.0437735854,-8164,-1247.58357720058,-1796.99,596.998832195434,-510.58,589.86
2025-05-29 14:50:00,5170412795.11161,42714586406.8932,-86777.1444064778,-21840,442.075238095239,-3023.4,-886.348398910414,-2802.63,590.52
2025-05-29 14:51:00,4410536387.66816,22004781530.0808,-6916.88022911312,-912,5185.55314263516,3692.22,-415.767039532282,2482.23,589.7
2025-05-29 14:52:00,4528667324.51294,25701068034.5111,-9283.26774060319,-10244,7410.56349553373,2009.18,-197.115293402201,1555.09,589.78
2025-05-29 14:53:00,4255858447.10293,22081665624.1224,8783.46805946178,3481,1110.11252406417,413.87,530.083328261852,344.07,589.48
2025-05-29 14:54:00,3868371698.41401,14686751082.9205,20102.5909744846,11218,-1704.67835974553,-1006.52,-831.0226989109,-1528.13,589.05
2025-05-29 14:55:00,4846631893.9644,46132201767.18,-7949.50278024915,-9679,-7129.85365567765,-3956.77,-268.994816524466,-3254.19,589.66
2025-05-29 14:56:00,3780389411.43949,-2039969694.3299,-10450.7578751166,-7666,178.600361416356,-616.85,-1150.01137706721,-453.18,589.57
2025-05-29 14:57:00,4689176686.57323,32211778898.9168,-13011.2833348066,-6296,-410.599746753246,-664.15,-242.110926519153,-417.95,589.795
2025-05-29 14:58:00,4855391969.70491,37307887829.5284,-16087.0788177337,-7471,-153.267993526084,-450.43,-115.633955430857,-290.89,589.96
2025-05-29 14:59:00,5335035984.5295,60756920397.1122,-5526.60929292959,2984,1928.08497863248,299.99,869.415973028108,1069.37,589.85
2025-05-29 15:01:00,5144118412.05643,54367403845.3952,-743.159726962454,4043,1862.4371969697,996.52,-1440.70421005564,-560.7,589.83
