2025-07-23 06:39:00,23050,,,,23050,,,,,,,,,23100,23300,23063.578
2025-07-23 06:40:00,23050,,,,23050,,,,,,,,,23100,23300,23063.578
2025-07-23 06:41:00,23050,,,,23050,,,,,,,,,23100,23300,23063.578
2025-07-23 06:42:00,23050,,,,23050,,,,,,,,,23100,23300,23063.578
2025-07-23 06:43:00,23050,,,,23050,,,,,,,,,23100,23300,23063.578
2025-07-23 06:44:00,23050,,,,23050,,,,,,,,,23100,23300,23063.578
2025-07-23 06:45:00,23050,,,,23050,,,,,,,,,23100,23300,23063.578
2025-07-23 06:46:00,23050,,,,23050,,,,,,,,,23100,23300,23063.578
2025-07-23 06:47:00,23050,,,,23050,,,,,,,,,23100,23300,23063.578
2025-07-23 06:48:00,23050,,,,23050,,,,,,,,,23100,23300,23063.578
2025-07-23 06:49:00,23050,,,,23050,,,,,,,,,23100,23300,23063.578
2025-07-23 06:50:00,23050,,,,23050,,,,,,,,,23100,23300,23063.578
2025-07-23 06:51:00,23050,,,,23050,,,,,,,,,23100,23300,23063.578
2025-07-23 06:53:00,23050,,,,23050,,,,,,,,,23100,23300,23063.578
2025-07-23 06:54:00,23050,,,,23050,,,,,,,,,23100,23300,23063.578
2025-07-23 06:55:00,23050,,,,23050,,,,,,,,,23100,23300,23063.578
2025-07-23 06:56:00,23050,,,,23050,,,,,,,,,23100,23300,23063.578
2025-07-23 06:57:00,23050,,,,23050,,,,,,,,,23100,23300,23063.578
2025-07-23 06:58:00,23050,,,,23050,,,,,,,,,23100,23300,23063.578
2025-07-23 06:59:00,23050,,,,23050,,,,,,,,,23100,23300,23063.578
2025-07-23 07:00:00,23050,,,,23050,,,,,,,,,23100,23300,23063.578
2025-07-23 07:01:00,23050,,,,23050,,,,,,,,,23100,23300,23063.578
2025-07-23 07:02:00,23050,,,,23050,,,,,,,,,23100,23300,23063.578
2025-07-23 07:03:00,23050,,,,23050,,,,,,,,,23100,23300,23063.578
2025-07-23 07:04:00,23050,,,,23050,,,,,,,,,23100,23300,23063.578
2025-07-23 07:05:00,23050,,,,23050,,,,,,,,,23100,23300,23063.578
2025-07-23 07:06:00,23050,,,,23050,,,,,,,,,23100,23300,23063.578
2025-07-23 07:07:00,23050,,,,23050,,,,,,,,,23100,23300,23063.578
2025-07-23 07:08:00,23050,,,,23050,,,,,,,,,23100,23300,23063.578
2025-07-23 07:09:00,23050,,,,23050,,,,,,,,,23100,23300,23063.578
2025-07-23 07:10:00,23050,,,,23050,,,,,,,,,23100,23300,23063.578
2025-07-23 07:11:00,23050,,,,23050,,,,,,,,,23100,23300,23063.578
2025-07-23 07:12:00,23050,,,,23050,,,,,,,,,23100,23300,23063.578
2025-07-23 07:13:00,23050,,,,23050,,,,,,,,,23100,23300,23063.578
2025-07-23 07:14:00,23050,,,,23050,,,,,,,,,23100,23300,23063.578
2025-07-23 07:15:00,23050,,,,23050,,,,,,,,,23100,23300,23063.578
2025-07-23 07:16:00,23050,,,,23050,,,,,,,,,23100,23300,23063.578
2025-07-23 07:17:00,23050,,,,23050,,,,,,,,,23100,23300,23063.578
2025-07-23 07:18:00,23050,,,,23050,,,,,,,,,23100,23300,23063.578
2025-07-23 07:19:00,23050,,,,23050,,,,,,,,,23100,23300,23063.578
2025-07-23 07:20:00,23050,,,,23050,,,,,,,,,23100,23300,23063.578
2025-07-23 07:21:00,23050,,,,23050,,,,,,,,,23100,23300,23063.578
2025-07-23 07:22:00,23050,,,,23050,,,,,,,,,23100,23300,23063.578
2025-07-23 07:23:00,23050,,,,23050,,,,,,,,,23100,23300,23063.578
2025-07-23 07:24:00,23050,,,,23050,,,,,,,,,23100,23300,23063.578
2025-07-23 07:25:00,23050,,,,23050,,,,,,,,,23100,23300,23063.578
2025-07-23 07:26:00,23050,,,,23050,,,,,,,,,23100,23300,23063.578
2025-07-23 07:27:00,23050,,,,23050,,,,,,,,,23100,23300,23063.578
2025-07-23 07:28:00,23050,,,,23050,,,,,,,,,23100,23300,23063.578
2025-07-23 07:29:00,23050,,,,23050,,,,,,,,,23100,23300,23063.578
2025-07-23 07:30:00,23050,,,,23050,,,,,,,,,23100,23300,23063.578
2025-07-23 07:31:00,23050,,,,23050,,,,,,,,,23100,23300,23063.578
2025-07-23 07:32:00,23050,,,,23050,,,,,,,,,23100,23300,23063.578
2025-07-23 07:33:00,23050,,,,23050,,,,,,,,,23100,23300,23063.578
2025-07-23 07:34:00,23050,,,,23050,,,,,,,,,23100,23300,23063.578
2025-07-23 07:35:00,23050,,,,23050,,,,,,,,,23100,23300,23063.578
2025-07-23 07:36:00,23050,,,,23050,,,,,,,,,23100,23300,23063.578
2025-07-23 07:37:00,23050,,,,23050,,,,,,,,,23100,23300,23063.578
2025-07-23 07:38:00,23050,,,,23050,,,,,,,,,23100,23300,23063.578
2025-07-23 07:39:00,23050,,,,23050,,,,,,,,,23100,23300,23063.578
2025-07-23 07:40:00,23050,,,,23050,,,,,,,,,23100,23300,23063.578
2025-07-23 07:41:00,23050,,,,23050,,,,,,,,,23100,23300,23063.578
2025-07-23 07:42:00,23050,,,,23050,,,,,,,,,23100,23300,23063.578
2025-07-23 07:43:00,23050,,,,23050,,,,,,,,,23100,23300,23063.578
2025-07-23 07:44:00,23050,,,,23050,,,,,,,,,23100,23300,23063.578
2025-07-23 07:45:00,23050,,,,23050,,,,,,,,,23100,23300,23063.578
2025-07-23 07:46:00,23050,,,,23050,,,,,,,,,23100,23300,23063.578
2025-07-23 07:47:00,23050,,,,23050,,,,,,,,,23100,23300,23063.578
2025-07-23 07:48:00,23050,,,,23050,,,,,,,,,23100,23300,23063.578
2025-07-23 07:49:00,23050,,,,23050,,,,,,,,,23100,23300,23063.578
2025-07-23 07:50:00,23050,,,,23050,,,,,,,,,23100,23300,23063.578
2025-07-23 07:51:00,23050,,,,23050,,,,,,,,,23100,23300,23063.578
2025-07-23 07:52:00,23050,,,,23050,,,,,,,,,23100,23300,23063.578
2025-07-23 07:53:00,23050,,,,23050,,,,,,,,,23100,23300,23063.578
2025-07-23 07:54:00,23050,,,,23050,,,,,,,,,23100,23300,23063.578
2025-07-23 07:55:00,23050,,,,23050,,,,,,,,,23100,23300,23063.578
2025-07-23 07:56:00,23050,,,,23050,,,,,,,,,23100,23300,23063.578
2025-07-23 07:57:00,23050,,,,23050,,,,,,,,,23100,23300,23063.578
2025-07-23 07:58:00,23050,,,,23050,,,,,,,,,23100,23300,23063.578
2025-07-23 07:59:00,23050,,,,23050,,,,,,,,,23100,23300,23063.578
2025-07-23 08:00:00,23050,,,,23050,,,,,,,,,23100,23300,23063.578
2025-07-23 08:01:00,23050,,,,23050,,,,,,,,,23100,23300,23063.578
2025-07-23 08:03:00,23050,,,,23050,,,,,,,,,23100,23300,23063.578
2025-07-23 08:04:00,23050,,,,23050,,,,,,,,,23100,23300,23063.578
2025-07-23 08:05:00,23050,,,,23050,,,,,,,,,23100,23300,23063.578
2025-07-23 08:06:00,23050,,,,23050,,,,,,,,,23100,23300,23063.578
2025-07-23 08:07:00,23050,,,,23050,,,,,,,,,23100,23300,23063.578
2025-07-23 08:08:00,23050,,,,23050,,,,,,,,,23100,23300,23063.578
2025-07-23 08:09:00,23050,,,,23050,,,,,,,,,23100,23300,23063.578
2025-07-23 08:10:00,23050,,,,23050,,,,,,,,,23100,23300,23063.578
2025-07-23 08:11:00,23050,,,,23050,,,,,,,,,23100,23300,23063.578
2025-07-23 08:12:00,23050,,,,23050,,,,,,,,,23100,23300,23063.578
2025-07-23 08:13:00,23050,,,,23050,,,,,,,,,23100,23300,23063.578
2025-07-23 08:14:00,23050,,,,23050,,,,,,,,,23100,23300,23063.578
2025-07-23 08:15:00,23050,,,,23050,,,,,,,,,23100,23300,23063.578
2025-07-23 08:16:00,23050,,,,23050,,,,,,,,,23100,23300,23063.578
2025-07-23 08:17:00,23050,,,,23050,,,,,,,,,23100,23300,23063.578
2025-07-23 08:18:00,23050,,,,23050,,,,,,,,,23100,23300,23063.578
2025-07-23 08:19:00,23050,,,,23050,,,,,,,,,23100,23300,23063.578
2025-07-23 08:20:00,23050,,,,23050,,,,,,,,,23100,23300,23063.578
2025-07-23 08:21:00,23050,,,,23050,,,,,,,,,23100,23300,23063.578
2025-07-23 08:22:00,23050,,,,23050,,,,,,,,,23100,23300,23063.578
2025-07-23 08:23:00,23050,,,,23050,,,,,,,,,23100,23300,23063.578
2025-07-23 08:24:00,23050,,,,23050,,,,,,,,,23100,23300,23063.578
2025-07-23 08:25:00,23050,,,,23050,,,,,,,,,23100,23300,23063.578
2025-07-23 08:26:00,23050,,,,23050,,,,,,,,,23100,23300,23063.578
2025-07-23 08:27:00,23050,,,,23050,,,,,,,,,23100,23300,23063.578
2025-07-23 08:28:00,23050,,,,23050,,,,,,,,,23100,23300,23063.578
2025-07-23 08:29:00,23050,,,,23050,,,,,,,,,,,23063.578
2025-07-23 08:30:00,23050,,23200,,23050,,,,,,,23300,,23200,23300,23092.081
2025-07-23 08:31:00,23050,,23250,,23050,,,,,,,23250,22800,23250,23400,23064.052
2025-07-23 08:32:00,23050,,,22850,23050,,,,,,,23150,22850,22800,22850,23039.845
2025-07-23 08:33:00,23050,,,22850,23050,,,,,,,23150,22850,23250,22850,23058.649
2025-07-23 08:34:00,23050,,,22850,23050,,,,,,,23150,22850,23200,22850,23064.641
2025-07-23 08:35:00,23050,,,22850,23050,,,,,,,23250,22850,23250,22850,23076.696
2025-07-23 08:36:00,23050,,,22850,23050,,,,,,,23250,22850,23250,22850,23069.182
2025-07-23 08:37:00,23050,,,22850,23050,,,,,,,23250,22850,23250,22850,23076.826
2025-07-23 08:38:00,23050,,,22850,23050,,,,,,,23250,22850,23250,22850,23081.098
2025-07-23 08:39:00,23050,,,22850,23050,,,,,,,23250,22850,23250,22850,23079.304
2025-07-23 08:40:00,23050,,,22850,23050,,,,,,,23250,22850,23250,22850,23080.545
2025-07-23 08:41:00,23050,,,22850,23050,,,,,,,23250,22850,23250,22850,23063.847
2025-07-23 08:42:00,23050,,,22850,23050,,,,,,,23100,22850,23100,22850,23053.419
2025-07-23 08:43:00,23050,,,,23050,,,,,,,23100,22850,23100,22850,23056.64
2025-07-23 08:44:00,23050,,,22850,23050,,,,,,,23100,22850,23100,22850,23052.955
2025-07-23 08:45:00,23050,,,22850,23050,,,,,,,23100,22850,23100,22850,23025.462
2025-07-23 08:46:00,23050,,,22850,23050,,,,,,,23100,22850,23100,22850,23018.868
2025-07-23 08:47:00,23050,,,22850,23050,,,,,,,23100,22850,23100,22850,23031.267
2025-07-23 08:48:00,23050,,,22850,23050,,,,,,,23100,22850,23100,22850,23045.079
2025-07-23 08:49:00,23050,,,22850,23050,,,,,,,23100,22850,23100,22850,23045.441
2025-07-23 08:51:00,23050,,,22850,23050,,,,,,,23100,22850,23100,22850,23039.551
2025-07-23 08:52:00,23050,,,22850,23050,,,,,,,23100,22850,23100,22850,23046.445
2025-07-23 08:53:00,23050,,,22850,23050,,,,,,,23100,22850,23100,22850,23047.168
2025-07-23 08:54:00,23050,,,22850,23050,,,,,,,23100,22850,23100,22850,23045.195
2025-07-23 08:55:00,23050,,,22850,23050,,,,,,,23100,22850,23100,22850,23048.069
2025-07-23 08:56:00,23050,,,22850,23050,,,,,,,23100,22850,23100,22850,23050.092
2025-07-23 08:57:00,23050,,,22850,23050,,,,,,,23100,22850,23100,22850,23029.695
2025-07-23 08:58:00,23050,,,22850,23050,,,,,,,23100,22850,23100,22850,23031.757
2025-07-23 08:59:00,23050,,,22850,23050,,,,,,,23100,22850,23100,22850,23033.711
2025-07-23 09:00:00,23050,,,22850,23050,,,,,,,23100,22850,23100,22850,23017.85
2025-07-23 09:01:00,23050,,,22850,23050,,,,,,,23100,22850,23100,22850,23009.138
2025-07-23 09:02:00,23050,,,22850,23050,,,,,,,23100,22850,23100,22850,23022.69
2025-07-23 09:03:00,23050,,,22850,23050,,,,,,,23100,22850,23100,22850,23019.453
2025-07-23 09:04:00,23050,,,22850,23050,,,,,,,23100,22850,23100,22850,23021.293
2025-07-23 09:05:00,23050,,,22850,23050,,,,,,,23100,22850,23100,22850,23010.958
2025-07-23 09:06:00,23050,,,22850,23050,,,,,,,23100,22850,23100,22850,23016.082
2025-07-23 09:07:00,23050,,,22850,23050,,,,,,,23100,22850,23100,22850,23014.266
2025-07-23 09:08:00,23050,,,22850,23050,,,,,,,23100,22850,23100,22850,23012.595
2025-07-23 09:09:00,23050,,,22850,23050,,,,,,,23100,22850,23100,22850,23025.78
2025-07-23 09:10:00,23050,,,22850,23050,,,,,,,23100,22850,23100,22850,23018.129
2025-07-23 09:11:00,23050,,,22850,23050,,,,,,,23100,22850,23100,22850,23020.601
2025-07-23 09:12:00,23050,,,22850,23050,,,,,,,23100,22850,23100,22850,23016.591
2025-07-23 09:13:00,23050,,,22850,23050,,,,,,,23100,22850,23100,22850,23000.628
2025-07-23 09:14:00,23050,,,22850,23050,,,,,,,23100,22850,23100,22850,23000.552
2025-07-23 09:15:00,23050,,,22850,23050,,,,,,,23100,22850,23100,22850,23005.218
2025-07-23 09:16:00,23050,,,22850,23050,,,,,,,23100,22850,23100,22850,23025.918
2025-07-23 09:17:00,23050,,,22850,23050,,,,,,,23100,22850,23100,22850,23032.88
2025-07-23 09:18:00,23050,,,22850,23050,,,,,,,23100,22850,23100,22850,23028.533
2025-07-23 09:19:00,23050,,,22850,23050,,,,,,,23100,22850,23100,22850,23024.72
2025-07-23 09:20:00,23050,,,22850,23050,,,,,,,23100,22850,23100,22850,23016.527
2025-07-23 09:21:00,23050,,,22850,23050,,,,,,,23100,22850,23100,22850,23023.963
2025-07-23 09:22:00,23050,,,22850,23050,,,,,,,23100,22850,23100,22850,23030.918
2025-07-23 09:23:00,23050,,,22850,23050,,,,,,,23100,22850,23100,22850,23032.449
2025-07-23 09:24:00,23050,,,22850,23050,,,,,,,23100,22850,23250,22850,23032.154
2025-07-23 09:25:00,23050,,,22850,23050,,,,,,,23100,22850,23250,22850,23031.586
2025-07-23 09:26:00,23050,,,22850,23050,,,,,,,23100,22850,23100,22850,23033.056
2025-07-23 09:27:00,23050,,,22850,23050,,,,,,,23100,22850,23100,22850,23028.508
2025-07-23 09:28:00,23050,,,22850,23050,,,,,,,23100,22850,23100,22850,23032.084
2025-07-23 09:29:00,23050,,,22850,23050,,,,,,,23100,22850,23100,22850,23032.944
2025-07-23 09:30:00,23050,,,,23050,,,,,,,23100,22850,23100,22850,23039.185
2025-07-23 09:31:00,23050,,,22850,23050,,,,,,,23100,22850,23100,22850,23033.01
2025-07-23 09:32:00,23050,,,22850,23050,,,,,,,23100,22850,23100,22850,23028.219
2025-07-23 09:33:00,23050,,,22850,23050,,,,,,,23100,22850,23100,22850,23026.492
2025-07-23 09:34:00,23050,,,22850,23050,,,,,,,23100,22850,23250,22850,23013.817
2025-07-23 09:35:00,23050,,,22850,23050,,,,,,,23100,22850,23100,22850,23011.672
2025-07-23 09:36:00,23050,,,22850,23050,,,,,,,23100,22850,23250,22850,23017.372
2025-07-23 09:37:00,23050,,,22850,23050,,,,,,,23100,22850,23250,22850,23016.184
2025-07-23 09:38:00,23050,,,22850,23050,,,,,,,23100,22850,23250,22850,23012.529
2025-07-23 09:39:00,23050,,,22850,23050,,,,,,,23100,22850,23250,22850,23017.453
2025-07-23 09:40:00,23050,,,22850,23050,,,,,,,23100,22850,23250,22850,23015.255
2025-07-23 09:41:00,23050,,,22850,23050,,,,,,,23100,22850,23250,22850,23012.463
2025-07-23 09:42:00,23050,,,22850,23050,,,,,,,23100,22850,23250,22850,23024.446
2025-07-23 09:43:00,23050,,,22850,23050,,,,,,,23100,22850,23100,22850,23029.015
2025-07-23 09:44:00,23050,,,22850,23050,,,,,,,23100,22850,23100,22850,23031.328
2025-07-23 09:45:00,23050,,,22850,23050,,,,,,,23100,22850,23100,22850,23021.463
2025-07-23 09:46:00,23050,,,22850,23050,,,,,,,23100,22850,23250,22850,23031.953
2025-07-23 09:47:00,23050,,,22850,23050,,,,,,,23100,22850,23250,22850,23027.345
2025-07-23 09:48:00,23050,,,,23050,,,,,,,23100,22850,23250,22850,23033.422
2025-07-23 09:49:00,23050,,,22850,23050,,,,,,,23100,22850,23250,22850,23031.333
2025-07-23 09:50:00,23050,,,,23050,,,,,,,23100,22850,23250,22850,23032.372
2025-07-23 09:51:00,23050,,23100,,23050,,,,,,,23100,22850,23250,22850,23042.005
2025-07-23 09:52:00,23050,,,,23050,,,,,,,23100,22850,23250,22850,23037.639
2025-07-23 09:53:00,23050,,,,23050,,,,,,,23100,22850,23250,22850,23036.803
2025-07-23 09:54:00,23050,,23100,,23050,,,,,,,23100,22850,23250,22850,23044.076
2025-07-23 09:55:00,23050,,23100,,23050,,,,,,,23100,22850,23250,22850,23042.376
2025-07-23 09:56:00,23050,,23100,,23050,,,,,,,23100,22850,23250,22850,23047.571
2025-07-23 09:57:00,23050,,23100,,23050,,,,,,,23100,22850,23250,22850,23048.437
2025-07-23 09:58:00,23050,,23100,,23050,,,,,,,23100,22850,23250,22850,23049.609
2025-07-23 09:59:00,23050,,23100,,23050,,,,,,,23100,22850,23250,22850,23049.017
2025-07-23 10:00:00,23050,,23100,,23050,,,,,,,23100,22850,23250,22850,23058.055
2025-07-23 10:01:00,23050,,23100,,23050,,,,,,,23100,22850,23250,22850,23059.013
2025-07-23 10:02:00,23050,,23100,,23050,,,,,,,23100,22850,23250,22850,23052.991
2025-07-23 10:03:00,23050,,,,23050,,,,,,,23100,22850,23250,22850,23040.737
2025-07-23 10:04:00,23050,,,,23050,,,,,,,23100,22850,23250,22850,23039.78
2025-07-23 10:06:00,23050,,,,23050,,,,,,,23100,22850,23100,22850,23032.763
2025-07-23 10:07:00,23050,,,,23050,,,,,,,23100,22850,23250,22850,23037.434
2025-07-23 10:08:00,23050,,,,23050,,,,,,,23100,22850,23250,22850,23043.137
2025-07-23 10:09:00,23050,,23100,,23050,,,,,,,23100,22850,23250,22850,23048.131
2025-07-23 10:10:00,23050,,,,23050,,,,,,,23100,22850,23250,22850,23045.816
2025-07-23 10:11:00,23050,,23100,,23050,,,,,,,23100,22850,23100,22850,23046.843
2025-07-23 10:12:00,23050,,23100,,23050,,,,,,,23100,22850,23250,22850,23051.042
2025-07-23 10:13:00,23050,,,,23050,,,,,,,23100,22850,23250,22850,23042.268
2025-07-23 10:14:00,23050,,,,23050,,,,,,,23100,22850,23250,22850,23040.503
2025-07-23 10:15:00,23050,,,,23050,,,,,,,23100,22850,23250,22850,23037.273
2025-07-23 10:16:00,23050,,,,23050,,,,,,,23100,22850,23100,22850,23038.189
2025-07-23 10:17:00,23050,,,,23050,,,,,,,23100,22850,23250,22850,23043.116
2025-07-23 10:18:00,23050,,,,23050,,,,,,,23100,22850,23250,22850,23039.432
2025-07-23 10:19:00,23050,,,,23050,,,,,,,23100,22850,23100,22850,23042.051
2025-07-23 10:20:00,23050,,,,23050,,,,,,,23100,22850,23250,22850,23047.885
2025-07-23 10:21:00,23050,,23100,,23050,,,,,,,23100,22850,23250,22850,23056.857
2025-07-23 10:22:00,23050,,23100,,23050,,,,,,,23100,22850,23250,22850,23056.325
2025-07-23 10:23:00,23050,,23100,,23050,,,,,,,23100,22850,23250,22850,23058.992
2025-07-23 10:24:00,23050,,23100,,23050,,,,,,,23100,22850,23250,22850,23056.972
2025-07-23 10:25:00,23050,,23100,,23050,,,,,,,23100,22850,23250,22850,23052.605
2025-07-23 10:26:00,23050,,23100,,23050,,,,,,,23100,22850,23250,22850,23051.67
2025-07-23 10:27:00,23050,,23100,,23050,,,,,,,23100,22850,23250,22850,23051.781
2025-07-23 10:28:00,23050,,23100,,23050,,,,,,,23100,22850,23250,22850,23055.022
2025-07-23 10:29:00,23050,,23100,,23050,,,,,,,23100,22850,23250,22850,23057.579
2025-07-23 10:30:00,23050,,23100,,23050,,,,,,,23100,22850,23250,22850,23056.849
2025-07-23 10:31:00,23050,,23100,,23050,,,,,,,23100,22850,23250,22850,23054.542
2025-07-23 10:32:00,23050,,23100,,23050,,,,,,,23100,22850,23250,22850,23053.293
2025-07-23 10:33:00,23050,,23100,,23050,,,,,,,23100,22850,23250,22850,23051.553
2025-07-23 10:34:00,23050,,23100,,23050,,,,,,,23100,22850,23250,22850,23057.757
2025-07-23 10:35:00,23050,,23100,,23050,,,,,,,23100,22850,23250,22850,23056.519
2025-07-23 10:36:00,23050,,23100,,23050,,,,,,,23100,22850,23250,22850,23059.377
2025-07-23 10:37:00,23050,,23100,,23050,,,,,,,23100,22850,23250,22850,23049.995
2025-07-23 10:38:00,23050,,23100,,23050,,,,,,,23100,22850,23250,22850,23052.344
2025-07-23 10:39:00,23050,,23100,,23050,,,,,,,23100,22850,23250,22850,23048.176
2025-07-23 10:40:00,23050,,23100,,23050,,,,,,,23100,22850,23250,22850,23055.255
2025-07-23 10:41:00,23050,,23100,,23050,,,,,,,23100,22850,23250,22850,23052.537
2025-07-23 10:42:00,23050,,23100,,23050,,,,,,,23100,22850,23250,22850,23052.747
2025-07-23 10:43:00,23050,,23100,,23050,,,,,,,23100,22850,23250,22850,23059.032
2025-07-23 10:44:00,23050,,23100,,23050,,,,,,,23100,22850,23250,22850,23059.999
2025-07-23 10:45:00,23050,,23100,,23050,,,,,,,23100,22850,23100,22850,23058.356
2025-07-23 10:46:00,23050,,23100,,23050,,,,,,,23100,22850,23250,22850,23055.972
2025-07-23 10:47:00,23050,,23100,,23050,,,,,,,23100,22850,23250,22850,23059.045
2025-07-23 10:48:00,23050,,23100,,23050,,,,,,,23100,22850,23250,22850,23062.099
2025-07-23 10:49:00,23050,,23100,,23050,,,,,,,23100,22850,23250,22850,23061.247
2025-07-23 10:50:00,23050,,23100,,23050,,,,,,,23100,22850,23250,22850,23062.981
2025-07-23 10:51:00,23050,,23100,,23050,,,,,,,23100,22850,23250,22850,23065.668
2025-07-23 10:52:00,23050,,23100,,23050,,,,,,,23100,22850,23250,22850,23071.907
2025-07-23 10:53:00,23050,,23100,,23050,,,,,,,23100,22850,23250,22850,23078.302
2025-07-23 10:54:00,23050,,23100,,23050,,,,,,,23100,22850,23250,22850,23087.362
2025-07-23 10:55:00,23050,,23100,,23050,,,,,,,23100,22850,23250,22850,23097.512
2025-07-23 10:56:00,23050,,23100,,23050,,,,,,,23100,22850,23100,22850,23130.395
2025-07-23 10:57:00,23050,,23100,,23050,,,,,,,23100,22850,23250,22850,23117.854
2025-07-23 10:58:00,23050,,23100,,23050,,,,,,,23100,22850,23250,22850,23098.21
2025-07-23 10:59:00,23050,,23100,,23050,,,,,,,23100,22850,23250,22850,23110.295
2025-07-23 11:00:00,23050,,23100,,23050,,,,,,,23100,22850,23250,22850,23105.463
2025-07-23 11:01:00,23050,,23100,,23050,,,,,,,23100,22850,23250,22850,23094.305
2025-07-23 11:02:00,23050,,23100,,23050,,,,,,,23100,22850,23250,22850,23098.592
2025-07-23 11:03:00,23050,,23100,,23050,,,,,,,23100,22850,23250,22850,23104.01
2025-07-23 11:04:00,23050,,23100,,23050,,,,,,,23100,22850,23250,22850,23106.403
2025-07-23 11:05:00,23050,,23100,,23050,,,,,,,23100,22850,23250,22850,23101.871
2025-07-23 11:06:00,23050,,23100,,23050,,,,,,,23100,22850,23250,22850,23097.499
2025-07-23 11:07:00,23050,,23100,,23050,,,,,,,23100,22850,23250,22850,23104.331
2025-07-23 11:08:00,23050,,23100,,23050,,,,,,,23100,22850,23250,22850,23108.882
2025-07-23 11:09:00,23050,,23100,,23050,,,,,,,23100,22850,23250,22850,23103.266
2025-07-23 11:10:00,23050,,23100,,23050,,,,,,,23100,22850,23250,22850,23088.339
2025-07-23 11:11:00,23050,,23100,,23050,,,,,,,23100,22850,23250,22850,23084.826
2025-07-23 11:12:00,23050,,23100,,23050,,,,,,,23100,22850,23250,22850,23085.849
2025-07-23 11:13:00,23050,,23100,,23050,,,,,,,23100,22850,23250,22850,23082.718
2025-07-23 11:14:00,23050,,23100,,23050,,,,,,,23100,22850,23250,22850,23084.95
2025-07-23 11:15:00,23050,,23100,,23050,,,,,,,23100,22850,23250,22850,23085.22
2025-07-23 11:16:00,23050,,23100,,23050,,,,,,,23100,22850,23250,22850,23080.568
2025-07-23 11:17:00,23050,,23100,,23050,,,,,,,23100,22850,23250,22850,23072.454
2025-07-23 11:18:00,23050,,23100,,23050,,,,,,,23100,22850,23250,22850,23075.304
2025-07-23 11:20:00,23050,,23100,,23050,,,,,,,23100,22850,23250,22850,23076.767
2025-07-23 11:21:00,23050,,23100,,23050,,,,,,,23100,22850,23250,22850,23071.413
2025-07-23 11:22:00,23050,,23100,,23050,,,,,,,23100,22850,23250,22850,23063.551
2025-07-23 11:23:00,23050,,23100,,23050,,,,,,,23100,22850,23250,22850,23052.576
2025-07-23 11:24:00,23050,,23100,,23050,,,,,,,23100,22850,23250,22850,23056.556
2025-07-23 11:25:00,23050,,23100,,23050,,,,,,,23100,22850,23250,22850,23061.152
2025-07-23 11:26:00,23050,,23100,,23050,,,,,,,23100,22850,23250,22850,23058.694
2025-07-23 11:27:00,23050,,23100,,23050,,,,,,,23100,22850,23250,22850,23066.035
2025-07-23 11:28:00,23050,,23100,,23050,,,,,,,23100,22850,23250,22850,23063.327
2025-07-23 11:29:00,23050,,23100,,23050,,,,,,,23100,22850,23250,22850,23056.389
2025-07-23 11:30:00,23050,,23100,,23050,,,,,,,23100,22850,23250,22850,23056.327
2025-07-23 11:31:00,23050,,23100,,23050,,,,,,,23100,22850,23250,22850,23059.145
2025-07-23 11:32:00,23050,,23100,,23050,,,,,,,23100,22850,23250,22850,23061.362
2025-07-23 11:33:00,23050,,23100,,23050,,,,,,,23100,22850,23250,22850,23064.618
2025-07-23 11:34:00,23050,,23100,,23050,,,,,,,23100,22850,23250,22850,23067.773
2025-07-23 11:35:00,23050,,23100,,23050,,,,,,,23100,22850,23250,22850,23061.232
2025-07-23 11:36:00,23050,,23100,,23050,,,,,,,23100,22850,23250,22850,23064.148
2025-07-23 11:37:00,23050,,23100,,23050,,,,,,,23100,22850,23250,22850,23065.969
2025-07-23 11:38:00,23050,,23100,,23050,,,,,,,23100,22850,23250,22850,23065.863
2025-07-23 11:39:00,23050,,23100,,23050,,,,,,,23100,22850,23250,22850,23065.557
2025-07-23 11:40:00,23050,,23100,,23050,,,,,,,23100,22850,23250,22850,23066.611
2025-07-23 11:41:00,23050,,23100,,23050,,,,,,,23100,22850,23250,22850,23066.38
2025-07-23 11:42:00,23050,,23100,,23050,,,,,,,23100,22850,23250,22850,23069.231
2025-07-23 11:43:00,23050,,23100,,23050,,,,,,,23100,22850,23250,22850,23074.248
2025-07-23 11:44:00,23050,,23100,,23050,,,,,,,23100,22850,23250,22850,23075.541
2025-07-23 11:45:00,23050,,23100,,23050,,,,,,,23100,22850,23250,22850,23077.163
2025-07-23 11:46:00,23050,,23100,,23050,,,,,,,23100,22850,23250,22850,23074.124
2025-07-23 11:47:00,23050,,23100,,23050,,,,,,,23100,22850,23250,22850,23075.434
2025-07-23 11:48:00,23050,,23100,,23050,,,,,,,23100,22850,23250,22850,23079.018
2025-07-23 11:49:00,23050,,23100,,23050,,,,,,,23100,22850,23250,22850,23078.393
2025-07-23 11:50:00,23050,,23100,,23050,,,,,,,23100,22850,23250,22850,23079.108
2025-07-23 11:51:00,23050,,23100,,23050,,,,,,,23100,22850,23250,22850,23076.225
2025-07-23 11:52:00,23050,,23100,,23050,,,,,,,23100,22850,23250,22850,23077.217
2025-07-23 11:53:00,23050,,23100,,23050,,,,,,,23100,22850,23250,22850,23074.828
2025-07-23 11:54:00,23050,,23100,,23050,,,,,,,23100,22850,23250,22850,23074.854
2025-07-23 11:55:00,23050,,23100,,23050,,,,,,,23100,22850,23250,22850,23076.602
2025-07-23 11:56:00,23050,,23100,,23050,,,,,,,23100,22850,23250,22850,23079.392
2025-07-23 11:57:00,23050,,23100,,23050,,,,,,,23100,22850,23250,22850,23083.325
2025-07-23 11:58:00,23050,,23100,,23050,,,,,,,23100,22850,23250,22850,23080.334
2025-07-23 11:59:00,23050,,23100,,23050,,,,,,,23100,22850,23250,22850,23078.729
2025-07-23 12:00:00,23050,,23100,,23050,,,,,,,23100,22850,23250,22850,23077.526
2025-07-23 12:01:00,23050,,23100,,23050,,,,,,,23100,22850,23250,22850,23075.458
2025-07-23 12:02:00,23050,,23100,,23050,,,,,,,23100,22850,23250,22850,23079.35
2025-07-23 12:03:00,23050,,23100,,23050,,,,,,,23100,22850,23250,22850,23081.745
2025-07-23 12:04:00,23050,,23100,,23050,,,,,,,23100,22850,23250,22850,23085.075
2025-07-23 12:05:00,23050,,23100,,23050,,,,,,,23100,22850,23250,22850,23086.34
2025-07-23 12:06:00,23050,,23100,,23050,,,,,,,23100,22850,23250,22850,23086.027
2025-07-23 12:07:00,23050,,23100,,23050,,,,,,,23100,22850,23250,22850,23083.569
2025-07-23 12:08:00,23050,,23100,,23050,,,,,,,23100,22850,23250,22850,23081.409
2025-07-23 12:09:00,23050,,23100,,23050,,,,,,,23100,22850,23250,22850,23079.133
2025-07-23 12:10:00,23050,,23100,,23050,,,,,,,23100,22850,23250,22850,23073.807
2025-07-23 12:11:00,23050,,23100,,23050,,,,,,,23100,22850,23250,22850,23073.731
2025-07-23 12:12:00,23050,,23100,,23050,,,,,,,23100,22850,23250,22850,23069.304
2025-07-23 12:13:00,23050,,23100,,23050,,,,,,,23100,22850,23250,22850,23068.209
2025-07-23 12:14:00,23050,,23100,,23050,,,,,,,23100,22850,23250,22850,23069.851
2025-07-23 12:15:00,23050,,23100,,23050,,,,,,,23100,22850,23250,22850,23066.572
2025-07-23 12:16:00,23050,,23100,,23050,,,,,,,23100,22850,23250,22850,23068.34
2025-07-23 12:17:00,23050,,23100,,23050,,,,,,,23100,22850,23250,22850,23067.185
2025-07-23 12:18:00,23050,,23100,,23050,,,,,,,23100,22850,23250,22850,23073.533
2025-07-23 12:19:00,23050,,23100,,23050,,,,,,,23100,22850,23250,22850,23072.98
2025-07-23 12:20:00,23050,,23100,,23050,,,,,,,23100,22850,23250,22850,23070.127
2025-07-23 12:21:00,23050,,23100,,23050,,,,,,,23100,22850,23250,22850,23074.585
2025-07-23 12:22:00,23050,,23100,,23050,,,,,,,23100,22850,23250,22850,23075.057
2025-07-23 12:23:00,23050,,23100,,23050,,,,,,,23100,22850,23250,22850,23079.875
2025-07-23 12:24:00,23050,,23100,,23050,,,,,,,23100,22850,23250,22850,23080.756
2025-07-23 12:25:00,23050,,23100,,23050,,,,,,,23100,22850,23250,22850,23082.796
2025-07-23 12:26:00,23050,,23100,,23050,,,,,,,23100,22850,23250,22850,23083.826
2025-07-23 12:27:00,23050,,23100,,23050,,,,,,,23100,22850,23250,22850,23083.439
2025-07-23 12:28:00,23050,,23100,,23050,,,,,,,23100,22850,23250,22850,23083.462
2025-07-23 12:29:00,23050,,23100,,23050,,,,,,,23100,22850,23250,22850,23080.33
2025-07-23 12:30:00,23050,,23100,,23050,,,,,,,23100,22850,23250,22850,23080.924
2025-07-23 12:31:00,23050,,23100,,23050,,,,,,,23100,22850,23250,22850,23085.202
2025-07-23 12:32:00,23050,,23100,,23050,,,,,,,23100,22850,23250,22850,23088.518
2025-07-23 12:33:00,23050,,23100,,23050,,,,,,,23100,22850,23250,22850,23088.1
2025-07-23 12:34:00,23050,,23100,,23050,,,,,,,23100,22850,23250,22850,23093.115
2025-07-23 12:35:00,23050,,23100,,23050,,,,,,,23100,22850,23250,22850,23091.473
2025-07-23 12:36:00,23050,,23100,,23050,,,,,,,23100,22850,23250,22850,23089.709
2025-07-23 12:37:00,23050,,23100,,23050,,,,,,,23100,22850,23250,22850,23092.79
2025-07-23 12:38:00,23050,,23100,,23050,,,,,,,23100,22850,23250,22850,23091.403
2025-07-23 12:39:00,23050,,23100,,23050,,,,,,,23100,22850,23250,22850,23092.009
2025-07-23 12:40:00,23050,,23100,,23050,,,,,,,23100,22850,23250,22850,23090.938
2025-07-23 12:41:00,23050,,23100,,23050,,,,,,,23100,22850,23250,22850,23092.748
2025-07-23 12:42:00,23050,,23100,,23050,,,,,,,23100,22850,23250,22850,23093.957
2025-07-23 12:43:00,23050,,23100,,23050,,,,,,,23100,22850,23250,22850,23103.419
2025-07-23 12:44:00,23050,,23100,,23050,,,,,,,23100,22850,23250,22850,23108.143
2025-07-23 12:45:00,23050,,23100,,23050,,,,,,,23100,22850,23250,22850,23108.127
2025-07-23 12:46:00,23050,,23100,,23050,,,,,,,23100,22850,23250,22850,23113.314
2025-07-23 12:47:00,23050,,23100,,23050,,,,,,,23100,22850,23250,22850,23111.545
2025-07-23 12:48:00,23050,,23100,,23050,,,,,,,23100,22850,23250,22850,23104.667
2025-07-23 12:49:00,23050,,23100,,23050,,,,,,,23100,22850,23250,22850,23109.944
2025-07-23 12:50:00,23050,,23100,,23050,,,23100,,,,23100,22850,23250,22850,23111.983
2025-07-23 12:51:00,23050,,23100,,23050,,,,23100,,,23100,22850,23250,22850,23082.792
2025-07-23 12:52:00,23050,,23100,,23050,,,,,,,23100,22850,23250,22850,23095.285
2025-07-23 12:53:00,23050,,23100,,23050,,,,,,,23100,22850,23250,22850,23098.065
2025-07-23 12:54:00,23050,,23100,,23050,,,,,,,23100,22850,23250,22850,23101.631
2025-07-23 12:55:00,23050,,23100,,23050,,,,,,,23100,22850,23250,22850,23106.28
2025-07-23 12:56:00,23050,,23100,,23050,,,,,,,23100,22850,23250,22850,23108.946
2025-07-23 12:57:00,23050,,23100,,23050,,,,,,,23100,22850,23250,22850,23111.957
2025-07-23 12:58:00,23050,,23100,,23050,,,,,,,23100,22850,23250,22850,23110.971
2025-07-23 12:59:00,23050,,23100,,23050,,,,,,,23100,22850,23250,22850,23110.662
2025-07-23 13:00:00,23050,,23100,,23050,,,,,,,23100,22850,23250,22850,23114.908
2025-07-23 13:01:00,23050,,23100,,23050,,,,23100,,,23100,22850,23250,22850,23118.992
2025-07-23 13:02:00,23050,,23100,,23050,,,,,,,23100,22850,23250,22850,23118.753
2025-07-23 13:03:00,23050,,23100,,23050,,,,,,,23100,22850,23250,22850,23113.132
2025-07-23 13:04:00,23050,,23100,,23050,,,,,,,23100,22850,23250,22850,23118.849
2025-07-23 13:05:00,23050,,23100,,23050,,,,,,,23100,22850,23250,22850,23116.034
2025-07-23 13:06:00,23050,,23100,,23050,,,,,,,23100,22850,23250,22850,23119.695
2025-07-23 13:07:00,23050,,23150,,23050,,,,,,,23100,22850,23250,22850,23123.3
2025-07-23 13:08:00,23050,,23100,,23050,,,23100,,,,23100,22850,23250,22850,23121.203
2025-07-23 13:09:00,23050,,23100,,23050,,,,,,,23100,22850,23250,22850,23123.451
2025-07-23 13:10:00,23050,,23100,,23050,,,,,,,23100,22850,23250,22850,23124.417
2025-07-23 13:11:00,23050,,23150,,23050,,,,23150,,,23100,22850,23250,22850,23128.752
2025-07-23 13:12:00,23050,,23150,,23050,,,,,,,23100,22850,23250,22850,23129.515
2025-07-23 13:13:00,23050,,23100,,23050,,,,,,,23100,22850,23250,22850,23129.051
2025-07-23 13:14:00,23050,,23150,,23050,,,,,,,23100,22850,23250,22850,23129.627
2025-07-23 13:15:00,23050,,23150,,23050,,,,,,,23100,22850,23250,22850,23137.127
2025-07-23 13:16:00,23050,,23150,,23050,,,,,,,23100,22850,23250,22850,23141.832
2025-07-23 13:17:00,23050,,23150,,23050,,,,,,,23100,22850,23250,22850,23145.062
2025-07-23 13:18:00,23050,,23150,,23050,,,,,,,23100,22850,23250,22850,23142.734
2025-07-23 13:19:00,23050,,23150,,23050,,,,,,,23100,22850,23250,22850,23139.857
2025-07-23 13:20:00,23050,,23150,,23050,,,,,,,23100,22850,23250,22850,23138.645
2025-07-23 13:21:00,23050,,23150,,23050,,,,,,,23100,22850,23250,22850,23140.819
2025-07-23 13:22:00,23050,,23150,,23050,,,23150,,,,23100,22850,23250,22850,23150.902
2025-07-23 13:24:00,23050,,23150,,23050,,,,,,,23100,22850,23250,22850,23153.288
2025-07-23 13:25:00,23050,,23150,,23050,,,,23150,,,23100,22850,23250,22850,23155.795
2025-07-23 13:26:00,23050,,23150,,23050,,,,,,,23100,22850,23250,22850,23168.173
2025-07-23 13:27:00,23050,,23150,,23050,,,23150,,,,23100,22850,23250,22850,23161.526
2025-07-23 13:28:00,23050,,23150,,23050,,,,,,,23100,22850,23250,22850,23153.691
2025-07-23 13:29:00,23050,,23150,,23050,,,,,23150,,23100,22850,23250,22850,23150.24
2025-07-23 13:30:00,23050,,23150,,23050,,,,,,,23100,22850,23250,22850,23141.502
2025-07-23 13:31:00,23050,,23150,,23050,,,,,,,23100,22850,23250,22850,23136.283
2025-07-23 13:32:00,23050,,23150,,23050,,,,23150,,,23100,22850,23250,22850,23137.589
2025-07-23 13:33:00,23050,,23150,,23050,,,,,,,23100,22850,23250,22850,23141.199
2025-07-23 13:34:00,23050,,23150,,23050,,,,,,,23100,22850,23250,22850,23140.596
2025-07-23 13:35:00,23050,,23150,,23050,,,,,,,23100,22850,23250,22850,23142.141
2025-07-23 13:36:00,23050,,23150,,23050,,,,,,,23100,22850,23250,22850,23142.822
2025-07-23 13:37:00,23050,,23150,,23050,,,,,,,23100,22850,23250,22850,23142.192
2025-07-23 13:38:00,23050,,23150,,23050,,,,,,,23150,22850,23250,22850,23144.331
2025-07-23 13:39:00,23050,,23150,,23050,,,,,,,23150,22850,23250,22850,23145.049
2025-07-23 13:40:00,23050,,23150,,23050,,,,,,,23150,22850,23250,22850,23143.776
2025-07-23 13:41:00,23050,,23150,,23050,,,,,,,23150,22850,23250,22850,23143.583
2025-07-23 13:42:00,23050,,23150,,23050,,,,,,,23150,22850,23250,22850,23146.469
2025-07-23 13:43:00,23050,,23150,,23050,,,,,,,23150,22850,23250,22850,23143.413
2025-07-23 13:44:00,23050,,23150,,23050,,,,23150,,,23150,22850,23250,22850,23147.167
2025-07-23 13:45:00,23050,,23150,,23050,,,,,,,23150,22850,23250,22850,23141.297
2025-07-23 13:46:00,23050,,23150,,23050,,,,,,,23150,22850,23250,22850,23145.047
2025-07-23 13:47:00,23050,,23150,,23050,,,23150,,,,23150,22850,23250,22850,23146.951
2025-07-23 13:48:00,23050,,23150,,23050,,,,,,23150,23150,22850,23250,22850,23150.848
2025-07-23 13:49:00,23050,,23150,,23050,,,,,,,23150,22850,23250,22850,23151.514
2025-07-23 13:50:00,23050,,23150,,23050,,,,,,,23150,22850,23250,22850,23149.069
2025-07-23 13:51:00,23050,,23150,,23050,,,,,,,23150,22850,23250,22850,23146.418
2025-07-23 13:52:00,23050,,23150,,23050,,,,,23150,,23150,22850,23250,22850,23143.401
2025-07-23 13:53:00,23050,,23150,,23050,,,,,,,23150,22850,23250,22850,23145.679
2025-07-23 13:55:00,23050,,23150,,23050,,,,,,,23150,22850,23250,22850,23142.655
2025-07-23 13:56:00,23050,,23150,,23050,,,,,,,23150,22850,23250,22850,23140.842
2025-07-23 13:57:00,23050,,23150,,23050,,,,,,,23150,22850,23250,22850,23143.297
2025-07-23 13:58:00,23050,,23150,,23050,,,,,,,23150,22850,23250,22850,23143.736
2025-07-23 13:59:00,23050,,23150,,23050,,,,,,,23150,22850,23250,22850,23146.881
2025-07-23 14:00:00,23050,,23150,,23050,,,,,,,23150,22850,23250,22850,23149.333
2025-07-23 14:01:00,23050,,23150,,23050,,,,,,,23150,22850,23250,22850,23148.311
2025-07-23 14:02:00,23050,,23150,,23050,,,,,,,23150,22850,23250,22850,23145.689
2025-07-23 14:03:00,23050,,23150,,23050,,,,,,,23150,22850,23250,22850,23146.175
2025-07-23 14:04:00,23050,,23150,,23050,,,,,,,23150,22850,23250,22850,23146.231
2025-07-23 14:05:00,23050,,23150,,23050,,,,,,,23150,22850,23250,22850,23141.127
2025-07-23 14:06:00,23050,,23150,,23050,,,,,,,23150,22850,23250,22850,23142.73
2025-07-23 14:07:00,23050,,23150,,23050,,,,,,,23150,22850,23250,22850,23141.683
2025-07-23 14:08:00,23050,,23150,,23050,,,,,,,23150,22850,23250,22850,23142.52
2025-07-23 14:09:00,23050,,23150,,23050,,,,,,,23150,22850,23250,22850,23141.411
2025-07-23 14:10:00,23050,,23150,,23050,,,,,,,23150,22850,23250,22850,23144.219
2025-07-23 14:11:00,23050,,23150,,23050,,,,,,,23150,22850,23250,22850,23145.076
2025-07-23 14:12:00,23050,,23150,,23050,,,,,,,23150,22850,23250,22850,23147.281
2025-07-23 14:13:00,23050,,23150,,23050,,,,,,,23150,22850,23250,22850,23147.567
2025-07-23 14:14:00,23050,,23150,,23050,,,,,,,23150,22850,23250,22850,23138.589
2025-07-23 14:15:00,23050,,23150,,23050,,,,,,,23150,22850,23250,22850,23136.157
2025-07-23 14:16:00,23050,,23150,,23050,,,,,,,23150,22850,23250,22850,23136.124
2025-07-23 14:17:00,23050,,23150,,23050,,,23150,,,,23150,22850,23250,22850,23134.767
2025-07-23 14:18:00,23050,,23150,,23050,,,,,,,23150,22850,23250,22850,23135.139
2025-07-23 14:19:00,23050,,23150,,23050,,,,,,,23150,22850,23250,22850,23138.734
2025-07-23 14:20:00,23050,,23150,,23050,,,,,,,23150,22850,23250,22850,23140.171
2025-07-23 14:21:00,23050,,23150,,23050,,,,,,,23150,22850,23250,22850,23143.19
2025-07-23 14:22:00,23050,,23150,,23050,,,,,,,23150,22850,23250,22850,23140.934
2025-07-23 14:23:00,23050,,23150,,23050,,,,,,,23150,22850,23250,22850,23138.186
2025-07-23 14:24:00,23050,,23150,,23050,,,,,,,23150,22850,23250,22850,23139.165
2025-07-23 14:25:00,23050,,23150,,23050,,,,,,,23150,22850,23250,22850,23142.018
2025-07-23 14:26:00,23050,,23150,,23050,,,,,,,23150,22850,23250,22850,23139.374
2025-07-23 14:27:00,23050,,23150,,23050,,,,,,,23150,22850,23250,22850,23133.841
2025-07-23 14:28:00,23050,,23150,,23050,,,,,,,23150,22850,23250,22850,23140.161
2025-07-23 14:29:00,23050,,23150,,23050,,,,,,,23150,22850,23250,22850,23140.166
2025-07-23 14:30:00,23050,,23150,,23050,,,,,,,23150,22850,23250,22850,23139.436
2025-07-23 14:31:00,23050,,23150,,23050,,,,,,,23150,22850,23250,22850,23133.734
2025-07-23 14:32:00,23050,,23150,,23050,,,,,,,23150,22850,23250,22850,23132.752
2025-07-23 14:33:00,23050,,23150,,23050,,,23150,,,,23150,22850,23250,22850,23131.036
2025-07-23 14:34:00,23050,,23150,,23050,,,23150,,,,23150,22850,23250,22850,23127.024
2025-07-23 14:35:00,23050,,23150,,23050,,,,,,,23150,22850,23250,22850,23127.962
2025-07-23 14:36:00,23050,,23150,,23050,,,,,,,23150,22850,23250,22850,23124.485
2025-07-23 14:37:00,23050,,23150,,23050,,,,,,,23150,22850,23250,22850,23122.882
2025-07-23 14:38:00,23050,,23150,,23050,,,,,,,23150,22850,23250,22850,23124.297
2025-07-23 14:39:00,23050,,23150,,23050,,,,,,,23150,22850,23250,22850,23124.782
2025-07-23 14:40:00,23050,,23150,,23050,,,,,,,23150,22850,23250,22850,23124.118
2025-07-23 14:41:00,23050,,23150,,23050,,,,,,,23150,22850,23250,22850,23122.609
2025-07-23 14:42:00,23050,,23150,,23050,,,,,,,23150,22850,23250,22850,23122.699
2025-07-23 14:43:00,23050,,23150,,23050,,,,,,23100,23150,22850,23250,22850,23122.087
2025-07-23 14:44:00,23050,,23150,,23050,,,,,,,23150,22850,23250,22850,23118.949
2025-07-23 14:46:00,23050,,23150,,23050,,,23100,,,,23150,22850,23250,22850,23121.019
2025-07-23 14:47:00,23050,,23150,,23050,,,,23150,,,23150,22850,23250,22850,23127.186
2025-07-23 14:48:00,23050,,23150,,23050,,,,,,,23150,22850,23250,22850,23130.08
2025-07-23 14:49:00,23050,,23150,,23050,,,,,,,23150,22850,23250,22850,23127.293
2025-07-23 14:50:00,23050,,23150,,23050,,,,,,,23150,22850,23250,22850,23129.726
2025-07-23 14:51:00,23050,,23150,,23050,,,,23150,,,23150,22850,23250,22850,23129.973
2025-07-23 14:52:00,23050,,23150,,23050,,,,,,,23150,22850,23250,22850,23127.64
2025-07-23 14:53:00,23050,,23150,,23050,,,,,,,23150,22850,23250,22850,23139.276
2025-07-23 14:54:00,23050,,23150,,23050,,,,,,,23150,22850,23250,22850,23146.393
2025-07-23 14:55:00,23050,,23150,,23050,,,,,,,23150,22850,23250,22850,23145.251
2025-07-23 14:56:00,23050,,23150,,23050,,,,,,,23150,22850,23250,22850,23146.195
2025-07-23 14:57:00,23050,,23150,,23050,,,,,,,23150,22850,23250,22850,23149.545
2025-07-23 14:58:00,23050,,23150,,23050,,,,23150,,,23150,22850,23250,22850,23147.101
2025-07-23 14:59:00,23050,,23200,,23050,,,,,,,23150,22850,23250,22850,23156.197
2025-07-23 15:00:00,23050,,23200,,23050,,,23150,,,,23150,22850,23250,22850,23162.406
2025-07-23 15:01:00,23050,,23200,,23050,,,,,,,23150,22850,23250,22850,23162.406
2025-07-23 15:02:00,23050,,23200,,23050,,,,,,,23150,22850,23250,22850,23162.406
2025-07-23 15:03:00,23050,,23200,,23050,,,,,,,23150,22850,23250,22850,23162.406
2025-07-23 15:04:00,23050,,23200,,23050,,,,,,,23150,22850,23250,22850,23162.406
2025-07-23 15:05:00,23050,,23200,,23050,,,,,,,23150,22850,23250,22850,23162.406
2025-07-23 15:06:00,23050,,23200,,23050,,,,,,,23150,22850,23250,22850,23162.406
2025-07-23 15:07:00,23050,,23200,,23050,,,,,,,23150,22850,23250,22850,23162.406
2025-07-23 15:09:00,23050,,23200,,23050,,,,,,,23150,22850,23250,22850,23162.406
2025-07-23 15:10:00,23050,,23200,,23050,,,,,,,23150,22850,23250,22850,23162.406
2025-07-23 15:11:00,23050,,23200,,23050,,,,,,,23150,22850,23250,22850,23162.406
2025-07-23 15:12:00,23050,,23200,,23050,,,,,,,23150,22850,23250,22850,23162.406
