Time,MAXGEX,MINGEX,MAXVEX,MINVEX,MAXDEX,MINDEX,ZERO,BAC,SAC,BAP,SAP,MAXCP,MINCP,LONGGAMMA,SHORTGAMMA,LONGCALLS,SHORTCALLS,LONGPUTS,SHORTPUTS,INV_BAC,INV_SAC,INV_BAP,INV_SAP,NET_CALL_FLOW,NET_PUT_FLOW,ZERO_OI,SPOT,VANNA_ZERO,CHARM_ZERO,HEDGE_ZERO
2026-08-19 17:46:00,415.0,,410.0,,400.0,438.0,412.05,413.0,415.0,,,420.0,399.0,410.0,415.0,410.0,415.0,410.0,405.0,50812.0,12314.0,9211.0,13188.0,38498.0,-3977.0,406.06,414.27,414.05,414.01,406.06
2026-08-19 17:47:00,415.0,,410.0,,400.0,438.0,412.03,,,,,420.0,399.0,410.0,415.0,410.0,415.0,410.0,405.0,50812.0,12314.0,9211.0,13188.0,38498.0,-3977.0,406.11,414.4,414.08,414.03,406.12
2026-08-19 17:48:00,415.0,,410.0,,400.0,438.0,412.01,,,,,420.0,399.0,410.0,415.0,410.0,415.0,410.0,405.0,50812.0,12314.0,9211.0,13188.0,38498.0,-3977.0,407.04,414.45,414.1,414.04,407.04
2026-08-19 17:49:00,415.0,,410.0,,400.0,438.0,412.01,,,,,420.0,399.0,410.0,415.0,410.0,415.0,410.0,405.0,50812.0,12314.0,9211.0,13188.0,38498.0,-3977.0,407.04,414.47,414.1,414.04,407.04
2026-08-19 17:50:00,415.0,,410.0,,400.0,438.0,412.01,,,,,420.0,399.0,410.0,415.0,410.0,415.0,410.0,405.0,50812.0,12314.0,9211.0,13188.0,38498.0,-3977.0,407.04,414.52,414.13,414.05,407.05
2026-08-19 17:51:00,415.0,,410.0,,400.0,438.0,408.0,,,,,420.0,399.0,410.0,415.0,410.0,415.0,410.0,405.0,50812.0,12314.0,9211.0,13188.0,38498.0,-3977.0,407.05,414.54,414.14,414.06,407.05
2026-08-19 17:52:00,415.0,,410.0,,400.0,438.0,408.0,,,,,420.0,399.0,410.0,415.0,410.0,415.0,410.0,405.0,50812.0,12314.0,9211.0,13188.0,38498.0,-3977.0,407.04,414.5,414.12,414.05,407.05
2026-08-19 17:53:00,415.0,,410.0,,400.0,438.0,412.02,,,,,420.0,399.0,410.0,415.0,410.0,415.0,410.0,405.0,50812.0,12314.0,9211.0,13188.0,38498.0,-3977.0,406.2,414.42,414.09,414.03,406.22
2026-08-19 17:54:00,415.0,,410.0,,400.0,438.0,412.03,,,,,420.0,399.0,410.0,415.0,410.0,415.0,410.0,405.0,50812.0,12314.0,9211.0,13188.0,38498.0,-3977.0,406.11,414.4,414.08,414.03,406.12
2026-08-19 17:55:00,415.0,,410.0,,400.0,438.0,412.0,,,,,420.0,399.0,410.0,415.0,410.0,415.0,410.0,405.0,50812.0,12314.0,9211.0,13188.0,38498.0,-3977.0,407.04,414.5,414.12,414.05,407.05
2026-08-19 17:56:00,415.0,,410.0,,400.0,438.0,412.02,,,,,420.0,399.0,410.0,415.0,410.0,415.0,410.0,405.0,50812.0,12314.0,9211.0,13188.0,38498.0,-3977.0,406.2,414.42,414.09,414.03,406.22
2026-08-19 17:57:00,415.0,,410.0,,400.0,438.0,412.03,,,,,420.0,399.0,410.0,415.0,410.0,415.0,410.0,405.0,50812.0,12314.0,9211.0,13188.0,38498.0,-3977.0,406.11,414.4,414.08,414.03,406.12
2026-08-19 17:58:00,415.0,,410.0,,400.0,438.0,412.03,,,,,420.0,399.0,410.0,415.0,410.0,415.0,410.0,405.0,50812.0,12314.0,9211.0,13188.0,38498.0,-3977.0,406.11,414.4,414.08,414.03,406.12
2026-08-19 17:59:00,415.0,,410.0,,400.0,438.0,412.05,,,,,420.0,399.0,410.0,415.0,410.0,415.0,410.0,405.0,50812.0,12314.0,9211.0,13188.0,38498.0,-3977.0,406.06,414.29,414.05,414.01,406.07
2026-08-19 18:00:00,415.0,,410.0,,400.0,438.0,412.06,,,,,420.0,399.0,410.0,415.0,410.0,415.0,410.0,405.0,50812.0,12314.0,9211.0,13188.0,38498.0,-3977.0,405.87,414.29,414.05,414.01,405.88
2026-08-19 18:01:00,415.0,,410.0,,400.0,438.0,408.57,,,,,420.0,399.0,410.0,415.0,410.0,415.0,410.0,405.0,50812.0,12314.0,9211.0,13188.0,38498.0,-3977.0,408.05,414.68,414.23,414.1,408.05
2026-08-19 18:02:00,415.0,,410.0,,400.0,438.0,408.05,,,,,420.0,399.0,410.0,415.0,410.0,415.0,410.0,405.0,50812.0,12314.0,9211.0,13188.0,38498.0,-3977.0,407.05,414.56,414.15,414.06,407.05
2026-08-19 18:03:00,415.0,,410.0,,400.0,438.0,412.05,,,,,420.0,399.0,410.0,415.0,410.0,415.0,410.0,405.0,50812.0,12314.0,9211.0,13188.0,38498.0,-3977.0,406.06,414.3,414.05,414.01,406.07
2026-08-19 18:04:00,415.0,,410.0,,400.0,438.0,412.05,,,,,420.0,399.0,410.0,415.0,410.0,415.0,410.0,405.0,50812.0,12314.0,9211.0,13188.0,38498.0,-3977.0,407.04,414.55,414.14,414.06,407.04
2026-08-19 18:05:00,415.0,,410.0,,400.0,438.0,408.17,,,,,420.0,399.0,410.0,415.0,410.0,415.0,410.0,405.0,50812.0,12314.0,9211.0,13188.0,38498.0,-3977.0,407.06,414.6,414.17,414.07,407.06
2026-08-19 18:06:00,415.0,,410.0,,400.0,438.0,408.58,,,,,420.0,399.0,410.0,415.0,410.0,415.0,410.0,405.0,50812.0,12314.0,9211.0,13188.0,38498.0,-3977.0,408.05,414.7,414.25,414.11,408.05
2026-08-19 18:07:00,415.0,,410.0,,400.0,438.0,408.58,,,,,420.0,399.0,410.0,415.0,410.0,415.0,410.0,405.0,50812.0,12314.0,9211.0,13188.0,38498.0,-3977.0,408.05,414.7,414.25,414.11,408.05
2026-08-19 18:08:00,415.0,,410.0,,400.0,438.0,408.37,,,,,420.0,399.0,410.0,415.0,410.0,415.0,410.0,405.0,50812.0,12314.0,9211.0,13188.0,38498.0,-3977.0,407.09,414.65,414.2,414.09,407.09
2026-08-19 18:09:00,415.0,,410.0,,400.0,438.0,408.17,,,,,420.0,399.0,410.0,415.0,410.0,415.0,410.0,405.0,50812.0,12314.0,9211.0,13188.0,38498.0,-3977.0,407.06,414.6,414.17,414.07,407.06
2026-08-19 18:10:00,415.0,,410.0,,400.0,438.0,412.01,,,,,420.0,399.0,410.0,415.0,410.0,415.0,410.0,405.0,50812.0,12314.0,9211.0,13188.0,38498.0,-3977.0,407.04,414.45,414.1,414.04,407.04
2026-08-19 18:11:00,415.0,,410.0,,400.0,438.0,412.01,,,,,420.0,399.0,410.0,415.0,410.0,415.0,410.0,405.0,50812.0,12314.0,9211.0,13188.0,38498.0,-3977.0,407.04,414.45,414.1,414.04,407.04
2026-08-19 18:12:00,415.0,,410.0,,400.0,438.0,412.01,,,,,420.0,399.0,410.0,415.0,410.0,415.0,410.0,405.0,50812.0,12314.0,9211.0,13188.0,38498.0,-3977.0,407.04,414.45,414.1,414.04,407.04
2026-08-19 18:13:00,415.0,,410.0,,400.0,438.0,412.01,,,,,420.0,399.0,410.0,415.0,410.0,415.0,410.0,405.0,50812.0,12314.0,9211.0,13188.0,38498.0,-3977.0,407.04,414.45,414.1,414.04,407.04
2026-08-19 18:14:00,415.0,,410.0,,400.0,438.0,412.01,,,,,420.0,399.0,410.0,415.0,410.0,415.0,410.0,405.0,50812.0,12314.0,9211.0,13188.0,38498.0,-3977.0,407.04,414.45,414.1,414.04,407.04
2026-08-19 18:15:00,415.0,,410.0,,400.0,438.0,412.05,,,,,420.0,399.0,410.0,415.0,410.0,415.0,410.0,405.0,50812.0,12314.0,9211.0,13188.0,38498.0,-3977.0,406.06,414.3,414.05,414.01,406.07
2026-08-19 18:16:00,415.0,,410.0,,400.0,438.0,412.05,,,,,420.0,399.0,410.0,415.0,410.0,415.0,410.0,405.0,50812.0,12314.0,9211.0,13188.0,38498.0,-3977.0,406.06,414.3,414.05,414.01,406.07
2026-08-19 18:17:00,415.0,,410.0,,400.0,438.0,412.03,,,,,420.0,399.0,410.0,415.0,410.0,415.0,410.0,405.0,50812.0,12314.0,9211.0,13188.0,38498.0,-3977.0,406.08,414.36,414.07,414.02,406.09
2026-08-19 18:18:00,415.0,,410.0,,400.0,438.0,412.04,,,,,420.0,399.0,410.0,415.0,410.0,415.0,410.0,405.0,50812.0,12314.0,9211.0,13188.0,38498.0,-3977.0,406.07,414.32,414.06,414.02,406.07
2026-08-19 18:19:00,415.0,,410.0,,400.0,438.0,412.03,,,,,420.0,399.0,410.0,415.0,410.0,415.0,410.0,405.0,50812.0,12314.0,9211.0,13188.0,38498.0,-3977.0,406.08,414.37,414.07,414.02,406.09
2026-08-19 18:20:00,415.0,,410.0,,400.0,438.0,412.03,,,,,420.0,399.0,410.0,415.0,410.0,415.0,410.0,405.0,50812.0,12314.0,9211.0,13188.0,38498.0,-3977.0,406.08,414.37,414.07,414.02,406.09
2026-08-19 18:21:00,415.0,,410.0,,400.0,438.0,412.03,,,,,420.0,399.0,410.0,415.0,410.0,415.0,410.0,405.0,50812.0,12314.0,9211.0,13188.0,38498.0,-3977.0,406.08,414.36,414.07,414.02,406.09
2026-08-19 18:22:00,415.0,,410.0,,400.0,438.0,412.05,,,,,420.0,399.0,410.0,415.0,410.0,415.0,410.0,405.0,50812.0,12314.0,9211.0,13188.0,38498.0,-3977.0,406.06,414.3,414.05,414.01,406.07
2026-08-19 18:23:00,415.0,,410.0,,400.0,438.0,412.1,,,,,420.0,399.0,410.0,415.0,410.0,415.0,410.0,405.0,50812.0,12314.0,9211.0,13188.0,38498.0,-3977.0,404.04,414.08,414.01,413.94,404.04
2026-08-19 18:24:00,415.0,,410.0,,400.0,438.0,412.05,,,,,420.0,399.0,410.0,415.0,410.0,415.0,410.0,405.0,50812.0,12314.0,9211.0,13188.0,38498.0,-3977.0,406.06,414.3,414.05,414.01,406.07
2026-08-19 18:25:00,415.0,,410.0,,400.0,438.0,412.05,,,,,420.0,399.0,410.0,415.0,410.0,415.0,410.0,405.0,50812.0,12314.0,9211.0,13188.0,38498.0,-3977.0,406.06,414.3,414.05,414.01,406.07
2026-08-19 18:26:00,415.0,,410.0,,400.0,438.0,412.09,,,,,420.0,399.0,410.0,415.0,410.0,415.0,410.0,405.0,50812.0,12314.0,9211.0,13188.0,38498.0,-3977.0,405.66,414.12,414.02,413.97,405.67
2026-08-19 18:27:00,415.0,,410.0,,400.0,438.0,412.1,,,,,420.0,399.0,410.0,415.0,410.0,415.0,410.0,405.0,50812.0,12314.0,9211.0,13188.0,38498.0,-3977.0,404.04,414.08,414.01,413.94,404.04
2026-08-19 18:28:00,415.0,,410.0,,400.0,438.0,412.07,,,,,420.0,399.0,410.0,415.0,410.0,415.0,410.0,405.0,50812.0,12314.0,9211.0,13188.0,38498.0,-3977.0,405.74,414.2,414.03,414.0,405.76
2026-08-19 18:29:00,415.0,,410.0,,400.0,438.0,412.06,,,,,420.0,399.0,410.0,415.0,410.0,415.0,410.0,405.0,50812.0,12314.0,9211.0,13188.0,38498.0,-3977.0,405.93,414.25,414.04,414.01,405.94
2026-08-19 18:30:00,415.0,,410.0,,400.0,438.0,412.06,,,,,420.0,399.0,410.0,415.0,410.0,415.0,410.0,405.0,50812.0,12314.0,9211.0,13188.0,38498.0,-3977.0,406.06,414.26,414.04,414.01,406.06
2026-08-19 18:31:00,415.0,,410.0,,400.0,438.0,412.07,,,,,420.0,399.0,410.0,415.0,410.0,415.0,410.0,405.0,50812.0,12314.0,9211.0,13188.0,38498.0,-3977.0,405.74,414.2,414.03,414.0,405.76
2026-08-19 18:32:00,415.0,,410.0,,400.0,438.0,412.07,,,,,420.0,399.0,410.0,415.0,410.0,415.0,410.0,405.0,50812.0,12314.0,9211.0,13188.0,38498.0,-3977.0,405.74,414.2,414.03,414.0,405.76
2026-08-19 18:33:00,415.0,,410.0,,400.0,438.0,412.07,,,,,420.0,399.0,410.0,415.0,410.0,415.0,410.0,405.0,50812.0,12314.0,9211.0,13188.0,38498.0,-3977.0,405.74,414.2,414.03,414.0,405.75
2026-08-19 18:34:00,415.0,,410.0,,400.0,438.0,412.09,,,,,420.0,399.0,410.0,415.0,410.0,415.0,410.0,405.0,50812.0,12314.0,9211.0,13188.0,38498.0,-3977.0,404.16,414.1,414.02,413.96,404.2
2026-08-19 18:35:00,415.0,,410.0,,400.0,438.0,412.11,,,,,420.0,399.0,410.0,415.0,410.0,415.0,410.0,405.0,50812.0,12314.0,9211.0,13188.0,38498.0,-3977.0,403.8,414.0,414.0,413.9,403.83
2026-08-19 18:36:00,415.0,,410.0,,400.0,438.0,412.12,,,,,420.0,399.0,410.0,415.0,410.0,415.0,410.0,405.0,50812.0,12314.0,9211.0,13188.0,38498.0,-3977.0,403.49,413.98,414.0,413.88,403.51
2026-08-19 18:37:00,415.0,,410.0,,400.0,438.0,412.11,,,,,420.0,399.0,410.0,415.0,410.0,415.0,410.0,405.0,50812.0,12314.0,9211.0,13188.0,38498.0,-3977.0,404.02,414.02,414.01,413.91,404.02
2026-08-19 18:38:00,415.0,,410.0,,400.0,438.0,412.13,,,,,420.0,399.0,410.0,415.0,410.0,415.0,410.0,405.0,50812.0,12314.0,9211.0,13188.0,38498.0,-3977.0,403.13,413.94,413.99,413.86,403.15
2026-08-19 18:39:00,415.0,,410.0,,400.0,438.0,412.12,,,,,420.0,399.0,410.0,415.0,410.0,415.0,410.0,405.0,50812.0,12314.0,9211.0,13188.0,38498.0,-3977.0,403.4,413.96,414.0,413.87,403.42
2026-08-19 18:40:00,415.0,,410.0,,400.0,438.0,412.13,,,,,420.0,399.0,410.0,415.0,410.0,415.0,410.0,405.0,50812.0,12314.0,9211.0,13188.0,38498.0,-3977.0,403.03,413.93,413.98,413.85,403.05
2026-08-19 18:41:00,415.0,,410.0,,400.0,438.0,412.13,,,,,420.0,399.0,410.0,415.0,410.0,415.0,410.0,405.0,50812.0,12314.0,9211.0,13188.0,38498.0,-3977.0,401.53,413.9,413.97,413.83,401.56
2026-08-19 18:42:00,415.0,,410.0,,400.0,438.0,412.13,,,,,420.0,399.0,410.0,415.0,410.0,415.0,410.0,405.0,50812.0,12314.0,9211.0,13188.0,38498.0,-3977.0,401.65,413.91,413.97,413.84,401.68
2026-08-19 18:43:00,415.0,,410.0,,400.0,438.0,412.12,,,,,420.0,399.0,410.0,415.0,410.0,415.0,410.0,405.0,50812.0,12314.0,9211.0,13188.0,38498.0,-3977.0,403.39,413.96,414.0,413.87,403.41
2026-08-19 18:44:00,415.0,,410.0,,400.0,438.0,412.11,,,,,420.0,399.0,410.0,415.0,410.0,415.0,410.0,405.0,50812.0,12314.0,9211.0,13188.0,38498.0,-3977.0,403.79,414.0,414.0,413.9,403.82
2026-08-19 18:45:00,415.0,,410.0,,400.0,438.0,412.12,,,,,420.0,399.0,410.0,415.0,410.0,415.0,410.0,405.0,50812.0,12314.0,9211.0,13188.0,38498.0,-3977.0,403.39,413.96,414.0,413.87,403.41
2026-08-19 18:46:00,415.0,,410.0,,400.0,438.0,412.12,,,,,420.0,399.0,410.0,415.0,410.0,415.0,410.0,405.0,50812.0,12314.0,9211.0,13188.0,38498.0,-3977.0,403.39,413.96,414.0,413.87,403.41
2026-08-19 18:47:00,415.0,,410.0,,400.0,438.0,412.12,,,,,420.0,399.0,410.0,415.0,410.0,415.0,410.0,405.0,50812.0,12314.0,9211.0,13188.0,38498.0,-3977.0,403.39,413.96,414.0,413.87,403.41
2026-08-19 18:48:00,415.0,,410.0,,400.0,438.0,412.11,,,,,420.0,399.0,410.0,415.0,410.0,415.0,410.0,405.0,50812.0,12314.0,9211.0,13188.0,38498.0,-3977.0,403.78,414.0,414.0,413.9,403.81
2026-08-19 18:49:00,415.0,,410.0,,400.0,438.0,412.12,,,,,420.0,399.0,410.0,415.0,410.0,415.0,410.0,405.0,50812.0,12314.0,9211.0,13188.0,38498.0,-3977.0,403.39,413.96,414.0,413.87,403.41
2026-08-19 18:50:00,415.0,,410.0,,400.0,438.0,412.12,,,,,420.0,399.0,410.0,415.0,410.0,415.0,410.0,405.0,50812.0,12314.0,9211.0,13188.0,38498.0,-3977.0,403.48,413.98,414.0,413.88,403.51
2026-08-19 18:51:00,415.0,,410.0,,400.0,438.0,412.11,,,,,420.0,399.0,410.0,415.0,410.0,415.0,410.0,405.0,50812.0,12314.0,9211.0,13188.0,38498.0,-3977.0,403.78,414.0,414.0,413.9,403.81
2026-08-19 18:52:00,415.0,,410.0,,400.0,438.0,412.11,,,,,420.0,399.0,410.0,415.0,410.0,415.0,410.0,405.0,50812.0,12314.0,9211.0,13188.0,38498.0,-3977.0,403.78,414.0,414.0,413.9,403.81
2026-08-19 18:53:00,415.0,,410.0,,400.0,438.0,412.15,,,,,420.0,399.0,410.0,415.0,410.0,415.0,410.0,405.0,50812.0,12314.0,9211.0,13188.0,38498.0,-3977.0,401.32,413.84,413.93,413.79,401.33
2026-08-19 18:54:00,415.0,,410.0,,400.0,438.0,412.15,,,,,420.0,399.0,410.0,415.0,410.0,415.0,410.0,405.0,50812.0,12314.0,9211.0,13188.0,38498.0,-3977.0,401.32,413.84,413.93,413.79,401.33
2026-08-19 18:55:00,415.0,,410.0,,400.0,438.0,412.15,,,,,420.0,399.0,410.0,415.0,410.0,415.0,410.0,405.0,50812.0,12314.0,9211.0,13188.0,38498.0,-3977.0,401.32,413.84,413.93,413.79,401.33
2026-08-19 18:56:00,415.0,,410.0,,400.0,438.0,412.15,,,,,420.0,399.0,410.0,415.0,410.0,415.0,410.0,405.0,50812.0,12314.0,9211.0,13188.0,38498.0,-3977.0,401.32,413.84,413.93,413.79,401.33
2026-08-19 18:57:00,415.0,,410.0,,400.0,438.0,412.15,,,,,420.0,399.0,410.0,415.0,410.0,415.0,410.0,405.0,50812.0,12314.0,9211.0,13188.0,38498.0,-3977.0,401.32,413.84,413.93,413.79,401.33
2026-08-19 18:58:00,415.0,,410.0,,400.0,438.0,412.16,,,,,420.0,399.0,410.0,415.0,410.0,415.0,410.0,405.0,50812.0,12314.0,9211.0,13188.0,38498.0,-3977.0,401.09,413.79,413.9,413.75,401.1
2026-08-19 18:59:00,415.0,,410.0,,400.0,438.0,412.16,,,,,420.0,399.0,410.0,415.0,410.0,415.0,410.0,405.0,50812.0,12314.0,9211.0,13188.0,38498.0,-3977.0,401.06,413.78,413.9,413.74,401.07
2026-08-19 19:00:00,415.0,,410.0,,400.0,438.0,412.15,,,,,420.0,399.0,410.0,415.0,410.0,415.0,410.0,405.0,50812.0,12314.0,9211.0,13188.0,38498.0,-3977.0,401.32,413.84,413.93,413.79,401.33
2026-08-19 19:01:00,415.0,,410.0,,400.0,438.0,412.11,,,,,420.0,399.0,410.0,415.0,410.0,415.0,410.0,405.0,50812.0,12314.0,9211.0,13188.0,38498.0,-3977.0,404.02,414.03,414.01,413.92,404.02
2026-08-19 19:02:00,415.0,,410.0,,400.0,438.0,412.11,,,,,420.0,399.0,410.0,415.0,410.0,415.0,410.0,405.0,50812.0,12314.0,9211.0,13188.0,38498.0,-3977.0,403.76,414.0,414.0,413.9,403.8
2026-08-19 19:03:00,415.0,,410.0,,400.0,438.0,412.06,,,,,420.0,399.0,410.0,415.0,410.0,415.0,410.0,405.0,50812.0,12314.0,9211.0,13188.0,38498.0,-3977.0,405.85,414.24,414.04,414.01,405.86
2026-08-19 19:04:00,415.0,,410.0,,400.0,438.0,412.1,,,,,420.0,399.0,410.0,415.0,410.0,415.0,410.0,405.0,50812.0,12314.0,9211.0,13188.0,38498.0,-3977.0,404.02,414.04,414.01,413.92,404.02
2026-08-19 19:05:00,415.0,,410.0,,400.0,438.0,412.1,,,,,420.0,399.0,410.0,415.0,410.0,415.0,410.0,405.0,50812.0,12314.0,9211.0,13188.0,38498.0,-3977.0,404.02,414.04,414.01,413.92,404.02
2026-08-19 19:06:00,415.0,,410.0,,400.0,438.0,412.1,,,,,420.0,399.0,410.0,415.0,410.0,415.0,410.0,405.0,50812.0,12314.0,9211.0,13188.0,38498.0,-3977.0,404.03,414.06,414.01,413.93,404.03
2026-08-19 19:07:00,415.0,,410.0,,400.0,438.0,412.1,,,,,420.0,399.0,410.0,415.0,410.0,415.0,410.0,405.0,50812.0,12314.0,9211.0,13188.0,38498.0,-3977.0,404.02,414.04,414.01,413.92,404.02
2026-08-19 19:08:00,415.0,,410.0,,400.0,438.0,412.07,,,,,420.0,399.0,410.0,415.0,410.0,415.0,410.0,405.0,50812.0,12314.0,9211.0,13188.0,38498.0,-3977.0,405.72,414.19,414.03,414.0,405.74
2026-08-19 19:09:00,415.0,,410.0,,400.0,438.0,412.07,,,,,420.0,399.0,410.0,415.0,410.0,415.0,410.0,405.0,50812.0,12314.0,9211.0,13188.0,38498.0,-3977.0,405.72,414.19,414.03,414.0,405.74
2026-08-19 19:10:00,415.0,,410.0,,400.0,438.0,412.14,,,,,420.0,399.0,410.0,415.0,410.0,415.0,410.0,405.0,50812.0,12314.0,9211.0,13188.0,38498.0,-3977.0,405.72,413.85,413.94,413.79,405.74
2026-08-19 19:11:00,415.0,,410.0,,400.0,438.0,412.12,,,,,420.0,399.0,410.0,415.0,410.0,415.0,410.0,405.0,50812.0,12314.0,9211.0,13188.0,38498.0,-3977.0,403.43,413.97,414.0,413.88,403.45
2026-08-19 19:12:00,415.0,,410.0,,400.0,438.0,412.12,,,,,420.0,399.0,410.0,415.0,410.0,415.0,410.0,405.0,50812.0,12314.0,9211.0,13188.0,38498.0,-3977.0,403.48,413.98,414.0,413.88,403.5
2026-08-19 19:13:00,415.0,,410.0,,400.0,438.0,412.13,,,,,420.0,399.0,410.0,415.0,410.0,415.0,410.0,405.0,50812.0,12314.0,9211.0,13188.0,38498.0,-3977.0,401.63,413.91,413.97,413.84,401.66
2026-08-19 19:14:00,415.0,,410.0,,400.0,438.0,412.1,,,,,420.0,399.0,410.0,415.0,410.0,415.0,410.0,405.0,50812.0,12314.0,9211.0,13188.0,38498.0,-3977.0,404.03,414.07,414.01,413.94,404.03
2026-08-19 19:15:00,415.0,,410.0,,400.0,438.0,412.12,,,,,420.0,399.0,410.0,415.0,410.0,415.0,410.0,405.0,50812.0,12314.0,9211.0,13188.0,38498.0,-3977.0,403.48,413.98,414.0,413.88,403.5
2026-08-19 19:16:00,415.0,,410.0,,400.0,438.0,412.1,,,,,420.0,399.0,410.0,415.0,410.0,415.0,410.0,405.0,50812.0,12314.0,9211.0,13188.0,38498.0,-3977.0,404.04,414.08,414.01,413.95,404.04
2026-08-19 19:17:00,415.0,,410.0,,400.0,438.0,412.03,,,,,420.0,399.0,410.0,415.0,410.0,415.0,410.0,405.0,50812.0,12314.0,9211.0,13188.0,38498.0,-3977.0,406.1,414.39,414.08,414.03,406.11
2026-08-19 19:18:00,415.0,,410.0,,400.0,438.0,412.01,,,,,420.0,399.0,410.0,415.0,410.0,415.0,410.0,405.0,50812.0,12314.0,9211.0,13188.0,38498.0,-3977.0,407.04,414.46,414.1,414.04,407.04
2026-08-19 19:19:00,415.0,,410.0,,400.0,438.0,412.03,,,,,420.0,399.0,410.0,415.0,410.0,415.0,410.0,405.0,50812.0,12314.0,9211.0,13188.0,38498.0,-3977.0,406.08,414.37,414.07,414.02,406.09
2026-08-19 19:20:00,415.0,,410.0,,400.0,438.0,412.09,,,,,420.0,399.0,410.0,415.0,410.0,415.0,410.0,405.0,50812.0,12314.0,9211.0,13188.0,38498.0,-3977.0,405.65,414.11,414.02,413.96,405.67
2026-08-19 19:21:00,415.0,,410.0,,400.0,438.0,412.12,,,,,420.0,399.0,410.0,415.0,410.0,415.0,410.0,405.0,50812.0,12314.0,9211.0,13188.0,38498.0,-3977.0,403.48,413.98,414.0,413.88,403.5
2026-08-19 19:22:00,415.0,,410.0,,400.0,438.0,412.16,,,,,420.0,399.0,410.0,415.0,410.0,415.0,410.0,405.0,50812.0,12314.0,9211.0,13188.0,38498.0,-3977.0,401.12,413.8,413.91,413.76,401.13
2026-08-19 19:23:00,415.0,,410.0,,400.0,438.0,412.16,,,,,420.0,399.0,410.0,415.0,410.0,415.0,410.0,405.0,50812.0,12314.0,9211.0,13188.0,38498.0,-3977.0,401.09,413.79,413.9,413.75,401.1
2026-08-19 19:24:00,415.0,,410.0,,400.0,438.0,412.17,,,,,420.0,399.0,410.0,415.0,410.0,415.0,410.0,405.0,50812.0,12314.0,9211.0,13188.0,38498.0,-3977.0,399.16,413.73,413.86,413.7,399.19
2026-08-19 19:25:00,415.0,,410.0,,400.0,438.0,412.16,,,,,420.0,399.0,410.0,415.0,410.0,415.0,410.0,405.0,50812.0,12314.0,9211.0,13188.0,38498.0,-3977.0,401.09,413.79,413.9,413.75,401.09
2026-08-19 19:26:00,415.0,,410.0,,400.0,438.0,412.16,,,,,420.0,399.0,410.0,415.0,410.0,415.0,410.0,405.0,50812.0,12314.0,9211.0,13188.0,38498.0,-3977.0,401.09,413.79,413.9,413.75,401.09
2026-08-19 19:27:00,415.0,,410.0,,400.0,438.0,412.18,,,,,420.0,399.0,410.0,415.0,410.0,415.0,410.0,405.0,50812.0,12314.0,9211.0,13188.0,38498.0,-3977.0,398.87,413.69,413.83,413.66,398.9
2026-08-19 19:28:00,415.0,,410.0,,400.0,438.0,412.15,,,,,420.0,399.0,410.0,415.0,410.0,415.0,410.0,405.0,50812.0,12314.0,9211.0,13188.0,38498.0,-3977.0,401.26,413.83,413.92,413.78,401.27
2026-08-19 19:29:00,415.0,,410.0,,400.0,438.0,412.18,,,,,420.0,399.0,410.0,415.0,410.0,415.0,410.0,405.0,50812.0,12314.0,9211.0,13188.0,38498.0,-3977.0,398.87,413.69,413.83,413.66,398.9
2026-08-19 19:30:00,415.0,,410.0,,400.0,438.0,412.17,,,,,420.0,399.0,410.0,415.0,410.0,415.0,410.0,405.0,50812.0,12314.0,9211.0,13188.0,38498.0,-3977.0,399.03,413.71,413.85,413.68,399.04
2026-08-19 19:31:00,415.0,,410.0,,400.0,438.0,412.15,,,,,420.0,399.0,410.0,415.0,410.0,415.0,410.0,405.0,50812.0,12314.0,9211.0,13188.0,38498.0,-3977.0,401.26,413.83,413.92,413.78,401.27
2026-08-19 19:32:00,415.0,,410.0,,400.0,438.0,412.15,,,,,420.0,399.0,410.0,415.0,410.0,415.0,410.0,405.0,50812.0,12314.0,9211.0,13188.0,38498.0,-3977.0,401.2,413.82,413.92,413.77,401.21
2026-08-19 19:33:00,415.0,,410.0,,400.0,438.0,412.16,,,,,420.0,399.0,410.0,415.0,410.0,415.0,410.0,405.0,50812.0,12314.0,9211.0,13188.0,38498.0,-3977.0,401.08,413.79,413.9,413.75,401.09
2026-08-19 19:34:00,415.0,,410.0,,400.0,438.0,412.15,,,,,420.0,399.0,410.0,415.0,410.0,415.0,410.0,405.0,50812.0,12314.0,9211.0,13188.0,38498.0,-3977.0,401.15,413.81,413.91,413.76,401.16
2026-08-19 19:35:00,415.0,,410.0,,400.0,438.0,412.16,,,,,420.0,399.0,410.0,415.0,410.0,415.0,410.0,405.0,50812.0,12314.0,9211.0,13188.0,38498.0,-3977.0,401.11,413.8,413.91,413.76,401.13
2026-08-19 19:36:00,415.0,,410.0,,400.0,438.0,412.19,,,,,420.0,399.0,410.0,415.0,410.0,415.0,410.0,405.0,50812.0,12314.0,9211.0,13188.0,38498.0,-3977.0,398.42,413.63,413.79,413.6,398.43
2026-08-19 19:37:00,415.0,,410.0,,400.0,438.0,412.16,,,,,420.0,399.0,410.0,415.0,410.0,415.0,410.0,405.0,50812.0,12314.0,9211.0,13188.0,38498.0,-3977.0,401.06,413.78,413.89,413.74,401.07
2026-08-19 19:38:00,415.0,,410.0,,400.0,438.0,412.2,,,,,420.0,399.0,410.0,415.0,410.0,415.0,410.0,405.0,50812.0,12314.0,9211.0,13188.0,38498.0,-3977.0,398.34,413.6,413.77,413.57,398.34
2026-08-19 19:39:00,415.0,,410.0,,400.0,438.0,412.21,,,,,420.0,399.0,410.0,415.0,410.0,415.0,410.0,405.0,50812.0,12314.0,9211.0,13188.0,38498.0,-3977.0,398.25,413.55,413.73,413.52,398.25
2026-08-19 19:40:00,415.0,,410.0,,400.0,438.0,412.21,,,,,420.0,399.0,410.0,415.0,410.0,415.0,410.0,405.0,50812.0,12314.0,9211.0,13188.0,38498.0,-3977.0,398.26,413.56,413.74,413.53,398.27
2026-08-19 19:41:00,415.0,,410.0,,400.0,438.0,412.23,,,,,420.0,399.0,410.0,415.0,410.0,415.0,410.0,405.0,50812.0,12314.0,9211.0,13188.0,38498.0,-3977.0,398.16,413.43,413.62,413.37,398.16
2026-08-19 19:42:00,415.0,,410.0,,400.0,438.0,412.26,,,,,420.0,399.0,410.0,415.0,410.0,415.0,410.0,405.0,50812.0,12314.0,9211.0,13188.0,38498.0,-3977.0,398.12,413.31,413.49,413.2,398.11
2026-08-19 19:43:00,415.0,,410.0,,400.0,438.0,412.29,,,,,420.0,399.0,410.0,415.0,410.0,415.0,410.0,405.0,50812.0,12314.0,9211.0,13188.0,38498.0,-3977.0,398.09,413.17,413.31,412.98,398.09
2026-08-19 19:44:00,415.0,,410.0,,400.0,438.0,412.25,,,,,420.0,399.0,410.0,415.0,410.0,415.0,410.0,405.0,50812.0,12314.0,9211.0,13188.0,38498.0,-3977.0,398.12,413.34,413.53,413.25,398.12
2026-08-19 19:45:00,415.0,,410.0,,400.0,438.0,412.28,,,,,420.0,399.0,410.0,415.0,410.0,415.0,410.0,405.0,50812.0,12314.0,9211.0,13188.0,38498.0,-3977.0,398.1,413.21,413.36,413.02,398.09
2026-08-19 19:46:00,415.0,,410.0,,400.0,438.0,412.25,,,,,420.0,399.0,410.0,415.0,410.0,415.0,410.0,405.0,50812.0,12314.0,9211.0,13188.0,38498.0,-3977.0,398.13,413.36,413.55,413.28,398.13
2026-08-19 19:47:00,415.0,,410.0,,400.0,438.0,412.23,,,,,420.0,399.0,410.0,415.0,410.0,415.0,410.0,405.0,50812.0,12314.0,9211.0,13188.0,38498.0,-3977.0,398.18,413.47,413.66,413.43,398.18
2026-08-19 19:48:00,415.0,,410.0,,400.0,438.0,412.25,,,,,420.0,399.0,410.0,415.0,410.0,415.0,410.0,405.0,50812.0,12314.0,9211.0,13188.0,38498.0,-3977.0,398.12,413.33,413.51,413.23,398.12
2026-08-19 19:49:00,415.0,,410.0,,400.0,438.0,412.24,,,,,420.0,399.0,410.0,415.0,410.0,415.0,410.0,405.0,50812.0,12314.0,9211.0,13188.0,38498.0,-3977.0,398.15,413.42,413.61,413.36,398.15
2026-08-19 19:50:00,415.0,,410.0,,400.0,438.0,412.18,,,,,420.0,399.0,410.0,415.0,410.0,415.0,410.0,405.0,50812.0,12314.0,9211.0,13188.0,38498.0,-3977.0,398.73,413.68,413.83,413.65,398.75
2026-08-19 19:51:00,415.0,,410.0,,400.0,438.0,412.25,,,,,420.0,399.0,410.0,415.0,410.0,415.0,410.0,405.0,50812.0,12314.0,9211.0,13188.0,38498.0,-3977.0,398.13,413.35,413.54,413.26,398.12
2026-08-19 19:52:00,415.0,,410.0,,400.0,438.0,412.26,,,,,420.0,399.0,410.0,415.0,410.0,415.0,410.0,405.0,50812.0,12314.0,9211.0,13188.0,38498.0,-3977.0,398.12,413.31,413.49,413.2,398.11
2026-08-19 19:53:00,415.0,,410.0,,400.0,438.0,412.24,,,,,420.0,399.0,410.0,415.0,410.0,415.0,410.0,405.0,50812.0,12314.0,9211.0,13188.0,38498.0,-3977.0,398.14,413.38,413.57,413.31,398.13
2026-08-19 19:54:00,415.0,,410.0,,400.0,438.0,412.27,,,,,420.0,399.0,410.0,415.0,410.0,415.0,410.0,405.0,50812.0,12314.0,9211.0,13188.0,38498.0,-3977.0,398.1,413.23,413.39,413.06,398.1
2026-08-19 19:55:00,415.0,,410.0,,400.0,438.0,412.26,,,,,420.0,399.0,410.0,415.0,410.0,415.0,410.0,405.0,50812.0,12314.0,9211.0,13188.0,38498.0,-3977.0,398.11,413.28,413.45,413.15,398.11
2026-08-19 19:56:00,415.0,,410.0,,400.0,438.0,412.26,,,,,420.0,399.0,410.0,415.0,410.0,415.0,410.0,405.0,50812.0,12314.0,9211.0,13188.0,38498.0,-3977.0,398.11,413.3,413.48,413.18,398.11
2026-08-19 19:57:00,415.0,,410.0,,400.0,438.0,412.23,,,,,420.0,399.0,410.0,415.0,410.0,415.0,410.0,405.0,50812.0,12314.0,9211.0,13188.0,38498.0,-3977.0,398.16,413.44,413.63,413.39,398.16
2026-08-19 19:58:00,415.0,,410.0,,400.0,438.0,412.18,,,,,420.0,399.0,410.0,415.0,410.0,415.0,410.0,405.0,50812.0,12314.0,9211.0,13188.0,38498.0,-3977.0,398.73,413.68,413.83,413.65,398.75
2026-08-19 19:59:00,415.0,,410.0,,400.0,438.0,412.28,,,,,420.0,399.0,410.0,415.0,410.0,415.0,410.0,405.0,50812.0,12314.0,9211.0,13188.0,38498.0,-3977.0,398.09,413.18,413.32,412.99,398.09
2026-08-19 20:00:00,415.0,,410.0,,400.0,438.0,412.18,,,,,420.0,399.0,410.0,415.0,410.0,415.0,410.0,405.0,50812.0,12314.0,9211.0,13188.0,38498.0,-3977.0,398.73,413.68,413.83,413.65,398.75
2026-08-19 20:01:00,415.0,,410.0,,400.0,438.0,412.3,,,,,420.0,399.0,410.0,415.0,410.0,415.0,410.0,405.0,50812.0,12314.0,9211.0,13188.0,38498.0,-3977.0,398.08,413.09,413.18,412.92,398.08
2026-08-19 20:02:00,415.0,,410.0,,400.0,433.0,412.42,,,,,420.0,399.0,410.0,415.0,410.0,415.0,410.0,405.0,51649.0,13127.0,11830.0,13382.0,38522.0,-1552.0,398.07,412.47,412.56,412.33,398.06
2026-08-19 20:03:00,415.0,,410.0,,400.0,433.0,412.46,,,,,420.0,399.0,410.0,415.0,410.0,415.0,410.0,405.0,51649.0,13127.0,11830.0,13382.0,38522.0,-1552.0,398.08,412.29,412.36,412.09,398.07
2026-08-19 20:04:00,415.0,,410.0,,400.0,433.0,412.48,,,,,420.0,399.0,410.0,415.0,410.0,415.0,410.0,405.0,51649.0,13127.0,11830.0,13382.0,38522.0,-1552.0,398.08,412.17,412.21,411.89,398.07
2026-08-19 20:05:00,415.0,,410.0,,400.0,433.0,412.47,,,,,420.0,399.0,410.0,415.0,410.0,415.0,410.0,405.0,51649.0,13127.0,11830.0,13382.0,38522.0,-1552.0,398.08,412.22,412.27,411.98,398.07
2026-08-19 20:06:00,415.0,,410.0,,400.0,433.0,412.5,,,,,420.0,399.0,410.0,415.0,410.0,415.0,410.0,405.0,51649.0,13127.0,11830.0,13382.0,38522.0,-1552.0,398.09,412.06,412.06,411.71,398.08
2026-08-19 20:07:00,415.0,,410.0,,400.0,433.0,412.48,,,,,420.0,399.0,410.0,415.0,410.0,415.0,410.0,405.0,51649.0,13127.0,11830.0,13382.0,38522.0,-1552.0,398.08,412.16,412.19,411.87,398.07
2026-08-19 20:08:00,415.0,,410.0,,400.0,438.0,412.39,,,,,420.0,399.0,410.0,415.0,410.0,415.0,410.0,405.0,51649.0,13127.0,11830.0,13382.0,38522.0,-1552.0,398.07,412.65,412.73,412.53,398.06
2026-08-19 20:09:00,415.0,,410.0,,400.0,438.0,412.39,,,,,420.0,399.0,410.0,415.0,410.0,415.0,410.0,405.0,51649.0,13127.0,11830.0,13382.0,38522.0,-1552.0,398.07,412.65,412.73,412.53,398.06
2026-08-19 20:10:00,415.0,,410.0,,400.0,433.0,412.44,,,,,420.0,399.0,410.0,415.0,410.0,415.0,410.0,405.0,51649.0,13127.0,11830.0,13382.0,38522.0,-1552.0,398.07,412.36,412.44,412.19,398.07
2026-08-19 20:11:00,415.0,,410.0,,400.0,433.0,412.48,,,,,420.0,399.0,410.0,415.0,410.0,415.0,410.0,405.0,51649.0,13127.0,11830.0,13382.0,38522.0,-1552.0,398.08,412.18,412.22,411.91,398.07
2026-08-19 20:12:00,415.0,,410.0,,400.0,433.0,412.46,,,,,420.0,399.0,410.0,415.0,410.0,415.0,410.0,405.0,51649.0,13127.0,11830.0,13382.0,38522.0,-1552.0,398.08,412.25,412.31,412.03,398.07
2026-08-19 20:13:00,415.0,,410.0,,400.0,433.0,412.48,,,,,420.0,399.0,410.0,415.0,410.0,415.0,410.0,405.0,51649.0,13127.0,11830.0,13382.0,38522.0,-1552.0,398.08,412.17,412.21,411.89,398.07
2026-08-19 20:14:00,415.0,,410.0,,400.0,433.0,412.48,,,,,420.0,399.0,410.0,415.0,410.0,415.0,410.0,405.0,51649.0,13127.0,11830.0,13382.0,38522.0,-1552.0,398.08,412.19,412.23,411.93,398.07
2026-08-19 20:15:00,415.0,,410.0,,400.0,438.0,412.39,,,,,420.0,399.0,410.0,415.0,410.0,415.0,410.0,405.0,51649.0,13127.0,11830.0,13382.0,38522.0,-1552.0,398.07,412.65,412.73,412.53,398.06
2026-08-19 20:16:00,415.0,,410.0,,400.0,433.0,412.46,,,,,420.0,399.0,410.0,415.0,410.0,415.0,410.0,405.0,51649.0,13127.0,11830.0,13382.0,38522.0,-1552.0,398.08,412.29,412.36,412.09,398.07
2026-08-19 20:17:00,415.0,,410.0,,400.0,433.0,412.44,,,,,420.0,399.0,410.0,415.0,410.0,415.0,410.0,405.0,51649.0,13127.0,11830.0,13382.0,38522.0,-1552.0,398.07,412.38,412.46,412.21,398.07
2026-08-19 20:18:00,415.0,,410.0,,400.0,438.0,412.42,,,,,420.0,399.0,410.0,415.0,410.0,415.0,410.0,405.0,51649.0,13127.0,11830.0,13382.0,38522.0,-1552.0,398.07,412.5,412.59,412.36,398.06
2026-08-19 20:19:00,415.0,,410.0,,400.0,433.0,412.42,,,,,420.0,399.0,410.0,415.0,410.0,415.0,410.0,405.0,51649.0,13127.0,11830.0,13382.0,38522.0,-1552.0,398.07,412.48,412.57,412.34,398.06
2026-08-19 20:20:00,415.0,,410.0,,400.0,438.0,412.35,,,,,420.0,399.0,410.0,415.0,410.0,415.0,410.0,405.0,51649.0,13127.0,11830.0,13382.0,38522.0,-1552.0,398.07,412.85,412.89,412.72,398.06
2026-08-19 20:21:00,415.0,,410.0,,400.0,438.0,412.32,,,,,420.0,399.0,410.0,415.0,410.0,415.0,410.0,405.0,51649.0,13127.0,11830.0,13382.0,38522.0,-1552.0,398.08,413.0,413.02,412.85,398.07
2026-08-19 20:22:00,415.0,,410.0,,400.0,438.0,412.34,,,,,420.0,399.0,410.0,415.0,410.0,415.0,410.0,405.0,51649.0,13127.0,11830.0,13382.0,38522.0,-1552.0,398.07,412.89,412.93,412.76,398.07
2026-08-19 20:23:00,415.0,,410.0,,400.0,438.0,412.34,,,,,420.0,399.0,410.0,415.0,410.0,415.0,410.0,405.0,51649.0,13127.0,11830.0,13382.0,38522.0,-1552.0,398.07,412.92,412.95,412.78,398.07
2026-08-19 20:24:00,415.0,,410.0,,400.0,438.0,412.32,,,,,420.0,399.0,410.0,415.0,410.0,415.0,410.0,405.0,51649.0,13127.0,11830.0,13382.0,38522.0,-1552.0,398.08,412.99,413.0,412.84,398.07
2026-08-19 20:25:00,415.0,,410.0,,400.0,438.0,412.34,,,,,420.0,399.0,410.0,415.0,410.0,415.0,410.0,405.0,51649.0,13127.0,11830.0,13382.0,38522.0,-1552.0,398.07,412.9,412.93,412.77,398.07
2026-08-19 20:26:00,415.0,,410.0,,400.0,438.0,412.4,,,,,420.0,399.0,410.0,415.0,410.0,415.0,410.0,405.0,51649.0,13127.0,11830.0,13382.0,38522.0,-1552.0,398.07,412.6,412.68,412.48,398.06
2026-08-19 20:27:00,415.0,,410.0,,400.0,438.0,412.4,,,,,420.0,399.0,410.0,415.0,410.0,415.0,410.0,405.0,51649.0,13127.0,11830.0,13382.0,38522.0,-1552.0,398.07,412.57,412.65,412.44,398.06
2026-08-19 20:28:00,415.0,,410.0,,400.0,438.0,412.34,,,,,420.0,399.0,410.0,415.0,410.0,415.0,410.0,405.0,51649.0,13127.0,11830.0,13382.0,38522.0,-1552.0,398.07,412.89,412.93,412.76,398.07
2026-08-19 20:29:00,415.0,,410.0,,400.0,438.0,412.35,,,,,420.0,399.0,410.0,415.0,410.0,415.0,410.0,405.0,51649.0,13127.0,11830.0,13382.0,38522.0,-1552.0,398.07,412.84,412.89,412.71,398.06
2026-08-19 20:30:00,415.0,,410.0,,400.0,438.0,412.37,,,,,420.0,399.0,410.0,415.0,410.0,415.0,410.0,405.0,51649.0,13127.0,11830.0,13382.0,38522.0,-1552.0,398.07,412.75,412.81,412.63,398.06
2026-08-19 20:31:00,415.0,,410.0,,400.0,438.0,412.39,,,,,420.0,399.0,410.0,415.0,410.0,415.0,410.0,405.0,51649.0,13127.0,11830.0,13382.0,38522.0,-1552.0,398.07,412.67,412.75,412.55,398.06
2026-08-19 20:32:00,415.0,,410.0,,400.0,438.0,412.4,,,,,420.0,399.0,410.0,415.0,410.0,415.0,410.0,405.0,51649.0,13127.0,11830.0,13382.0,38522.0,-1552.0,398.07,412.6,412.68,412.48,398.06
2026-08-19 20:33:00,415.0,,410.0,,400.0,438.0,412.4,,,,,420.0,399.0,410.0,415.0,410.0,415.0,410.0,405.0,51649.0,13127.0,11830.0,13382.0,38522.0,-1552.0,398.07,412.59,412.67,412.47,398.06
2026-08-19 20:34:00,415.0,,410.0,,400.0,438.0,412.39,,,,,420.0,399.0,410.0,415.0,410.0,415.0,410.0,405.0,51649.0,13127.0,11830.0,13382.0,38522.0,-1552.0,398.07,412.63,412.71,412.51,398.06
2026-08-19 20:35:00,415.0,,410.0,,400.0,438.0,412.38,,,,,420.0,399.0,410.0,415.0,410.0,415.0,410.0,405.0,51649.0,13127.0,11830.0,13382.0,38522.0,-1552.0,398.07,412.71,412.78,412.59,398.06
2026-08-19 20:36:00,415.0,,410.0,,400.0,433.0,412.43,,,,,420.0,399.0,410.0,415.0,410.0,415.0,410.0,405.0,51649.0,13127.0,11830.0,13382.0,38522.0,-1552.0,398.07,412.43,412.51,412.28,398.06
2026-08-19 20:37:00,415.0,,410.0,,400.0,433.0,412.42,,,,,420.0,399.0,410.0,415.0,410.0,415.0,410.0,405.0,51649.0,13127.0,11830.0,13382.0,38522.0,-1552.0,398.07,412.47,412.55,412.33,398.06
2026-08-19 20:38:00,415.0,,410.0,,400.0,433.0,412.43,,,,,420.0,399.0,410.0,415.0,410.0,415.0,410.0,405.0,51649.0,13127.0,11830.0,13382.0,38522.0,-1552.0,398.07,412.44,412.52,412.29,398.06
2026-08-19 20:39:00,415.0,,410.0,,400.0,433.0,412.45,,,,,420.0,399.0,410.0,415.0,410.0,415.0,410.0,405.0,51649.0,13127.0,11830.0,13382.0,38522.0,-1552.0,398.08,412.33,412.4,412.15,398.07
2026-08-19 20:40:00,415.0,,410.0,,400.0,433.0,412.44,,,,,420.0,399.0,410.0,415.0,410.0,415.0,410.0,405.0,51649.0,13127.0,11830.0,13382.0,38522.0,-1552.0,398.07,412.36,412.44,412.19,398.07
2026-08-19 20:41:00,415.0,,410.0,,400.0,391.0,412.43,,,,,420.0,399.0,410.0,415.0,410.0,415.0,410.0,405.0,51649.0,13127.0,11830.0,13382.0,38522.0,-1552.0,398.07,412.46,412.54,412.32,398.06
2026-08-19 20:42:00,415.0,,410.0,,400.0,433.0,412.48,,,,,420.0,399.0,410.0,415.0,410.0,415.0,410.0,405.0,51649.0,13127.0,11830.0,13382.0,38522.0,-1552.0,398.08,412.19,412.23,411.93,398.07
2026-08-19 20:43:00,415.0,,410.0,,400.0,433.0,412.45,,,,,420.0,399.0,410.0,415.0,410.0,415.0,410.0,405.0,51649.0,13127.0,11830.0,13382.0,38522.0,-1552.0,398.08,412.35,412.42,412.17,398.07
2026-08-19 20:44:00,415.0,,410.0,,400.0,433.0,412.46,,,,,420.0,399.0,410.0,415.0,410.0,415.0,410.0,405.0,51649.0,13127.0,11830.0,13382.0,38522.0,-1552.0,398.08,412.25,412.31,412.03,398.07
2026-08-19 20:45:00,415.0,,410.0,,400.0,433.0,412.47,,,,,420.0,399.0,410.0,415.0,410.0,415.0,410.0,405.0,51649.0,13127.0,11830.0,13382.0,38522.0,-1552.0,398.08,412.2,412.24,411.95,398.07
2026-08-19 20:46:00,415.0,,410.0,,400.0,433.0,412.46,,,,,420.0,399.0,410.0,415.0,410.0,415.0,410.0,405.0,51649.0,13127.0,11830.0,13382.0,38522.0,-1552.0,398.08,412.3,412.37,412.11,398.07
2026-08-19 20:47:00,415.0,,410.0,,400.0,433.0,412.48,,,,,420.0,399.0,410.0,415.0,410.0,415.0,410.0,405.0,51649.0,13127.0,11830.0,13382.0,38522.0,-1552.0,398.08,412.19,412.23,411.93,398.07
2026-08-19 20:48:00,415.0,,410.0,,400.0,433.0,412.51,,,,,420.0,399.0,410.0,415.0,410.0,415.0,410.0,405.0,51649.0,13127.0,11830.0,13382.0,38522.0,-1552.0,398.09,412.03,412.01,411.67,398.08
2026-08-19 20:49:00,415.0,,410.0,,400.0,433.0,411.25,,,,,420.0,399.0,410.0,415.0,410.0,415.0,410.0,405.0,51649.0,13127.0,11830.0,13382.0,38522.0,-1552.0,398.1,411.87,411.73,411.47,398.09
2026-08-19 20:50:00,415.0,,410.0,,400.0,433.0,411.25,,,,,420.0,399.0,410.0,415.0,410.0,415.0,410.0,405.0,51649.0,13127.0,11830.0,13382.0,38522.0,-1552.0,398.1,411.85,411.7,411.45,398.09
2026-08-19 20:51:00,415.0,,410.0,,400.0,433.0,411.23,,,,,420.0,399.0,410.0,415.0,410.0,415.0,410.0,405.0,51649.0,13127.0,11830.0,13382.0,38522.0,-1552.0,398.1,411.75,411.57,411.35,398.09
2026-08-19 20:52:00,415.0,,410.0,,400.0,433.0,411.23,,,,,420.0,399.0,410.0,415.0,410.0,415.0,410.0,405.0,51649.0,13127.0,11830.0,13382.0,38522.0,-1552.0,398.1,411.76,411.58,411.36,398.09
2026-08-19 20:53:00,415.0,,410.0,,400.0,433.0,411.2,,,,,420.0,399.0,410.0,415.0,410.0,415.0,410.0,405.0,51649.0,13127.0,11830.0,13382.0,38522.0,-1552.0,398.11,411.65,411.45,411.26,398.1
2026-08-19 20:54:00,415.0,,410.0,,400.0,433.0,411.15,,,,,420.0,399.0,410.0,415.0,410.0,415.0,410.0,405.0,51649.0,13127.0,11830.0,13382.0,38522.0,-1552.0,398.13,411.4,411.22,411.08,398.12
2026-08-19 20:55:00,415.0,,410.0,,400.0,433.0,411.19,,,,,420.0,399.0,410.0,415.0,410.0,415.0,410.0,405.0,51649.0,13127.0,11830.0,13382.0,38522.0,-1552.0,398.11,411.58,411.38,411.2,398.1
2026-08-19 20:56:00,415.0,,410.0,,400.0,433.0,411.19,,,,,420.0,399.0,410.0,415.0,410.0,415.0,410.0,405.0,51649.0,13127.0,11830.0,13382.0,38522.0,-1552.0,398.11,411.58,411.38,411.2,398.1
2026-08-19 20:57:00,415.0,,410.0,,400.0,433.0,411.17,,,,,420.0,399.0,410.0,415.0,410.0,415.0,410.0,405.0,51649.0,13127.0,11830.0,13382.0,38522.0,-1552.0,398.12,411.51,411.31,411.15,398.11
2026-08-19 20:58:00,415.0,,410.0,,400.0,433.0,411.17,,,,,420.0,399.0,410.0,415.0,410.0,415.0,410.0,405.0,51649.0,13127.0,11830.0,13382.0,38522.0,-1552.0,398.12,411.5,411.3,411.15,398.11
2026-08-19 20:59:00,415.0,,410.0,,400.0,433.0,411.24,,,,,420.0,399.0,410.0,415.0,410.0,415.0,410.0,405.0,51649.0,13127.0,11830.0,13382.0,38522.0,-1552.0,398.1,411.82,411.66,411.42,398.09
2026-08-19 21:00:00,415.0,,410.0,,400.0,433.0,412.53,,,,,420.0,399.0,410.0,415.0,410.0,415.0,410.0,405.0,51649.0,13127.0,11830.0,13382.0,38522.0,-1552.0,398.09,411.9,411.78,411.5,398.09
2026-08-19 21:01:00,415.0,,410.0,,400.0,433.0,412.52,,,,,420.0,399.0,410.0,415.0,410.0,415.0,410.0,405.0,51649.0,13127.0,11830.0,13382.0,38522.0,-1552.0,398.09,411.97,411.9,411.59,398.08
2026-08-19 21:02:00,415.0,,410.0,,400.0,433.0,412.47,,,,,420.0,399.0,410.0,415.0,410.0,415.0,410.0,405.0,51649.0,13127.0,11830.0,13382.0,38522.0,-1552.0,398.08,412.25,412.31,412.03,398.07
2026-08-19 21:03:00,415.0,,410.0,,400.0,433.0,412.45,,,,,420.0,399.0,410.0,415.0,410.0,415.0,410.0,405.0,51649.0,13127.0,11830.0,13382.0,38522.0,-1552.0,398.07,412.35,412.42,412.18,398.07
2026-08-19 21:04:00,415.0,,410.0,,400.0,433.0,412.43,,,,,420.0,399.0,410.0,415.0,410.0,415.0,410.0,405.0,51649.0,13127.0,11830.0,13382.0,38522.0,-1552.0,398.07,412.42,412.5,412.27,398.06
2026-08-19 21:05:00,415.0,,410.0,,400.0,438.0,412.4,,,,,420.0,399.0,410.0,415.0,410.0,415.0,410.0,405.0,51649.0,13127.0,11830.0,13382.0,38522.0,-1552.0,398.07,412.58,412.66,412.46,398.06
2026-08-19 21:06:00,415.0,,410.0,,400.0,438.0,412.41,,,,,420.0,399.0,410.0,415.0,410.0,415.0,410.0,405.0,51649.0,13127.0,11830.0,13382.0,38522.0,-1552.0,398.07,412.52,412.6,412.39,398.06
2026-08-19 21:07:00,415.0,,410.0,,400.0,433.0,412.44,,,,,420.0,399.0,410.0,415.0,410.0,415.0,410.0,405.0,51649.0,13127.0,11830.0,13382.0,38522.0,-1552.0,398.07,412.36,412.43,412.19,398.07
2026-08-19 21:08:00,415.0,,410.0,,400.0,433.0,412.44,,,,,420.0,399.0,410.0,415.0,410.0,415.0,410.0,405.0,51649.0,13127.0,11830.0,13382.0,38522.0,-1552.0,398.07,412.36,412.43,412.19,398.07
2026-08-19 21:09:00,415.0,,410.0,,400.0,433.0,412.43,,,,,420.0,399.0,410.0,415.0,410.0,415.0,410.0,405.0,51649.0,13127.0,11830.0,13382.0,38522.0,-1552.0,398.07,412.46,412.54,412.32,398.06
2026-08-19 21:10:00,415.0,,410.0,,400.0,433.0,412.43,,,,,420.0,399.0,410.0,415.0,410.0,415.0,410.0,405.0,51649.0,13127.0,11830.0,13382.0,38522.0,-1552.0,398.07,412.45,412.53,412.3,398.06
2026-08-19 21:11:00,415.0,,410.0,,400.0,438.0,412.4,,,,,420.0,399.0,410.0,415.0,410.0,415.0,410.0,405.0,51649.0,13127.0,11830.0,13382.0,38522.0,-1552.0,398.07,412.59,412.67,412.47,398.06
2026-08-19 21:12:00,415.0,,410.0,,400.0,438.0,412.4,,,,,420.0,399.0,410.0,415.0,410.0,415.0,410.0,405.0,51649.0,13127.0,11830.0,13382.0,38522.0,-1552.0,398.07,412.59,412.67,412.47,398.06
2026-08-19 21:13:00,415.0,,410.0,,400.0,438.0,412.39,,,,,420.0,399.0,410.0,415.0,410.0,415.0,410.0,405.0,51649.0,13127.0,11830.0,13382.0,38522.0,-1552.0,398.07,412.67,412.74,412.55,398.06
2026-08-19 21:14:00,415.0,,410.0,,400.0,438.0,412.41,,,,,420.0,399.0,410.0,415.0,410.0,415.0,410.0,405.0,51649.0,13127.0,11830.0,13382.0,38522.0,-1552.0,398.07,412.55,412.63,412.42,398.06
2026-08-19 21:15:00,415.0,,410.0,,400.0,433.0,412.44,,,,,420.0,399.0,410.0,415.0,410.0,415.0,410.0,405.0,51649.0,13127.0,11830.0,13382.0,38522.0,-1552.0,398.07,412.41,412.49,412.25,398.07
2026-08-19 21:16:00,415.0,,410.0,,400.0,433.0,412.44,,,,,420.0,399.0,410.0,415.0,410.0,415.0,410.0,405.0,51649.0,13127.0,11830.0,13382.0,38522.0,-1552.0,398.07,412.41,412.49,412.25,398.07
2026-08-19 21:17:00,415.0,,410.0,,400.0,433.0,412.44,,,,,420.0,399.0,410.0,415.0,410.0,415.0,410.0,405.0,51649.0,13127.0,11830.0,13382.0,38522.0,-1552.0,398.07,412.4,412.48,412.24,398.07
2026-08-19 21:18:00,415.0,,410.0,,400.0,433.0,412.48,,,,,420.0,399.0,410.0,415.0,410.0,415.0,410.0,405.0,51649.0,13127.0,11830.0,13382.0,38522.0,-1552.0,398.08,412.18,412.22,411.91,398.07
2026-08-19 21:19:00,415.0,,410.0,,400.0,433.0,412.51,,,,,420.0,399.0,410.0,415.0,410.0,415.0,410.0,405.0,51649.0,13127.0,11830.0,13382.0,38522.0,-1552.0,398.09,411.99,411.93,411.62,398.08
2026-08-19 21:20:00,415.0,,410.0,,400.0,433.0,411.26,,,,,420.0,399.0,410.0,415.0,410.0,415.0,410.0,405.0,51649.0,13127.0,11830.0,13382.0,38522.0,-1552.0,398.1,411.88,411.75,411.48,398.09
2026-08-19 21:21:00,415.0,,410.0,,400.0,433.0,411.25,,,,,420.0,399.0,410.0,415.0,410.0,415.0,410.0,405.0,51649.0,13127.0,11830.0,13382.0,38522.0,-1552.0,398.1,411.85,411.7,411.45,398.09
2026-08-19 21:22:00,415.0,,410.0,,400.0,433.0,412.52,,,,,420.0,399.0,410.0,415.0,410.0,415.0,410.0,405.0,51649.0,13127.0,11830.0,13382.0,38522.0,-1552.0,398.09,411.97,411.9,411.59,398.08
2026-08-19 21:23:00,415.0,,410.0,,400.0,433.0,412.49,,,,,420.0,399.0,410.0,415.0,410.0,415.0,410.0,405.0,51649.0,13127.0,11830.0,13382.0,38522.0,-1552.0,398.08,412.09,412.09,411.76,398.08
2026-08-19 21:24:00,415.0,,410.0,,400.0,433.0,412.49,,,,,420.0,399.0,410.0,415.0,410.0,415.0,410.0,405.0,51649.0,13127.0,11830.0,13382.0,38522.0,-1552.0,398.08,412.1,412.11,411.78,398.08
2026-08-19 21:25:00,415.0,,410.0,,400.0,433.0,412.48,,,,,420.0,399.0,410.0,415.0,410.0,415.0,410.0,405.0,51649.0,13127.0,11830.0,13382.0,38522.0,-1552.0,398.08,412.16,412.19,411.88,398.07
2026-08-19 21:26:00,415.0,,410.0,,400.0,433.0,412.48,,,,,420.0,399.0,410.0,415.0,410.0,415.0,410.0,405.0,51649.0,13127.0,11830.0,13382.0,38522.0,-1552.0,398.08,412.15,412.18,411.86,398.07
2026-08-19 21:27:00,415.0,,410.0,,400.0,433.0,412.51,,,,,420.0,399.0,410.0,415.0,410.0,415.0,410.0,405.0,51649.0,13127.0,11830.0,13382.0,38522.0,-1552.0,398.09,411.99,411.93,411.62,398.08
2026-08-19 21:28:00,415.0,,410.0,,400.0,433.0,412.51,,,,,420.0,399.0,410.0,415.0,410.0,415.0,410.0,405.0,51649.0,13127.0,11830.0,13382.0,38522.0,-1552.0,398.09,412.0,411.95,411.63,398.08
2026-08-19 21:29:00,415.0,,410.0,,400.0,433.0,412.5,,,,,420.0,399.0,410.0,415.0,410.0,415.0,410.0,405.0,51649.0,13127.0,11830.0,13382.0,38522.0,-1552.0,398.09,412.05,412.04,411.7,398.08
2026-08-19 21:30:00,415.0,,410.0,,400.0,433.0,412.47,,,,,420.0,399.0,410.0,415.0,410.0,415.0,410.0,405.0,51649.0,13127.0,11830.0,13382.0,38522.0,-1552.0,398.08,412.2,412.24,411.95,398.07
2026-08-19 21:31:00,415.0,,410.0,,400.0,433.0,412.46,,,,,420.0,399.0,410.0,415.0,410.0,415.0,410.0,405.0,51649.0,13127.0,11830.0,13382.0,38522.0,-1552.0,398.08,412.28,412.34,412.08,398.07
2026-08-19 21:32:00,415.0,,410.0,,400.0,433.0,412.51,,,,,420.0,399.0,410.0,415.0,410.0,415.0,410.0,405.0,51649.0,13127.0,11830.0,13382.0,38522.0,-1552.0,398.09,412.02,411.99,411.66,398.08
2026-08-19 21:33:00,415.0,,410.0,,400.0,433.0,412.49,,,,,420.0,399.0,410.0,415.0,410.0,415.0,410.0,405.0,51649.0,13127.0,11830.0,13382.0,38522.0,-1552.0,398.08,412.13,412.15,411.83,398.07
2026-08-19 21:34:00,415.0,,410.0,,400.0,433.0,412.5,,,,,420.0,399.0,410.0,415.0,410.0,415.0,410.0,405.0,51649.0,13127.0,11830.0,13382.0,38522.0,-1552.0,398.09,412.04,412.02,411.69,398.08
2026-08-19 21:35:00,415.0,,410.0,,400.0,433.0,412.52,,,,,420.0,399.0,410.0,415.0,410.0,415.0,410.0,405.0,51649.0,13127.0,11830.0,13382.0,38522.0,-1552.0,398.09,411.93,411.82,411.54,398.08
2026-08-19 21:36:00,415.0,,410.0,,400.0,433.0,412.52,,,,,420.0,399.0,410.0,415.0,410.0,415.0,410.0,405.0,51649.0,13127.0,11830.0,13382.0,38522.0,-1552.0,398.09,411.95,411.86,411.57,398.08
2026-08-19 21:37:00,415.0,,410.0,,400.0,433.0,412.5,,,,,420.0,399.0,410.0,415.0,410.0,415.0,410.0,405.0,51649.0,13127.0,11830.0,13382.0,38522.0,-1552.0,398.09,412.07,412.06,411.73,398.08
2026-08-19 21:38:00,415.0,,410.0,,400.0,433.0,412.5,,,,,420.0,399.0,410.0,415.0,410.0,415.0,410.0,405.0,51649.0,13127.0,11830.0,13382.0,38522.0,-1552.0,398.09,412.07,412.06,411.73,398.08
2026-08-19 21:39:00,415.0,,410.0,,400.0,433.0,412.5,,,,,420.0,399.0,410.0,415.0,410.0,415.0,410.0,405.0,51649.0,13127.0,11830.0,13382.0,38522.0,-1552.0,398.09,412.06,412.05,411.72,398.08
2026-08-19 21:40:00,415.0,,410.0,,400.0,433.0,412.53,,,,,420.0,399.0,410.0,415.0,410.0,415.0,410.0,405.0,51649.0,13127.0,11830.0,13382.0,38522.0,-1552.0,398.09,411.91,411.79,411.52,398.08
2026-08-19 21:41:00,415.0,,410.0,,400.0,433.0,412.5,,,,,420.0,399.0,410.0,415.0,410.0,415.0,410.0,405.0,51649.0,13127.0,11830.0,13382.0,38522.0,-1552.0,398.09,412.06,412.05,411.72,398.08
2026-08-19 21:42:00,415.0,,410.0,,400.0,433.0,412.51,,,,,420.0,399.0,410.0,415.0,410.0,415.0,410.0,405.0,51649.0,13127.0,11830.0,13382.0,38522.0,-1552.0,398.09,412.02,411.99,411.66,398.08
2026-08-19 21:43:00,415.0,,410.0,,400.0,433.0,412.52,,,,,420.0,399.0,410.0,415.0,410.0,415.0,410.0,405.0,51649.0,13127.0,11830.0,13382.0,38522.0,-1552.0,398.09,411.97,411.89,411.59,398.08
2026-08-19 21:44:00,415.0,,410.0,,400.0,433.0,412.52,,,,,420.0,399.0,410.0,415.0,410.0,415.0,410.0,405.0,51649.0,13127.0,11830.0,13382.0,38522.0,-1552.0,398.09,411.94,411.84,411.55,398.08
2026-08-19 21:45:00,415.0,,410.0,,400.0,433.0,412.51,,,,,420.0,399.0,410.0,415.0,410.0,415.0,410.0,405.0,51649.0,13127.0,11830.0,13382.0,38522.0,-1552.0,398.09,411.99,411.93,411.62,398.08
2026-08-19 21:46:00,415.0,,410.0,,400.0,433.0,411.25,,,,,420.0,399.0,410.0,415.0,410.0,415.0,410.0,405.0,51649.0,13127.0,11830.0,13382.0,38522.0,-1552.0,398.1,411.87,411.73,411.47,398.09
2026-08-19 21:47:00,415.0,,410.0,,400.0,433.0,411.25,,,,,420.0,399.0,410.0,415.0,410.0,415.0,410.0,405.0,51649.0,13127.0,11830.0,13382.0,38522.0,-1552.0,398.1,411.87,411.73,411.47,398.09
2026-08-19 21:48:00,415.0,,410.0,,400.0,433.0,412.52,,,,,420.0,399.0,410.0,415.0,410.0,415.0,410.0,405.0,51649.0,13127.0,11830.0,13382.0,38522.0,-1552.0,398.09,411.93,411.82,411.54,398.09
2026-08-19 21:49:00,415.0,,410.0,,400.0,433.0,411.24,,,,,420.0,399.0,410.0,415.0,410.0,415.0,410.0,405.0,51649.0,13127.0,11830.0,13382.0,38522.0,-1552.0,398.1,411.82,411.66,411.42,398.09
2026-08-19 21:50:00,415.0,,410.0,,400.0,433.0,412.51,,,,,420.0,399.0,410.0,415.0,410.0,415.0,410.0,405.0,51649.0,13127.0,11830.0,13382.0,38522.0,-1552.0,398.09,412.0,411.95,411.63,398.08
2026-08-19 21:51:00,415.0,,410.0,,400.0,433.0,412.51,,,,,420.0,399.0,410.0,415.0,410.0,415.0,410.0,405.0,51649.0,13127.0,11830.0,13382.0,38522.0,-1552.0,398.09,412.0,411.95,411.63,398.08
2026-08-19 21:52:00,415.0,,410.0,,400.0,433.0,412.51,,,,,420.0,399.0,410.0,415.0,410.0,415.0,410.0,405.0,51649.0,13127.0,11830.0,13382.0,38522.0,-1552.0,398.09,412.0,411.95,411.63,398.08
2026-08-19 21:53:00,415.0,,410.0,,400.0,433.0,412.52,,,,,420.0,399.0,410.0,415.0,410.0,415.0,410.0,405.0,51649.0,13127.0,11830.0,13382.0,38522.0,-1552.0,398.09,411.95,411.86,411.57,398.08
2026-08-19 21:54:00,415.0,,410.0,,400.0,433.0,412.48,,,,,420.0,399.0,410.0,415.0,410.0,415.0,410.0,405.0,51649.0,13127.0,11830.0,13382.0,38522.0,-1552.0,398.08,412.15,412.17,411.86,398.07
2026-08-19 21:55:00,415.0,,410.0,,400.0,433.0,412.51,,,,,420.0,399.0,410.0,415.0,410.0,415.0,410.0,405.0,51649.0,13127.0,11830.0,13382.0,38522.0,-1552.0,398.09,412.0,411.95,411.63,398.08
2026-08-19 21:56:00,415.0,,410.0,,400.0,433.0,412.52,,,,,420.0,399.0,410.0,415.0,410.0,415.0,410.0,405.0,51649.0,13127.0,11830.0,13382.0,38522.0,-1552.0,398.09,411.96,411.87,411.58,398.08
2026-08-19 21:57:00,415.0,,410.0,,400.0,433.0,412.5,,,,,420.0,399.0,410.0,415.0,410.0,415.0,410.0,405.0,51649.0,13127.0,11830.0,13382.0,38522.0,-1552.0,398.09,412.05,412.03,411.7,398.08
2026-08-19 21:58:00,415.0,,410.0,,400.0,433.0,412.51,,,,,420.0,399.0,410.0,415.0,410.0,415.0,410.0,405.0,51649.0,13127.0,11830.0,13382.0,38522.0,-1552.0,398.09,412.0,411.95,411.63,398.08
2026-08-19 21:59:00,415.0,,410.0,,400.0,433.0,412.51,,,,,420.0,399.0,410.0,415.0,410.0,415.0,410.0,405.0,51649.0,13127.0,11830.0,13382.0,38522.0,-1552.0,398.09,411.99,411.93,411.62,398.08
2026-08-19 22:00:00,415.0,,410.0,,400.0,433.0,412.52,,,,,420.0,399.0,410.0,415.0,410.0,415.0,410.0,405.0,51649.0,13127.0,11830.0,13382.0,38522.0,-1552.0,398.09,411.95,411.86,411.57,398.08
2026-08-19 22:01:00,415.0,,410.0,,400.0,433.0,412.47,,,,,420.0,399.0,410.0,415.0,410.0,415.0,410.0,405.0,51649.0,13127.0,11830.0,13382.0,38522.0,-1552.0,398.08,412.25,412.3,412.04,398.07
2026-08-19 22:02:00,415.0,,410.0,,400.0,433.0,412.45,,,,,420.0,399.0,410.0,415.0,410.0,415.0,410.0,405.0,51649.0,13127.0,11830.0,13382.0,38522.0,-1552.0,398.07,412.35,412.42,412.18,398.07
2026-08-19 22:03:00,415.0,,410.0,,400.0,433.0,412.45,,,,,420.0,399.0,410.0,415.0,410.0,415.0,410.0,405.0,51649.0,13127.0,11830.0,13382.0,38522.0,-1552.0,398.08,412.31,412.37,412.12,398.07
2026-08-19 22:04:00,415.0,,410.0,,400.0,433.0,412.45,,,,,420.0,399.0,410.0,415.0,410.0,415.0,410.0,405.0,51649.0,13127.0,11830.0,13382.0,38522.0,-1552.0,398.08,412.31,412.37,412.12,398.07
2026-08-19 22:05:00,415.0,,410.0,,400.0,433.0,412.44,,,,,420.0,399.0,410.0,415.0,410.0,415.0,410.0,405.0,51649.0,13127.0,11830.0,13382.0,38522.0,-1552.0,398.07,412.39,412.47,412.23,398.07
2026-08-19 22:06:00,415.0,,410.0,,400.0,433.0,412.43,,,,,420.0,399.0,410.0,415.0,410.0,415.0,410.0,405.0,51649.0,13127.0,11830.0,13382.0,38522.0,-1552.0,398.07,412.45,412.53,412.31,398.06
2026-08-19 22:07:00,415.0,,410.0,,400.0,433.0,412.43,,,,,420.0,399.0,410.0,415.0,410.0,415.0,410.0,405.0,51649.0,13127.0,11830.0,13382.0,38522.0,-1552.0,398.07,412.45,412.53,412.31,398.06
2026-08-19 22:08:00,415.0,,410.0,,400.0,433.0,412.45,,,,,420.0,399.0,410.0,415.0,410.0,415.0,410.0,405.0,51649.0,13127.0,11830.0,13382.0,38522.0,-1552.0,398.08,412.33,412.4,412.15,398.07
2026-08-19 22:09:00,415.0,,410.0,,400.0,433.0,412.49,,,,,420.0,399.0,410.0,415.0,410.0,415.0,410.0,405.0,51649.0,13127.0,11830.0,13382.0,38522.0,-1552.0,398.08,412.1,412.11,411.78,398.08
2026-08-19 22:10:00,415.0,,410.0,,400.0,433.0,411.24,,,,,420.0,399.0,410.0,415.0,410.0,415.0,410.0,405.0,51649.0,13127.0,11830.0,13382.0,38522.0,-1552.0,398.1,411.79,411.61,411.39,398.09
2026-08-19 22:11:00,415.0,,410.0,,400.0,433.0,411.24,,,,,420.0,399.0,410.0,415.0,410.0,415.0,410.0,405.0,51649.0,13127.0,11830.0,13382.0,38522.0,-1552.0,398.1,411.8,411.63,411.4,398.09
2026-08-19 22:12:00,415.0,,410.0,,400.0,433.0,412.52,,,,,420.0,399.0,410.0,415.0,410.0,415.0,410.0,405.0,51649.0,13127.0,11830.0,13382.0,38522.0,-1552.0,398.09,411.98,411.91,411.61,398.08
2026-08-19 22:13:00,415.0,,410.0,,400.0,433.0,412.51,,,,,420.0,399.0,410.0,415.0,410.0,415.0,410.0,405.0,51649.0,13127.0,11830.0,13382.0,38522.0,-1552.0,398.09,411.99,411.93,411.62,398.08
2026-08-19 22:14:00,415.0,,410.0,,400.0,433.0,412.51,,,,,420.0,399.0,410.0,415.0,410.0,415.0,410.0,405.0,51649.0,13127.0,11830.0,13382.0,38522.0,-1552.0,398.09,412.0,411.95,411.63,398.08
2026-08-19 22:15:00,415.0,,410.0,,400.0,433.0,412.53,,,,,420.0,399.0,410.0,415.0,410.0,415.0,410.0,405.0,51649.0,13127.0,11830.0,13382.0,38522.0,-1552.0,398.09,411.92,411.81,411.53,398.08
2026-08-19 22:16:00,415.0,,410.0,,400.0,433.0,412.51,,,,,420.0,399.0,410.0,415.0,410.0,415.0,410.0,405.0,51649.0,13127.0,11830.0,13382.0,38522.0,-1552.0,398.09,412.0,411.95,411.63,398.08
2026-08-19 22:17:00,415.0,,410.0,,400.0,433.0,412.51,,,,,420.0,399.0,410.0,415.0,410.0,415.0,410.0,405.0,51649.0,13127.0,11830.0,13382.0,38522.0,-1552.0,398.09,412.0,411.95,411.63,398.08
2026-08-19 22:18:00,415.0,,410.0,,400.0,433.0,412.53,,,,,420.0,399.0,410.0,415.0,410.0,415.0,410.0,405.0,51649.0,13127.0,11830.0,13382.0,38522.0,-1552.0,398.09,411.92,411.81,411.53,398.08
2026-08-19 22:19:00,415.0,,410.0,,400.0,433.0,412.49,,,,,420.0,399.0,410.0,415.0,410.0,415.0,410.0,405.0,51649.0,13127.0,11830.0,13382.0,38522.0,-1552.0,398.08,412.13,412.15,411.83,398.08
2026-08-19 22:20:00,415.0,,410.0,,400.0,433.0,412.51,,,,,420.0,399.0,410.0,415.0,410.0,415.0,410.0,405.0,51649.0,13127.0,11830.0,13382.0,38522.0,-1552.0,398.09,412.0,411.95,411.63,398.08
2026-08-19 22:21:00,415.0,,410.0,,400.0,433.0,412.48,,,,,420.0,399.0,410.0,415.0,410.0,415.0,410.0,405.0,51649.0,13127.0,11830.0,13382.0,38522.0,-1552.0,398.08,412.18,412.21,411.92,398.07
2026-08-19 22:22:00,415.0,,410.0,,400.0,433.0,412.48,,,,,420.0,399.0,410.0,415.0,410.0,415.0,410.0,405.0,51649.0,13127.0,11830.0,13382.0,38522.0,-1552.0,398.08,412.16,412.19,411.88,398.07
2026-08-19 22:23:00,415.0,,410.0,,400.0,433.0,412.45,,,,,420.0,399.0,410.0,415.0,410.0,415.0,410.0,405.0,51649.0,13127.0,11830.0,13382.0,38522.0,-1552.0,398.08,412.33,412.4,412.15,398.07
2026-08-19 22:24:00,415.0,,410.0,,400.0,433.0,412.47,,,,,420.0,399.0,410.0,415.0,410.0,415.0,410.0,405.0,51649.0,13127.0,11830.0,13382.0,38522.0,-1552.0,398.08,412.25,412.3,412.04,398.07
2026-08-19 22:25:00,415.0,,410.0,,400.0,433.0,412.47,,,,,420.0,399.0,410.0,415.0,410.0,415.0,410.0,405.0,51649.0,13127.0,11830.0,13382.0,38522.0,-1552.0,398.08,412.25,412.3,412.04,398.07
2026-08-19 22:26:00,415.0,,410.0,,400.0,433.0,412.44,,,,,420.0,399.0,410.0,415.0,410.0,415.0,410.0,405.0,51649.0,13127.0,11830.0,13382.0,38522.0,-1552.0,398.07,412.4,412.48,412.25,398.07
2026-08-19 22:27:00,415.0,,410.0,,400.0,433.0,412.46,,,,,420.0,399.0,410.0,415.0,410.0,415.0,410.0,405.0,51649.0,13127.0,11830.0,13382.0,38522.0,-1552.0,398.08,412.26,412.31,412.05,398.07
2026-08-19 22:28:00,415.0,,410.0,,400.0,433.0,412.47,,,,,420.0,399.0,410.0,415.0,410.0,415.0,410.0,405.0,51649.0,13127.0,11830.0,13382.0,38522.0,-1552.0,398.08,412.21,412.25,411.97,398.07
2026-08-19 22:29:00,415.0,,410.0,,400.0,433.0,412.48,,,,,420.0,399.0,410.0,415.0,410.0,415.0,410.0,405.0,51649.0,13127.0,11830.0,13382.0,38522.0,-1552.0,398.08,412.17,412.2,411.9,398.07
2026-08-19 22:30:00,415.0,,410.0,,400.0,433.0,412.48,,,,,420.0,399.0,410.0,415.0,410.0,415.0,410.0,405.0,51649.0,13127.0,11830.0,13382.0,38522.0,-1552.0,398.08,412.15,412.17,411.86,398.07
2026-08-19 22:31:00,415.0,,410.0,,400.0,433.0,412.48,,,,,420.0,399.0,410.0,415.0,410.0,415.0,410.0,405.0,51649.0,13127.0,11830.0,13382.0,38522.0,-1552.0,398.08,412.2,412.24,411.95,398.07
2026-08-19 22:32:00,415.0,,410.0,,400.0,433.0,412.44,,,,,420.0,399.0,410.0,415.0,410.0,415.0,410.0,405.0,51649.0,13127.0,11830.0,13382.0,38522.0,-1552.0,398.07,412.39,412.46,412.23,398.07
2026-08-19 22:33:00,415.0,,410.0,,400.0,433.0,412.45,,,,,420.0,399.0,410.0,415.0,410.0,415.0,410.0,405.0,51649.0,13127.0,11830.0,13382.0,38522.0,-1552.0,398.07,412.36,412.43,412.19,398.07
2026-08-19 22:34:00,415.0,,410.0,,400.0,438.0,412.41,,,,,420.0,399.0,410.0,415.0,410.0,415.0,410.0,405.0,51649.0,13127.0,11830.0,13382.0,38522.0,-1552.0,398.07,412.56,412.64,412.44,398.06
2026-08-19 22:35:00,415.0,,410.0,,400.0,438.0,412.41,,,,,420.0,399.0,410.0,415.0,410.0,415.0,410.0,405.0,51649.0,13127.0,11830.0,13382.0,38522.0,-1552.0,398.07,412.57,412.65,412.45,398.06
2026-08-19 22:36:00,415.0,,410.0,,400.0,433.0,412.44,,,,,420.0,399.0,410.0,415.0,410.0,415.0,410.0,405.0,51649.0,13127.0,11830.0,13382.0,38522.0,-1552.0,398.07,412.41,412.49,412.26,398.07
2026-08-19 22:37:00,415.0,,410.0,,400.0,433.0,412.44,,,,,420.0,399.0,410.0,415.0,410.0,415.0,410.0,405.0,51649.0,13127.0,11830.0,13382.0,38522.0,-1552.0,398.07,412.37,412.44,412.21,398.07
2026-08-19 22:38:00,415.0,,410.0,,400.0,433.0,412.45,,,,,420.0,399.0,410.0,415.0,410.0,415.0,410.0,405.0,51649.0,13127.0,11830.0,13382.0,38522.0,-1552.0,398.07,412.36,412.43,412.19,398.07
2026-08-19 22:39:00,415.0,,410.0,,400.0,438.0,412.41,,,,,420.0,399.0,410.0,415.0,410.0,415.0,410.0,405.0,51649.0,13127.0,11830.0,13382.0,38522.0,-1552.0,398.07,412.56,412.64,412.44,398.06
2026-08-19 22:40:00,415.0,,410.0,,400.0,438.0,412.4,,,,,420.0,399.0,410.0,415.0,410.0,415.0,410.0,405.0,51649.0,13127.0,11830.0,13382.0,38522.0,-1552.0,398.07,412.58,412.66,412.46,398.06
2026-08-19 22:41:00,415.0,,410.0,,400.0,438.0,412.42,,,,,420.0,399.0,410.0,415.0,410.0,415.0,410.0,405.0,51649.0,13127.0,11830.0,13382.0,38522.0,-1552.0,398.07,412.5,412.58,412.37,398.06
2026-08-19 22:42:00,415.0,,410.0,,400.0,433.0,412.42,,,,,420.0,399.0,410.0,415.0,410.0,415.0,410.0,405.0,51649.0,13127.0,11830.0,13382.0,38522.0,-1552.0,398.07,412.48,412.56,412.35,398.06
2026-08-19 22:43:00,415.0,,410.0,,400.0,438.0,412.42,,,,,420.0,399.0,410.0,415.0,410.0,415.0,410.0,405.0,51649.0,13127.0,11830.0,13382.0,38522.0,-1552.0,398.07,412.5,412.58,412.37,398.06
2026-08-19 22:44:00,415.0,,410.0,,400.0,438.0,412.39,,,,,420.0,399.0,410.0,415.0,410.0,415.0,410.0,405.0,51649.0,13127.0,11830.0,13382.0,38522.0,-1552.0,398.07,412.66,412.73,412.55,398.06
2026-08-19 22:45:00,415.0,,410.0,,400.0,438.0,412.41,,,,,420.0,399.0,410.0,415.0,410.0,415.0,410.0,405.0,51649.0,13127.0,11830.0,13382.0,38522.0,-1552.0,398.07,412.57,412.65,412.45,398.06
2026-08-19 22:46:00,415.0,,410.0,,400.0,438.0,412.4,,,,,420.0,399.0,410.0,415.0,410.0,415.0,410.0,405.0,51649.0,13127.0,11830.0,13382.0,38522.0,-1552.0,398.07,412.59,412.67,412.47,398.06
2026-08-19 22:47:00,415.0,,410.0,,400.0,438.0,412.4,,,,,420.0,399.0,410.0,415.0,410.0,415.0,410.0,405.0,51649.0,13127.0,11830.0,13382.0,38522.0,-1552.0,398.07,412.59,412.67,412.47,398.06
2026-08-19 22:48:00,415.0,,410.0,,400.0,438.0,412.41,,,,,420.0,399.0,410.0,415.0,410.0,415.0,410.0,405.0,51649.0,13127.0,11830.0,13382.0,38522.0,-1552.0,398.07,412.53,412.61,412.4,398.06
2026-08-19 22:49:00,415.0,,410.0,,400.0,438.0,412.4,,,,,420.0,399.0,410.0,415.0,410.0,415.0,410.0,405.0,51649.0,13127.0,11830.0,13382.0,38522.0,-1552.0,398.07,412.61,412.69,412.49,398.06
2026-08-19 22:50:00,415.0,,410.0,,400.0,438.0,412.4,,,,,420.0,399.0,410.0,415.0,410.0,415.0,410.0,405.0,51649.0,13127.0,11830.0,13382.0,38522.0,-1552.0,398.07,412.58,412.66,412.46,398.06
2026-08-19 22:51:00,415.0,,410.0,,400.0,438.0,412.4,,,,,420.0,399.0,410.0,415.0,410.0,415.0,410.0,405.0,51649.0,13127.0,11830.0,13382.0,38522.0,-1552.0,398.07,412.59,412.67,412.47,398.06
2026-08-19 22:52:00,415.0,,410.0,,400.0,438.0,412.4,,,,,420.0,399.0,410.0,415.0,410.0,415.0,410.0,405.0,51649.0,13127.0,11830.0,13382.0,38522.0,-1552.0,398.07,412.62,412.69,412.5,398.06
2026-08-19 22:53:00,415.0,,410.0,,400.0,438.0,412.38,,,,,420.0,399.0,410.0,415.0,410.0,415.0,410.0,405.0,51649.0,13127.0,11830.0,13382.0,38522.0,-1552.0,398.07,412.72,412.78,412.61,398.06
2026-08-19 22:54:00,415.0,,410.0,,400.0,438.0,412.37,,,,,420.0,399.0,410.0,415.0,410.0,415.0,410.0,405.0,51649.0,13127.0,11830.0,13382.0,38522.0,-1552.0,398.07,412.75,412.81,412.64,398.06
2026-08-19 22:55:00,415.0,,410.0,,400.0,438.0,412.36,,,,,420.0,399.0,410.0,415.0,410.0,415.0,410.0,405.0,51649.0,13127.0,11830.0,13382.0,38522.0,-1552.0,398.07,412.8,412.85,412.68,398.06
2026-08-19 22:56:00,415.0,,410.0,,400.0,438.0,412.36,,,,,420.0,399.0,410.0,415.0,410.0,415.0,410.0,405.0,51649.0,13127.0,11830.0,13382.0,38522.0,-1552.0,398.07,412.78,412.83,412.66,398.06
2026-08-19 22:57:00,415.0,,410.0,,400.0,438.0,412.38,,,,,420.0,399.0,410.0,415.0,410.0,415.0,410.0,405.0,51649.0,13127.0,11830.0,13382.0,38522.0,-1552.0,398.07,412.72,412.78,412.61,398.06
2026-08-19 22:58:00,415.0,,410.0,,400.0,438.0,412.4,,,,,420.0,399.0,410.0,415.0,410.0,415.0,410.0,405.0,51649.0,13127.0,11830.0,13382.0,38522.0,-1552.0,398.07,412.6,412.68,412.48,398.06
2026-08-19 22:59:00,415.0,,410.0,,400.0,438.0,412.39,,,,,420.0,399.0,410.0,415.0,410.0,415.0,410.0,405.0,51649.0,13127.0,11830.0,13382.0,38522.0,-1552.0,398.07,412.66,412.73,412.55,398.06
2026-08-19 23:00:00,415.0,,410.0,,400.0,438.0,412.38,,,,,420.0,399.0,410.0,415.0,410.0,415.0,410.0,405.0,51649.0,13127.0,11830.0,13382.0,38522.0,-1552.0,398.07,412.68,412.75,412.57,398.06
2026-08-19 23:01:00,415.0,,410.0,,400.0,438.0,412.4,,,,,420.0,399.0,410.0,415.0,410.0,415.0,410.0,405.0,51649.0,13127.0,11830.0,13382.0,38522.0,-1552.0,398.07,412.6,412.68,412.48,398.06
2026-08-19 23:02:00,415.0,,410.0,,400.0,438.0,412.41,,,,,420.0,399.0,410.0,415.0,410.0,415.0,410.0,405.0,51649.0,13127.0,11830.0,13382.0,38522.0,-1552.0,398.07,412.57,412.65,412.45,398.06
2026-08-19 23:03:00,415.0,,410.0,,400.0,438.0,412.41,,,,,420.0,399.0,410.0,415.0,410.0,415.0,410.0,405.0,51649.0,13127.0,11830.0,13382.0,38522.0,-1552.0,398.07,412.53,412.61,412.4,398.06
2026-08-19 23:04:00,415.0,,410.0,,400.0,433.0,412.45,,,,,420.0,399.0,410.0,415.0,410.0,415.0,410.0,405.0,51649.0,13127.0,11830.0,13382.0,38522.0,-1552.0,398.08,412.35,412.42,412.18,398.07
2026-08-19 23:05:00,415.0,,410.0,,400.0,433.0,412.44,,,,,420.0,399.0,410.0,415.0,410.0,415.0,410.0,405.0,51649.0,13127.0,11830.0,13382.0,38522.0,-1552.0,398.07,412.4,412.47,412.25,398.07
2026-08-19 23:06:00,415.0,,410.0,,400.0,433.0,412.44,,,,,420.0,399.0,410.0,415.0,410.0,415.0,410.0,405.0,51649.0,13127.0,11830.0,13382.0,38522.0,-1552.0,398.07,412.39,412.46,412.23,398.07
2026-08-19 23:07:00,415.0,,410.0,,400.0,433.0,412.43,,,,,420.0,399.0,410.0,415.0,410.0,415.0,410.0,405.0,51649.0,13127.0,11830.0,13382.0,38522.0,-1552.0,398.07,412.42,412.5,412.27,398.07
2026-08-19 23:08:00,415.0,,410.0,,400.0,438.0,412.41,,,,,420.0,399.0,410.0,415.0,410.0,415.0,410.0,405.0,51649.0,13127.0,11830.0,13382.0,38522.0,-1552.0,398.07,412.54,412.62,412.42,398.06
2026-08-19 23:09:00,415.0,,410.0,,400.0,433.0,412.42,,,,,420.0,399.0,410.0,415.0,410.0,415.0,410.0,405.0,51649.0,13127.0,11830.0,13382.0,38522.0,-1552.0,398.07,412.47,412.55,412.33,398.06
2026-08-19 23:10:00,415.0,,410.0,,400.0,438.0,412.42,,,,,420.0,399.0,410.0,415.0,410.0,415.0,410.0,405.0,51649.0,13127.0,11830.0,13382.0,38522.0,-1552.0,398.07,412.51,412.59,412.38,398.06
2026-08-19 23:11:00,415.0,,410.0,,400.0,438.0,412.42,,,,,420.0,399.0,410.0,415.0,410.0,415.0,410.0,405.0,51649.0,13127.0,11830.0,13382.0,38522.0,-1552.0,398.07,412.5,412.58,412.37,398.06
2026-08-19 23:12:00,415.0,,410.0,,400.0,433.0,412.42,,,,,420.0,399.0,410.0,415.0,410.0,415.0,410.0,405.0,51649.0,13127.0,11830.0,13382.0,38522.0,-1552.0,398.07,412.49,412.57,412.36,398.06
2026-08-19 23:13:00,415.0,,410.0,,400.0,433.0,412.42,,,,,420.0,399.0,410.0,415.0,410.0,415.0,410.0,405.0,51649.0,13127.0,11830.0,13382.0,38522.0,-1552.0,398.07,412.49,412.57,412.36,398.06
2026-08-19 23:14:00,415.0,,410.0,,400.0,433.0,412.43,,,,,420.0,399.0,410.0,415.0,410.0,415.0,410.0,405.0,51649.0,13127.0,11830.0,13382.0,38522.0,-1552.0,398.07,412.45,412.53,412.31,398.07
2026-08-19 23:15:00,415.0,,410.0,,400.0,433.0,412.44,,,,,420.0,399.0,410.0,415.0,410.0,415.0,410.0,405.0,51649.0,13127.0,11830.0,13382.0,38522.0,-1552.0,398.07,412.37,412.44,412.21,398.07
2026-08-19 23:16:00,415.0,,410.0,,400.0,433.0,412.45,,,,,420.0,399.0,410.0,415.0,410.0,415.0,410.0,405.0,51649.0,13127.0,11830.0,13382.0,38522.0,-1552.0,398.07,412.36,412.43,412.2,398.07
2026-08-19 23:17:00,415.0,,410.0,,400.0,433.0,412.43,,,,,420.0,399.0,410.0,415.0,410.0,415.0,410.0,405.0,51649.0,13127.0,11830.0,13382.0,38522.0,-1552.0,398.07,412.43,412.51,412.29,398.07
2026-08-19 23:18:00,415.0,,410.0,,400.0,433.0,412.43,,,,,420.0,399.0,410.0,415.0,410.0,415.0,410.0,405.0,51649.0,13127.0,11830.0,13382.0,38522.0,-1552.0,398.07,412.42,412.49,412.27,398.07
2026-08-19 23:19:00,415.0,,410.0,,400.0,433.0,412.43,,,,,420.0,399.0,410.0,415.0,410.0,415.0,410.0,405.0,51649.0,13127.0,11830.0,13382.0,38522.0,-1552.0,398.07,412.45,412.53,412.31,398.07
2026-08-19 23:20:00,415.0,,410.0,,400.0,433.0,412.45,,,,,420.0,399.0,410.0,415.0,410.0,415.0,410.0,405.0,51649.0,13127.0,11830.0,13382.0,38522.0,-1552.0,398.08,412.34,412.41,412.17,398.07
2026-08-19 23:21:00,415.0,,410.0,,400.0,433.0,412.45,,,,,420.0,399.0,410.0,415.0,410.0,415.0,410.0,405.0,51649.0,13127.0,11830.0,13382.0,38522.0,-1552.0,398.08,412.32,412.38,412.14,398.07
2026-08-19 23:22:00,415.0,,410.0,,400.0,433.0,412.43,,,,,420.0,399.0,410.0,415.0,410.0,415.0,410.0,405.0,51649.0,13127.0,11830.0,13382.0,38522.0,-1552.0,398.07,412.44,412.52,412.3,398.07
2026-08-19 23:23:00,415.0,,410.0,,400.0,433.0,412.45,,,,,420.0,399.0,410.0,415.0,410.0,415.0,410.0,405.0,51649.0,13127.0,11830.0,13382.0,38522.0,-1552.0,398.08,412.34,412.41,412.17,398.07
2026-08-19 23:24:00,415.0,,410.0,,400.0,433.0,412.45,,,,,420.0,399.0,410.0,415.0,410.0,415.0,410.0,405.0,51649.0,13127.0,11830.0,13382.0,38522.0,-1552.0,398.08,412.33,412.39,412.16,398.07
2026-08-19 23:25:00,415.0,,410.0,,400.0,433.0,412.46,,,,,420.0,399.0,410.0,415.0,410.0,415.0,410.0,405.0,51649.0,13127.0,11830.0,13382.0,38522.0,-1552.0,398.08,412.3,412.36,412.11,398.07
2026-08-19 23:26:00,415.0,,410.0,,400.0,433.0,412.46,,,,,420.0,399.0,410.0,415.0,410.0,415.0,410.0,405.0,51649.0,13127.0,11830.0,13382.0,38522.0,-1552.0,398.08,412.27,412.32,412.07,398.07
2026-08-19 23:27:00,415.0,,410.0,,400.0,433.0,412.46,,,,,420.0,399.0,410.0,415.0,410.0,415.0,410.0,405.0,51649.0,13127.0,11830.0,13382.0,38522.0,-1552.0,398.08,412.27,412.32,412.07,398.07
2026-08-19 23:28:00,415.0,,410.0,,400.0,433.0,412.49,,,,,420.0,399.0,410.0,415.0,410.0,415.0,410.0,405.0,51649.0,13127.0,11830.0,13382.0,38522.0,-1552.0,398.08,412.1,412.1,411.78,398.08
2026-08-19 23:29:00,415.0,,410.0,,400.0,433.0,411.26,,,,,420.0,399.0,410.0,415.0,410.0,415.0,410.0,405.0,51649.0,13127.0,11830.0,13382.0,38522.0,-1552.0,398.1,411.89,411.75,411.5,398.09
2026-08-19 23:30:00,415.0,,410.0,,400.0,433.0,411.25,,,,,420.0,399.0,410.0,415.0,410.0,415.0,410.0,405.0,51649.0,13127.0,11830.0,13382.0,38522.0,-1552.0,398.1,411.85,411.69,411.46,398.09
2026-08-19 23:31:00,415.0,,410.0,,400.0,433.0,411.25,,,,,420.0,399.0,410.0,415.0,410.0,415.0,410.0,405.0,51649.0,13127.0,11830.0,13382.0,38522.0,-1552.0,398.1,411.85,411.69,411.46,398.09
2026-08-19 23:32:00,415.0,,410.0,,400.0,433.0,411.21,,,,,420.0,399.0,410.0,415.0,410.0,415.0,410.0,405.0,51649.0,13127.0,11830.0,13382.0,38522.0,-1552.0,398.11,411.7,411.5,411.31,398.1
2026-08-19 23:33:00,415.0,,410.0,,400.0,433.0,411.2,,,,,420.0,399.0,410.0,415.0,410.0,415.0,410.0,405.0,51649.0,13127.0,11830.0,13382.0,38522.0,-1552.0,398.11,411.65,411.44,411.27,398.1
2026-08-19 23:34:00,415.0,,410.0,,400.0,433.0,411.21,,,,,420.0,399.0,410.0,415.0,410.0,415.0,410.0,405.0,51649.0,13127.0,11830.0,13382.0,38522.0,-1552.0,398.11,411.7,411.5,411.31,398.1
2026-08-19 23:35:00,415.0,,410.0,,400.0,433.0,411.22,,,,,420.0,399.0,410.0,415.0,410.0,415.0,410.0,405.0,51649.0,13127.0,11830.0,13382.0,38522.0,-1552.0,398.11,411.71,411.51,411.32,398.1
2026-08-19 23:36:00,415.0,,410.0,,400.0,433.0,411.21,,,,,420.0,399.0,410.0,415.0,410.0,415.0,410.0,405.0,51649.0,13127.0,11830.0,13382.0,38522.0,-1552.0,398.11,411.66,411.45,411.27,398.1
2026-08-19 23:37:00,415.0,,410.0,,400.0,433.0,411.2,,,,,420.0,399.0,410.0,415.0,410.0,415.0,410.0,405.0,51649.0,13127.0,11830.0,13382.0,38522.0,-1552.0,398.11,411.64,411.43,411.26,398.1
2026-08-19 23:38:00,415.0,,410.0,,400.0,433.0,411.18,,,,,420.0,399.0,410.0,415.0,410.0,415.0,410.0,405.0,51649.0,13127.0,11830.0,13382.0,38522.0,-1552.0,398.12,411.55,411.34,411.19,398.11
2026-08-19 23:39:00,415.0,,410.0,,400.0,433.0,411.17,,,,,420.0,399.0,410.0,415.0,410.0,415.0,410.0,405.0,51649.0,13127.0,11830.0,13382.0,38522.0,-1552.0,398.12,411.5,411.3,411.15,398.11
2026-08-19 23:40:00,415.0,,410.0,,400.0,433.0,411.19,,,,,420.0,399.0,410.0,415.0,410.0,415.0,410.0,405.0,51649.0,13127.0,11830.0,13382.0,38522.0,-1552.0,398.11,411.61,411.4,411.23,398.1
2026-08-19 23:41:00,415.0,,410.0,,400.0,433.0,411.21,,,,,420.0,399.0,410.0,415.0,410.0,415.0,410.0,405.0,51649.0,13127.0,11830.0,13382.0,38522.0,-1552.0,398.11,411.68,411.47,411.29,398.1
2026-08-19 23:42:00,415.0,,410.0,,400.0,433.0,411.21,,,,,420.0,399.0,410.0,415.0,410.0,415.0,410.0,405.0,51649.0,13127.0,11830.0,13382.0,38522.0,-1552.0,398.11,411.67,411.46,411.28,398.1
2026-08-19 23:43:00,415.0,,410.0,,400.0,433.0,411.21,,,,,420.0,399.0,410.0,415.0,410.0,415.0,410.0,405.0,51649.0,13127.0,11830.0,13382.0,38522.0,-1552.0,398.11,411.66,411.45,411.27,398.1
2026-08-19 23:44:00,415.0,,410.0,,400.0,433.0,411.18,,,,,420.0,399.0,410.0,415.0,410.0,415.0,410.0,405.0,51649.0,13127.0,11830.0,13382.0,38522.0,-1552.0,398.12,411.56,411.35,411.19,398.11
2026-08-19 23:45:00,415.0,,410.0,,400.0,433.0,411.21,,,,,420.0,399.0,410.0,415.0,410.0,415.0,410.0,405.0,51649.0,13127.0,11830.0,13382.0,38522.0,-1552.0,398.11,411.68,411.47,411.29,398.1
2026-08-19 23:46:00,415.0,,410.0,,400.0,433.0,411.21,,,,,420.0,399.0,410.0,415.0,410.0,415.0,410.0,405.0,51649.0,13127.0,11830.0,13382.0,38522.0,-1552.0,398.11,411.68,411.47,411.29,398.1
2026-08-19 23:47:00,415.0,,410.0,,400.0,433.0,411.23,,,,,420.0,399.0,410.0,415.0,410.0,415.0,410.0,405.0,51649.0,13127.0,11830.0,13382.0,38522.0,-1552.0,398.1,411.77,411.58,411.37,398.09
2026-08-19 23:48:00,415.0,,410.0,,400.0,433.0,411.23,,,,,420.0,399.0,410.0,415.0,410.0,415.0,410.0,405.0,51649.0,13127.0,11830.0,13382.0,38522.0,-1552.0,398.1,411.78,411.6,411.38,398.09
2026-08-19 23:49:00,415.0,,410.0,,400.0,433.0,411.25,,,,,420.0,399.0,410.0,415.0,410.0,415.0,410.0,405.0,51649.0,13127.0,11830.0,13382.0,38522.0,-1552.0,398.1,411.86,411.71,411.47,398.09
2026-08-19 23:50:00,415.0,,410.0,,400.0,433.0,411.24,,,,,420.0,399.0,410.0,415.0,410.0,415.0,410.0,405.0,51649.0,13127.0,11830.0,13382.0,38522.0,-1552.0,398.1,411.83,411.66,411.43,398.09
2026-08-19 23:51:00,415.0,,410.0,,400.0,433.0,411.25,,,,,420.0,399.0,410.0,415.0,410.0,415.0,410.0,405.0,51649.0,13127.0,11830.0,13382.0,38522.0,-1552.0,398.1,411.86,411.71,411.47,398.09
2026-08-19 23:52:00,415.0,,410.0,,400.0,433.0,411.25,,,,,420.0,399.0,410.0,415.0,410.0,415.0,410.0,405.0,51649.0,13127.0,11830.0,13382.0,38522.0,-1552.0,398.1,411.86,411.71,411.47,398.09
2026-08-19 23:53:00,415.0,,410.0,,400.0,433.0,412.52,,,,,420.0,399.0,410.0,415.0,410.0,415.0,410.0,405.0,51649.0,13127.0,11830.0,13382.0,38522.0,-1552.0,398.09,411.95,411.85,411.57,398.08
2026-08-19 23:54:00,415.0,,410.0,,400.0,433.0,412.52,,,,,420.0,399.0,410.0,415.0,410.0,415.0,410.0,405.0,51649.0,13127.0,11830.0,13382.0,38522.0,-1552.0,398.09,411.94,411.83,411.56,398.08
2026-08-19 23:55:00,415.0,,410.0,,400.0,433.0,412.53,,,,,420.0,399.0,410.0,415.0,410.0,415.0,410.0,405.0,51649.0,13127.0,11830.0,13382.0,38522.0,-1552.0,398.09,411.92,411.8,411.54,398.09
2026-08-19 23:56:00,415.0,,410.0,,400.0,433.0,411.26,,,,,420.0,399.0,410.0,415.0,410.0,415.0,410.0,405.0,51649.0,13127.0,11830.0,13382.0,38522.0,-1552.0,398.1,411.89,411.75,411.5,398.09
2026-08-19 23:57:00,415.0,,410.0,,400.0,433.0,411.24,,,,,420.0,399.0,410.0,415.0,410.0,415.0,410.0,405.0,51649.0,13127.0,11830.0,13382.0,38522.0,-1552.0,398.1,411.81,411.63,411.41,398.09
2026-08-19 23:58:00,415.0,,410.0,,400.0,433.0,411.24,,,,,420.0,399.0,410.0,415.0,410.0,415.0,410.0,405.0,51649.0,13127.0,11830.0,13382.0,38522.0,-1552.0,398.1,411.82,411.65,411.42,398.09
2026-08-20 00:00:00,415.0,,410.0,,400.0,433.0,411.24,410.0,,,412.0,420.0,399.0,410.0,415.0,410.0,415.0,410.0,405.0,51476.0,12570.0,11830.0,13382.0,38906.0,-1552.0,398.1,411.81,411.63,411.41,398.09
2026-08-20 00:01:00,415.0,,410.0,,400.0,433.0,411.23,,,,,420.0,399.0,410.0,415.0,410.0,415.0,410.0,405.0,51476.0,12570.0,11830.0,13382.0,38906.0,-1552.0,398.1,411.79,411.61,411.39,398.09
2026-08-20 00:02:00,415.0,,410.0,,400.0,433.0,411.25,,,,,420.0,399.0,410.0,415.0,410.0,415.0,410.0,405.0,51476.0,12570.0,11830.0,13382.0,38906.0,-1552.0,398.1,411.86,411.71,411.47,398.09
2026-08-20 00:03:00,415.0,,410.0,,400.0,433.0,412.52,,,,,420.0,399.0,410.0,415.0,410.0,415.0,410.0,405.0,51476.0,12570.0,11830.0,13382.0,38906.0,-1552.0,398.09,411.95,411.85,411.57,398.08
2026-08-20 00:04:00,415.0,,410.0,,400.0,433.0,412.52,,,,,420.0,399.0,410.0,415.0,410.0,415.0,410.0,405.0,51476.0,12570.0,11830.0,13382.0,38906.0,-1552.0,398.09,411.98,411.9,411.61,398.08
2026-08-20 00:05:00,415.0,,410.0,,400.0,433.0,412.52,,,,,420.0,399.0,410.0,415.0,410.0,415.0,410.0,405.0,51476.0,12570.0,11830.0,13382.0,38906.0,-1552.0,398.09,411.98,411.9,411.61,398.08
2026-08-20 00:06:00,415.0,,410.0,,400.0,433.0,412.51,,,,,420.0,399.0,410.0,415.0,410.0,415.0,410.0,405.0,51476.0,12570.0,11830.0,13382.0,38906.0,-1552.0,398.09,412.0,411.94,411.64,398.08
2026-08-20 00:07:00,415.0,,410.0,,400.0,433.0,412.5,,,,,420.0,399.0,410.0,415.0,410.0,415.0,410.0,405.0,51476.0,12570.0,11830.0,13382.0,38906.0,-1552.0,398.09,412.08,412.07,411.76,398.08
2026-08-20 00:08:00,415.0,,410.0,,400.0,433.0,412.51,,,,,420.0,399.0,410.0,415.0,410.0,415.0,410.0,405.0,51476.0,12570.0,11830.0,13382.0,38906.0,-1552.0,398.09,412.02,411.98,411.67,398.08
2026-08-20 00:09:00,415.0,,410.0,,400.0,433.0,412.51,,,,,420.0,399.0,410.0,415.0,410.0,415.0,410.0,405.0,51476.0,12570.0,11830.0,13382.0,38906.0,-1552.0,398.09,412.0,411.94,411.64,398.08
2026-08-20 00:10:00,415.0,,410.0,,400.0,433.0,412.53,,,,,420.0,399.0,410.0,415.0,410.0,415.0,410.0,405.0,51476.0,12570.0,11830.0,13382.0,38906.0,-1552.0,398.09,411.9,411.77,411.51,398.09
2026-08-20 00:11:00,415.0,,410.0,,400.0,433.0,412.53,,,,,420.0,399.0,410.0,415.0,410.0,415.0,410.0,405.0,51476.0,12570.0,11830.0,13382.0,38906.0,-1552.0,398.09,411.9,411.77,411.51,398.09
2026-08-20 00:12:00,415.0,,410.0,,400.0,433.0,411.24,,,,,420.0,399.0,410.0,415.0,410.0,415.0,410.0,405.0,51476.0,12570.0,11830.0,13382.0,38906.0,-1552.0,398.1,411.8,411.62,411.4,398.09
2026-08-20 00:13:00,415.0,,410.0,,400.0,433.0,411.18,,,,,420.0,399.0,410.0,415.0,410.0,415.0,410.0,405.0,51476.0,12570.0,11830.0,13382.0,38906.0,-1552.0,398.12,411.54,411.33,411.18,398.11
2026-08-20 00:14:00,415.0,,410.0,,400.0,433.0,411.14,,,,,420.0,399.0,410.0,415.0,410.0,415.0,410.0,405.0,51476.0,12570.0,11830.0,13382.0,38906.0,-1552.0,398.13,411.37,411.19,411.07,398.12
2026-08-20 00:15:00,415.0,,410.0,,400.0,433.0,411.17,,,,,420.0,399.0,410.0,415.0,410.0,415.0,410.0,405.0,51476.0,12570.0,11830.0,13382.0,38906.0,-1552.0,398.12,411.48,411.28,411.14,398.11
2026-08-20 00:16:00,415.0,,410.0,,400.0,433.0,411.18,,,,,420.0,399.0,410.0,415.0,410.0,415.0,410.0,405.0,51476.0,12570.0,11830.0,13382.0,38906.0,-1552.0,398.12,411.54,411.33,411.18,398.11
2026-08-20 00:17:00,415.0,,410.0,,400.0,433.0,411.18,,,,,420.0,399.0,410.0,415.0,410.0,415.0,410.0,405.0,51476.0,12570.0,11830.0,13382.0,38906.0,-1552.0,398.12,411.57,411.36,411.2,398.11
2026-08-20 00:18:00,415.0,,410.0,,400.0,433.0,411.16,,,,,420.0,399.0,410.0,415.0,410.0,415.0,410.0,405.0,51476.0,12570.0,11830.0,13382.0,38906.0,-1552.0,398.12,411.46,411.26,411.12,398.12
2026-08-20 00:19:00,415.0,,410.0,,400.0,433.0,411.15,,,,,420.0,399.0,410.0,415.0,410.0,415.0,410.0,405.0,51476.0,12570.0,11830.0,13382.0,38906.0,-1552.0,398.13,411.39,411.2,411.08,398.12
2026-08-20 00:20:00,415.0,,410.0,,400.0,433.0,411.16,,,,,420.0,399.0,410.0,415.0,410.0,415.0,410.0,405.0,51476.0,12570.0,11830.0,13382.0,38906.0,-1552.0,398.12,411.47,411.27,411.13,398.11
2026-08-20 00:21:00,415.0,,410.0,,400.0,433.0,411.17,,,,,420.0,399.0,410.0,415.0,410.0,415.0,410.0,405.0,51476.0,12570.0,11830.0,13382.0,38906.0,-1552.0,398.12,411.48,411.28,411.14,398.11
2026-08-20 00:22:00,415.0,,410.0,,400.0,433.0,411.15,,,,,420.0,399.0,410.0,415.0,410.0,415.0,410.0,405.0,51476.0,12570.0,11830.0,13382.0,38906.0,-1552.0,398.13,411.4,411.21,411.09,398.12
2026-08-20 00:23:00,415.0,,410.0,,400.0,433.0,411.16,,,,,420.0,399.0,410.0,415.0,410.0,415.0,410.0,405.0,51476.0,12570.0,11830.0,13382.0,38906.0,-1552.0,398.13,411.44,411.24,411.11,398.12
2026-08-20 00:24:00,415.0,,410.0,,400.0,433.0,411.18,,,,,420.0,399.0,410.0,415.0,410.0,415.0,410.0,405.0,51476.0,12570.0,11830.0,13382.0,38906.0,-1552.0,398.12,411.55,411.34,411.19,398.11
2026-08-20 00:25:00,415.0,,410.0,,400.0,433.0,411.16,,,,,420.0,399.0,410.0,415.0,410.0,415.0,410.0,405.0,51476.0,12570.0,11830.0,13382.0,38906.0,-1552.0,398.12,411.45,411.25,411.12,398.12
2026-08-20 00:26:00,415.0,,410.0,,400.0,433.0,411.15,,,,,420.0,399.0,410.0,415.0,410.0,415.0,410.0,405.0,51476.0,12570.0,11830.0,13382.0,38906.0,-1552.0,398.13,411.43,411.24,411.1,398.12
2026-08-20 00:27:00,415.0,,410.0,,400.0,433.0,411.15,,,,,420.0,399.0,410.0,415.0,410.0,415.0,410.0,405.0,51476.0,12570.0,11830.0,13382.0,38906.0,-1552.0,398.13,411.41,411.22,411.09,398.12
2026-08-20 00:28:00,415.0,,410.0,,400.0,433.0,411.15,,,,,420.0,399.0,410.0,415.0,410.0,415.0,410.0,405.0,51476.0,12570.0,11830.0,13382.0,38906.0,-1552.0,398.13,411.39,411.2,411.08,398.12
2026-08-20 00:29:00,415.0,,410.0,,400.0,433.0,411.13,,,,,420.0,399.0,410.0,415.0,410.0,415.0,410.0,405.0,51476.0,12570.0,11830.0,13382.0,38906.0,-1552.0,398.14,411.31,411.15,411.03,398.13
2026-08-20 00:30:00,415.0,,410.0,,400.0,433.0,411.15,,,,,420.0,399.0,410.0,415.0,410.0,415.0,410.0,405.0,51476.0,12570.0,11830.0,13382.0,38906.0,-1552.0,398.13,411.4,411.21,411.09,398.12
2026-08-20 00:31:00,415.0,,410.0,,400.0,433.0,411.14,,,,,420.0,399.0,410.0,415.0,410.0,415.0,410.0,405.0,51476.0,12570.0,11830.0,13382.0,38906.0,-1552.0,398.13,411.34,411.17,411.05,398.13
2026-08-20 00:32:00,415.0,,410.0,,400.0,433.0,411.12,,,,,420.0,399.0,410.0,415.0,410.0,415.0,410.0,405.0,51476.0,12570.0,11830.0,13382.0,38906.0,-1552.0,398.14,411.25,411.11,411.0,398.13
2026-08-20 00:33:00,415.0,,410.0,,400.0,433.0,411.11,,,,,420.0,399.0,410.0,415.0,410.0,415.0,410.0,405.0,51476.0,12570.0,11830.0,13382.0,38906.0,-1552.0,398.14,411.24,411.1,411.0,398.13
2026-08-20 00:34:00,415.0,,420.0,,400.0,433.0,411.05,,,,,420.0,399.0,410.0,415.0,410.0,415.0,410.0,405.0,51476.0,12570.0,11830.0,13382.0,38906.0,-1552.0,398.17,410.93,410.65,410.84,398.16
2026-08-20 00:35:00,415.0,,420.0,,400.0,433.0,411.08,,,,,420.0,399.0,410.0,415.0,410.0,415.0,410.0,405.0,51476.0,12570.0,11830.0,13382.0,38906.0,-1552.0,398.16,411.07,411.0,410.92,398.15
2026-08-20 00:36:00,415.0,,420.0,,400.0,433.0,411.08,,,,,420.0,399.0,410.0,415.0,410.0,415.0,410.0,405.0,51476.0,12570.0,11830.0,13382.0,38906.0,-1552.0,398.16,411.09,411.01,410.93,398.15
2026-08-20 00:37:00,415.0,,420.0,,400.0,433.0,411.05,,,,,420.0,399.0,410.0,415.0,410.0,415.0,410.0,405.0,51476.0,12570.0,11830.0,13382.0,38906.0,-1552.0,398.17,410.93,410.65,410.84,398.16
2026-08-20 00:38:00,415.0,,420.0,,400.0,433.0,411.03,,,,,420.0,399.0,410.0,415.0,410.0,415.0,410.0,405.0,51476.0,12570.0,11830.0,13382.0,38906.0,-1552.0,398.18,410.82,409.79,410.75,398.17
2026-08-20 00:39:00,415.0,,420.0,,400.0,433.0,411.03,,,,,420.0,399.0,410.0,415.0,410.0,415.0,410.0,405.0,51476.0,12570.0,11830.0,13382.0,38906.0,-1552.0,398.18,410.81,409.74,410.74,398.18
2026-08-20 00:40:00,415.0,,420.0,,400.0,433.0,411.05,,,,,420.0,399.0,410.0,415.0,410.0,415.0,410.0,405.0,51476.0,12570.0,11830.0,13382.0,38906.0,-1552.0,398.17,410.93,410.65,410.84,398.16
2026-08-20 00:41:00,415.0,,420.0,,400.0,433.0,411.06,,,,,420.0,399.0,410.0,415.0,410.0,415.0,410.0,405.0,51476.0,12570.0,11830.0,13382.0,38906.0,-1552.0,398.17,410.97,410.8,410.87,398.16
2026-08-20 00:42:00,415.0,,420.0,,400.0,433.0,411.07,,,,,420.0,399.0,410.0,415.0,410.0,415.0,410.0,405.0,51476.0,12570.0,11830.0,13382.0,38906.0,-1552.0,398.16,411.01,410.9,410.89,398.15
2026-08-20 00:43:00,415.0,,420.0,,400.0,433.0,411.08,,,,,420.0,399.0,410.0,415.0,410.0,415.0,410.0,405.0,51476.0,12570.0,11830.0,13382.0,38906.0,-1552.0,398.16,411.06,410.99,410.92,398.15
2026-08-20 00:44:00,415.0,,420.0,,400.0,433.0,411.06,,,,,420.0,399.0,410.0,415.0,410.0,415.0,410.0,405.0,51476.0,12570.0,11830.0,13382.0,38906.0,-1552.0,398.16,411.0,410.88,410.89,398.16
2026-08-20 00:45:00,415.0,,420.0,,400.0,433.0,411.05,,,,,420.0,399.0,410.0,415.0,410.0,415.0,410.0,405.0,51476.0,12570.0,11830.0,13382.0,38906.0,-1552.0,398.17,410.95,410.73,410.85,398.16
2026-08-20 00:46:00,415.0,,420.0,,400.0,433.0,411.04,,,,,420.0,399.0,410.0,415.0,410.0,415.0,410.0,405.0,51476.0,12570.0,11830.0,13382.0,38906.0,-1552.0,398.18,410.9,410.48,410.82,398.17
2026-08-20 00:47:00,415.0,,420.0,,400.0,433.0,411.07,,,,,420.0,399.0,410.0,415.0,410.0,415.0,410.0,405.0,51476.0,12570.0,11830.0,13382.0,38906.0,-1552.0,398.16,411.05,410.97,410.91,398.15
2026-08-20 00:48:00,415.0,,420.0,,400.0,433.0,411.07,,,,,420.0,399.0,410.0,415.0,410.0,415.0,410.0,405.0,51476.0,12570.0,11830.0,13382.0,38906.0,-1552.0,398.16,411.03,410.94,410.9,398.15
2026-08-20 00:49:00,415.0,,420.0,,400.0,433.0,411.06,,,,,420.0,399.0,410.0,415.0,410.0,415.0,410.0,405.0,51476.0,12570.0,11830.0,13382.0,38906.0,-1552.0,398.17,410.99,410.85,410.88,398.16
2026-08-20 00:50:00,415.0,,420.0,,400.0,433.0,411.07,,,,,420.0,399.0,410.0,415.0,410.0,415.0,410.0,405.0,51476.0,12570.0,11830.0,13382.0,38906.0,-1552.0,398.16,411.03,410.94,410.9,398.15
2026-08-20 00:51:00,415.0,,420.0,,400.0,433.0,411.06,,,,,420.0,399.0,410.0,415.0,410.0,415.0,410.0,405.0,51476.0,12570.0,11830.0,13382.0,38906.0,-1552.0,398.16,411.0,410.88,410.89,398.16
2026-08-20 00:52:00,415.0,,420.0,,400.0,433.0,411.06,,,,,420.0,399.0,410.0,415.0,410.0,415.0,410.0,405.0,51476.0,12570.0,11830.0,13382.0,38906.0,-1552.0,398.17,410.98,410.83,410.87,398.16
2026-08-20 00:53:00,415.0,,420.0,,400.0,433.0,411.03,,,,,420.0,399.0,410.0,415.0,410.0,415.0,410.0,405.0,51476.0,12570.0,11830.0,13382.0,38906.0,-1552.0,398.18,410.83,409.85,410.76,398.17
2026-08-20 00:54:00,415.0,,420.0,,400.0,433.0,411.03,,,,,420.0,399.0,410.0,415.0,410.0,415.0,410.0,405.0,51476.0,12570.0,11830.0,13382.0,38906.0,-1552.0,398.18,410.83,409.85,410.76,398.17
2026-08-20 00:55:00,415.0,,420.0,,400.0,433.0,411.03,,,,,420.0,399.0,410.0,415.0,410.0,415.0,410.0,405.0,51476.0,12570.0,11830.0,13382.0,38906.0,-1552.0,398.18,410.84,409.91,410.77,398.17
2026-08-20 00:56:00,415.0,,420.0,,400.0,433.0,411.05,,,,,420.0,399.0,410.0,415.0,410.0,415.0,410.0,405.0,51476.0,12570.0,11830.0,13382.0,38906.0,-1552.0,398.17,410.95,410.73,410.85,398.16
2026-08-20 00:57:00,415.0,,420.0,,400.0,433.0,411.06,,,,,420.0,399.0,410.0,415.0,410.0,415.0,410.0,405.0,51476.0,12570.0,11830.0,13382.0,38906.0,-1552.0,398.17,410.97,410.8,410.87,398.16
2026-08-20 00:58:00,415.0,,420.0,,400.0,433.0,411.07,,,,,420.0,399.0,410.0,415.0,410.0,415.0,410.0,405.0,51476.0,12570.0,11830.0,13382.0,38906.0,-1552.0,398.16,411.05,410.97,410.91,398.15
2026-08-20 00:59:00,415.0,,410.0,,400.0,433.0,411.1,,,,,420.0,399.0,410.0,415.0,410.0,415.0,410.0,405.0,51476.0,12570.0,11830.0,13382.0,38906.0,-1552.0,398.15,411.16,411.05,410.97,398.14
2026-08-20 01:00:00,415.0,,410.0,,400.0,433.0,411.09,,,,,420.0,399.0,410.0,415.0,410.0,415.0,410.0,405.0,51476.0,12570.0,11830.0,13382.0,38906.0,-1552.0,398.15,411.1,411.02,410.94,398.14
2026-08-20 01:01:00,415.0,,420.0,,400.0,433.0,411.09,,,,,420.0,399.0,410.0,415.0,410.0,415.0,410.0,405.0,51476.0,12570.0,11830.0,13382.0,38906.0,-1552.0,398.15,411.12,411.03,410.95,398.14
2026-08-20 01:02:00,415.0,,410.0,,400.0,433.0,411.13,,,,,420.0,399.0,410.0,415.0,410.0,415.0,410.0,405.0,51476.0,12570.0,11830.0,13382.0,38906.0,-1552.0,398.13,411.34,411.17,411.05,398.13
2026-08-20 01:03:00,415.0,,410.0,,400.0,433.0,411.13,,,,,420.0,399.0,410.0,415.0,410.0,415.0,410.0,405.0,51476.0,12570.0,11830.0,13382.0,38906.0,-1552.0,398.14,411.3,411.14,411.03,398.13
2026-08-20 01:04:00,415.0,,410.0,,400.0,433.0,411.16,,,,,420.0,399.0,410.0,415.0,410.0,415.0,410.0,405.0,51476.0,12570.0,11830.0,13382.0,38906.0,-1552.0,398.12,411.46,411.26,411.13,398.12
2026-08-20 01:05:00,415.0,,410.0,,400.0,433.0,411.25,,,,,420.0,399.0,410.0,415.0,410.0,415.0,410.0,405.0,51476.0,12570.0,11830.0,13382.0,38906.0,-1552.0,398.1,411.85,411.69,411.46,398.09
2026-08-20 01:06:00,415.0,,410.0,,400.0,433.0,411.25,,,,,420.0,399.0,410.0,415.0,410.0,415.0,410.0,405.0,51476.0,12570.0,11830.0,13382.0,38906.0,-1552.0,398.1,411.85,411.69,411.46,398.09
2026-08-20 01:07:00,415.0,,410.0,,400.0,433.0,411.23,,,,,420.0,399.0,410.0,415.0,410.0,415.0,410.0,405.0,51476.0,12570.0,11830.0,13382.0,38906.0,-1552.0,398.1,411.79,411.6,411.4,398.09
2026-08-20 01:08:00,415.0,,410.0,,400.0,433.0,411.24,,,,,420.0,399.0,410.0,415.0,410.0,415.0,410.0,405.0,51476.0,12570.0,11830.0,13382.0,38906.0,-1552.0,398.1,411.8,411.62,411.41,398.09
2026-08-20 01:09:00,415.0,,410.0,,400.0,433.0,411.25,,,,,420.0,399.0,410.0,415.0,410.0,415.0,410.0,405.0,51476.0,12570.0,11830.0,13382.0,38906.0,-1552.0,398.1,411.87,411.72,411.48,398.09
2026-08-20 01:10:00,415.0,,410.0,,400.0,433.0,412.53,,,,,420.0,399.0,410.0,415.0,410.0,415.0,410.0,405.0,51476.0,12570.0,11830.0,13382.0,38906.0,-1552.0,398.09,411.9,411.76,411.52,398.09
2026-08-20 01:11:00,415.0,,410.0,,400.0,433.0,412.5,,,,,420.0,399.0,410.0,415.0,410.0,415.0,410.0,405.0,51476.0,12570.0,11830.0,13382.0,38906.0,-1552.0,398.09,412.09,412.08,411.77,398.09
2026-08-20 01:12:00,415.0,,410.0,,400.0,433.0,412.52,,,,,420.0,399.0,410.0,415.0,410.0,415.0,410.0,405.0,51476.0,12570.0,11830.0,13382.0,38906.0,-1552.0,398.09,411.94,411.83,411.56,398.09
2026-08-20 01:13:00,415.0,,410.0,,400.0,433.0,412.5,,,,,420.0,399.0,410.0,415.0,410.0,415.0,410.0,405.0,51476.0,12570.0,11830.0,13382.0,38906.0,-1552.0,398.09,412.09,412.08,411.77,398.09
2026-08-20 01:14:00,415.0,,410.0,,400.0,433.0,412.49,,,,,420.0,399.0,410.0,415.0,410.0,415.0,410.0,405.0,51476.0,12570.0,11830.0,13382.0,38906.0,-1552.0,398.08,412.15,412.16,411.87,426.04
2026-08-20 01:15:00,415.0,,410.0,,400.0,433.0,412.46,,,,,420.0,399.0,410.0,415.0,410.0,415.0,410.0,405.0,51476.0,12570.0,11830.0,13382.0,38906.0,-1552.0,398.08,412.27,412.32,412.08,426.08
2026-08-20 01:16:00,415.0,,410.0,,400.0,433.0,412.47,,,,,420.0,399.0,410.0,415.0,410.0,415.0,410.0,405.0,51476.0,12570.0,11830.0,13382.0,38906.0,-1552.0,398.08,412.24,412.28,412.03,426.07
2026-08-20 01:17:00,415.0,,410.0,,400.0,433.0,412.46,,,,,420.0,399.0,410.0,415.0,410.0,415.0,410.0,405.0,51476.0,12570.0,11830.0,13382.0,38906.0,-1552.0,398.08,412.3,412.35,412.12,426.08
2026-08-20 01:18:00,415.0,,410.0,,400.0,433.0,412.49,,,,,420.0,399.0,410.0,415.0,410.0,415.0,410.0,405.0,51476.0,12570.0,11830.0,13382.0,38906.0,-1552.0,398.08,412.14,412.15,411.86,426.03
2026-08-20 01:19:00,415.0,,410.0,,400.0,433.0,412.46,,,,,420.0,399.0,410.0,415.0,410.0,415.0,410.0,405.0,51476.0,12570.0,11830.0,13382.0,38906.0,-1552.0,398.08,412.29,412.34,412.11,426.08
2026-08-20 01:20:00,415.0,,410.0,,400.0,433.0,412.47,,,,,420.0,399.0,410.0,415.0,410.0,415.0,410.0,405.0,51476.0,12570.0,11830.0,13382.0,38906.0,-1552.0,398.08,412.22,412.26,412.0,426.05
2026-08-20 01:21:00,415.0,,410.0,,400.0,433.0,412.48,,,,,420.0,399.0,410.0,415.0,410.0,415.0,410.0,405.0,51476.0,12570.0,11830.0,13382.0,38906.0,-1552.0,398.08,412.18,412.2,411.93,426.04
2026-08-20 01:22:00,415.0,,410.0,,400.0,433.0,412.48,,,,,420.0,399.0,410.0,415.0,410.0,415.0,410.0,405.0,51476.0,12570.0,11830.0,13382.0,38906.0,-1552.0,398.08,412.16,412.18,411.89,426.03
2026-08-20 01:23:00,415.0,,410.0,,400.0,433.0,412.5,,,,,420.0,399.0,410.0,415.0,410.0,415.0,410.0,405.0,51476.0,12570.0,11830.0,13382.0,38906.0,-1552.0,398.09,412.09,412.08,411.78,426.02
2026-08-20 01:24:00,415.0,,410.0,,400.0,433.0,412.49,,,,,420.0,399.0,410.0,415.0,410.0,415.0,410.0,405.0,51476.0,12570.0,11830.0,13382.0,38906.0,-1552.0,398.08,412.14,412.15,411.86,426.03
2026-08-20 01:25:00,415.0,,410.0,,400.0,433.0,412.46,,,,,420.0,399.0,410.0,415.0,410.0,415.0,410.0,405.0,51476.0,12570.0,11830.0,13382.0,38906.0,-1552.0,398.08,412.26,412.3,412.06,426.05
2026-08-20 01:26:00,415.0,,410.0,,400.0,433.0,412.47,,,,,420.0,399.0,410.0,415.0,410.0,415.0,410.0,405.0,51476.0,12570.0,11830.0,13382.0,38906.0,-1552.0,398.08,412.23,412.27,412.02,426.04
2026-08-20 01:27:00,415.0,,410.0,,400.0,433.0,412.48,,,,,420.0,399.0,410.0,415.0,410.0,415.0,410.0,405.0,51476.0,12570.0,11830.0,13382.0,38906.0,-1552.0,398.08,412.2,412.23,411.97,426.04
2026-08-20 01:28:00,415.0,,410.0,,400.0,433.0,412.46,,,,,420.0,399.0,410.0,415.0,410.0,415.0,410.0,405.0,51476.0,12570.0,11830.0,13382.0,38906.0,-1552.0,398.08,412.28,412.33,412.09,426.05
2026-08-20 01:29:00,415.0,,410.0,,400.0,433.0,412.47,,,,,420.0,399.0,410.0,415.0,410.0,415.0,410.0,405.0,51476.0,12570.0,11830.0,13382.0,38906.0,-1552.0,398.08,412.25,412.29,412.05,426.04
2026-08-20 01:30:00,415.0,,410.0,,400.0,433.0,412.47,,,,,420.0,399.0,410.0,415.0,410.0,415.0,410.0,405.0,51476.0,12570.0,11830.0,13382.0,38906.0,-1552.0,398.08,412.22,412.25,412.01,426.04
2026-08-20 01:31:00,415.0,,410.0,,400.0,433.0,412.48,,,,,420.0,399.0,410.0,415.0,410.0,415.0,410.0,405.0,51476.0,12570.0,11830.0,13382.0,38906.0,-1552.0,398.08,412.2,412.23,411.97,426.03
2026-08-20 01:32:00,415.0,,410.0,,400.0,433.0,412.47,,,,,420.0,399.0,410.0,415.0,410.0,415.0,410.0,405.0,51476.0,12570.0,11830.0,13382.0,38906.0,-1552.0,398.08,412.23,412.27,412.02,426.03
2026-08-20 01:33:00,415.0,,410.0,,400.0,433.0,412.49,,,,,420.0,399.0,410.0,415.0,410.0,415.0,410.0,405.0,51476.0,12570.0,11830.0,13382.0,38906.0,-1552.0,398.08,412.1,412.09,411.79,426.01
2026-08-20 01:34:00,415.0,,410.0,,400.0,433.0,412.46,,,,,420.0,399.0,410.0,415.0,410.0,415.0,410.0,405.0,51476.0,12570.0,11830.0,13382.0,38906.0,-1552.0,398.08,412.27,412.32,412.08,426.04
2026-08-20 01:35:00,415.0,,410.0,,400.0,433.0,412.47,,,,,420.0,399.0,410.0,415.0,410.0,415.0,410.0,405.0,51476.0,12570.0,11830.0,13382.0,38906.0,-1552.0,398.08,412.26,412.3,412.06,426.04
2026-08-20 01:36:00,415.0,,410.0,,400.0,433.0,412.46,,,,,420.0,399.0,410.0,415.0,410.0,415.0,410.0,405.0,51476.0,12570.0,11830.0,13382.0,38906.0,-1552.0,398.08,412.3,412.35,412.12,426.05
2026-08-20 01:37:00,415.0,,410.0,,400.0,433.0,412.45,,,,,420.0,399.0,410.0,415.0,410.0,415.0,410.0,405.0,51476.0,12570.0,11830.0,13382.0,38906.0,-1552.0,398.08,412.32,412.38,412.15,426.05
2026-08-20 01:38:00,415.0,,410.0,,400.0,433.0,412.47,,,,,420.0,399.0,410.0,415.0,410.0,415.0,410.0,405.0,51476.0,12570.0,11830.0,13382.0,38906.0,-1552.0,398.08,412.21,412.24,411.99,426.02
2026-08-20 01:39:00,415.0,,410.0,,400.0,433.0,412.47,,,,,420.0,399.0,410.0,415.0,410.0,415.0,410.0,405.0,51476.0,12570.0,11830.0,13382.0,38906.0,-1552.0,398.08,412.23,412.27,412.02,426.02
2026-08-20 01:40:00,415.0,,410.0,,400.0,433.0,412.47,,,,,420.0,399.0,410.0,415.0,410.0,415.0,410.0,405.0,51476.0,12570.0,11830.0,13382.0,38906.0,-1552.0,398.08,412.22,412.25,412.01,426.02
2026-08-20 01:41:00,415.0,,410.0,,400.0,433.0,412.48,,,,,420.0,399.0,410.0,415.0,410.0,415.0,410.0,405.0,51476.0,12570.0,11830.0,13382.0,38906.0,-1552.0,398.08,412.2,412.23,411.97,426.02
2026-08-20 01:42:00,415.0,,410.0,,400.0,433.0,412.48,,,,,420.0,399.0,410.0,415.0,410.0,415.0,410.0,405.0,51476.0,12570.0,11830.0,13382.0,38906.0,-1552.0,398.08,412.18,412.2,411.93,426.01
2026-08-20 01:43:00,415.0,,410.0,,400.0,433.0,412.49,,,,,420.0,399.0,410.0,415.0,410.0,415.0,410.0,405.0,51476.0,12570.0,11830.0,13382.0,38906.0,-1552.0,398.08,412.12,412.12,411.83,426.0
2026-08-20 01:44:00,415.0,,410.0,,400.0,433.0,412.5,,,,,420.0,399.0,410.0,415.0,410.0,415.0,410.0,405.0,51476.0,12570.0,11830.0,13382.0,38906.0,-1552.0,398.09,412.05,412.02,411.72,426.0
