2025-10-15 22:04:00,164940181.851116,789011790.030353,0,0,0,0,0,0,602.71
2025-10-15 22:05:00,88502185.4859817,578708048.409872,0,0,0,0,0,0,602.6
2025-10-15 22:06:00,109374102.41087,636057798.741286,0,0,0,0,0,0,602.63
2025-10-15 22:07:00,102651442.913648,617028522.048631,0,0,0,0,0,0,602.62
2025-10-15 22:07:00,102744507.911366,617107939.381737,0,0,0,0,0,0,602.62
2025-10-15 22:08:00,102793744.121051,617149944.500805,0,0,0,0,0,0,602.62
2025-10-15 22:09:00,102928057.981916,617264494.500337,0,0,0,0,0,0,602.62
2025-10-15 22:10:00,103063173.333364,617379672.339577,0,0,0,0,0,0,602.62
2025-10-15 22:11:00,103234535.349357,617525668.191189,0,0,0,0,0,0,602.62
2025-10-15 22:20:00,104431882.921599,618543302.98472,0,0,0,0,0,0,602.62
2025-10-15 22:20:00,104505433.441855,618605674.532721,0,0,0,0,0,0,602.62
2025-10-15 22:21:00,104642457.16955,618721829.324598,0,0,0,0,0,0,602.62
2025-10-15 22:22:00,104779564.916211,618837999.930532,0,0,0,0,0,0,602.62
2025-10-15 22:23:00,104916825.376923,618954244.581644,0,0,0,0,0,0,602.62
2025-10-15 22:24:00,105054215.893058,619070544.087699,0,0,0,0,0,0,602.62
2025-10-15 22:25:00,105191805.469292,619186956.832564,0,0,0,0,0,0,602.62
2025-10-15 22:26:00,105329548.58486,619303444.260785,0,0,0,0,0,0,602.62
2025-10-15 22:27:00,105467284.556602,619419870.568727,0,0,0,0,0,0,602.62
2025-10-15 22:28:00,105605404.402664,619536566.22533,0,0,0,0,0,0,602.62
2025-10-15 22:30:00,105880331.474784,619768684.883694,0,0,0,0,0,0,602.62
2025-10-15 22:31:00,106028359.567868,619893573.945597,0,0,0,0,0,0,602.62
2025-10-15 22:32:00,-189691702.043461,-172411674.855212,0,0,0,0,0,0,602.2
2025-10-15 22:45:00,-288910867.748815,-444881403.361513,0,0,0,0,0,0,602.06
2025-10-15 22:46:00,-282107798.552955,-425859940.038609,0,0,0,0,0,0,602.07
2025-10-15 22:47:00,-246687548.068587,-328949426.789587,0,0,0,0,0,0,602.12
2025-10-15 22:50:00,-295632581.358858,-464208867.878949,0,0,0,0,0,0,602.05
2025-10-15 22:51:00,-295626182.623542,-464222838.812895,0,0,0,0,0,0,602.05
2025-10-15 22:51:00,-246328726.96914,-329464798.543871,0,0,0,0,0,0,602.12
2025-10-15 22:52:00,-225941095.563985,-273508788.044947,0,0,0,0,0,0,602.15
2025-10-15 22:52:00,-260006743.508885,-366600242.433697,0,0,0,0,0,0,602.1
2025-10-15 22:53:00,-288856246.574567,-445190252.682299,0,0,0,0,0,0,602.06
2025-10-15 22:53:00,-295453426.553151,-464060399.470026,0,0,0,0,0,0,602.05
2025-10-15 22:54:00,-288751796.919278,-445684077.228766,0,0,0,0,0,0,602.06
2025-10-15 22:54:00,-308930170.773005,-502224289.311943,0,0,0,0,0,0,602.03
2025-10-15 22:55:00,-281701971.551072,-426557465.058531,0,0,0,0,0,0,602.07
2025-10-15 22:55:00,-295271193.83489,-464448577.498481,0,0,0,0,0,0,602.05
2025-10-15 22:56:00,-295255264.575063,-464483381.666244,0,0,0,0,0,0,602.05
2025-10-15 22:56:00,-302104594.819036,-483783339.536962,0,0,0,0,0,0,602.04
2025-10-15 22:57:00,-281711342.985511,-426880872.177845,0,0,0,0,0,0,602.07
2025-10-15 22:57:00,-295526213.942464,-464597684.601752,0,0,0,0,0,0,602.05
2025-10-15 22:58:00,-302302208.42859,-483582473.486555,0,0,0,0,0,0,602.04
2025-10-15 22:58:00,-315809974.990873,-521973654.182306,0,0,0,0,0,0,602.02
2025-10-15 22:59:00,-308990403.921476,-502719702.72477,0,0,0,0,0,0,602.03
2025-10-15 22:59:00,-322096030.831012,-540445568.971008,0,0,0,0,0,0,602.01
2025-10-15 23:00:00,-288211668.519884,-445731856.365998,0,0,0,0,0,0,602.06
2025-10-15 23:00:00,-351620329.356149,-617119671.665215,0,0,0,0,0,0,601.97
2025-10-15 23:01:00,-372164469.812373,-673955545.445394,0,0,0,0,0,0,601.94
2025-10-15 23:01:00,-337743593.595439,-579149253.725455,0,0,0,0,0,0,601.99
2025-10-15 23:02:00,-330961272.431744,-560310449.773476,0,0,0,0,0,0,602
2025-10-15 23:02:00,-295303581.455453,-465432114.700943,0,0,0,0,0,0,602.05
2025-10-15 23:03:00,-295424908.31145,-464951505.687412,0,0,0,0,0,0,602.05
2025-10-15 23:03:00,-246398965.202541,-330666341.474631,0,0,0,0,0,0,602.12
2025-10-15 23:04:00,-246305919.353994,-330441451.380463,0,0,0,0,0,0,602.12
2025-10-15 23:04:00,-181907280.055693,-157850003.647893,0,0,0,0,0,0,602.21
2025-10-15 23:05:00,-175399689.60021,-140388381.259522,0,0,0,0,0,0,602.22
2025-10-15 23:05:00,-182046598.432414,-158161387.112098,0,0,0,0,0,0,602.21
2025-10-15 23:06:00,-175297238.582691,-140895300.365539,0,0,0,0,0,0,602.22
2025-10-15 23:06:00,-175245650.989606,-140497833.603362,0,0,0,0,0,0,602.22
2025-10-15 23:07:00,-188452741.600771,-175258736.11405,0,0,0,0,0,0,602.2
2025-10-15 23:07:00,-181802587.169031,-158076314.3776,0,0,0,0,0,0,602.21
2025-10-15 23:08:00,-175085806.043884,-140869853.089099,0,0,0,0,0,0,602.22
2025-10-15 23:08:00,-155019315.962723,-87475898.6419355,0,0,0,0,0,0,602.25
2025-10-15 23:09:00,-141546959.718269,-51024494.1155318,0,0,0,0,0,0,602.27
2025-10-15 23:09:00,-141286546.187661,-50525750.7777006,0,0,0,0,0,0,602.27
2025-10-15 23:10:00,-141270486.540889,-50564676.4913901,0,0,0,0,0,0,602.27
2025-10-15 23:10:00,-113316963.807038,23560333.4479162,0,0,0,0,0,0,602.31
2025-10-15 23:11:00,-113462531.993163,23240885.3940269,0,0,0,0,0,0,602.31
2025-10-15 23:11:00,-63716853.7410204,154649164.871984,0,0,0,0,0,0,602.38
2025-10-15 23:12:00,-63681165.0130484,154642978.315868,0,0,0,0,0,0,602.38
2025-10-15 23:12:00,-63672408.3885809,154641459.95462,0,0,0,0,0,0,602.38
2025-10-15 23:12:00,-63566337.56859,154623054.568012,0,0,0,0,0,0,602.38
2025-10-15 23:13:00,-63542567.9808047,154618926.744731,0,0,0,0,0,0,602.38
2025-10-15 23:14:00,-63421271.4668901,154597843.481097,0,0,0,0,0,0,602.38
2025-10-15 23:14:00,-31576798.9293407,231573028.540325,0,0,0,0,0,0,602.42
2025-10-15 23:15:00,-18185367.5188875,269038789.072624,0,0,0,0,0,0,602.44
2025-10-15 23:16:00,-120315586.132732,4268684.06679258,0,0,0,0,0,0,602.3
2025-10-15 23:17:00,-113102995.377175,22699877.4293733,0,0,0,0,0,0,602.31
2025-10-15 23:18:00,-77341398.7787328,116945346.466481,0,0,0,0,0,0,602.36
2025-10-15 23:19:00,-56739291.1489925,172834003.835552,0,0,0,0,0,0,602.39
2025-10-15 23:20:00,-17889043.9429091,269261337.192456,0,0,0,0,0,0,602.44
2025-10-15 23:21:00,2993354.29513326,327603167.732272,0,0,0,0,0,0,602.47
2025-10-15 23:22:00,-56289532.3401664,172723951.754438,0,0,0,0,0,0,602.39
2025-10-15 23:23:00,-4340833.72319196,306316346.632703,0,0,0,0,0,0,602.46
2025-10-15 23:24:00,-56225739.4637105,172471081.406228,0,0,0,0,0,0,602.39
2025-10-15 23:25:00,-126717523.051417,-15036721.8991341,0,0,0,0,0,0,602.29
2025-10-15 23:26:00,-112771247.356657,22125304.2709539,0,0,0,0,0,0,602.31
2025-10-15 23:27:00,-126738012.540995,-14836520.5303923,0,0,0,0,0,0,602.29
2025-10-15 23:28:00,-98274526.3693465,59428973.3086019,0,0,0,0,0,0,602.33
2025-10-15 23:29:00,-133489143.901016,-33770458.3438544,0,0,0,0,0,0,602.28
2025-10-15 23:30:00,-105431621.910862,40168803.3372013,0,0,0,0,0,0,602.32
2025-10-15 23:31:00,-55736180.5710139,172271318.560291,0,0,0,0,0,0,602.39
2025-10-15 23:32:00,-37149370.5899762,211991998.451718,0,0,0,0,0,0,602.41
2025-10-15 23:33:00,-49099976.7298576,190476508.537748,0,0,0,0,0,0,602.4
2025-10-15 23:34:00,16818650.4214273,363542241.378744,0,0,0,0,0,0,602.49
2025-10-15 23:35:00,-30264132.4730397,230467675.809721,0,0,0,0,0,0,602.42
2025-10-15 23:36:00,-30315518.5046936,230183591.368608,0,0,0,0,0,0,602.42
2025-10-15 23:37:00,-3852902.37619941,305382294.375097,0,0,0,0,0,0,602.46
2025-10-15 23:38:00,16910164.1378142,363021554.996155,0,0,0,0,0,0,602.49
2025-10-15 23:39:00,23869683.3974576,381894688.560843,0,0,0,0,0,0,602.5
2025-10-15 23:40:00,-36792855.0055953,210793129.57826,0,0,0,0,0,0,602.41
2025-10-15 23:41:00,-3405613.7392329,305060745.955875,0,0,0,0,0,0,602.46
2025-10-15 23:42:00,-83451626.6798736,95836348.5341433,0,0,0,0,0,0,602.35
2025-10-15 23:43:00,-194639012.667935,-202588908.163871,0,0,0,0,0,0,602.19
2025-10-15 23:44:00,-76525729.8727676,114612448.492109,0,0,0,0,0,0,602.36
2025-10-15 23:45:00,-76294463.4562471,114420450.668054,0,0,0,0,0,0,602.36
2025-10-15 23:46:00,-112070178.054102,20231794.5002678,0,0,0,0,0,0,602.31
2025-10-15 23:47:00,-173538729.166646,-143380263.682455,0,0,0,0,0,0,602.22
2025-10-15 23:48:00,-173487102.731281,-143265595.190297,0,0,0,0,0,0,602.22
2025-10-15 23:49:00,-160240374.434552,-108107542.041968,0,0,0,0,0,0,602.24
2025-10-15 23:50:00,-166840036.346025,-126254198.281594,0,0,0,0,0,0,602.23
2025-10-15 23:51:00,-132506514.189362,-35264661.9263021,0,0,0,0,0,0,602.28
2025-10-15 23:52:00,-139655981.538969,-54158546.4479582,0,0,0,0,0,0,602.27
2025-10-15 23:53:00,-173290749.480296,-143893752.280767,0,0,0,0,0,0,602.22
2025-10-15 23:54:00,-75858195.9306637,113852624.012041,0,0,0,0,0,0,602.36
2025-10-15 23:55:00,-9497030.11194529,285367227.947959,0,0,0,0,0,0,602.45
2025-10-15 23:56:00,-3087941.5349988,303824700.294187,0,0,0,0,0,0,602.46
2025-10-15 23:57:00,-9671781.39781447,285104801.500842,0,0,0,0,0,0,602.45
2025-10-15 23:58:00,-22883210.8656281,246924983.304058,0,0,0,0,0,0,602.43
2025-10-15 23:59:00,-146074733.359146,-72627328.3543804,0,0,0,0,0,0,602.26
2025-10-16 00:00:00,-82383452.6805689,94670478.7468091,0,0,0,0,0,0,602.35
2025-10-16 00:01:00,-152595988.902492,-91063669.1499988,0,0,0,0,0,0,602.25
2025-10-16 00:02:00,-223422845.586688,-279405615.510547,0,0,0,0,0,0,602.15
2025-10-16 00:03:00,-172935817.513104,-144617122.401343,0,0,0,0,0,0,602.22
2025-10-16 00:04:00,-173081510.814782,-144701421.119639,0,0,0,0,0,0,602.22
2025-10-16 00:05:00,-209341859.284461,-241792281.005447,0,0,0,0,0,0,602.17
2025-10-16 00:06:00,-193910866.88543,-204808260.578007,0,0,0,0,0,0,602.19
2025-10-16 00:07:00,-138724744.231818,-54800843.4745168,0,0,0,0,0,0,602.27
2025-10-16 00:08:00,-172982022.078205,-144972007.366607,0,0,0,0,0,0,602.22
2025-10-16 00:09:00,-172800658.846078,-145070368.637063,0,0,0,0,0,0,602.22
2025-10-16 00:10:00,-172651044.900187,-145332858.294748,0,0,0,0,0,0,602.22
2025-10-16 00:11:00,-138890712.905808,-55587347.5383974,0,0,0,0,0,0,602.27
2025-10-16 00:12:00,-117761403.976187,131887.868878834,0,0,0,0,0,0,602.3
2025-10-16 00:13:00,-104226792.8536,36940412.0807044,0,0,0,0,0,0,602.32
2025-10-16 00:14:00,-81754656.2692816,93847933.4799721,0,0,0,0,0,0,602.35
2025-10-16 00:15:00,-74957547.1407705,112206562.779133,0,0,0,0,0,0,602.36
2025-10-16 00:16:00,-74757147.5486143,112183925.712543,0,0,0,0,0,0,602.36
2025-10-16 00:17:00,-74876841.4822322,112093534.575173,0,0,0,0,0,0,602.36
2025-10-16 00:18:00,-60750331.552289,149817646.532431,0,0,0,0,0,0,602.38
2025-10-16 00:19:00,-28720716.9551114,226708038.02019,0,0,0,0,0,0,602.42
2025-10-16 00:20:00,-22351965.5322847,245143187.831102,0,0,0,0,0,0,602.43
2025-10-16 00:21:00,-22122524.3766465,245356779.325129,0,0,0,0,0,0,602.43
2025-10-16 00:22:00,59460498.1297479,471976801.339218,0,0,0,0,0,0,602.55
2025-10-16 00:23:00,52947146.8807666,453239045.673823,0,0,0,0,0,0,602.54
2025-10-16 00:24:00,46107385.5588984,434164464.651997,0,0,0,0,0,0,602.53
2025-10-16 00:25:00,32413236.2378989,396496585.542691,0,0,0,0,0,0,602.51
2025-10-16 00:26:00,-8427743.00452325,282373259.711652,0,0,0,0,0,0,602.45
2025-10-16 00:27:00,-46753786.261531,186637741.511477,0,0,0,0,0,0,602.4
2025-10-16 00:28:00,25555262.7508187,377689418.864071,0,0,0,0,0,0,602.5
2025-10-16 00:29:00,12448747.736991,340575119.411924,0,0,0,0,0,0,602.48
2025-10-16 00:30:00,492803144.035482,1689062977.92929,0,0,0,0,0,0,603.18
2025-10-16 00:31:00,511155205.974774,1747640573.45011,0,0,0,0,0,0,603.21
2025-10-16 00:32:00,473520223.808275,1629704421.28156,0,0,0,0,0,0,603.15
2025-10-16 00:33:00,480243578.982455,1649336901.68103,0,0,0,0,0,0,603.16
2025-10-16 00:34:00,505839545.181515,1728027723.91476,0,0,0,0,0,0,603.2
2025-10-16 00:35:00,493263535.711665,1688541474.84191,0,0,0,0,0,0,603.18
2025-10-16 00:36:00,467254207.56316,1609224162.08453,0,0,0,0,0,0,603.14
2025-10-16 00:37:00,309458800.893328,1158750983.82786,0,0,0,0,0,0,602.91
2025-10-16 00:38:00,268275523.670859,1043081591.19103,0,0,0,0,0,0,602.85
2025-10-16 00:39:00,365191612.420143,1314708577.95767,0,0,0,0,0,0,602.99
2025-10-16 00:40:00,460425081.931762,1589427710.98873,0,0,0,0,0,0,603.13
2025-10-16 00:41:00,454059564.410813,1569566381.80287,0,0,0,0,0,0,603.12
2025-10-16 00:42:00,517844628.534796,1766611029.41618,0,0,0,0,0,0,603.22
2025-10-16 00:43:00,454295412.05768,1569458195.20386,0,0,0,0,0,0,603.12
2025-10-16 00:44:00,434103152.737847,1510124138.60372,0,0,0,0,0,0,603.09
2025-10-16 00:45:00,386269830.844238,1372478730.90536,0,0,0,0,0,0,603.02
2025-10-16 00:46:00,399213655.732848,1411127179.46438,0,0,0,0,0,0,603.04
2025-10-16 00:47:00,322957558.531826,1195183872.42068,0,0,0,0,0,0,602.93
2025-10-16 00:48:00,352015574.424289,1273572976.57372,0,0,0,0,0,0,602.97
2025-10-16 00:49:00,393057067.73327,1391860224.5921,0,0,0,0,0,0,603.03
2025-10-16 00:50:00,359369016.963858,1293786442.29776,0,0,0,0,0,0,602.98
2025-10-16 00:51:00,309980299.702118,1156930794.00307,0,0,0,0,0,0,602.91
2025-10-16 00:52:00,47065602.4494954,431823796.326245,0,0,0,0,0,0,602.53
2025-10-16 00:53:00,26942659.0972827,375683972.743665,0,0,0,0,0,0,602.5
2025-10-16 00:54:00,109296084.581786,601672199.310574,0,0,0,0,0,0,602.62
2025-10-16 00:55:00,150773250.679769,716026898.90348,0,0,0,0,0,0,602.68
2025-10-16 00:56:00,192880392.923192,830388533.363969,0,0,0,0,0,0,602.74
2025-10-16 00:57:00,220773740.408779,906918962.504862,0,0,0,0,0,0,602.78
2025-10-16 00:58:00,234724711.071432,945417498.675165,0,0,0,0,0,0,602.8
2025-10-16 00:59:00,276167290.756159,1060488566.80309,0,0,0,0,0,0,602.86
2025-10-16 01:00:00,366296963.347024,1312273498.11917,0,0,0,0,0,0,602.99
2025-10-16 01:01:00,373490029.720528,1332003507.48852,0,0,0,0,0,0,603
2025-10-16 01:02:00,386681617.464721,1370553616.78928,0,0,0,0,0,0,603.02
2025-10-16 01:03:00,426930606.054529,1487409418.82635,0,0,0,0,0,0,603.08
2025-10-16 01:04:00,386755070.442983,1370141963.28904,0,0,0,0,0,0,603.02
2025-10-16 01:05:00,353024413.416479,1271988286.74224,0,0,0,0,0,0,602.97
2025-10-16 01:06:00,709476401.027808,2369570090.54523,0,0,0,0,0,0,603.52
2025-10-16 01:07:00,643283289.223407,2144504622.78407,0,0,0,0,0,0,603.41
2025-10-16 01:08:00,585773883.71112,1963921309.68035,0,0,0,0,0,0,603.32
2025-10-16 01:09:00,604901434.992441,2023632746.7374,0,0,0,0,0,0,603.35
2025-10-16 01:10:00,766467861.70396,2568546265.67861,0,0,0,0,0,0,603.62
2025-10-16 01:11:00,664828535.013663,2221487034.55752,0,0,0,0,0,0,603.45
2025-10-16 01:12:00,782049844.845151,2644644990.24647,0,0,0,0,0,0,603.66
2025-10-16 01:13:00,698032005.260729,2328222368.26171,0,0,0,0,0,0,603.5
2025-10-16 01:14:00,805514974.011544,2720419087.97634,0,0,0,0,0,0,603.69
2025-10-16 01:15:00,805707844.788439,2720525152.80495,0,0,0,0,0,0,603.69
2025-10-16 01:16:00,698212318.83912,2327480461.35518,0,0,0,0,0,0,603.5
2025-10-16 01:17:00,676926657.467051,2261390794.6628,0,0,0,0,0,0,603.47
2025-10-16 01:18:00,677017381.597794,2261212814.88648,0,0,0,0,0,0,603.47
2025-10-16 01:19:00,682566805.294061,2281694671.88045,0,0,0,0,0,0,603.48
2025-10-16 01:20:00,605547812.337694,2022527271.74335,0,0,0,0,0,0,603.35
2025-10-16 01:21:00,762968023.09928,2548595742.65052,0,0,0,0,0,0,603.61
2025-10-16 01:22:00,693920662.285378,2306014496.92918,0,0,0,0,0,0,603.49
2025-10-16 01:23:00,776924370.1817,2621913373.86471,0,0,0,0,0,0,603.65
2025-10-16 01:24:00,727611196.84101,2428018031.90239,0,0,0,0,0,0,603.55
2025-10-16 01:25:00,768556495.240924,2580144191.53797,0,0,0,0,0,0,603.63
2025-10-16 01:26:00,758458818.443643,2528320412.17984,0,0,0,0,0,0,603.6
2025-10-16 01:27:00,837839901.907232,2821675859.00018,0,0,0,0,0,0,603.74
2025-10-16 01:28:00,862991695.680306,3075677290.75391,0,0,0,0,0,0,603.86
2025-10-16 01:29:00,1005113522.12957,3431396277.7244,0,0,0,0,0,0,604.03
2025-10-16 01:30:00,1044989022.49647,3467587341.88282,0,0,0,0,0,0,604.06
2025-10-16 01:31:00,1051607248.9319,3489387309.19772,0,0,0,0,0,0,604.07
2025-10-16 01:32:00,1005255627.45354,3430993312.73326,0,0,0,0,0,0,604.03
2025-10-16 01:33:00,1134595898.43303,3732434909.92004,0,0,0,0,0,0,604.17
2025-10-16 01:34:00,1156434572.80347,3757605910.08457,0,0,0,0,0,0,604.22
2025-10-16 01:35:00,1202500436.04325,4049257458.96762,0,0,0,0,0,0,604.3
2025-10-16 01:36:00,1178529147.70625,3959808997.15538,0,0,0,0,0,0,604.26
2025-10-16 01:37:00,1213789613.78689,4092750822.97094,0,0,0,0,0,0,604.32
2025-10-16 01:38:00,1172243397.57034,3936819458.37398,0,0,0,0,0,0,604.25
2025-10-16 01:39:00,1249287557.72301,4159282845.28682,0,0,0,0,0,0,604.35
2025-10-16 01:40:00,1249291390.5607,4159046741.62821,0,0,0,0,0,0,604.35
2025-10-16 01:41:00,1172231970.43052,3936038069.9355,0,0,0,0,0,0,604.25
2025-10-16 01:42:00,1213562261.4527,4091768045.27564,0,0,0,0,0,0,604.32
2025-10-16 01:43:00,1178602657.11882,3958174681.9592,0,0,0,0,0,0,604.26
2025-10-16 01:44:00,1172547223.7165,3936084910.27473,0,0,0,0,0,0,604.25
2025-10-16 01:45:00,1208139378.5914,4069314762.86569,0,0,0,0,0,0,604.31
2025-10-16 01:46:00,1281329861.3084,4313773775.56621,0,0,0,0,0,0,604.44
2025-10-16 01:47:00,1281458184.37691,4315064019.65734,0,0,0,0,0,0,604.44
2025-10-16 01:48:00,1281586591.11931,4316356237.60231,0,0,0,0,0,0,604.44
2025-10-16 01:49:00,1281714888.99104,4317648493.84905,0,0,0,0,0,0,604.44
2025-10-16 01:50:00,1281843249.10213,4318942513.71003,0,0,0,0,0,0,604.44
2025-10-16 01:51:00,1281971585.84828,4320237437.17498,0,0,0,0,0,0,604.44
2025-10-16 01:52:00,1282100091.83628,4321535212.07631,0,0,0,0,0,0,604.44
2025-10-16 01:53:00,1282228531.6254,4322833464.57338,0,0,0,0,0,0,604.44
2025-10-16 01:54:00,1282356926.56979,4324132411.51823,0,0,0,0,0,0,604.44
2025-10-16 01:55:00,1282485469.35388,4325434006.1485,0,0,0,0,0,0,604.44
2025-10-16 01:56:00,1282613967.25838,4326736300.93116,0,0,0,0,0,0,604.44
2025-10-16 01:57:00,1282742505.91926,4328040166.2336,0,0,0,0,0,0,604.44
2025-10-16 01:58:00,1282871021.0548,4329344952.76153,0,0,0,0,0,0,604.44
2025-10-16 01:59:00,1282999576.91196,4330651315.57382,0,0,0,0,0,0,604.44
2025-10-16 02:00:00,1283128002.03504,4331957513.69052,0,0,0,0,0,0,604.44
2025-10-16 02:01:00,1283256725.01772,4333267911.12676,0,0,0,0,0,0,604.44
2025-10-16 02:02:00,1283385381.53572,4334578804.79547,0,0,0,0,0,0,604.44
2025-10-16 02:03:00,1283513992.97396,4335890413.64383,0,0,0,0,0,0,604.44
2025-10-16 02:04:00,1283642494.95194,4337202081.57121,0,0,0,0,0,0,604.44
2025-10-16 02:05:00,1283771337.77987,4338518410.84123,0,0,0,0,0,0,604.44
2025-10-16 02:06:00,1283900006.78337,4339834148.16421,0,0,0,0,0,0,604.44
2025-10-16 02:07:00,1284028737.84192,4341151706.66111,0,0,0,0,0,0,604.44
2025-10-16 02:08:00,1284157423.67547,4342469991.18155,0,0,0,0,0,0,604.44
2025-10-16 02:09:00,1284286192.99528,4343790323.43755,0,0,0,0,0,0,604.44
2025-10-16 02:10:00,1284414959.96003,4345111827.03104,0,0,0,0,0,0,604.44
2025-10-16 02:11:00,1284543746.01064,4346434724.89375,0,0,0,0,0,0,604.44
2025-10-16 02:12:00,1284672486.72046,4347758357.52845,0,0,0,0,0,0,604.44
2025-10-16 02:13:00,1284801396.76618,4349084936.52132,0,0,0,0,0,0,604.44
2025-10-16 02:14:00,1284930068.16238,4350410265.11122,0,0,0,0,0,0,604.44
2025-10-16 02:15:00,1285059102.17992,4351740540.89274,0,0,0,0,0,0,604.44
2025-10-16 02:16:00,1285187983.39016,4353070455.72027,0,0,0,0,0,0,604.44
2025-10-16 02:17:00,1285316883.57866,4354401783.06092,0,0,0,0,0,0,604.44
2025-10-16 02:18:00,1285445609.33435,4355732525.8139,0,0,0,0,0,0,604.44
2025-10-16 02:19:00,1285574719.32787,4357068465.12873,0,0,0,0,0,0,604.44
2025-10-16 02:20:00,1285703697.83654,4358404271.01483,0,0,0,0,0,0,604.44
2025-10-16 02:21:00,1285832652.26382,4359741056.36725,0,0,0,0,0,0,604.44
2025-10-16 02:22:00,1285961647.07701,4361079492.47545,0,0,0,0,0,0,604.44
2025-10-16 02:23:00,1286090639.25846,4362419136.3101,0,0,0,0,0,0,604.44
2025-10-16 02:24:00,1286219693.30384,4363760661.32762,0,0,0,0,0,0,604.44
2025-10-16 02:25:00,1286348744.68401,4365103400.39412,0,0,0,0,0,0,604.44
2025-10-16 02:26:00,1286477836.39796,4366447804.25382,0,0,0,0,0,0,604.44
2025-10-16 02:27:00,1286606903.88838,4367793203.63709,0,0,0,0,0,0,604.44
2025-10-16 02:28:00,1286736033.19845,4369140498.8337,0,0,0,0,0,0,604.44
2025-10-16 02:29:00,1286865073.67111,4370488120.37881,0,0,0,0,0,0,604.44
2025-10-16 02:30:00,1286994305.07644,4371838994.36474,0,0,0,0,0,0,604.44
2025-10-16 02:31:00,1287123447.59609,4373190200.16369,0,0,0,0,0,0,604.44
2025-10-16 02:32:00,1287252630.35999,4374543091.00974,0,0,0,0,0,0,604.44
2025-10-16 02:33:00,1287381853.359,4375897670.87292,0,0,0,0,0,0,604.44
2025-10-16 02:34:00,1287511073.50834,4377253491.56158,0,0,0,0,0,0,604.44
2025-10-16 02:35:00,1287640290.78435,4378610555.64748,0,0,0,0,0,0,604.44
2025-10-16 02:36:00,1287769548.24615,4379969318.81313,0,0,0,0,0,0,604.44
2025-10-16 02:37:00,1287898824.34165,4381329558.30015,0,0,0,0,0,0,604.44
2025-10-16 02:38:00,1288028140.60287,4382691504.48067,0,0,0,0,0,0,604.44
2025-10-16 02:39:00,1288157432.36075,4384054479.44861,0,0,0,0,0,0,604.44
2025-10-16 02:40:00,1288286764.25202,4385419167.78866,0,0,0,0,0,0,604.44
2025-10-16 02:41:00,1288416114.70826,4386785345.76465,0,0,0,0,0,0,604.44
2025-10-16 02:42:00,1288545483.71274,4388153016.73971,0,0,0,0,0,0,604.44
2025-10-16 02:43:00,1288674892.8145,4389522412.40483,0,0,0,0,0,0,604.44
2025-10-16 02:44:00,1288804040.03718,4390890336.9259,0,0,0,0,0,0,604.44
2025-10-16 02:45:00,1288933701.84756,4392265021.4642,0,0,0,0,0,0,604.44
2025-10-16 02:46:00,1289063231.1785,4393639614.58923,0,0,0,0,0,0,604.44
2025-10-16 02:47:00,1289192627.95148,4395014114.4804,0,0,0,0,0,0,604.44
2025-10-16 02:48:00,1289322107.89957,4396390815.03278,0,0,0,0,0,0,604.44
2025-10-16 02:49:00,1289451606.28004,4397769032.48038,0,0,0,0,0,0,604.44
2025-10-16 02:50:00,1289581079.90062,4399148310.11567,0,0,0,0,0,0,604.44
2025-10-16 02:51:00,1289710636.68104,4400529801.58628,0,0,0,0,0,0,604.44
2025-10-16 02:52:00,1289840211.85105,4401912820.89464,0,0,0,0,0,0,604.44
2025-10-16 02:53:00,1289969783.79661,4403297140.68859,0,0,0,0,0,0,604.44
2025-10-16 02:54:00,1290099352.4951,4404682763.7483,0,0,0,0,0,0,604.44
2025-10-16 02:55:00,1290228982.72764,4406070386.88869,0,0,0,0,0,0,604.44
2025-10-16 02:56:00,1290358609.67825,4407459320.34056,0,0,0,0,0,0,604.44
2025-10-16 02:57:00,1290488254.93319,4408849798.79011,0,0,0,0,0,0,604.44
2025-10-16 02:58:00,1290617896.86343,4410241593.66423,0,0,0,0,0,0,604.44
2025-10-16 02:59:00,1290747578.67214,4411635172.53298,0,0,0,0,0,0,604.44
2025-10-16 03:00:00,1290877127.41017,4413028678.58775,0,0,0,0,0,0,604.44
2025-10-16 03:01:00,1291007018.66334,4414427234.02871,0,0,0,0,0,0,604.44
2025-10-16 03:02:00,1291136755.1952,4415825491.23117,0,0,0,0,0,0,604.44
2025-10-16 03:03:00,1291266488.30698,4417225081.60245,0,0,0,0,0,0,604.44
2025-10-16 03:04:00,1291396261.23663,4418626475.42432,0,0,0,0,0,0,604.44
2025-10-16 03:05:00,1291526073.97634,4420029677.1356,0,0,0,0,0,0,604.44
2025-10-16 03:06:00,1291655861.61037,4421433988.53766,0,0,0,0,0,0,604.44
2025-10-16 03:07:00,1291785667.38458,4422839880.72406,0,0,0,0,0,0,604.44
2025-10-16 03:08:00,1291915383.07205,4424246183.65561,0,0,0,0,0,0,604.44
2025-10-16 03:09:00,1292045441.52163,4425657597.39925,0,0,0,0,0,0,604.44
2025-10-16 03:10:00,1292175279.9916,4427068020.29475,0,0,0,0,0,0,604.44
2025-10-16 03:11:00,1292305179.8383,4428480509.46552,0,0,0,0,0,0,604.44
2025-10-16 03:12:00,1292435119.4079,4429894834.43663,0,0,0,0,0,0,604.44
2025-10-16 03:13:00,1292565055.3829,4431310527.66564,0,0,0,0,0,0,604.44
2025-10-16 03:14:00,1292694987.73798,4432727592.13163,0,0,0,0,0,0,604.44
2025-10-16 03:15:00,1292824808.12958,4434144847.71812,0,0,0,0,0,0,604.44
2025-10-16 03:16:00,1292954949.82211,4435567031.21535,0,0,0,0,0,0,604.44
2025-10-16 03:17:00,1293084979.53498,4436989414.59216,0,0,0,0,0,0,604.44
2025-10-16 03:18:00,1293214983.88933,4438412946.56158,0,0,0,0,0,0,604.44
2025-10-16 03:19:00,1293345049.55575,4439838580.18789,0,0,0,0,0,0,604.44
2025-10-16 03:20:00,1293475089.82391,4441265369.09472,0,0,0,0,0,0,604.44
2025-10-16 03:21:00,1293605169.7033,4442694030.26116,0,0,0,0,0,0,604.44
2025-10-16 03:22:00,1293735115.71597,4444122660.29738,0,0,0,0,0,0,604.44
2025-10-16 03:23:00,1293865404.90691,4445556510.8277,0,0,0,0,0,0,604.44
2025-10-16 03:24:00,1293995560.20717,4446990338.64219,0,0,0,0,0,0,604.44
2025-10-16 03:25:00,1294125668.31339,4448425099.31013,0,0,0,0,0,0,604.44
2025-10-16 03:26:00,1294255837.66738,4449861992.43803,0,0,0,0,0,0,604.44
2025-10-16 03:27:00,1294386024.87369,4451300543.87624,0,0,0,0,0,0,604.44
2025-10-16 03:28:00,1294516251.62034,4452740997.80514,0,0,0,0,0,0,604.44
2025-10-16 03:29:00,1294646300.84925,4454180954.55972,0,0,0,0,0,0,604.44
2025-10-16 03:30:00,1294776715.17423,4455626428.94701,0,0,0,0,0,0,604.44
2025-10-16 03:31:00,1294906973.65435,4457071654.16811,0,0,0,0,0,0,604.44
2025-10-16 03:32:00,1295037228.2028,4458518316.60981,0,0,0,0,0,0,604.44
2025-10-16 03:33:00,1295167565.66693,4459967385.81922,0,0,0,0,0,0,604.44
2025-10-16 03:34:00,1295297812.29947,4461416933.61505,0,0,0,0,0,0,604.44
2025-10-16 03:35:00,1295428185.27219,4462869381.23024,0,0,0,0,0,0,604.44
2025-10-16 03:36:00,1295558445.63148,4464322070.46144,0,0,0,0,0,0,604.44
2025-10-16 03:37:00,1295688919.24383,4465778640.86698,0,0,0,0,0,0,604.44
2025-10-16 03:38:00,1295819106.34241,4467233515.62536,0,0,0,0,0,0,604.44
2025-10-16 03:39:00,1295949702.30594,4468694471.62355,0,0,0,0,0,0,604.44
2025-10-16 03:40:00,1296080076.88443,4470154465.34976,0,0,0,0,0,0,604.44
2025-10-16 03:41:00,1296210512.59808,4471616661.55433,0,0,0,0,0,0,604.44
2025-10-16 03:42:00,1296341031.1951,4473081310.32113,0,0,0,0,0,0,604.44
2025-10-16 03:43:00,1296471436.96897,4474546218.73378,0,0,0,0,0,0,604.44
2025-10-16 03:44:00,1296601947.35016,4476013832.94248,0,0,0,0,0,0,604.44
2025-10-16 03:45:00,1296732431.846,4477482690.72807,0,0,0,0,0,0,604.44
2025-10-16 03:46:00,1296862977.44943,4478953775.81586,0,0,0,0,0,0,604.44
2025-10-16 03:47:00,1296993475.37312,4480425866.38752,0,0,0,0,0,0,604.44
2025-10-16 03:48:00,1297124077.9076,4481900685.23627,0,0,0,0,0,0,604.44
2025-10-16 03:49:00,1297254654.49152,4483376763.28172,0,0,0,0,0,0,604.44
2025-10-16 03:50:00,1297385248.62883,4484854596.0462,0,0,0,0,0,0,604.44
2025-10-16 03:51:00,1297515838.53657,4486333941.17103,0,0,0,0,0,0,604.44
2025-10-16 03:52:00,1297646489.51471,4487815543.32605,0,0,0,0,0,0,604.44
2025-10-16 03:53:00,1297777114.46423,4489298419.36072,0,0,0,0,0,0,604.44
2025-10-16 03:54:00,1297907604.46383,4490781333.82587,0,0,0,0,0,0,604.44
2025-10-16 03:55:00,1298038460.4187,4492269987.25546,0,0,0,0,0,0,604.44
2025-10-16 03:56:00,1298169159.62674,4493758441.02366,0,0,0,0,0,0,604.44
2025-10-16 03:57:00,1298299854.51832,4495248432.14227,0,0,0,0,0,0,604.44
2025-10-16 03:58:00,1298430610.44648,4496740710.72177,0,0,0,0,0,0,604.44
2025-10-16 03:59:00,1298561362.03721,4498234535.73736,0,0,0,0,0,0,604.44
2025-10-16 04:00:00,1298692196.45438,4499730908.5197,0,0,0,0,0,0,604.44
2025-10-16 04:01:00,1298822764.92828,4501225840.83315,0,0,0,0,0,0,604.44
2025-10-16 04:02:00,1298953721.39696,4502726826.21792,0,0,0,0,0,0,604.44
2025-10-16 04:03:00,1299084520.87167,4504227626.53223,0,0,0,0,0,0,604.44
2025-10-16 04:04:00,1299215381.3527,4505730745.46559,0,0,0,0,0,0,604.44
2025-10-16 04:05:00,1299346281.03519,4507235938.55411,0,0,0,0,0,0,604.44
2025-10-16 04:06:00,1299477198.10552,4508742960.17437,0,0,0,0,0,0,604.44
2025-10-16 04:07:00,1299608023.46698,4510250557.26369,0,0,0,0,0,0,604.44
2025-10-16 04:08:00,1299738800.70833,4511759233.68867,0,0,0,0,0,0,604.44
2025-10-16 04:09:00,1299869878.95048,4513273025.93795,0,0,0,0,0,0,604.44
2025-10-16 04:10:00,1300000734.49002,4514785891.57113,0,0,0,0,0,0,604.44
2025-10-16 04:11:00,1300131760.1267,4516302375.12795,0,0,0,0,0,0,604.44
2025-10-16 04:12:00,1300262715.77312,4517819703.99634,0,0,0,0,0,0,604.44
2025-10-16 04:13:00,1300393710.55126,4519339146.21415,0,0,0,0,0,0,604.44
2025-10-16 04:14:00,1300524788.13717,4520861215.00293,0,0,0,0,0,0,604.44
2025-10-16 04:15:00,1300655773.82773,4522383885.84849,0,0,0,0,0,0,604.44
2025-10-16 04:16:00,1300786798.62616,4523908684.93965,0,0,0,0,0,0,604.44
2025-10-16 04:17:00,1300917884.37835,4525435872.76861,0,0,0,0,0,0,604.44
2025-10-16 04:18:00,1301048965.54744,4526964691.25639,0,0,0,0,0,0,604.44
2025-10-16 04:19:00,1301180042.11453,4528495144.38359,0,0,0,0,0,0,604.44
2025-10-16 04:20:00,1301311092.20993,4530026980.59177,0,0,0,0,0,0,604.44
2025-10-16 04:21:00,1301442334.37572,4531562762.03479,0,0,0,0,0,0,604.44
2025-10-16 04:22:00,1301573462.63662,4533098914.17738,0,0,0,0,0,0,604.44
2025-10-16 04:23:00,1301704629.96838,4534637232.10757,0,0,0,0,0,0,604.44
2025-10-16 04:24:00,1301835792.64377,4536177208.13886,0,0,0,0,0,0,604.44
2025-10-16 04:25:00,1301967016.24862,4537719617.90528,0,0,0,0,0,0,604.44
2025-10-16 04:26:00,1302098213.30724,4539263438.396,0,0,0,0,0,0,604.44
2025-10-16 04:27:00,1302229471.29213,4540809704.1228,0,0,0,0,0,0,604.44
2025-10-16 04:28:00,1302360505.81157,4542355066.17485,0,0,0,0,0,0,604.44
2025-10-16 04:29:00,1302491841.87972,4543905722.44289,0,0,0,0,0,0,604.44
2025-10-16 04:30:00,1302623282.65434,4545459361.51715,0,0,0,0,0,0,604.44
2025-10-16 04:31:00,1302754412.34007,4547011069.15553,0,0,0,0,0,0,604.44
2025-10-16 04:32:00,1302885909.33919,4548568878.90698,0,0,0,0,0,0,604.44
2025-10-16 04:33:00,1303017226.50013,4550126317.21319,0,0,0,0,0,0,604.44
2025-10-16 04:34:00,1303148582.68151,4551685981.60131,0,0,0,0,0,0,604.44
2025-10-16 04:35:00,1303279977.88355,4553247878.33049,0,0,0,0,0,0,604.44
2025-10-16 04:36:00,1303411258.80922,4554810188.33368,0,0,0,0,0,0,604.44
2025-10-16 04:37:00,1303542534.91469,4556374216.49659,0,0,0,0,0,0,604.44
2025-10-16 04:38:00,1303673937.61703,4557941535.73498,0,0,0,0,0,0,604.44
2025-10-16 04:39:00,1303805664.12994,4559514512.29118,0,0,0,0,0,0,604.44
2025-10-16 04:40:00,1303937101.04967,4561085826.86038,0,0,0,0,0,0,604.44
2025-10-16 04:41:00,1304068555.05021,4562659144.91972,0,0,0,0,0,0,604.44
2025-10-16 04:42:00,1304200069.95582,4564234997.41071,0,0,0,0,0,0,604.44
2025-10-16 04:43:00,1304331580.0223,4565812602.56694,0,0,0,0,0,0,604.44
2025-10-16 04:44:00,1304463085.23398,4567391964.86553,0,0,0,0,0,0,604.44
2025-10-16 04:45:00,1304594651.35185,4568973880.13787,0,0,0,0,0,0,604.44
2025-10-16 04:46:00,1304726081.03359,4570555978.92562,0,0,0,0,0,0,604.44
2025-10-16 04:47:00,1304857790.90515,4572143284.33714,0,0,0,0,0,0,604.44
2025-10-16 04:48:00,1304989364.31861,4573730783.08172,0,0,0,0,0,0,604.44
2025-10-16 04:49:00,1305120757.33637,4575317943.3543,0,0,0,0,0,0,604.44
2025-10-16 04:50:00,1305252364.79038,4576909540.22227,0,0,0,0,0,0,604.44
2025-10-16 04:51:00,1305384252.57735,4578506386.05981,0,0,0,0,0,0,604.44
2025-10-16 04:52:00,1305515938.00067,4580102643.25938,0,0,0,0,0,0,604.44
2025-10-16 04:53:00,1305647399.02148,4581698040.67797,0,0,0,0,0,0,604.44
2025-10-16 04:54:00,1305779294.07102,4583300578.51159,0,0,0,0,0,0,604.44
2025-10-16 04:55:00,1305910986.64714,4584902533.23517,0,0,0,0,0,0,604.44
2025-10-16 04:56:00,1306042784.05126,4586507646.01639,0,0,0,0,0,0,604.44
2025-10-16 04:57:00,1306174488.68137,4588113515.73756,0,0,0,0,0,0,604.44
2025-10-16 04:58:00,1306306012.6378,4589719069.92199,0,0,0,0,0,0,604.44
2025-10-16 04:59:00,1306438058.72832,4591332900.52711,0,0,0,0,0,0,604.44
2025-10-16 05:00:00,1306569594.64789,4592942396.46925,0,0,0,0,0,0,604.44
2025-10-16 05:01:00,1306701674.79091,4594560465.49059,0,0,0,0,0,0,604.44
2025-10-16 05:02:00,1306833486.32898,4596177161.16334,0,0,0,0,0,0,604.44
2025-10-16 05:03:00,1306965117.05705,4597793555.78605,0,0,0,0,0,0,604.44
2025-10-16 05:04:00,1307097006.48114,4599415053.39559,0,0,0,0,0,0,604.44
2025-10-16 05:05:00,1307229110.72684,4601041130.31343,0,0,0,0,0,0,604.44
2025-10-16 05:06:00,1307360990.17046,4602666380.33584,0,0,0,0,0,0,604.44
2025-10-16 05:07:00,1307492930.5552,4604294326.66102,0,0,0,0,0,0,604.44
2025-10-16 05:08:00,1307624865.92341,4605924162.11257,0,0,0,0,0,0,604.44
2025-10-16 05:09:00,1307756686.29888,4607554530.88081,0,0,0,0,0,0,604.44
2025-10-16 05:10:00,1307888765.56433,4609190065.84568,0,0,0,0,0,0,604.44
2025-10-16 05:11:00,1308020531.83443,4610823689.61847,0,0,0,0,0,0,604.44
2025-10-16 05:12:00,1308152755.04817,4612464956.55317,0,0,0,0,0,0,604.44
2025-10-16 05:13:00,1308284775.22957,4614105685.69591,0,0,0,0,0,0,604.44
2025-10-16 05:14:00,1308416812.36697,4615748612.39694,0,0,0,0,0,0,604.44
2025-10-16 05:15:00,1308548888.47165,4617394017.38143,0,0,0,0,0,0,604.44
2025-10-16 05:16:00,1308680937.51076,4619041083.88187,0,0,0,0,0,0,604.44
2025-10-16 05:17:00,1308813047.52884,4620690916.4888,0,0,0,0,0,0,604.44
2025-10-16 05:18:00,1308945020.37238,4622341044.50553,0,0,0,0,0,0,604.44
2025-10-16 05:19:00,1309077098.21993,4623994500.95741,0,0,0,0,0,0,604.44
2025-10-16 05:20:00,1309209259.08039,4625651020.54985,0,0,0,0,0,0,604.44
2025-10-16 05:21:00,1309341547.03247,4627311166.33961,0,0,0,0,0,0,604.44
2025-10-16 05:22:00,1309473741.81715,4628972180.73441,0,0,0,0,0,0,604.44
2025-10-16 05:23:00,1309605931.52357,4630635174.07923,0,0,0,0,0,0,604.44
2025-10-16 05:24:00,1309738116.1416,4632300151.8185,0,0,0,0,0,0,604.44
2025-10-16 05:25:00,1309870361.78023,4633967953.7884,0,0,0,0,0,0,604.44
2025-10-16 05:26:00,1310002337.83293,4635634411.5606,0,0,0,0,0,0,604.44
2025-10-16 05:27:00,1310134859.83029,4637309835.18139,0,0,0,0,0,0,604.44
2025-10-16 05:28:00,1310267112.23222,4638983926.49978,0,0,0,0,0,0,604.44
2025-10-16 05:29:00,1310399403.62723,4640660592.24186,0,0,0,0,0,0,604.44
2025-10-16 05:30:00,1310531734.02434,4642339840.33542,0,0,0,0,0,0,604.44
2025-10-16 05:31:00,1310664037.26563,4644020837.52725,0,0,0,0,0,0,604.44
2025-10-16 05:32:00,1310796401.56997,4645704711.52772,0,0,0,0,0,0,604.44
2025-10-16 05:33:00,1310928518.096,4647387535.00021,0,0,0,0,0,0,604.44
2025-10-16 05:34:00,1311061114.86063,4649078592.64517,0,0,0,0,0,0,604.44
2025-10-16 05:35:00,1311193331.43034,4650766919.51917,0,0,0,0,0,0,604.44
2025-10-16 05:36:00,1311325962.1674,4652462666.1279,0,0,0,0,0,0,604.44
2025-10-16 05:37:00,1311458345.04651,4654157378.34426,0,0,0,0,0,0,604.44
2025-10-16 05:38:00,1311590789.02462,4655855012.99416,0,0,0,0,0,0,604.44
2025-10-16 05:39:00,1311723249.96199,4657555012.42399,0,0,0,0,0,0,604.44
2025-10-16 05:40:00,1311855595.37649,4659255680.21158,0,0,0,0,0,0,604.44
2025-10-16 05:41:00,1311988222.72904,4660962134.16928,0,0,0,0,0,0,604.44
2025-10-16 05:42:00,1312120535.78042,4662666708.27714,0,0,0,0,0,0,604.44
2025-10-16 05:43:00,1312253307.54107,4664379371.04873,0,0,0,0,0,0,604.44
2025-10-16 05:44:00,1312385809.13397,4666090731.50064,0,0,0,0,0,0,604.44
2025-10-16 05:45:00,1312518371.88032,4667805070.14774,0,0,0,0,0,0,604.44
2025-10-16 05:46:00,1312650973.70072,4669522110.37352,0,0,0,0,0,0,604.44
2025-10-16 05:47:00,1312783570.40406,4671241287.26719,0,0,0,0,0,0,604.44
2025-10-16 05:48:00,1312916184.09081,4672962894.16648,0,0,0,0,0,0,604.44
2025-10-16 05:49:00,1313048593.69712,4674684063.03011,0,0,0,0,0,0,604.44
2025-10-16 05:50:00,1313181440.31208,4676413139.6716,0,0,0,0,0,0,604.44
2025-10-16 05:51:00,1313314104.96046,4678142080.77751,0,0,0,0,0,0,604.44
2025-10-16 05:52:00,1313446786.60212,4679873481.74051,0,0,0,0,0,0,604.44
2025-10-16 05:53:00,1313579485.24331,4681607350.1598,0,0,0,0,0,0,604.44
2025-10-16 05:54:00,1313712200.8862,4683343693.6169,0,0,0,0,0,0,604.44
2025-10-16 05:55:00,1313844933.53308,4685082519.73018,0,0,0,0,0,0,604.44
2025-10-16 05:56:00,1313977461.92676,4686820931.93717,0,0,0,0,0,0,604.44
2025-10-16 05:57:00,1314110471.98984,4688567941.58825,0,0,0,0,0,0,604.44
2025-10-16 05:58:00,1314243277.81191,4690314553.61163,0,0,0,0,0,0,604.44
2025-10-16 05:59:00,1314376299.87528,4692066305.2233,0,0,0,0,0,0,604.44
2025-10-16 06:00:00,1314508918.40352,4693815036.69657,0,0,0,0,0,0,604.44
2025-10-16 06:27:00,2954537753.745,0,73443.6917648997,211353,44380.1904814471,146385.59,-854.000919048555,13629.75,606
2025-10-16 06:28:00,3023739574.16737,0,0,0,0,0,0,0,605.97
2025-10-16 06:29:00,3035640711.72647,0,0,0,0,0,0,0,605.96
2025-10-16 06:30:00,3057966942.07315,0,0,0,0,0,0,0,605.89
2025-10-16 06:31:00,3047219946.97799,0,0,0,0,0,0,0,605.85
2025-10-16 06:32:00,3059307098.65056,0,0,0,0,0,0,0,605.9
2025-10-16 06:33:00,3058709844.53612,0,0,0,0,0,0,0,605.92
2025-10-16 06:34:00,3054219830.66977,0,0,0,0,0,0,0,605.87
2025-10-16 06:35:00,3014924959.42233,0,0,0,0,0,0,0,605.76
2025-10-16 06:37:00,2982962652.88451,0,0,0,0,0,0,0,605.67
2025-10-16 06:38:00,2908621787.47746,0,0,0,0,0,0,0,605.58
2025-10-16 06:39:00,3012446780.57059,0,0,0,0,0,0,0,605.73
2025-10-16 06:40:00,2982891386.9256,0,0,0,0,0,0,0,605.67
2025-10-16 06:41:00,2908482833.16346,0,0,0,0,0,0,0,605.58
2025-10-16 06:42:00,2934918069.68621,0,0,0,0,0,0,0,605.61
2025-10-16 06:43:00,2737886929.09124,0,0,0,0,0,0,0,605.52
2025-10-16 06:44:00,2747308905.30565,0,0,0,0,0,0,0,605.53
2025-10-16 06:45:00,2890222454.63725,0,0,0,0,0,0,0,605.56
2025-10-16 06:46:00,2996405994.10908,0,0,0,0,0,0,0,605.69
2025-10-16 06:47:00,2943152913.16635,0,0,0,0,0,0,0,605.62
2025-10-16 06:48:00,2951465707.26031,0,0,0,0,0,0,0,605.63
2025-10-16 06:49:00,2934435689.53099,0,0,0,0,0,0,0,605.61
2025-10-16 06:50:00,2890058430.13323,0,0,0,0,0,0,0,605.56
2025-10-16 06:51:00,2898928177.09983,0,0,0,0,0,0,0,605.57
2025-10-16 06:52:00,2967641304.70868,0,0,0,0,0,0,0,605.65
2025-10-16 06:53:00,2950169223.87186,0,0,0,0,0,0,0,605.64
2025-10-16 06:54:00,2942713481.36756,0,0,0,0,0,0,0,605.62
2025-10-16 06:55:00,2925473118.07496,0,0,0,0,0,0,0,605.6
2025-10-16 06:56:00,2989743293.91923,0,0,0,0,0,0,0,605.68
2025-10-16 06:57:00,2974908202.57275,0,0,0,0,0,0,0,605.66
2025-10-16 06:58:00,2975043884.25938,0,0,0,0,0,0,0,605.66
2025-10-16 06:59:00,2934182552.35656,0,0,0,0,0,0,0,605.61
2025-10-16 07:00:00,2934009026.08983,0,0,0,0,0,0,0,605.61
2025-10-16 07:01:00,2746596188.89429,0,0,0,0,0,0,0,605.53
2025-10-16 07:02:00,2966972521.44939,0,0,0,0,0,0,0,605.65
2025-10-16 07:03:00,2898611199.6698,0,0,0,0,0,0,0,605.57
2025-10-16 07:04:00,2992864223.04284,0,0,0,0,0,0,0,605.75
2025-10-16 07:05:00,2995755129.5545,0,0,0,0,0,0,0,605.69
2025-10-16 07:06:00,2966422611.33176,0,0,0,0,0,0,0,605.65
2025-10-16 07:07:00,2925049904.62833,0,0,0,0,0,0,0,605.6
2025-10-16 07:08:00,2942072614.13388,0,0,0,0,0,0,0,605.62
2025-10-16 07:09:00,2709210192.22367,0,0,0,0,0,0,0,605.36
2025-10-16 07:10:00,2491419685.82776,0,0,0,0,0,0,0,605.18
2025-10-16 07:11:00,2379054954.29714,0,0,0,0,0,0,0,605.05
2025-10-16 07:12:00,2364109994.54465,0,0,0,0,0,0,0,604.97
2025-10-16 07:13:00,2332433632.0434,0,0,0,0,0,0,0,604.92
2025-10-16 07:14:00,2309001514.43224,0,0,0,0,0,0,0,604.89
2025-10-16 07:15:00,2023349187.47719,0,0,0,0,0,0,0,604.8
2025-10-16 07:16:00,2369150702.02986,0,0,0,0,0,0,0,605.01
2025-10-16 07:17:00,2367178308.83329,0,0,0,0,0,0,0,604.98
2025-10-16 07:18:00,2473226236.79511,0,0,0,0,0,0,0,605.1
2025-10-16 07:19:00,2342206543.26594,0,0,0,0,0,0,0,605.06
2025-10-16 07:20:00,2346002054.12034,0,0,0,0,0,0,0,604.94
2025-10-16 07:21:00,2341993248.60629,0,0,0,0,0,0,0,605.06
2025-10-16 07:22:00,2352180587.02165,0,0,0,0,0,0,0,604.95
2025-10-16 07:23:00,2380728958.79692,0,0,0,0,0,0,0,605.04
2025-10-16 07:24:00,2380759480.69707,0,0,0,0,0,0,0,605.04
2025-10-16 07:25:00,2459722611.02923,0,0,0,0,0,0,0,605.08
2025-10-16 07:26:00,2291028453.49692,0,0,0,0,0,0,0,604.87
2025-10-16 07:27:00,1980206981.59455,0,0,0,0,0,0,0,604.74
2025-10-16 07:28:00,2315473963.97907,0,0,0,0,0,0,0,604.9
2025-10-16 07:29:00,2315410673.08128,0,0,0,0,0,0,0,604.9
2025-10-16 07:30:00,2465913391.2744,0,0,0,0,0,0,0,605.09
2025-10-16 07:31:00,2478222537.82942,0,0,0,0,0,0,0,605.11
2025-10-16 07:32:00,2472337376.53499,0,0,0,0,0,0,0,605.1
2025-10-16 07:33:00,2463337400.43735,0,0,0,0,0,0,0,605.28
2025-10-16 07:34:00,2869684204.2106,0,0,0,0,0,0,0,605.54
2025-10-16 07:35:00,2949182036.71435,0,0,0,0,0,0,0,605.63
2025-10-16 07:36:00,2666915122.33982,0,0,0,0,0,0,0,605.44
2025-10-16 07:37:00,2721631140.28884,0,0,0,0,0,0,0,605.4
2025-10-16 07:38:00,2931991981.60318,0,0,0,0,0,0,0,605.61
2025-10-16 07:39:00,2987365177.06553,0,0,0,0,0,0,0,605.68
2025-10-16 07:40:00,3056454523.35208,0,0,0,0,0,0,0,605.94
2025-10-16 07:41:00,3032017788.99547,0,0,0,0,0,0,0,605.97
2025-10-16 07:42:00,2932543588.34723,0,0,0,0,0,0,0,606.01
2025-10-16 07:43:00,2362376730.70943,0,0,0,0,0,0,0,606.09
2025-10-16 07:44:00,3190891045.80447,0,0,0,0,0,0,0,606.23
2025-10-16 07:45:00,3019388259.70808,0,0,0,0,0,0,0,606.31
2025-10-16 07:46:00,3155350212.35479,0,0,0,0,0,0,0,606.18
2025-10-16 07:47:00,2969583915.89414,0,0,0,0,0,0,0,606
2025-10-16 07:48:00,2620745268.54165,0,0,0,0,0,0,0,606.04
2025-10-16 07:49:00,2390416401.78397,0,0,0,0,0,0,0,606.12
2025-10-16 07:50:00,3155738469.57552,0,0,0,0,0,0,0,606.18
2025-10-16 07:51:00,3196561500.82731,0,0,0,0,0,0,0,606.24
2025-10-16 07:52:00,2371350529.05877,0,0,0,0,0,0,0,606.1
2025-10-16 07:53:00,3156183770.6543,0,0,0,0,0,0,0,606.18
2025-10-16 07:54:00,3200095094.75089,0,0,0,0,0,0,0,606.25
2025-10-16 07:55:00,3189412715.58408,0,0,0,0,0,0,0,606.34
2025-10-16 07:56:00,3192081568.21559,0,0,0,0,0,0,0,606.23
2025-10-16 07:57:00,3164425166.44056,0,0,0,0,0,0,0,606.19
2025-10-16 07:58:00,2884961414.01264,0,0,0,0,0,0,0,606.02
2025-10-16 07:59:00,2998412414.41456,0,0,0,0,0,0,0,605.99
2025-10-16 08:00:00,3057761975.42098,0,0,0,0,0,0,0,605.87
2025-10-16 08:01:00,2380419217.32819,0,0,0,0,0,0,0,606.11
2025-10-16 08:02:00,2971876657.36736,0,0,0,0,0,0,0,606
2025-10-16 08:03:00,3010716206.64166,0,0,0,0,0,0,0,605.73
2025-10-16 08:04:00,2732327355.64474,0,0,0,0,0,0,0,605.52
2025-10-16 08:05:00,2970993271.84904,0,0,0,0,0,0,0,605.66
2025-10-16 08:06:00,3011555561.75123,0,0,0,0,0,0,0,605.76
2025-10-16 08:07:00,3008036402.13292,0,0,0,0,0,0,0,605.72
2025-10-16 08:07:00,3011474499.75672,0,0,0,0,0,0,0,605.76
2025-10-16 08:08:00,2906210649.47971,0,0,0,0,0,0,0,605.83
2025-10-16 08:08:00,3050487933.05087,0,0,0,0,0,0,0,605.85
2025-10-16 08:09:00,2997088473.83626,0,0,0,0,0,0,0,605.81
2025-10-16 08:09:00,2906095070.35718,0,0,0,0,0,0,0,605.83
2025-10-16 08:10:00,3010591843.15847,0,0,0,0,0,0,0,605.8
2025-10-16 08:10:00,3014544934.43447,0,0,0,0,0,0,0,605.77
2025-10-16 08:11:00,3006650617.70193,0,0,0,0,0,0,0,605.75
2025-10-16 08:11:00,3054118988.95387,0,0,0,0,0,0,0,605.86
2025-10-16 08:12:00,3060471040.86888,0,0,0,0,0,0,0,605.88
2025-10-16 08:12:00,2906533196.43044,0,0,0,0,0,0,0,605.81
2025-10-16 08:13:00,3050678561.56751,0,0,0,0,0,0,0,605.85
2025-10-16 08:13:00,3050417451.60341,0,0,0,0,0,0,0,605.85
2025-10-16 08:14:00,3050561686.12798,0,0,0,0,0,0,0,605.85
2025-10-16 08:14:00,3064524102.97248,0,0,0,0,0,0,0,605.9
2025-10-16 08:15:00,3064581938.96522,0,0,0,0,0,0,0,605.91
2025-10-16 08:15:00,3058297659.52208,0,0,0,0,0,0,0,605.94
2025-10-16 08:16:00,3020198416.63734,0,0,0,0,0,0,0,605.98
2025-10-16 08:16:00,3033925863.69236,0,0,0,0,0,0,0,605.97
2025-10-16 08:17:00,2807888187.13395,0,0,0,0,0,0,0,606.03
2025-10-16 08:17:00,2894819451.20685,0,0,0,0,0,0,0,605.99
2025-10-16 08:18:00,2323255909.52179,0,0,0,0,0,0,0,606.05
2025-10-16 08:18:00,3000062220.22881,0,0,0,0,0,0,0,605.99
2025-10-16 08:19:00,3064083710.05276,0,0,0,0,0,0,0,605.92
2025-10-16 08:20:00,3009607917.79855,0,0,0,0,0,0,0,605.73
2025-10-16 08:21:00,2983877321.41308,0,0,0,0,0,0,0,605.68
2025-10-16 08:22:00,2730319325.85977,0,0,0,0,0,0,0,605.52
2025-10-16 08:23:00,2721067094.2546,0,0,0,0,0,0,0,605.51
2025-10-16 08:24:00,2976572581.11247,0,0,0,0,0,0,0,605.67
2025-10-16 08:25:00,2716434094.80949,0,0,0,0,0,0,0,605.43
2025-10-16 08:26:00,2672946443.33109,0,0,0,0,0,0,0,605.45
2025-10-16 08:27:00,2477487144.61546,0,0,0,0,0,0,0,605.19
2025-10-16 08:28:00,2487489631.0568,0,0,0,0,0,0,0,605.18
2025-10-16 08:29:00,2472214958.45143,0,0,0,0,0,0,0,605.11
2025-10-16 08:30:00,1319455242.22073,73033975.1048227,-7345.05743243242,-4897,-3005.84249999995,1034.72,-65.4357438010107,276.47,605.76
2025-10-16 08:31:00,1298163690.26956,179475179.000229,-1978.37649674203,-1377,4819.985,-1228.46,-209.515745143703,-359.89,606.31
2025-10-16 08:32:00,1219226785.85981,322846777.348351,23656.5471670802,11184,19358.9133333332,3597.97,-6.85531412026417,1022.27,605.81
2025-10-16 08:34:00,1178914590.21713,476138512.677561,11029.8229765731,5403,36519.2350000003,9125.08,312.559137744659,1916.31,606
2025-10-16 08:35:00,1293317001.19766,540189255.876887,1625.30586913087,1191,1859.29333333333,2667.93,-84.6361488521815,571.08,606.21
2025-10-16 08:36:00,1171349131.68802,506160483.675441,-10620.1059134692,-7179,-10807.365,-9155.9,80.8795694887858,-2080.79,605.845
2025-10-16 08:37:00,1214502190.50368,521672558.050326,5916.06186868686,1601,6107.13499999996,3853.08,82.8715049845389,871.18,605.65
2025-10-16 08:38:00,1124862131.48217,435415648.854537,-9061.21805527805,-2369,-4412.10399999999,447.000000000001,-155.735715577025,67.4799999999999,605.68
2025-10-16 08:39:00,1255946119.24499,523527317.3286,384.812465790924,-344,-630.949999999983,-130.93,-16.8057066028084,64.39,605.91
2025-10-16 08:40:00,1112375671.85704,435349313.204234,-175.016062271078,86,252.589999999963,-1973.75,34.1250138668658,-439.05,605.54
2025-10-16 08:41:00,1037860940.26925,383879909.051197,-3020.64598756371,-1511,-8100.66000000013,-795.569999999999,-42.6916876602396,-157.7,605.12
2025-10-16 08:42:00,1107513142.85226,395406509.308716,-10628.3274767376,-1715,-18760.2549999994,1528.91,-9.44899259489247,442.73,605.39
2025-10-16 08:43:00,1236990815.46749,520117119.638664,-23529.6785982537,-8183,-38214.2633333336,-11266.11,37.6297660554721,-2425.53,605.84
2025-10-16 08:44:00,1242861628.89627,547250017.52822,3901.78936781609,2142,8419.82,3144.25,265.730577506992,713.24,606.11
2025-10-16 08:45:00,1301287050.41494,629941411.93854,-7921.31165304723,-4398,-14229.0599999997,-9221.64,-114.78538439991,-2082.95,606.32
2025-10-16 08:46:00,1393464141.16907,905139536.898948,8669.62214765793,2482,19146.9966666667,6150.21,377.250330298423,1545.85,606.87
2025-10-16 08:47:00,1314648486.96559,983410274.009372,25363.1339987246,12256,39037.145,15895.57,441.485086292104,3861.86,606.51
2025-10-16 08:48:00,1250928281.37111,906374660.735137,-2544.19283718418,2828,-11377.8549999998,2274.45,66.4861289628558,717.71,605.806
2025-10-16 08:49:00,1117641818.41421,780192914.722959,-1942.57997444035,-1558,-3701.76999999998,-1030.82,-155.178680783572,-301.91,605.63
2025-10-16 08:50:00,807054047.225759,421831974.110554,-5545.71655127132,-2792,-18164.5599999999,-5651.86,195.361729707914,-1229.74,604.98
2025-10-16 08:51:00,883693196.786362,354550887.680387,-5512.7823726017,-1596,-10851.9000000002,-1264.17,4.21370481850204,-187.46,605.09
2025-10-16 08:52:00,1096328063.54402,571838841.795569,3319.72857142857,-198,7988.89999999999,-1313.48,-98.4357368932821,-443.01,605.198
2025-10-16 08:53:00,1032159143.08826,424324062.55891,-987.134718614665,659,-870.321666666528,-2521.09,42.3266112508426,-540.94,605.53
2025-10-16 08:54:00,1056941315.44836,456623822.293337,-978.109463911329,-578,1912.89166666672,1097.83,70.3099759023,239.48,605.58
2025-10-16 08:55:00,1213243797.26948,639888575.747901,-5596.73333333337,-2878,-4751.1000000001,-212.79,-53.7099358529282,-52.54,605.81
2025-10-16 08:56:00,1143194752.4013,518655378.520401,-1900.01628040304,710,655.079999999998,-1076.54,10.4987919416839,-163.65,605.9
2025-10-16 08:57:00,1068480366.82373,486485591.719653,8997.38937077538,8608,11623.7700000001,9640.62,-109.87837417245,2130.61,605.38
2025-10-16 08:58:00,1006150173.20129,375507020.647871,2360.970573239,806,4091.86500000006,740.34,52.47262807805,195.01,605.49
2025-10-16 08:59:00,1125177311.68688,481459581.742249,-2979.41387330529,117,-2804.02500000001,-813.65,-14.851463352329,-145.3,605.9
2025-10-16 09:00:00,1246302203.00896,661002293.262813,1275.06705465263,1622,3463.22466666668,3426.27,96.8607756252857,820.32,605.72
2025-10-16 09:01:00,928817481.626486,182551014.584166,4642.20603530228,3672,1093.83500000008,76.7200000000002,-49.8968620164204,30.25,605.24
2025-10-16 09:02:00,1143248788.64192,501185038.395912,5291.55508385745,4910,5904.95833333334,4239.16,-17.4022687510156,1010.53,605.49
2025-10-16 09:03:00,1067356859.29205,390501800.162806,8140.53607484185,3359,12554.3333333334,3581.54,-16.0180133819399,860.74,605.46
2025-10-16 09:04:00,1078229051.86292,349512915.14267,2220.51631385861,-1396,-49.9349999998199,-3095.81,69.8026278377907,-618.92,605.06
2025-10-16 09:05:00,1071636899.96605,301828410.930462,698.670146511557,2174,-414.968333333325,-855.04,150.434116287489,-224.3,605.485
2025-10-16 09:06:00,1095557629.78187,300118284.785656,1850.10108449713,-955,5123.17733333316,-3668.61,-3.76881579720767,-1002.78,605.8
2025-10-16 09:07:00,1132711129.12171,358520934.519422,3130.220862275,3133,2073.08499999996,2307.74,27.3574527193519,553.25,605.6
2025-10-16 09:08:00,993699855.662145,118832189.265397,4175.37468798002,1100,9958.72999999996,3775.1,11.096050606982,952.44,605.2
2025-10-16 09:09:00,1069778111.67001,197113001.667909,3484.66512834645,2183,5914.23000000008,2342.38,-55.8498056921029,525.23,605.42
2025-10-16 09:10:00,1076875518.45235,206656058.168263,-1318.91984126983,592,-462.874999999996,1724.55,-37.0107534158859,439.11,605.35
2025-10-16 09:11:00,925087794.92649,-128313069.842824,21087.2571161425,5015,17218.2749999999,4741.24,-83.6005371605008,1146.05,605.01
2025-10-16 09:13:00,952629225.43344,-324518399.114976,-27076.6229693579,-12910,-29167.1699999997,-11172.52,177.869931194546,-2832.65,605.04
2025-10-16 09:14:00,1046678861.6165,-174045937.355023,-983.644886199291,-542,3734.93500000003,3739.36,-214.186921374634,862.87,605.21
2025-10-16 09:15:00,1184036574.85258,90408223.2846029,-4004.6541562239,-2031,-2694.455,-1139.88,152.315742641424,-286.36,605.49
2025-10-16 09:16:00,1203697166.94809,100385213.454884,6443.91602591432,3392,3747.15125,-1307.96,16.6518165146842,-298.32,605.72
2025-10-16 09:17:00,1125128707.066,-73070018.5540657,2300.42337662338,2223,2383.50200000002,569.83,-87.461010624811,213.58,605.71
2025-10-16 09:18:00,1215554194.47012,144609405.063381,-933.035058509023,198,-589.959999999954,531.58,18.5110243412433,183.8,606.03
2025-10-16 09:19:00,1199289433.18919,45650759.6725463,-6476.54590357883,-2129,-9109.59,-3615.45,20.4420703304156,-893.47,605.73
2025-10-16 09:20:00,1226877263.83017,44316414.2188786,-1981.1948837692,5447,-675.329666666663,-114.11,-51.6182355774559,-19.97,605.81
2025-10-16 09:21:00,1229239186.13464,17100449.6318723,-5636.33333333334,-2290,-8273.695,-2831.11,-20.1790893393065,-737.88,605.97
2025-10-16 09:22:00,1399692161.87337,386874266.467711,-11397.3680520215,-4337,-5306.22500000002,-156.58,19.5238424319453,-150.31,606.47
2025-10-16 09:23:00,1404147891.84133,463687869.90301,-1941.40971145605,-1167,-4267.46666666662,-6056.57,-242.973356094332,-1549.34,606.48
2025-10-16 09:24:00,1230036566.00018,25379592.6187207,11836.1491858679,3773,17453.855,4296,-53.0417560282078,1079.68,606.255
2025-10-16 09:25:00,1330632253.61439,233679379.654888,11410.3429271709,6047,15697.2113333333,7560.49,15.8118821196664,1925.02,606.34
2025-10-16 09:26:00,1006707504.20908,-512796900.227663,942.652188538806,679,-2114.1275,-276.68,-76.9069625192379,-52.84,605.36
2025-10-16 09:27:00,1215543872.19592,-124282268.460858,-9584.44816529018,-1681,-17086.458,-5461.35,53.7320222366669,-1342.34,605.58
2025-10-16 09:28:00,1104516658.20107,-416365103.646045,218.957525866558,49,89.5799999999799,-470.58,-59.8823465351325,-135.5,605.57
2025-10-16 09:30:00,1224207640.44294,-82227909.3437922,-967.995664515122,-1193,-417.81999999998,-573.37,106.537371996302,-189.47,605.96
2025-10-16 09:31:00,1383954257.95609,337734185.51507,-45.7318226025256,772,585.218333333333,445.8,-46.5317135851604,97.3100000000001,606.18
2025-10-16 09:32:00,1298348974.59236,74608468.3114103,-12773.4370754313,-6318,-10305.07,-3467.34,-108.592805069209,-940.67,606.53
2025-10-16 09:33:00,1355331597.93788,223629421.001455,106.164102564105,625,603.706666666671,281.77,-70.4612576637188,61.08,606.49
2025-10-16 09:34:00,1326786659.62394,120127403.900787,-1955.13696290796,-2912,-2697.30666666667,-4151.67,11.2081438911252,-1094,606.34
2025-10-16 09:35:00,1396225041.16368,336187353.999502,642.417943382341,1382,696.19,1198.55,108.647691296468,301.49,606.62
2025-10-16 09:36:00,1457068093.58733,567005008.133075,-112.699603174594,873,-1297.11333333329,-809.18,114.451016399328,-194.4,606.94
2025-10-16 09:37:00,1481595592.46186,647759822.339288,-620.431887083989,-4186,-886.131000000008,-3494.05,-0.860422486983261,-885.53,607.021
2025-10-16 09:38:00,1557370180.89157,992227397.145523,-2108.46656335118,110,4110.63333333333,4822.42,455.155685628237,1199.76,607.41
2025-10-16 09:39:00,1420234912.2289,596833361.005323,8648.85833333332,5599,8116.96499999999,2796.21,-153.21254257837,668.39,607.01
2025-10-16 09:40:00,1436555937.51646,666126524.256758,6079.73076923074,2648,11077.6299999999,5407.82,107.212003403762,1436.45,607.04
2025-10-16 09:41:00,1564653293.73665,1133477562.60822,-2904.08978340043,-3958,-3008.23000000001,-5060.24,-12.4984623778357,-1282.57,607.4
2025-10-16 09:42:00,1632516085.54169,1430725056.74627,1850.44207482186,2383,3505.594,-1066.87,-143.047123663145,-123.82,607.88
2025-10-16 09:43:00,1710972295.02417,1820658438.61696,-584.402968819387,-3758,1811.55833333333,-6420.71,-44.9011963737043,-1452.39,608.15
2025-10-16 09:44:00,1753813015.4391,2006226092.49466,-1177.42784739624,513,-1699.29333333329,-783.65,17.8342838119378,-102.41,608.27
2025-10-16 09:45:00,1751468218.22245,1881582040.72722,-673.666383430663,2149,-3955.90749999991,-5862.89,706.087508192744,-1218.07,608.28
2025-10-16 09:46:00,1627038416.95854,1391938242.68996,3925.88943929394,868,3958.84000000002,3542.67,-63.7738226985459,966.6,607.8
2025-10-16 09:47:00,1615481759.45257,1448213165.28506,12125.503110924,9327,15273.9933333334,9510.56,-18.7583058494022,2662.72,607.63
2025-10-16 09:48:00,1540475895.53803,1092990583.54381,3412.81450555276,2761,530.719999999999,533.31,108.028544184942,185.77,607.2
2025-10-16 09:49:00,1550924303.79593,1280578522.4331,-3238.20904748462,-2195,-10272.6583333334,-4191.36,102.919351771527,-1028.15,607.34
2025-10-16 09:50:00,1376202647.31752,656468527.865411,1653.45325630252,624,4240.6225,2232.18,-43.1873470663885,550.1,607
2025-10-16 09:51:00,1495498399.314,1130636972.21082,-14137.5106429428,-4075,-20990.6975000002,-5596.14,253.305359866076,-1451.42,606.97
2025-10-16 09:52:00,1441118875.68649,850135263.647119,-7827.61188141926,-7318,-8536.86500000007,-6656.29,-76.7852510077638,-1848.77,606.965
2025-10-16 09:53:00,1479935852.40588,971909588.085446,-979.219108669106,382,-1682.59399999999,-490.65,-88.8627657500743,-237.14,606.9
2025-10-16 09:54:00,1448992951.0053,812597997.954888,-9237.81666666665,-3485,-14169.945,-5735.32,-33.5732877845764,-1572.3,606.965
2025-10-16 09:55:00,1580993292.51671,1373198711.77703,6.67763347763676,-842,2712.99000000001,108.76,25.3092795407175,175.52,607.34
2025-10-16 09:56:00,1536092333.8187,1455161017.12267,37965.780952381,5503,53057.8766666668,5310.73,114.670733035634,1533.66,607.3
2025-10-16 09:57:00,1492974528.96336,1128332146.76396,2507.52729885057,3587,5238.40999999999,5777.58,2.97180694334537,1687.56,607.07
2025-10-16 09:58:00,1215651913.40962,-68503502.7397726,3824.64292885831,1071,2590.26500000004,-489.27,50.5992127351993,-146.98,606.36
2025-10-16 09:59:00,1418706682.37191,751676192.912102,4904.29894957976,2927,9495.31666666653,5144.45,-229.776737956134,1424.23,606.57
2025-10-16 10:00:00,1426465126.12705,734764221.490651,-1971.13095238091,-87,8505.8700000001,2402.66,-153.882417707114,654.69,606.62
2025-10-16 10:01:00,1417543181.52797,649680565.19138,2717.78493788822,2086,2851.99000000006,1856.17,-37.9628605049679,509.09,606.58
2025-10-16 10:02:00,1447747472.98348,790239382.913341,-2285.5606060606,401,-6685.92999999999,-1957.17,-35.823172604713,-535.74,606.71
2025-10-16 10:03:00,1495557644.73746,968073663.959707,1167.13703296703,1120,-356.919999999998,376.71,-69.7446594374024,106.78,606.87
2025-10-16 10:04:00,1370315823.15369,437032333.557567,4993.62539302802,3155,6279.595,5652.91,44.3024450689614,1593.32,606.47
2025-10-16 10:05:00,1482910516.21274,937126127.83542,4246.47522260937,1384,2568.97000000001,-832.27,-131.536476320402,-208.19,606.8
2025-10-16 10:06:00,1208361137.75889,-225745906.058635,526.841414141422,-1801,-3666.39499999997,-1321.12,182.830616099502,-432.98,605.87
2025-10-16 10:07:00,1393186222.83528,545876179.07262,-2991.8757936508,-68,-884.900000000011,-834.33,27.9153156096711,-149.81,606.73
2025-10-16 10:08:00,1443973189.23851,810402976.97536,973.30952380953,-35,-309.149999999986,1496.6,76.5003782097084,521,606.85
2025-10-16 10:09:00,1506346747.00503,1109287697.94781,-4639.67182539683,-1693,-6120.06600000001,-2247.33,-65.0200087412708,-720.56,606.98
2025-10-16 10:10:00,1434907944.50298,700547357.130703,-885.679894179918,-622,-331.813333333359,-7.46999999999991,12.1144320985144,21.26,606.87
2025-10-16 10:11:00,1484611862.48982,1057408488.97373,-1668.28571428572,-2365,-1658.48000000001,-2584.04,160.529181643922,-667.31,606.89
2025-10-16 10:12:00,1541828891.00054,1353832432.66774,-2891.50357142856,-2873,-3896.81999999997,-3409.08,-154.243576618554,-985.63,607.14
2025-10-16 10:13:00,1511827077.16036,1158232407.50007,-895.057142857149,-1086,-1675.91900000002,-1185.11,-19.8524965429333,-351.09,606.99
2025-10-16 10:14:00,1535906657.43428,1236263381.0597,1159.1552631579,545,2934.825,1831.84,-13.816323039014,508.5,606.99
2025-10-16 10:15:00,1489408976.36743,1140160893.73203,356.026735270379,967,238.124999999999,592.49,20.8954784762034,164.24,606.931
2025-10-16 10:16:00,1454776077.7405,944056301.711543,-10308.4111111111,-3990,-13542.4066666667,-4352.17,14.6846097187501,-1261.95,606.64
2025-10-16 10:17:00,1406665780.94629,669288555.901893,-1587.71428571429,-794,-1934.025,-864.55,15.8051890463304,-243.08,606.64
2025-10-16 10:18:00,1422086662.78433,793548438.779785,-1129.35,-1119,-552.495000000003,-48.03,-34.1537627478226,-17.07,606.71
2025-10-16 10:19:00,1513682620.40561,1272466630.23913,4294.45238095238,3632,2005.39,1352.11,79.4359225186595,429.83,606.89
2025-10-16 10:20:00,1545267946.24564,1507067553.53315,3062.68553113553,933,4903.66500000001,1484.59,-23.2513067920601,385.72,606.99
2025-10-16 10:21:00,1489750182.49212,1160291279.487,1178.67423687424,1213,1808.84,1280.14,-42.8617871331409,357.7,606.83
2025-10-16 10:22:00,1449248039.97936,994047552.17114,-2048.59055555555,-1207,-4038.54,-3437.95,51.6054431816998,-955.1,606.58
2025-10-16 10:23:00,1453553628.5193,982074155.229735,1260.43452380953,-687,1401.33666666667,-501.8,-26.5423998971841,-177.66,606.52
2025-10-16 10:25:00,1339954347.75588,332321249.717575,-12346.1333333333,-8571,-12053.11,-7583.39,2.1859840607669,-2214.08,606.16
2025-10-16 10:26:00,1141406705.28842,-634077084.250508,9186.4257400254,4709,19536.3799999993,3625.21,-296.21242097339,822.62,605.45
2025-10-16 10:28:00,941545759.465998,-1533341247.59158,4114.61246447043,15164,2871.44833333335,25233.48,-822.19253746898,6163.18,604.79
2025-10-16 10:29:00,915318944.587249,-1708894171.22057,1733.57918722109,3465,167.795000000109,5853.66,19.4836860649497,1593.66,604.71
2025-10-16 10:31:00,803507377.540354,-2143061735.58515,-9145.16298372843,-7516,-9789.36749999986,-5559.08,223.105294709735,-1372.34,604.23
2025-10-16 10:34:00,979584709.889098,-1386270906.08426,21778.0898660926,11860,13500.9550000001,-4072.88,-576.622016566558,-1103.68,604.88
2025-10-16 10:36:00,1050686537.12158,-1479583261.56776,660.724724552176,9670,1113.82800000005,2995.07,-132.553292240268,1083.57,605.36
2025-10-16 10:38:00,1192435903.81043,-777786472.14193,3779.02240537242,244,4860.26066666669,-1093.15,437.593616920372,-341.75,605.59
2025-10-16 10:41:00,696781269.01452,-2678511424.94716,-4757.54562960434,-8783,-17429.2375,-15491.06,211.765973162279,-3862.02,604.22
2025-10-16 10:42:00,713454317.012406,-2772688975.70385,19171.324383839,13552,18863.72,16857.69,-175.101205418738,4113.42,603.92
2025-10-16 10:46:00,609022367.422824,-3539169086.76168,-11993.600836911,-30564,-7448.27833333359,-38613.01,-32.4280300192668,-8994.74,603.56
2025-10-16 10:47:00,615775978.259706,-3530664127.97766,3606.43034736418,2437,9891.86833333334,5126.68,-2.00398152049733,1216.2,603.48
2025-10-16 10:52:00,767161935.184723,-3197461260.33544,-56262.8413921068,-10895,-48213.4100000005,-5191.2,-292.014693381235,-2089.49,604.12
2025-10-16 10:54:00,711250390.846634,-3452567121.82427,1545.38657725981,2628,1717.5135,3903.68,151.936056514272,920.46,603.77
2025-10-16 11:03:00,666889955.454417,-3679930875.03485,-30942.4534726323,-23885,-50810.3449999999,-32753.39,-127.331798487034,-8124.81,603.33
2025-10-16 11:05:00,477527215.493745,-4590448322.19017,-58766.6608011665,-23599,-111984.400000001,-44641.72,354.264363673063,-10385.74,602.68
2025-10-16 11:12:00,590538049.17853,-4770012992.48772,25359.9787617668,19020,47287.4666666671,30963.53,253.031836983184,7938.66,603.41
2025-10-16 11:13:00,717946864.633824,-4380316139.10355,1679.69142178643,125,5232.72499999997,709.42,-0.0919493961492464,215.91,603.83
2025-10-16 11:27:00,603725635.133816,-4939316088.96752,22564.4913460208,13954,22551.53,12651.64,254.157761828304,3350.59,603.54
2025-10-16 11:29:00,-18261694.2297647,-7140815579.25703,-19837.1720079806,-28385,-26994.4300000001,-12638.41,214.831898144278,-3319.5,601.42
2025-10-16 11:33:00,-185786432.961339,-5854055097.33336,-5841.95246536807,-19917,29008.5146666668,-13448.24,-81.2357740906342,-2433.77,599.8
2025-10-16 11:35:00,-367731887.818394,-6813729907.29287,-78474.2092750431,-28749,-82698.4920000015,-8473.78,-447.399320453622,-1829.05,599.65
2025-10-16 11:40:00,-252204680.98476,-5736478061.8805,-6042.31618412368,2987,-21713.2941666666,7202.86,-156.975947213283,1429.45,599.04
2025-10-16 11:42:00,-623855661.898362,-6767184717.28149,-10502.4619703327,-5817,-14137.48,1683.64,-211.870319145765,109.49,598.4
2025-10-16 11:51:00,-732544354.269045,-7404894080.48495,9506.53248448107,-2402,11550.5000000008,18382.68,200.014346273997,3725.08,598.21
2025-10-16 11:53:00,-319431051.944217,-6599374251.25767,56004.1251549663,18886,51046.9366666666,3184.77999999999,213.913439219014,1518.13,599.93
2025-10-16 11:57:00,-208434056.917039,-6334062725.0154,-2767.77545725085,-9578,10488.8891666666,-9411.9,-12.5744436141114,-2086.21,600.4
2025-10-16 11:58:00,72580110.4571097,-5765448620.2058,-10143.2166749408,-15824,1314.41291666665,-7478.79,-296.215624050705,-1534.22,601.67
2025-10-16 12:06:00,332776424.242382,-4711626985.06577,21966.3220103165,22576,24341.2538333334,23520.74,417.946846650481,5878.62,602.41
2025-10-16 12:09:00,173852485.909988,-5049860535.37641,-61987.1045784441,-25121,-10619.1683636362,-15450.35,-55.2254833831399,-3647.98,601.8
2025-10-16 12:12:00,199150355.335448,-5238177666.46094,-6080.2760691144,-2854,-5689.88299999999,-4741.96,560.698591934931,-1344.05,602
2025-10-16 12:13:00,228094275.322751,-4974437191.84187,-1741.52618399564,-962,-2737.614,-1171.92,25.6228530456475,-305.32,601.92
2025-10-16 12:19:00,74092528.0209817,-6154250677.94279,5885.69372015424,1559,13431.4416666666,5231.25,278.143861754705,1408.56,601.39
2025-10-16 12:21:00,360398263.372805,-4991272956.02702,12316.9722240802,6286,25039.1225,7378.57,318.760818667854,1927.49,602.465
2025-10-16 12:26:00,362319856.878287,-5073614718.81395,0,0,0,0,0,0,602.465
2025-10-16 12:33:00,401367065.645004,-4743593380.50828,19948.6277369993,14278,42924.3216666666,30592.32,1202.17736230903,9738.45,602.44
2025-10-16 12:35:00,320724780.522433,-5508861785.63316,-309.428787878788,-398,-416.108333333334,-515.42,-1.43607221363822,-163.91,602.31
2025-10-16 12:43:00,-63121319.7668606,-6564205771.93606,-9555.73431678156,-15727,-23956.638,-16990.9,-312.876520848137,-5652.68,600.74
2025-10-16 12:45:00,-59201281.1140407,-6802556539.38522,403.824530851508,-232,-325.275476190478,-701.04,17.0261391404899,-235.73,600.81
2025-10-16 12:59:00,-147795655.116467,-7691087249.48531,-13581.2578793144,-18273,-23055.0396666667,-21463.44,-5.6971941394867,-6292.38,600.59
2025-10-16 13:00:00,-124189965.406324,-7988997041.91982,-9074.12167959061,-13330,-16294.68,-22232.21,342.404979986028,-6528.36,600.71
2025-10-16 13:12:00,-372124433.454636,-8805947812.66915,-2148.73023715067,-6010,-6874.60399999999,-7804.12,413.32960624827,-2254.56,599.926
2025-10-16 13:12:00,-967639592.538538,-8798922879.20608,27615.1219267887,40958,1377.17866666678,43807.15,-554.294144249925,9647.81,597.02
2025-10-16 13:17:00,-977462456.679599,-8959168797.59314,0,0,0,0,0,0,597.02
2025-10-16 13:25:00,-998120201.966381,-9298711602.08147,0,0,0,0,0,0,597.02
2025-10-16 13:34:00,-1021151618.31247,-9681257142.16285,0,0,0,0,0,0,597.02
2025-10-16 13:43:00,-1045917495.74239,-10097209418.924,0,0,0,0,0,0,597.02
2025-10-16 13:52:00,-1072689756.4839,-10552121099.2463,0,0,0,0,0,0,597.02
2025-10-16 14:01:00,-1101879607.99039,-11054234551.4312,0,0,0,0,0,0,597.02
2025-10-16 14:11:00,-1133810082.36113,-11610676157.1758,0,0,0,0,0,0,597.02
2025-10-16 14:20:00,-1169315561.49448,-12238039517.0554,0,0,0,0,0,0,597.02
2025-10-16 14:31:00,-1209429514.38544,-12957380851.4459,0,0,0,0,0,0,597.02
2025-10-16 14:41:00,-1253764060.12865,-13764594210.1489,0,0,0,0,0,0,597.02
2025-10-16 14:52:00,-1302179187.2226,-14658751593.5755,0,0,0,0,0,0,597.02
2025-10-16 15:03:00,-1355829310.12314,-15660089186.0648,0,0,0,0,0,0,597.02
2025-10-16 15:15:00,-1412753504.79645,-16723053457.9361,0,0,0,0,0,0,597.02
2025-10-16 15:25:00,-1470265046.31009,-17774568664.618,0,0,0,0,0,0,597.02
2025-10-16 15:36:00,-1531013381.60264,-18820285864.6267,0,0,0,0,0,0,597.02
2025-10-16 16:06:00,766971012.707026,18793189914.4679,98410.7535075955,97297,-11012.2228766353,38144.68,101524.848933763,57393.87,598.95
2025-10-16 16:10:00,-252905331.103236,-8516833049.29021,0,0,0,0,0,0,598.79
