Time,Activo,SPOT,absorption_score,exhaustion_score,failed_squeeze_flag,bullish_absorption,bearish_absorption,dealer_absorption
2026-08-27 20:12:29,GLD,421.6,0.0,0.0,0,0,0,0
2026-08-27 20:13:20,GLD,421.33,0.0,0.0,0,0,0,0
2026-08-27 20:14:20,GLD,421.3,0.0,0.0,0,0,0,0
2026-08-27 20:15:20,GLD,421.31,0.0,0.0,0,0,0,0
2026-08-27 20:16:20,GLD,421.28,0.0,25.0,0,0,0,0
2026-08-27 20:17:23,GLD,421.33,0.0,0.0,0,0,0,0
2026-08-27 20:18:23,GLD,421.38,0.0,0.0,0,0,0,0
2026-08-27 20:19:23,GLD,421.73,0.0,0.0,0,0,0,0
2026-08-27 20:20:22,GLD,421.48,0.0,0.0,0,0,0,0
2026-08-27 20:21:22,GLD,421.53,0.0,0.0,0,0,0,0
2026-08-27 20:22:25,GLD,421.65,0.0,0.0,0,0,0,0
2026-08-27 20:23:21,GLD,421.64,0.0,0.0,0,0,0,0
2026-08-27 20:24:29,GLD,421.27,0.0,0.0,0,0,0,0
2026-08-27 20:25:32,GLD,421.15,0.0,0.0,0,0,0,0
2026-08-27 20:26:29,GLD,421.02,0.0,0.0,0,0,0,0
2026-08-27 20:27:31,GLD,420.61,0.0,0.0,0,0,0,0
2026-08-27 20:28:23,GLD,420.59,0.0,0.0,0,0,0,0
2026-08-27 20:29:21,GLD,420.55,0.0,0.0,0,0,0,0
2026-08-27 20:30:21,GLD,420.52,0.0,0.0,0,0,0,0
2026-08-27 20:31:21,GLD,420.74,0.0,0.0,0,0,0,0
2026-08-27 20:32:21,GLD,420.55,0.0,0.0,0,0,0,0
2026-08-27 20:33:21,GLD,420.58,0.0,0.0,0,0,0,0
2026-08-27 20:34:21,GLD,420.66,0.0,0.0,0,0,0,0
2026-08-27 20:35:21,GLD,420.71,0.0,0.0,0,0,0,0
2026-08-27 20:36:20,GLD,420.76,0.0,0.0,0,0,0,0
2026-08-27 20:37:21,GLD,420.55,0.0,0.0,0,0,0,0
2026-08-27 20:38:21,GLD,420.5,0.0,0.0,0,0,0,0
2026-08-27 20:39:20,GLD,420.36,0.0,0.0,0,0,0,0
2026-08-27 20:40:21,GLD,420.08,0.0,0.0,0,0,0,0
2026-08-27 20:41:21,GLD,419.96,0.0,0.0,0,0,0,0
2026-08-27 20:42:21,GLD,420.08,0.0,0.0,0,0,0,0
2026-08-27 20:43:21,GLD,420.28,0.0,0.0,0,0,0,0
2026-08-27 20:44:21,GLD,420.28,0.0,0.0,0,0,0,0
2026-08-27 20:45:21,GLD,420.09,0.0,0.0,0,0,0,0
2026-08-27 20:46:21,GLD,420.0,0.0,0.0,0,0,0,0
2026-08-27 20:47:21,GLD,420.13,0.0,0.0,0,0,0,0
2026-08-27 20:48:21,GLD,420.01,0.0,0.0,0,0,0,0
2026-08-27 20:49:21,GLD,420.11,0.0,0.0,0,0,0,0
2026-08-27 20:50:21,GLD,420.27,0.0,0.0,0,0,0,0
2026-08-27 20:51:21,GLD,420.31,0.0,0.0,0,0,0,0
2026-08-27 20:52:21,GLD,420.21,0.0,0.0,0,0,0,0
2026-08-27 20:53:21,GLD,419.9,0.0,0.0,0,0,0,0
2026-08-27 20:54:21,GLD,419.78,0.0,0.0,0,0,0,0
2026-08-27 20:55:21,GLD,419.89,0.0,0.0,0,0,0,0
2026-08-27 20:56:20,GLD,419.79,0.0,0.0,0,0,0,0
2026-08-27 20:57:21,GLD,419.76,0.0,0.0,0,0,0,0
2026-08-27 20:58:21,GLD,419.71,0.0,0.0,0,0,0,0
2026-08-27 20:59:21,GLD,419.68,0.0,0.0,0,0,0,0
2026-08-27 21:00:20,GLD,419.69,0.0,0.0,0,0,0,0
2026-08-27 21:01:21,GLD,419.7,0.0,0.0,0,0,0,0
2026-08-27 21:02:21,GLD,419.69,0.0,0.0,0,0,0,0
2026-08-27 21:03:20,GLD,419.84,0.0,0.0,0,0,0,0
2026-08-27 21:04:20,GLD,419.68,0.0,0.0,0,0,0,0
2026-08-27 21:05:21,GLD,419.87,0.0,0.0,0,0,0,0
2026-08-27 21:06:21,GLD,419.96,0.0,0.0,0,0,0,0
2026-08-27 21:07:21,GLD,419.89,0.0,0.0,0,0,0,0
2026-08-27 21:08:20,GLD,419.89,0.0,0.0,0,0,0,0
2026-08-27 21:09:21,GLD,420.18,0.0,0.0,0,0,0,0
2026-08-27 21:10:21,GLD,420.15,0.0,0.0,0,0,0,0
2026-08-27 21:11:20,GLD,420.2,0.0,0.0,0,0,0,0
2026-08-27 21:12:20,GLD,420.01,0.0,0.0,0,0,0,0
2026-08-27 21:13:20,GLD,420.11,0.0,0.0,0,0,0,0
2026-08-27 21:14:20,GLD,420.15,0.0,0.0,0,0,0,0
2026-08-27 21:15:21,GLD,420.1,0.0,0.0,0,0,0,0
2026-08-27 21:16:20,GLD,420.05,0.0,0.0,0,0,0,0
2026-08-27 21:17:20,GLD,420.0,0.0,0.0,0,0,0,0
2026-08-27 21:18:21,GLD,420.0,0.0,0.0,0,0,0,0
2026-08-27 21:19:21,GLD,420.05,0.0,0.0,0,0,0,0
2026-08-27 21:20:20,GLD,420.1,0.0,0.0,0,0,0,0
2026-08-27 21:21:21,GLD,420.1,0.0,0.0,0,0,0,0
2026-08-27 21:22:21,GLD,420.11,0.0,0.0,0,0,0,0
2026-08-27 21:23:21,GLD,420.2,0.0,0.0,0,0,0,0
2026-08-27 21:24:21,GLD,420.29,0.0,0.0,0,0,0,0
2026-08-27 21:25:21,GLD,420.44,0.0,0.0,0,0,0,0
2026-08-27 21:26:20,GLD,420.38,0.0,0.0,0,0,0,0
2026-08-27 21:27:21,GLD,420.31,0.0,0.0,0,0,0,0
2026-08-27 21:28:20,GLD,420.35,0.0,0.0,0,0,0,0
2026-08-27 21:29:21,GLD,420.39,0.0,0.0,0,0,0,0
2026-08-27 21:30:20,GLD,420.47,0.0,0.0,0,0,0,0
2026-08-27 21:31:21,GLD,420.67,0.0,0.0,0,0,0,0
2026-08-27 21:32:21,GLD,420.49,0.0,0.0,0,0,0,0
2026-08-27 21:33:21,GLD,420.5,0.0,0.0,0,0,0,0
2026-08-27 21:34:20,GLD,420.48,0.0,0.0,0,0,0,0
2026-08-27 21:35:21,GLD,420.64,0.0,0.0,0,0,0,0
2026-08-27 21:36:21,GLD,420.65,0.0,0.0,0,0,0,0
2026-08-27 21:37:21,GLD,420.61,0.0,0.0,0,0,0,0
2026-08-27 21:38:21,GLD,420.61,0.0,0.0,0,0,0,0
2026-08-27 21:39:21,GLD,420.83,0.0,0.0,0,0,0,0
2026-08-27 21:40:20,GLD,420.76,0.0,0.0,0,0,0,0
2026-08-27 21:41:21,GLD,420.72,0.0,0.0,0,0,0,0
2026-08-27 21:42:21,GLD,420.55,0.0,0.0,0,0,0,0
2026-08-27 21:43:20,GLD,420.57,0.0,0.0,0,0,0,0
2026-08-27 21:44:20,GLD,420.44,0.0,0.0,0,0,0,0
2026-08-27 21:45:21,GLD,420.46,0.0,0.0,0,0,0,0
2026-08-27 21:46:21,GLD,420.36,0.0,0.0,0,0,0,0
2026-08-27 21:47:21,GLD,420.45,0.0,0.0,0,0,0,0
2026-08-27 21:48:20,GLD,420.35,0.0,0.0,0,0,0,0
2026-08-27 21:49:20,GLD,420.57,0.0,0.0,0,0,0,0
2026-08-27 21:50:20,GLD,420.52,0.0,0.0,0,0,0,0
2026-08-27 21:51:21,GLD,420.61,0.0,0.0,0,0,0,0
2026-08-27 21:52:20,GLD,420.68,0.0,0.0,0,0,0,0
2026-08-27 21:53:21,GLD,420.67,0.0,0.0,0,0,0,0
2026-08-27 21:54:20,GLD,420.61,0.0,0.0,0,0,0,0
2026-08-27 21:55:20,GLD,420.6,0.0,0.0,0,0,0,0
2026-08-27 21:56:21,GLD,420.36,0.0,0.0,0,0,0,0
2026-08-27 21:57:20,GLD,420.5,0.0,0.0,0,0,0,0
2026-08-27 21:58:21,GLD,420.5,0.0,0.0,0,0,0,0
2026-08-27 21:59:20,GLD,420.6,0.0,0.0,0,0,0,0
2026-08-27 22:00:20,GLD,420.61,0.0,0.0,0,0,0,0
2026-08-27 22:01:21,GLD,420.68,0.0,0.0,0,0,0,0
2026-08-27 22:02:20,GLD,420.67,0.0,0.0,0,0,0,0
2026-08-27 22:03:20,GLD,420.62,0.0,0.0,0,0,0,0
2026-08-27 22:04:20,GLD,420.68,0.0,0.0,0,0,0,0
2026-08-27 22:05:21,GLD,420.68,0.0,0.0,0,0,0,0
2026-08-27 22:06:20,GLD,420.74,0.0,0.0,0,0,0,0
2026-08-27 22:07:21,GLD,420.64,0.0,0.0,0,0,0,0
2026-08-27 22:08:20,GLD,420.62,0.0,0.0,0,0,0,0
2026-08-27 22:09:21,GLD,420.57,0.0,0.0,0,0,0,0
2026-08-27 22:10:20,GLD,420.64,0.0,0.0,0,0,0,0
2026-08-27 22:11:20,GLD,420.7,0.0,0.0,0,0,0,0
2026-08-27 22:12:20,GLD,420.7,0.0,0.0,0,0,0,0
2026-08-27 22:13:20,GLD,420.56,0.0,0.0,0,0,0,0
2026-08-27 22:14:20,GLD,420.47,0.0,0.0,0,0,0,0
2026-08-27 22:15:21,GLD,420.46,0.0,0.0,0,0,0,0
2026-08-27 22:16:21,GLD,420.63,0.0,0.0,0,0,0,0
2026-08-27 22:17:20,GLD,420.62,0.0,0.0,0,0,0,0
2026-08-27 22:18:20,GLD,420.8,0.0,0.0,0,0,0,0
2026-08-27 22:19:20,GLD,420.71,0.0,0.0,0,0,0,0
2026-08-27 22:20:20,GLD,420.69,0.0,0.0,0,0,0,0
2026-08-27 22:21:20,GLD,420.72,0.0,0.0,0,0,0,0
2026-08-27 22:22:20,GLD,420.83,0.0,0.0,0,0,0,0
2026-08-27 22:23:20,GLD,420.85,0.0,0.0,0,0,0,0
2026-08-27 22:24:20,GLD,420.85,0.0,0.0,0,0,0,0
2026-08-27 22:25:21,GLD,420.91,0.0,0.0,0,0,0,0
2026-08-27 22:26:20,GLD,420.74,0.0,0.0,0,0,0,0
2026-08-27 22:27:20,GLD,420.7,0.0,0.0,0,0,0,0
2026-08-27 22:28:20,GLD,420.67,0.0,0.0,0,0,0,0
2026-08-27 22:29:21,GLD,420.77,0.0,0.0,0,0,0,0
2026-08-27 22:30:23,GLD,420.7,0.0,0.0,0,0,0,0
2026-08-27 22:31:21,GLD,420.48,0.0,0.0,0,0,0,0
2026-08-27 22:32:20,GLD,420.47,0.0,0.0,0,0,0,0
2026-08-27 22:33:20,GLD,420.51,0.0,0.0,0,0,0,0
2026-08-27 22:34:20,GLD,420.38,0.0,0.0,0,0,0,0
2026-08-27 22:35:21,GLD,420.34,0.0,0.0,0,0,0,0
2026-08-27 22:36:20,GLD,420.34,0.0,0.0,0,0,0,0
2026-08-27 22:37:20,GLD,420.36,0.0,0.0,0,0,0,0
2026-08-27 22:38:20,GLD,420.28,0.0,0.0,0,0,0,0
2026-08-27 22:39:20,GLD,420.27,0.0,0.0,0,0,0,0
2026-08-27 22:40:21,GLD,420.28,0.0,0.0,0,0,0,0
2026-08-27 22:41:21,GLD,420.33,0.0,0.0,0,0,0,0
2026-08-27 22:42:21,GLD,420.16,0.0,0.0,0,0,0,0
2026-08-27 22:43:20,GLD,420.27,0.0,0.0,0,0,0,0
2026-08-27 22:44:21,GLD,420.23,0.0,0.0,0,0,0,0
2026-08-27 22:45:21,GLD,420.16,0.0,0.0,0,0,0,0
2026-08-27 22:46:20,GLD,420.05,0.0,0.0,0,0,0,0
2026-08-27 22:47:21,GLD,420.06,0.0,0.0,0,0,0,0
2026-08-27 22:48:20,GLD,420.04,0.0,0.0,0,0,0,0
2026-08-27 22:49:20,GLD,420.06,0.0,0.0,0,0,0,0
2026-08-27 22:50:20,GLD,420.1,0.0,0.0,0,0,0,0
2026-08-27 22:51:21,GLD,420.02,0.0,0.0,0,0,0,0
2026-08-27 22:52:20,GLD,420.07,0.0,0.0,0,0,0,0
2026-08-27 22:53:20,GLD,420.03,0.0,0.0,0,0,0,0
2026-08-27 22:54:20,GLD,419.98,0.0,0.0,0,0,0,0
2026-08-27 22:55:20,GLD,420.03,0.0,0.0,0,0,0,0
2026-08-27 22:56:21,GLD,419.96,0.0,0.0,0,0,0,0
2026-08-27 22:57:20,GLD,419.96,0.0,0.0,0,0,0,0
2026-08-27 22:58:21,GLD,419.97,0.0,0.0,0,0,0,0
2026-08-27 22:59:21,GLD,419.98,0.0,0.0,0,0,0,0
2026-08-27 23:00:20,GLD,420.04,0.0,0.0,0,0,0,0
2026-08-27 23:01:20,GLD,420.09,0.0,0.0,0,0,0,0
2026-08-27 23:02:20,GLD,419.98,0.0,0.0,0,0,0,0
2026-08-27 23:03:21,GLD,420.02,0.0,0.0,0,0,0,0
2026-08-27 23:04:20,GLD,419.99,0.0,0.0,0,0,0,0
2026-08-27 23:05:21,GLD,420.0,0.0,0.0,0,0,0,0
2026-08-27 23:06:20,GLD,419.94,0.0,0.0,0,0,0,0
2026-08-27 23:07:20,GLD,419.92,0.0,0.0,0,0,0,0
2026-08-27 23:08:20,GLD,419.89,0.0,0.0,0,0,0,0
2026-08-27 23:09:21,GLD,419.98,0.0,0.0,0,0,0,0
2026-08-27 23:10:20,GLD,420.02,0.0,0.0,0,0,0,0
2026-08-27 23:11:21,GLD,420.0,0.0,0.0,0,0,0,0
2026-08-27 23:12:21,GLD,420.0,0.0,0.0,0,0,0,0
2026-08-27 23:13:20,GLD,420.0,0.0,0.0,0,0,0,0
2026-08-27 23:14:21,GLD,420.05,0.0,0.0,0,0,0,0
2026-08-27 23:15:20,GLD,419.97,0.0,0.0,0,0,0,0
2026-08-27 23:16:20,GLD,420.13,0.0,0.0,0,0,0,0
2026-08-27 23:17:21,GLD,420.14,0.0,0.0,0,0,0,0
2026-08-27 23:18:20,GLD,420.23,0.0,0.0,0,0,0,0
2026-08-27 23:19:20,GLD,420.22,0.0,0.0,0,0,0,0
2026-08-27 23:20:20,GLD,420.31,0.0,0.0,0,0,0,0
2026-08-27 23:21:21,GLD,420.41,0.0,0.0,0,0,0,0
2026-08-27 23:22:20,GLD,420.39,0.0,0.0,0,0,0,0
2026-08-27 23:23:20,GLD,420.42,0.0,0.0,0,0,0,0
2026-08-27 23:24:20,GLD,420.37,0.0,0.0,0,0,0,0
2026-08-27 23:25:20,GLD,420.45,0.0,0.0,0,0,0,0
2026-08-27 23:26:20,GLD,420.46,0.0,0.0,0,0,0,0
2026-08-27 23:27:20,GLD,420.44,0.0,0.0,0,0,0,0
2026-08-27 23:28:20,GLD,420.43,0.0,0.0,0,0,0,0
2026-08-27 23:29:20,GLD,420.35,0.0,0.0,0,0,0,0
2026-08-27 23:30:20,GLD,420.42,0.0,0.0,0,0,0,0
2026-08-27 23:31:20,GLD,420.38,0.0,0.0,0,0,0,0
2026-08-27 23:32:20,GLD,420.32,0.0,0.0,0,0,0,0
2026-08-27 23:33:20,GLD,420.26,0.0,0.0,0,0,0,0
2026-08-27 23:34:21,GLD,420.24,0.0,0.0,0,0,0,0
2026-08-27 23:35:20,GLD,420.22,0.0,0.0,0,0,0,0
2026-08-27 23:36:20,GLD,420.16,0.0,0.0,0,0,0,0
2026-08-27 23:37:20,GLD,420.09,0.0,0.0,0,0,0,0
2026-08-27 23:38:21,GLD,420.0,0.0,0.0,0,0,0,0
2026-08-27 23:39:21,GLD,419.88,0.0,0.0,0,0,0,0
2026-08-27 23:40:20,GLD,419.93,0.0,0.0,0,0,0,0
2026-08-27 23:41:21,GLD,419.99,0.0,0.0,0,0,0,0
2026-08-27 23:42:20,GLD,419.98,0.0,0.0,0,0,0,0
2026-08-27 23:43:21,GLD,420.03,0.0,0.0,0,0,0,0
2026-08-27 23:44:20,GLD,420.01,0.0,0.0,0,0,0,0
2026-08-27 23:45:20,GLD,420.0,0.0,0.0,0,0,0,0
2026-08-27 23:46:20,GLD,419.89,0.0,0.0,0,0,0,0
2026-08-27 23:47:21,GLD,420.04,0.0,0.0,0,0,0,0
2026-08-27 23:48:20,GLD,420.14,0.0,0.0,0,0,0,0
2026-08-27 23:49:21,GLD,420.22,0.0,0.0,0,0,0,0
2026-08-27 23:50:20,GLD,420.19,0.0,0.0,0,0,0,0
2026-08-27 23:51:21,GLD,420.2,0.0,0.0,0,0,0,0
2026-08-27 23:52:20,GLD,420.26,0.0,0.0,0,0,0,0
2026-08-27 23:53:21,GLD,420.24,0.0,0.0,0,0,0,0
2026-08-27 23:54:20,GLD,420.23,0.0,0.0,0,0,0,0
2026-08-27 23:55:21,GLD,420.21,0.0,0.0,0,0,0,0
2026-08-27 23:56:20,GLD,420.36,0.0,0.0,0,0,0,0
2026-08-27 23:57:21,GLD,420.43,0.0,0.0,0,0,0,0
2026-08-27 23:58:20,GLD,420.48,0.0,0.0,0,0,0,0
2026-08-28 00:00:22,GLD,420.36,0.0,0.0,0,0,0,0
2026-08-28 00:01:28,GLD,420.42,0.0,0.0,0,0,0,0
2026-08-28 00:02:32,GLD,420.43,0.0,0.0,0,0,0,0
2026-08-28 00:03:31,GLD,420.31,0.0,0.0,0,0,0,0
2026-08-28 00:04:29,GLD,420.28,0.0,25.0,0,0,0,0
2026-08-28 00:05:25,GLD,420.27,0.0,0.0,0,0,0,0
2026-08-28 00:06:21,GLD,420.22,0.0,0.0,0,0,0,0
2026-08-28 00:07:21,GLD,420.06,0.0,0.0,0,0,0,0
2026-08-28 00:08:21,GLD,420.08,0.0,0.0,0,0,0,0
2026-08-28 00:09:21,GLD,420.08,0.0,0.0,0,0,0,0
2026-08-28 00:10:21,GLD,419.97,0.0,0.0,0,0,0,0
2026-08-28 00:11:21,GLD,420.01,0.0,0.0,0,0,0,0
2026-08-28 00:12:21,GLD,420.02,0.0,0.0,0,0,0,0
2026-08-28 00:13:21,GLD,420.06,0.0,0.0,0,0,0,0
2026-08-28 00:14:21,GLD,419.99,0.0,0.0,0,0,0,0
2026-08-28 00:15:21,GLD,420.05,0.0,0.0,0,0,0,0
2026-08-28 00:16:21,GLD,420.0,0.0,0.0,0,0,0,0
2026-08-28 00:17:21,GLD,420.0,0.0,0.0,0,0,0,0
2026-08-28 00:18:21,GLD,420.07,0.0,0.0,0,0,0,0
2026-08-28 00:19:21,GLD,420.13,0.0,0.0,0,0,0,0
2026-08-28 00:20:21,GLD,420.21,0.0,0.0,0,0,0,0
2026-08-28 00:21:21,GLD,420.16,0.0,0.0,0,0,0,0
2026-08-28 00:22:25,GLD,420.19,0.0,0.0,0,0,0,0
2026-08-28 00:23:33,GLD,420.38,0.0,0.0,0,0,0,0
2026-08-28 00:24:24,GLD,420.44,0.0,0.0,0,0,0,0
2026-08-28 00:25:33,GLD,420.41,0.0,0.0,0,0,0,0
2026-08-28 00:26:22,GLD,420.5,0.0,0.0,0,0,0,0
2026-08-28 00:27:21,GLD,420.46,0.0,0.0,0,0,0,0
2026-08-28 00:28:21,GLD,420.39,0.0,0.0,0,0,0,0
2026-08-28 00:29:21,GLD,420.33,0.0,0.0,0,0,0,0
2026-08-28 00:30:21,GLD,420.07,0.0,0.0,0,0,0,0
2026-08-28 00:31:21,GLD,420.16,0.0,0.0,0,0,0,0
2026-08-28 00:32:21,GLD,420.23,0.0,0.0,0,0,0,0
2026-08-28 00:33:21,GLD,420.14,0.0,0.0,0,0,0,0
2026-08-28 00:34:21,GLD,419.96,0.0,0.0,0,0,0,0
2026-08-28 00:35:21,GLD,419.99,0.0,0.0,0,0,0,0
2026-08-28 00:36:21,GLD,419.91,0.0,0.0,0,0,0,0
2026-08-28 00:37:21,GLD,419.89,0.0,0.0,0,0,0,0
2026-08-28 00:38:21,GLD,419.79,0.0,0.0,0,0,0,0
2026-08-28 00:39:21,GLD,419.56,0.0,0.0,0,0,0,0
2026-08-28 00:40:21,GLD,419.53,0.0,0.0,0,0,0,0
2026-08-28 00:41:21,GLD,419.63,0.0,0.0,0,0,0,0
2026-08-28 00:42:21,GLD,419.68,0.0,0.0,0,0,0,0
2026-08-28 00:43:32,GLD,419.45,0.0,0.0,0,0,0,0
2026-08-28 00:44:28,GLD,419.35,0.0,0.0,0,0,0,0
2026-08-28 00:45:28,GLD,419.39,0.0,0.0,0,0,0,0
2026-08-28 00:46:29,GLD,419.44,0.0,0.0,0,0,0,0
2026-08-28 00:47:21,GLD,419.47,0.0,0.0,0,0,0,0
2026-08-28 00:48:21,GLD,419.66,0.0,0.0,0,0,0,0
2026-08-28 00:49:21,GLD,419.48,0.0,0.0,0,0,0,0
2026-08-28 00:50:21,GLD,419.61,0.0,0.0,0,0,0,0
2026-08-28 00:51:21,GLD,419.62,0.0,0.0,0,0,0,0
2026-08-28 00:52:21,GLD,419.61,0.0,0.0,0,0,0,0
2026-08-28 00:53:21,GLD,419.54,0.0,0.0,0,0,0,0
2026-08-28 00:54:21,GLD,419.67,0.0,0.0,0,0,0,0
2026-08-28 00:55:21,GLD,419.78,0.0,0.0,0,0,0,0
2026-08-28 00:56:21,GLD,419.67,0.0,0.0,0,0,0,0
2026-08-28 00:57:21,GLD,419.56,0.0,0.0,0,0,0,0
2026-08-28 00:58:21,GLD,419.71,0.0,0.0,0,0,0,0
2026-08-28 00:59:21,GLD,419.67,0.0,0.0,0,0,0,0
2026-08-28 01:00:21,GLD,419.4,0.0,0.0,0,0,0,0
2026-08-28 01:01:21,GLD,419.48,0.0,0.0,0,0,0,0
2026-08-28 01:02:21,GLD,419.66,0.0,0.0,0,0,0,0
2026-08-28 01:03:24,GLD,419.53,0.0,0.0,0,0,0,0
2026-08-28 01:04:27,GLD,419.82,0.0,0.0,0,0,0,0
2026-08-28 01:05:28,GLD,419.71,0.0,0.0,0,0,0,0
2026-08-28 01:06:33,GLD,419.6,0.0,0.0,0,0,0,0
2026-08-28 01:07:30,GLD,419.67,0.0,0.0,0,0,0,0
2026-08-28 01:08:22,GLD,419.95,0.0,0.0,0,0,0,0
2026-08-28 01:09:21,GLD,419.99,0.0,0.0,0,0,0,0
2026-08-28 01:10:21,GLD,419.99,0.0,0.0,0,0,0,0
2026-08-28 01:11:21,GLD,419.99,0.0,0.0,0,0,0,0
2026-08-28 01:12:21,GLD,419.99,0.0,0.0,0,0,0,0
2026-08-28 01:13:21,GLD,419.99,0.0,0.0,0,0,0,0
2026-08-28 01:14:21,GLD,419.99,0.0,0.0,0,0,0,0
2026-08-28 01:15:21,GLD,419.99,0.0,0.0,0,0,0,0
2026-08-28 01:16:21,GLD,419.99,0.0,0.0,0,0,0,0
2026-08-28 01:17:21,GLD,419.99,0.0,0.0,0,0,0,0
2026-08-28 01:18:21,GLD,419.99,0.0,0.0,0,0,0,0
2026-08-28 01:19:21,GLD,419.99,0.0,0.0,0,0,0,0
2026-08-28 01:20:21,GLD,419.99,0.0,0.0,0,0,0,0
2026-08-28 01:21:21,GLD,419.99,0.0,0.0,0,0,0,0
2026-08-28 01:22:21,GLD,419.99,0.0,0.0,0,0,0,0
2026-08-28 01:23:21,GLD,419.99,0.0,0.0,0,0,0,0
2026-08-28 01:24:25,GLD,419.99,0.0,0.0,0,0,0,0
2026-08-28 01:25:28,GLD,419.99,0.0,0.0,0,0,0,0
2026-08-28 01:26:24,GLD,419.99,0.0,0.0,0,0,0,0
2026-08-28 01:27:25,GLD,419.99,0.0,0.0,0,0,0,0
2026-08-28 01:28:21,GLD,419.99,0.0,0.0,0,0,0,0
2026-08-28 01:29:21,GLD,419.99,0.0,0.0,0,0,0,0
2026-08-28 01:30:21,GLD,419.99,0.0,0.0,0,0,0,0
2026-08-28 01:31:21,GLD,419.99,0.0,0.0,0,0,0,0
2026-08-28 01:32:21,GLD,419.99,0.0,0.0,0,0,0,0
2026-08-28 01:33:21,GLD,419.99,0.0,0.0,0,0,0,0
2026-08-28 01:34:21,GLD,419.99,0.0,0.0,0,0,0,0
2026-08-28 01:35:21,GLD,419.99,0.0,0.0,0,0,0,0
2026-08-28 01:36:21,GLD,419.99,0.0,0.0,0,0,0,0
2026-08-28 01:37:21,GLD,419.99,0.0,0.0,0,0,0,0
2026-08-28 01:38:21,GLD,419.99,0.0,0.0,0,0,0,0
2026-08-28 01:39:21,GLD,419.99,0.0,0.0,0,0,0,0
2026-08-28 01:40:21,GLD,419.99,0.0,0.0,0,0,0,0
2026-08-28 01:41:21,GLD,419.99,0.0,0.0,0,0,0,0
2026-08-28 01:42:21,GLD,419.99,0.0,0.0,0,0,0,0
2026-08-28 01:43:21,GLD,419.99,0.0,0.0,0,0,0,0
2026-08-28 01:44:26,GLD,419.99,0.0,0.0,0,0,0,0
2026-08-28 01:45:26,GLD,419.99,0.0,0.0,0,0,0,0
2026-08-28 01:46:25,GLD,419.99,0.0,0.0,0,0,0,0
2026-08-28 01:47:25,GLD,419.99,0.0,0.0,0,0,0,0
2026-08-28 01:48:21,GLD,419.99,0.0,0.0,0,0,0,0
2026-08-28 01:49:21,GLD,419.99,0.0,0.0,0,0,0,0
2026-08-28 01:50:21,GLD,419.99,0.0,0.0,0,0,0,0
2026-08-28 01:51:21,GLD,419.99,0.0,0.0,0,0,0,0
2026-08-28 01:52:21,GLD,419.99,0.0,0.0,0,0,0,0
2026-08-28 01:53:21,GLD,419.99,0.0,0.0,0,0,0,0
2026-08-28 01:54:21,GLD,419.99,0.0,0.0,0,0,0,0
2026-08-28 01:55:21,GLD,419.99,0.0,0.0,0,0,0,0
2026-08-28 01:56:21,GLD,419.99,0.0,0.0,0,0,0,0
2026-08-28 01:57:21,GLD,419.99,0.0,0.0,0,0,0,0
2026-08-28 01:58:21,GLD,419.99,0.0,0.0,0,0,0,0
2026-08-28 01:59:21,GLD,419.99,0.0,0.0,0,0,0,0
2026-08-28 02:00:21,GLD,419.99,0.0,0.0,0,0,0,0
2026-08-28 02:01:21,GLD,419.99,0.0,0.0,0,0,0,0
2026-08-28 02:02:21,GLD,419.99,0.0,0.0,0,0,0,0
2026-08-28 02:03:21,GLD,419.99,0.0,0.0,0,0,0,0
2026-08-28 02:04:30,GLD,419.99,0.0,0.0,0,0,0,0
2026-08-28 02:05:27,GLD,419.99,0.0,0.0,0,0,0,0
2026-08-28 02:06:31,GLD,419.99,0.0,0.0,0,0,0,0
2026-08-28 02:07:22,GLD,419.99,0.0,0.0,0,0,0,0
2026-08-28 02:08:21,GLD,419.99,0.0,0.0,0,0,0,0
2026-08-28 02:09:21,GLD,419.99,0.0,0.0,0,0,0,0
2026-08-28 02:10:21,GLD,419.99,0.0,0.0,0,0,0,0
2026-08-28 02:11:21,GLD,419.99,0.0,0.0,0,0,0,0
2026-08-28 02:12:21,GLD,419.99,0.0,0.0,0,0,0,0
2026-08-28 02:13:21,GLD,419.99,0.0,0.0,0,0,0,0
2026-08-28 02:14:21,GLD,419.99,0.0,0.0,0,0,0,0
2026-08-28 02:15:21,GLD,419.99,0.0,0.0,0,0,0,0
2026-08-28 02:16:21,GLD,419.99,0.0,0.0,0,0,0,0
2026-08-28 02:17:21,GLD,419.99,0.0,0.0,0,0,0,0
2026-08-28 02:18:21,GLD,419.99,0.0,0.0,0,0,0,0
2026-08-28 02:19:21,GLD,419.99,0.0,0.0,0,0,0,0
2026-08-28 02:20:21,GLD,419.99,0.0,0.0,0,0,0,0
2026-08-28 02:21:21,GLD,419.99,0.0,0.0,0,0,0,0
2026-08-28 02:22:21,GLD,419.99,0.0,0.0,0,0,0,0
2026-08-28 02:23:26,GLD,419.99,0.0,0.0,0,0,0,0
2026-08-28 02:24:27,GLD,419.99,0.0,0.0,0,0,0,0
2026-08-28 02:25:26,GLD,419.99,0.0,0.0,0,0,0,0
2026-08-28 02:26:23,GLD,419.99,0.0,0.0,0,0,0,0
2026-08-28 02:27:21,GLD,419.99,0.0,0.0,0,0,0,0
2026-08-28 02:28:21,GLD,419.99,0.0,0.0,0,0,0,0
2026-08-28 02:29:21,GLD,419.99,0.0,0.0,0,0,0,0
2026-08-28 02:30:21,GLD,419.99,0.0,0.0,0,0,0,0
2026-08-28 02:31:21,GLD,419.99,0.0,0.0,0,0,0,0
2026-08-28 02:32:21,GLD,419.99,0.0,0.0,0,0,0,0
2026-08-28 02:33:21,GLD,419.99,0.0,0.0,0,0,0,0
2026-08-28 02:34:21,GLD,419.99,0.0,0.0,0,0,0,0
2026-08-28 02:35:21,GLD,419.99,0.0,0.0,0,0,0,0
2026-08-28 02:36:21,GLD,419.99,0.0,0.0,0,0,0,0
2026-08-28 02:37:21,GLD,419.99,0.0,0.0,0,0,0,0
2026-08-28 02:38:21,GLD,419.99,0.0,0.0,0,0,0,0
2026-08-28 02:39:21,GLD,419.99,0.0,0.0,0,0,0,0
2026-08-28 02:40:21,GLD,419.99,0.0,0.0,0,0,0,0
2026-08-28 02:41:21,GLD,419.99,0.0,0.0,0,0,0,0
2026-08-28 02:42:21,GLD,419.99,0.0,0.0,0,0,0,0
2026-08-28 02:43:24,GLD,419.99,0.0,0.0,0,0,0,0
2026-08-28 02:44:28,GLD,419.99,0.0,0.0,0,0,0,0
2026-08-28 02:45:26,GLD,419.99,0.0,0.0,0,0,0,0
2026-08-28 02:46:22,GLD,419.99,0.0,0.0,0,0,0,0
2026-08-28 02:47:21,GLD,419.99,0.0,0.0,0,0,0,0
2026-08-28 02:48:21,GLD,419.99,0.0,0.0,0,0,0,0
2026-08-28 02:49:21,GLD,419.99,0.0,0.0,0,0,0,0
2026-08-28 02:50:21,GLD,419.99,0.0,0.0,0,0,0,0
2026-08-28 02:51:21,GLD,419.99,0.0,0.0,0,0,0,0
2026-08-28 02:52:21,GLD,419.99,0.0,0.0,0,0,0,0
2026-08-28 02:53:21,GLD,419.99,0.0,0.0,0,0,0,0
2026-08-28 02:54:21,GLD,419.99,0.0,0.0,0,0,0,0
2026-08-28 02:55:21,GLD,419.99,0.0,0.0,0,0,0,0
2026-08-28 02:56:21,GLD,419.99,0.0,0.0,0,0,0,0
2026-08-28 02:57:21,GLD,419.99,0.0,0.0,0,0,0,0
2026-08-28 02:58:21,GLD,419.99,0.0,0.0,0,0,0,0
2026-08-28 02:59:21,GLD,419.99,0.0,0.0,0,0,0,0
2026-08-28 03:00:21,GLD,419.99,0.0,0.0,0,0,0,0
2026-08-28 03:01:21,GLD,419.99,0.0,0.0,0,0,0,0
2026-08-28 03:02:21,GLD,419.99,0.0,0.0,0,0,0,0
2026-08-28 03:03:31,GLD,419.99,0.0,0.0,0,0,0,0
2026-08-28 03:04:24,GLD,419.99,0.0,0.0,0,0,0,0
2026-08-28 03:05:27,GLD,419.99,0.0,0.0,0,0,0,0
2026-08-28 03:06:21,GLD,419.99,0.0,0.0,0,0,0,0
2026-08-28 03:07:21,GLD,419.99,0.0,0.0,0,0,0,0
2026-08-28 03:08:21,GLD,419.99,0.0,0.0,0,0,0,0
2026-08-28 03:09:21,GLD,419.99,0.0,0.0,0,0,0,0
2026-08-28 03:10:21,GLD,419.99,0.0,0.0,0,0,0,0
2026-08-28 03:11:21,GLD,419.99,0.0,0.0,0,0,0,0
2026-08-28 03:12:21,GLD,419.99,0.0,0.0,0,0,0,0
2026-08-28 03:13:21,GLD,419.99,0.0,0.0,0,0,0,0
2026-08-28 03:14:21,GLD,419.99,0.0,0.0,0,0,0,0
2026-08-28 03:15:21,GLD,419.99,0.0,0.0,0,0,0,0
2026-08-28 03:16:21,GLD,419.99,0.0,0.0,0,0,0,0
2026-08-28 03:17:21,GLD,419.99,0.0,0.0,0,0,0,0
2026-08-28 03:18:21,GLD,419.99,0.0,0.0,0,0,0,0
2026-08-28 03:19:21,GLD,419.99,0.0,0.0,0,0,0,0
2026-08-28 03:20:21,GLD,419.99,0.0,0.0,0,0,0,0
2026-08-28 03:21:21,GLD,419.99,0.0,0.0,0,0,0,0
2026-08-28 03:22:24,GLD,419.99,0.0,0.0,0,0,0,0
2026-08-28 03:23:24,GLD,419.99,0.0,0.0,0,0,0,0
2026-08-28 03:24:30,GLD,419.99,0.0,0.0,0,0,0,0
2026-08-28 03:25:21,GLD,419.99,0.0,0.0,0,0,0,0
2026-08-28 03:26:21,GLD,419.99,0.0,0.0,0,0,0,0
2026-08-28 03:27:21,GLD,419.99,0.0,0.0,0,0,0,0
2026-08-28 03:28:21,GLD,419.99,0.0,0.0,0,0,0,0
2026-08-28 03:29:21,GLD,419.99,0.0,0.0,0,0,0,0
2026-08-28 03:30:21,GLD,419.99,0.0,0.0,0,0,0,0
2026-08-28 03:31:21,GLD,419.99,0.0,0.0,0,0,0,0
2026-08-28 03:32:21,GLD,419.99,0.0,0.0,0,0,0,0
2026-08-28 03:33:21,GLD,419.99,0.0,0.0,0,0,0,0
2026-08-28 03:34:21,GLD,419.99,0.0,0.0,0,0,0,0
2026-08-28 03:35:21,GLD,419.99,0.0,0.0,0,0,0,0
2026-08-28 03:36:21,GLD,419.99,0.0,0.0,0,0,0,0
2026-08-28 03:37:21,GLD,419.99,0.0,0.0,0,0,0,0
2026-08-28 03:38:21,GLD,419.99,0.0,0.0,0,0,0,0
2026-08-28 03:39:21,GLD,419.99,0.0,0.0,0,0,0,0
2026-08-28 03:40:21,GLD,419.99,0.0,0.0,0,0,0,0
2026-08-28 03:41:27,GLD,419.99,0.0,0.0,0,0,0,0
2026-08-28 03:42:23,GLD,419.99,0.0,0.0,0,0,0,0
2026-08-28 03:43:27,GLD,419.99,0.0,0.0,0,0,0,0
2026-08-28 03:44:21,GLD,419.99,0.0,0.0,0,0,0,0
2026-08-28 03:45:21,GLD,419.99,0.0,0.0,0,0,0,0
2026-08-28 03:46:21,GLD,419.99,0.0,0.0,0,0,0,0
2026-08-28 03:47:21,GLD,419.99,0.0,0.0,0,0,0,0
2026-08-28 03:48:21,GLD,419.99,0.0,0.0,0,0,0,0
2026-08-28 03:49:21,GLD,419.99,0.0,0.0,0,0,0,0
2026-08-28 03:50:21,GLD,419.99,0.0,0.0,0,0,0,0
2026-08-28 03:51:21,GLD,419.99,0.0,0.0,0,0,0,0
2026-08-28 03:52:21,GLD,419.99,0.0,0.0,0,0,0,0
2026-08-28 03:53:21,GLD,419.99,0.0,0.0,0,0,0,0
2026-08-28 03:54:21,GLD,419.99,0.0,0.0,0,0,0,0
2026-08-28 03:55:21,GLD,419.99,0.0,0.0,0,0,0,0
2026-08-28 03:56:21,GLD,419.99,0.0,0.0,0,0,0,0
2026-08-28 03:57:21,GLD,419.99,0.0,0.0,0,0,0,0
2026-08-28 03:58:21,GLD,419.99,0.0,0.0,0,0,0,0
2026-08-28 03:59:21,GLD,419.99,0.0,0.0,0,0,0,0
2026-08-28 04:00:27,GLD,419.99,0.0,0.0,0,0,0,0
2026-08-28 04:01:23,GLD,419.99,0.0,0.0,0,0,0,0
