2025-08-26 06:22:00,650,,,,630,,,,,,,,,644,643,642.04
2025-08-26 06:23:00,650,,,,630,,,,,,,,,644,643,642
2025-08-26 06:24:00,650,,,,630,,,,,,,,,644,643,641.99
2025-08-26 06:25:00,650,,,,630,,,,,,,,,644,643,642.02
2025-08-26 06:26:00,650,,,,630,,,,,,,,,644,643,641.99
2025-08-26 06:27:00,650,,,,630,,,,,,,,,644,643,642.06
2025-08-26 06:28:00,650,,,,630,,,,,,,,,644,643,642.09
2025-08-26 06:29:00,650,,,,630,,,,,,,,,644,643,642
2025-08-26 06:30:00,650,,,,630,,,,,,,,,644,643,641.91
2025-08-26 06:31:00,650,,,,630,,,,,,,,,644,643,641.82
2025-08-26 06:32:00,650,,,,630,,,,,,,,,644,643,641.79
2025-08-26 06:33:00,650,,,,630,,,,,,,,,644,643,641.68
2025-08-26 06:34:00,650,,,,630,,,,,,,,,644,643,641.67
2025-08-26 06:35:00,650,,,,630,,,,,,,,,644,643,641.75
2025-08-26 06:36:00,650,,,,630,,,,,,,,,644,643,641.77
2025-08-26 06:37:00,650,,,,630,,,,,,,,,644,643,641.72
2025-08-26 06:38:00,650,,,,630,,,,,,,,,644,643,641.73
2025-08-26 06:39:00,650,,,,630,,,,,,,,,644,643,641.67
2025-08-26 06:40:00,650,,,,630,,,,,,,,,644,643,641.77
2025-08-26 06:41:00,650,,,,630,,,,,,,,,644,643,641.72
2025-08-26 06:42:00,650,,,,630,,,,,,,,,644,643,641.77
2025-08-26 06:43:00,650,,,,630,,,,,,,,,644,643,641.83
2025-08-26 06:44:00,650,,,,630,,,,,,,,,644,643,641.73
2025-08-26 06:45:00,650,,,,630,,,,,,,,,644,643,641.78
2025-08-26 06:46:00,650,,,,630,,,,,,,,,644,643,641.67
2025-08-26 06:47:00,650,,,,630,,,,,,,,,644,643,641.67
2025-08-26 06:48:00,650,,,,630,,,,,,,,,644,643,641.62
2025-08-26 06:49:00,650,,,,630,,,,,,,,,644,643,641.62
2025-08-26 06:50:00,650,,,,630,,,,,,,,,644,643,641.76
2025-08-26 06:51:00,650,,,,630,,,,,,,,,644,643,641.78
2025-08-26 06:52:00,650,,,,630,,,,,,,,,644,643,641.74
2025-08-26 06:53:00,650,,,,630,,,,,,,,,644,643,641.77
2025-08-26 06:54:00,650,,,,630,,,,,,,,,644,643,641.85
2025-08-26 06:55:00,650,,,,630,,,,,,,,,644,643,642.04
2025-08-26 06:56:00,650,,,,630,,,,,,,,,644,643,642.11
2025-08-26 06:57:00,650,,,,630,,,,,,,,,644,643,642.07
2025-08-26 06:58:00,650,,,,630,,,,,,,,,644,643,642.11
2025-08-26 06:59:00,650,,,,630,,,,,,,,,644,643,642.06
2025-08-26 07:00:00,650,,,,630,,,,,,,,,644,643,642.04
2025-08-26 07:01:00,650,,,,630,,,,,,,,,644,643,641.9
2025-08-26 07:02:00,650,,,,630,,,,,,,,,644,643,641.96
2025-08-26 07:03:00,650,,,,630,,,,,,,,,644,643,641.98
2025-08-26 07:04:00,650,,,,630,,,,,,,,,644,643,641.93
2025-08-26 07:05:00,650,,,,630,,,,,,,,,644,643,641.93
2025-08-26 07:06:00,650,,,,630,,,,,,,,,644,643,641.85
2025-08-26 07:07:00,650,,,,630,,,,,,,,,644,643,641.82
2025-08-26 07:08:00,650,,,,630,,,,,,,,,644,643,641.8
2025-08-26 07:09:00,650,,,,630,,,,,,,,,644,643,641.83
2025-08-26 07:10:00,650,,,,630,,,,,,,,,644,643,641.83
2025-08-26 07:11:00,650,,,,630,,,,,,,,,644,643,641.85
2025-08-26 07:12:00,650,,,,630,,,,,,,,,644,643,641.85
2025-08-26 07:13:00,650,,,,630,,,,,,,,,644,643,641.77
2025-08-26 07:14:00,650,,,,630,,,,,,,,,644,643,641.64
2025-08-26 07:15:00,650,,,,630,,,,,,,,,644,643,641.66
2025-08-26 07:16:00,650,,,,630,,,,,,,,,644,643,641.85
2025-08-26 07:17:00,650,,,,630,,,,,,,,,644,643,641.88
2025-08-26 07:18:00,650,,,,630,,,,,,,,,644,643,641.95
2025-08-26 07:19:00,650,,,,630,,,,,,,,,644,643,641.9
2025-08-26 07:20:00,650,,,,630,,,,,,,,,644,643,641.91
2025-08-26 07:21:00,650,,,,630,,,,,,,,,644,643,641.93
2025-08-26 07:22:00,650,,,,630,,,,,,,,,644,643,642.02
2025-08-26 07:23:00,650,,,,630,,,,,,,,,644,643,642.14
2025-08-26 07:24:00,650,,,,630,,,,,,,,,644,643,642.02
2025-08-26 07:25:00,650,,,,630,,,,,,,,,644,643,642
2025-08-26 07:26:00,650,,,,630,,,,,,,,,644,643,642.05
2025-08-26 07:27:00,650,,,,630,,,,,,,,,644,643,642.07
2025-08-26 07:28:00,650,,,,630,,,,,,,,,644,643,642.02
2025-08-26 07:29:00,650,,,,630,,,,,,,,,644,643,641.97
2025-08-26 07:30:00,650,,,,630,,,,,,,,,644,643,642.02
2025-08-26 07:34:00,650,,,,630,,,,,,,,,644,643,642.29
2025-08-26 07:35:00,650,,,,630,,,,,,,,,644,643,642.15
2025-08-26 07:36:00,650,,,,630,,,,,,,,,644,643,642.1
2025-08-26 07:37:00,650,,,,630,,,,,,,,,644,643,642.09
2025-08-26 07:38:00,650,,,,630,,,,,,,,,644,643,642.12
2025-08-26 07:39:00,650,,,,630,,,,,,,,,644,643,642.2
2025-08-26 07:40:00,650,,,,630,,,,,,,,,644,643,642.15
2025-08-26 07:41:00,650,,,,630,,,,,,,,,644,643,642.2
2025-08-26 07:42:00,650,,,,630,,,,,,,,,644,643,642.17
2025-08-26 07:43:00,650,,,,630,,,,,,,,,644,643,642.15
2025-08-26 07:44:00,650,,,,630,,,,,,,,,644,643,642.2
2025-08-26 07:45:00,650,,,,630,,,,,,,,,644,643,642.19
2025-08-26 07:46:00,650,,,,630,,,,,,,,,644,643,642.23
2025-08-26 07:47:00,650,,,,630,,,,,,,,,644,643,642.25
2025-08-26 07:49:00,650,,,,630,,,,,,,,,644,643,642.19
2025-08-26 07:50:00,650,,,,630,,,,,,,,,644,643,642.27
2025-08-26 07:51:00,650,,,,630,,,,,,,,,644,643,642.2
2025-08-26 07:52:00,650,,,,630,,,,,,,,,644,643,642.29
2025-08-26 07:53:00,650,,,,630,,,,,,,,,644,643,642.27
2025-08-26 07:54:00,650,,,,630,,,,,,,,,644,643,642.13
2025-08-26 07:55:00,650,,,,630,,,,,,,,,644,643,642
2025-08-26 07:56:00,650,,,,630,,,,,,,,,644,643,642.07
2025-08-26 07:57:00,650,,,,630,,,,,,,,,644,643,642.09
2025-08-26 07:58:00,650,,,,630,,,,,,,,,644,643,642.17
2025-08-26 07:59:00,650,,,,630,,,,,,,,,644,643,642.15
2025-08-26 08:00:00,650,,,,630,,,,,,,,,644,643,642.2
2025-08-26 08:01:00,650,,,,630,,,,,,,,,644,643,642.19
2025-08-26 08:02:00,650,,,,630,,,,,,,,,644,643,642.22
2025-08-26 08:03:00,650,,,,630,,,,,,,,,644,643,642.21
2025-08-26 08:04:00,650,,,,630,,,,,,,,,644,643,642.26
2025-08-26 08:05:00,650,,,,630,,,,,,,,,644,643,642.25
2025-08-26 08:06:00,650,,,,630,,,,,,,,,644,643,642.34
2025-08-26 08:07:00,650,,,,630,,,,,,,,,644,643,642.24
2025-08-26 08:08:00,650,,,,630,,,,,,,,,644,643,642.25
2025-08-26 08:09:00,650,,,,630,,,,,,,,,644,643,642.31
2025-08-26 08:10:00,650,,,,630,,,,,,,,,644,643,642.27
2025-08-26 08:11:00,650,,,,630,,,,,,,,,644,643,642.28
2025-08-26 08:12:00,650,,,,630,,,,,,,,,644,643,642.36
2025-08-26 08:13:00,650,,,,630,,,,,,,,,644,643,642.38
2025-08-26 08:14:00,650,,,,630,,,,,,,,,644,643,642.34
2025-08-26 08:15:00,650,,,,630,,,,,,,,,644,643,642.27
2025-08-26 08:16:00,650,,,,630,,,,,,,,,644,643,642.28
2025-08-26 08:17:00,650,,,,630,,,,,,,,,644,643,642.26
2025-08-26 08:18:00,650,,,,630,,,,,,,,,644,643,642.25
2025-08-26 08:19:00,650,,,,630,,,,,,,,,644,643,642.29
2025-08-26 08:20:00,650,,,,630,,,,,,,,,644,643,642.3
2025-08-26 08:21:00,650,,,,630,,,,,,,,,644,643,642.29
2025-08-26 08:22:00,650,,,,630,,,,,,,,,644,643,642.26
2025-08-26 08:23:00,650,,,,630,,,,,,,,,644,643,642.28
2025-08-26 08:24:00,650,,,,630,,,,,,,,,644,643,642.23
2025-08-26 08:25:00,650,,,,630,,,,,,,,,644,643,642.26
2025-08-26 08:26:00,650,,,,630,,,,,,,,,644,643,642.26
2025-08-26 08:27:00,650,,,,630,,,,,,,,,644,643,642.26
2025-08-26 08:28:00,650,,,,630,,,,,,,,,644,643,642.22
2025-08-26 08:29:00,650,,,,630,,,,,,,,,644,643,642.14
2025-08-26 08:30:00,650,,643,,630,,640.5,,,,,643,637,644,643,642
2025-08-26 08:31:00,650,,643,,630,,641.5,,,642,,643,642,644,643,642.31
2025-08-26 08:32:00,650,,643,,630,,641.5,,,,,643,640,644,643,642.39
2025-08-26 08:33:00,650,,643,,630,,641.5,643,,,,643,640,644,643,642.62
2025-08-26 08:34:00,650,,643,,630,,641.5,,,,,643,640,644,643,642.65
2025-08-26 08:35:00,650,,643,,630,,641.5,,,,,643,640,644,643,642.49
2025-08-26 08:36:00,650,,643,,630,,641.5,,,,,643,640,644,643,642.58
2025-08-26 08:37:00,650,,643,,630,,641.5,,,,642,643,640,644,643,642.17
2025-08-26 08:38:00,650,,643,,630,,641.5,,,,,643,640,644,643,642.02
2025-08-26 08:39:00,650,,643,,630,,641.5,,,642,,643,642,644,643,642.26
2025-08-26 08:40:00,650,,643,,630,,641.5,,,,,643,640,644,643,642.32
2025-08-26 08:41:00,650,,643,,630,,641.5,,,,,643,640,644,643,642.34
2025-08-26 08:42:00,650,,643,,630,,641.5,643,,,,643,640,644,643,642.58
2025-08-26 08:43:00,650,,643,,630,,641.5,,,,,643,640,644,643,642.52
2025-08-26 08:44:00,650,,643,,630,,641.5,643,,,,643,640,644,643,642.715
2025-08-26 08:45:00,650,,643,,630,,641.5,,,,,643,640,644,651,642.5
2025-08-26 08:46:00,650,,643,,630,,641.5,,,,,643,640,644,643,642.35
2025-08-26 08:47:00,650,,643,,630,,641.5,,,642,,643,640,644,643,642.02
2025-08-26 08:48:00,650,,643,,630,,641.5,,,642,,643,640,644,643,641.99
2025-08-26 08:49:00,650,,643,,630,,641.5,,642,,642,643,640,644,641,641.85
2025-08-26 08:50:00,650,,643,,630,,641.5,,,,,643,640,644,643,642.16
2025-08-26 08:51:00,650,,643,,630,,641.5,,,,,643,640,644,643,642.34
2025-08-26 08:52:00,650,,643,,630,,641.5,,,,642,643,640,644,643,642.12
2025-08-26 08:54:00,650,,643,,630,,641.5,,,,,643,640,644,643,642.71
2025-08-26 08:55:00,650,,643,,630,,641.5,,,,,643,640,644,643,642.611
2025-08-26 08:56:00,650,,643,,630,,641.5,,,,,643,640,644,643,642.42
2025-08-26 08:57:00,650,,643,,630,,641.5,,,,,643,640,644,643,642.4
2025-08-26 08:58:00,650,,643,,630,,641.5,,,,,643,640,644,643,642.34
2025-08-26 08:59:00,650,,643,,630,,641.5,,,,,643,640,644,643,642.4
2025-08-26 09:00:00,650,,643,,630,,641.5,,,,,643,640,644,643,642.7
2025-08-26 09:01:00,650,,643,,630,,641.5,,643,,,643,640,644,643,642.71
2025-08-26 09:02:00,650,,643,,630,,641.5,,,,,643,640,644,643,642.6
2025-08-26 09:03:00,650,,643,,630,,641.5,,,,,643,640,644,643,642.57
2025-08-26 09:04:00,650,,643,,630,,641.5,,,,,643,640,644,643,642.77
2025-08-26 09:05:00,650,,643,,630,,641.5,,643,,,643,640,644,643,642.64
2025-08-26 09:06:00,650,,643,,630,,641.5,643,,,,643,640,644,643,642.51
2025-08-26 09:07:00,650,,643,,630,,641.5,,,,,643,640,644,643,642.68
2025-08-26 09:08:00,650,,643,,630,,641.5,,,,,643,640,644,643,642.68
2025-08-26 09:09:00,650,,643,,630,,641.5,,,,,643,640,644,643,642.7
2025-08-26 09:10:00,650,,643,,630,,641.5,,,,,643,640,644,643,642.82
2025-08-26 09:11:00,650,,643,,630,,641.5,643,,,,643,640,644,643,642.759
2025-08-26 09:12:00,650,,643,,630,,641.5,,,,,643,640,644,643,642.59
2025-08-26 09:13:00,650,,643,,630,,641.5,,,,,643,640,644,643,642.55
2025-08-26 09:14:00,650,,643,,630,,641.5,,,,,643,640,644,643,642.805
2025-08-26 09:15:00,650,,643,,630,,641.5,,,,,643,640,644,643,642.72
2025-08-26 09:16:00,650,,643,,630,,641.5,,,,,643,640,644,643,642.93
2025-08-26 09:17:00,650,,643,,630,,641.5,,,,,643,640,644,643,642.9
2025-08-26 09:18:00,650,,643,,630,,641.5,,,,,643,640,644,643,642.88
2025-08-26 09:19:00,650,,643,,630,,641.5,,643,,,643,640,644,643,642.77
2025-08-26 09:20:00,650,,643,,630,,641.5,,,,,643,640,644,643,642.89
2025-08-26 09:21:00,650,,643,,630,,641.5,,,,,643,640,644,643,642.93
2025-08-26 09:22:00,650,,643,,630,,641.5,,643,,,643,640,644,643,643.06
2025-08-26 09:23:00,650,,643,,630,,641.5,,643,,,643,640,644,643,643.24
2025-08-26 09:24:00,650,,643,,630,,641.5,,,,,643,640,644,643,643.186
2025-08-26 09:25:00,650,,643,,630,,641.5,,,,,643,640,644,643,643.21
2025-08-26 09:26:00,650,,643,,630,,641.5,,,,,643,640,644,643,643.19
2025-08-26 09:27:00,650,,643,,630,,641.5,,,,,643,640,644,643,643.17
2025-08-26 09:28:00,650,,643,,630,,641.5,,,,,643,640,644,643,642.97
2025-08-26 09:29:00,650,,643,,630,,641.5,,,,,643,640,644,643,643.1
2025-08-26 09:30:00,650,,643,,630,,641.5,,,,,643,640,644,643,643.09
2025-08-26 09:32:00,650,,643,,630,,641.5,,,,,643,640,644,643,643.125
2025-08-26 09:33:00,650,,643,,630,,641.5,,,,,643,640,644,643,642.945
2025-08-26 09:34:00,650,,643,,630,,641.5,,,,,643,640,644,643,643.03
2025-08-26 09:35:00,650,,643,,630,,641.5,,,,,643,640,644,643,642.91
2025-08-26 09:36:00,650,,643,,630,,641.5,,,,,643,640,644,643,643.086
2025-08-26 09:37:00,650,,643,,630,,641.5,,,,,643,640,644,643,643.01
2025-08-26 09:38:00,650,,643,,630,,641.5,,,,,643,640,644,643,642.86
2025-08-26 09:39:00,650,,643,,630,,641.5,,,,,643,640,644,643,642.75
2025-08-26 09:40:00,650,,643,,630,,641.5,,,,,643,642,644,643,642.729
2025-08-26 09:41:00,650,,643,,630,,641.5,,,,,643,640,644,643,642.72
2025-08-26 09:42:00,650,,643,,630,,641.5,,,,,643,642,644,643,642.66
2025-08-26 09:43:00,650,,643,,630,,641.5,,,,,643,642,644,643,642.63
2025-08-26 09:44:00,650,,643,,630,,641.5,,,,,643,642,644,643,642.79
2025-08-26 09:45:00,650,,643,,630,,641.5,643,,,,643,642,644,643,642.74
2025-08-26 09:46:00,650,,643,,630,,641.5,,,,,643,642,644,643,642.65
2025-08-26 09:47:00,650,,643,,630,,641.5,,,,,643,642,644,643,642.66
2025-08-26 09:48:00,650,,643,,630,,641.5,,,,,643,642,644,643,642.82
2025-08-26 09:49:00,650,,643,,630,,641.5,,,,,643,642,644,643,642.77
2025-08-26 09:50:00,650,,643,,630,,641.5,,,,,643,642,644,643,642.66
2025-08-26 09:51:00,650,,643,,630,,641.5,,,,,643,642,644,643,642.665
2025-08-26 09:52:00,650,,643,,630,,641.5,,,,,643,642,644,643,642.715
2025-08-26 09:53:00,650,,643,,630,,641.5,,,,,643,642,644,643,642.78
2025-08-26 09:55:00,650,,643,,630,,641.5,,,,,643,642,644,643,642.84
2025-08-26 09:56:00,650,,643,,630,,641.5,643,,,,643,642,644,643,643.05
2025-08-26 09:57:00,650,,643,,630,,641.5,,,,,643,642,644,643,642.78
2025-08-26 09:58:00,650,,643,,630,,641.5,,,,,643,642,644,643,642.96
2025-08-26 09:59:00,650,,643,,630,,641.5,,,,,643,642,644,643,642.86
2025-08-26 10:00:00,650,,643,,630,,641.5,,,,,643,642,644,643,642.68
2025-08-26 10:01:00,650,,643,,630,,641.5,,,,,643,642,644,643,642.66
2025-08-26 10:02:00,650,,643,,630,,641.5,,,,,643,642,644,643,642.81
2025-08-26 10:03:00,650,,643,,630,,641.5,,,,,643,642,644,643,642.85
2025-08-26 10:04:00,650,,643,,630,,641.5,,,,,643,642,644,643,642.77
2025-08-26 10:05:00,650,,643,,630,,641.5,,,,,643,642,644,643,642.77
2025-08-26 10:06:00,650,,643,,630,,641.5,,,,,643,642,644,643,642.662
2025-08-26 10:07:00,650,,643,,630,,641.5,,,,,643,642,644,643,642.61
2025-08-26 10:08:00,650,,643,,630,,641.5,,,,,643,642,644,643,642.64
2025-08-26 10:09:00,650,,643,,630,,641.5,,,,,643,642,644,643,642.605
2025-08-26 10:10:00,650,,643,,630,,641.5,,,,,643,642,644,643,642.514
2025-08-26 10:11:00,650,,643,,630,,641.5,,,,,643,642,644,643,642.48
2025-08-26 10:12:00,650,,643,,630,,641.5,,,642,,643,642,644,643,642.49
2025-08-26 10:19:00,650,,643,,630,,641.5,643,,643,,643,642,644,641,642.59
2025-08-26 10:20:00,650,,643,,630,,641.5,,,,,643,642,644,643,642.69
2025-08-26 10:21:00,650,,643,,630,,641.5,,,,,643,642,644,643,642.74
2025-08-26 10:22:00,650,,643,,630,,641.5,,,,,643,642,644,641,642.77
2025-08-26 10:23:00,650,,643,,630,,641.5,,,,,643,642,644,641,642.79
2025-08-26 10:24:00,650,,643,,630,,641.5,,,,,643,642,644,643,642.83
2025-08-26 10:26:00,650,,643,,630,,641.5,,,,,643,642,644,643,642.79
2025-08-26 10:27:00,650,,643,,630,,641.5,,,,,643,642,644,643,642.55
2025-08-26 10:28:00,650,,643,,630,,641.5,,,,,643,642,644,643,642.71
2025-08-26 10:29:00,650,,643,,630,,641.5,,,,,643,642,644,643,642.49
2025-08-26 10:30:00,650,,643,,630,,641.5,,,,,643,642,644,643,642.4
2025-08-26 10:31:00,650,,643,,630,,641.5,,,,,643,642,644,643,642.5
2025-08-26 10:32:00,650,,643,,630,,641.5,,,,,643,642,644,643,642.47
2025-08-26 10:33:00,650,,643,,630,,641.5,,,,,643,642,644,643,642.5
2025-08-26 10:34:00,650,,643,,630,,641.5,,,,,643,642,644,643,642.56
2025-08-26 10:35:00,650,,643,,630,,641.5,,,,,643,642,644,643,642.32
2025-08-26 10:36:00,650,,643,,630,,641.5,,,,,643,642,644,643,642.5
2025-08-26 10:37:00,650,,643,,630,,641.5,,,,,643,642,644,643,642.52
2025-08-26 10:38:00,650,,643,,630,,641.5,,,,,643,642,644,643,642.59
2025-08-26 10:39:00,650,,643,,630,,641.5,,,,,643,642,644,643,642.65
2025-08-26 10:40:00,650,,643,,630,,641.5,,,,,643,642,644,643,642.72
2025-08-26 10:41:00,650,,643,,630,,641.5,,,,,643,642,644,643,642.64
2025-08-26 10:42:00,650,,643,,630,,641.5,,,,,643,642,644,643,642.64
2025-08-26 10:43:00,650,,643,,630,,641.5,,,,,643,642,644,643,642.65
2025-08-26 10:44:00,650,,643,,630,,641.5,,,,,643,642,644,643,642.625
2025-08-26 10:45:00,650,,643,,630,,641.5,,,,,643,642,644,643,642.7
2025-08-26 10:46:00,650,,643,,630,,641.5,,,,,643,642,644,643,642.67
2025-08-26 10:47:00,650,,643,,630,,641.5,,,,,643,642,644,643,642.68
2025-08-26 10:48:00,650,,643,,630,,641.5,,,,,643,642,644,643,642.535
2025-08-26 10:49:00,650,,643,,630,,641.5,,,,,643,642,644,643,642.49
2025-08-26 10:50:00,650,,643,,630,,641.5,,,,,643,642,644,643,642.52
2025-08-26 10:51:00,650,,643,,630,,641.5,,,,,643,642,644,643,642.61
2025-08-26 10:52:00,650,,643,,630,,641.5,,,,,643,642,644,643,642.716
2025-08-26 10:53:00,650,,643,,630,,641.5,643,,,,643,642,644,643,642.72
2025-08-26 10:54:00,650,,643,,630,,641.5,,,,,643,642,644,643,642.76
2025-08-26 10:56:00,650,,643,,630,,641.5,,,,,643,642,644,643,642.77
2025-08-26 10:57:00,650,,643,,630,,641.5,,,,,643,642,644,643,642.84
2025-08-26 10:58:00,650,,643,,630,,641.5,,,,,643,642,644,641,642.86
2025-08-26 10:59:00,650,,643,,630,,641.5,,,,,643,642,644,641,642.815
2025-08-26 11:00:00,650,,643,,630,,641.5,,,,,643,642,644,641,642.87
2025-08-26 11:01:00,650,,643,,630,,641.5,,,,,643,642,644,643,642.93
2025-08-26 11:02:00,650,,643,,630,,641.5,,,,,643,642,644,643,643.04
2025-08-26 11:03:00,650,,643,,630,,641.5,,,,,643,642,644,641,643
2025-08-26 11:04:00,650,,643,,630,,641.5,,,,,643,642,644,641,643.085
2025-08-26 11:05:00,650,,643,,630,,641.5,,,,,643,642,644,641,643.031
2025-08-26 11:06:00,650,,643,,630,,641.5,,,,,643,642,644,641,642.981
2025-08-26 11:07:00,650,,643,,630,,641.5,,,,,643,642,644,643,642.94
2025-08-26 11:08:00,650,,643,,630,,641.5,,,,,643,642,644,643,643
2025-08-26 11:09:00,650,,643,,630,,641.5,,,,,643,642,644,643,643.03
2025-08-26 11:10:00,650,,643,,630,,641.5,,,,,643,642,644,643,643.02
2025-08-26 11:11:00,650,,643,,630,,641.5,,,,,643,642,644,643,643.02
2025-08-26 11:12:00,650,,643,,630,,641.5,,,,,643,642,644,643,643.015
2025-08-26 11:13:00,650,,643,,630,,641.5,,,,,643,642,644,641,643.2
2025-08-26 11:14:00,650,,643,,630,,641.5,,,,,643,642,644,643,643.16
2025-08-26 11:15:00,650,,643,,630,,641.5,,643,,,643,642,644,643,643.23
2025-08-26 11:16:00,650,,644,,630,,641.5,643,,643,,643,642,644,641,643.381
2025-08-26 11:17:00,650,,644,,630,,641.5,,,,,643,642,644,641,643.31
2025-08-26 11:18:00,650,,644,,630,,641.5,,,,,643,642,644,641,643.35
2025-08-26 11:19:00,650,,644,,630,,641.5,,,,,643,642,644,643,643.41
2025-08-26 11:20:00,650,,644,,630,,641.5,,,,,643,642,644,643,643.33
2025-08-26 11:21:00,650,,644,,630,,641.5,,,,,643,642,644,643,643.435
2025-08-26 11:22:00,650,,644,,630,,641.5,,,,,643,642,644,643,643.47
2025-08-26 11:23:00,650,,644,,630,,641.5,,,,,643,642,644,643,643.4
2025-08-26 11:24:00,650,,644,,630,,641.5,,,,,643,642,644,643,643.24
2025-08-26 11:25:00,650,,644,,630,,641.5,,,,,643,642,644,643,643.18
2025-08-26 11:26:00,650,,644,,630,,641.5,,,,,644,642,644,643,643.325
2025-08-26 11:27:00,650,,644,,630,,641.5,,,,,644,642,644,643,643.3
2025-08-26 11:28:00,650,,644,,630,,641.5,,,,,644,642,644,643,643.37
2025-08-26 11:29:00,650,,644,,630,,641.5,,,,,644,642,644,643,643.3
2025-08-26 11:30:00,650,,644,,630,,641.5,,,,,644,642,644,643,643.4
2025-08-26 11:31:00,650,,644,,630,,641.5,,,,,644,642,644,643,643.389
2025-08-26 11:32:00,650,,644,,630,,641.5,,,,,644,642,644,643,643.36
2025-08-26 11:33:00,650,,644,,630,,641.5,,,,,644,642,644,643,643.36
2025-08-26 11:34:00,650,,644,,630,,641.5,,,,,644,642,644,643,643.36
2025-08-26 11:35:00,650,,644,,630,,641.5,,,,,644,642,644,643,643.375
2025-08-26 11:36:00,650,,644,,630,,641.5,,,,,644,642,644,643,643.37
2025-08-26 11:37:00,650,,644,,630,,641.5,,,,,644,642,644,643,643.34
2025-08-26 11:38:00,650,,644,,630,,641.5,,,,,644,642,644,643,643.34
2025-08-26 11:40:00,650,,644,,630,,641.5,,,,,644,642,644,643,643.29
2025-08-26 11:41:00,650,,644,,630,,641.5,,,,,644,642,644,643,643.345
2025-08-26 11:42:00,650,,644,,630,,641.5,,,,,644,642,644,641,643.445
2025-08-26 11:43:00,650,,644,,630,,641.5,,,,,644,642,644,641,643.475
2025-08-26 11:44:00,650,,644,,630,,641.5,,,,,644,642,644,641,643.43
2025-08-26 11:45:00,650,,644,,630,,641.5,,,,,644,642,644,641,643.365
2025-08-26 11:46:00,650,,644,,630,,641.5,,,,,644,642,644,641,643.42
2025-08-26 11:47:00,650,,644,,630,,641.5,,,,,644,642,644,641,643.28
2025-08-26 11:48:00,650,,644,,630,,641.5,,,,,644,642,644,641,643.291
2025-08-26 11:49:00,650,,644,,630,,641.5,,,,,644,642,644,641,643.21
2025-08-26 11:50:00,650,,644,,630,,641.5,,,,,644,642,644,641,643.24
2025-08-26 11:51:00,650,,644,,630,,641.5,,,,,644,642,644,641,643.19
2025-08-26 11:52:00,650,,644,,630,,641.5,,,,,644,642,644,641,643.33
2025-08-26 11:53:00,650,,644,,630,,641.5,,,,,644,642,644,641,643.24
2025-08-26 11:54:00,650,,644,,630,,641.5,,,,,644,642,644,641,643.2
2025-08-26 11:55:00,650,,644,,630,,641.5,,,,,644,642,644,641,643.215
2025-08-26 11:56:00,650,,644,,630,,641.5,,,,,644,642,644,641,643.23
2025-08-26 11:57:00,650,,644,,630,,641.5,,,,,644,642,644,641,643.2
2025-08-26 11:58:00,650,,644,,630,,641.5,,,,,644,642,644,641,643.335
2025-08-26 11:59:00,650,,644,,630,,641.5,,,,,644,642,644,641,643.27
2025-08-26 12:00:00,650,,644,,630,,641.5,,,,,644,642,644,641,643.3
2025-08-26 12:01:00,650,,644,,630,,641.5,,,,,644,642,644,641,643.26
2025-08-26 12:02:00,650,,644,,630,,641.5,,,,,644,642,644,641,643.292
2025-08-26 12:03:00,650,,644,,630,,641.5,,,,,644,642,644,641,643.22
2025-08-26 12:05:00,650,,644,,630,,641.5,,,,,644,642,644,641,643.41
2025-08-26 12:06:00,650,,644,,630,,641.5,,,,,644,642,644,641,643.415
2025-08-26 12:07:00,650,,644,,630,,641.5,,,,,644,642,644,641,643.33
2025-08-26 12:08:00,650,,644,,630,,641.5,,,,,644,642,644,641,643.26
2025-08-26 12:09:00,650,,644,,630,,641.5,,,,,644,642,644,641,643.2
2025-08-26 12:10:00,650,,644,,630,,641.5,,,,,644,642,644,641,643.1
2025-08-26 12:11:00,650,,644,,630,,641.5,,,,643,644,642,644,641,642.98
2025-08-26 12:12:00,650,,644,,630,,641.5,,,,,644,642,644,641,642.94
2025-08-26 12:13:00,650,,644,,630,,641.5,,,,,644,642,644,641,643.15
2025-08-26 12:14:00,650,,644,,630,,641.5,,,,,644,642,644,641,643.24
2025-08-26 12:15:00,650,,644,,630,,641.5,,,,,644,642,644,641,643.25
2025-08-26 12:16:00,650,,644,,630,,641.5,,,,,644,642,644,641,643.175
2025-08-26 12:17:00,650,,644,,630,,641.5,,,,,644,642,644,641,643.105
2025-08-26 12:18:00,650,,644,,630,,641.5,,,,,644,642,644,641,643.125
2025-08-26 12:19:00,650,,644,,630,,641.5,,,,,644,642,644,641,643.17
2025-08-26 12:20:00,650,,644,,630,,641.5,,,,,644,642,644,641,643.15
2025-08-26 12:21:00,650,,644,,630,,641.5,,,,,644,642,644,641,643.29
2025-08-26 12:22:00,650,,644,,630,,641.5,,,,,644,642,644,641,643.265
2025-08-26 12:23:00,650,,644,,630,,641.5,,,,,644,642,644,641,643.28
2025-08-26 12:24:00,650,,644,,630,,641.5,,,,,644,642,644,641,643.341
2025-08-26 12:25:00,650,,644,,630,,641.5,,,,,644,642,644,641,643.31
2025-08-26 12:26:00,650,,644,,630,,641.5,,,,,644,642,644,641,643.47
2025-08-26 12:27:00,650,,644,,630,,641.5,,,,,644,642,644,641,643.414
2025-08-26 12:28:00,650,,644,,630,,641.5,,,,,644,642,644,641,643.51
2025-08-26 12:29:00,650,,644,,630,,641.5,,,,,644,642,644,641,643.5
2025-08-26 12:31:00,650,,644,,630,,641.5,,,,,644,642,644,641,643.41
2025-08-26 12:32:00,650,,644,,630,,641.5,,,,,644,642,644,641,643.36
2025-08-26 12:33:00,650,,644,,630,,641.5,,,,,644,642,644,641,643.291
2025-08-26 12:34:00,650,,644,,630,,641.5,,,,,644,642,644,641,643.19
2025-08-26 12:35:00,650,,644,,630,,641.5,,,,,644,642,644,641,643.19
2025-08-26 12:36:00,650,,644,,630,,641.5,,,,,644,642,644,641,643.24
2025-08-26 12:37:00,650,,644,,630,,641.5,,,,,644,642,644,641,643.155
2025-08-26 12:38:00,650,,644,,630,,641.5,,,,,644,642,644,641,643.18
2025-08-26 12:39:00,650,,644,,630,,641.5,,,,,644,642,644,641,643.155
2025-08-26 12:40:00,650,,644,,630,,641.5,,,,,644,642,644,641,643.08
2025-08-26 12:41:00,650,,644,,630,,641.5,,,,,644,642,644,641,643.11
2025-08-26 12:42:00,650,,644,,630,,641.5,,,,,644,642,644,641,642.995
2025-08-26 12:43:00,650,,644,,630,,641.5,,,,,644,642,644,641,642.975
2025-08-26 12:44:00,650,,644,,630,,641.5,,,,,644,642,644,641,642.97
2025-08-26 12:45:00,650,,644,,630,,641.5,,,,,644,642,644,641,642.91
2025-08-26 12:46:00,650,,644,,630,,641.5,,,,,644,642,644,641,642.97
2025-08-26 12:47:00,650,,644,,630,,641.5,,,,,644,642,644,641,642.975
2025-08-26 12:48:00,650,,644,,630,,641.5,,,,,644,642,644,641,643.01
2025-08-26 12:49:00,650,,644,,630,,641.5,,,,,644,642,644,641,642.97
2025-08-26 12:50:00,650,,644,,630,,641.5,,,,,644,642,644,641,643
2025-08-26 12:51:00,650,,644,,630,,641.5,,,,,644,642,644,641,642.875
2025-08-26 12:52:00,650,,644,,630,,641.5,,,,,644,642,644,641,642.91
2025-08-26 12:53:00,650,,644,,630,,641.5,,,,,644,642,644,641,642.835
2025-08-26 12:56:00,650,,644,,630,,641.5,,643,,643,644,642,644,643,642.7
2025-08-26 12:57:00,650,,644,,630,,641.5,,,,,644,642,644,643,642.78
2025-08-26 12:59:00,650,,644,,630,,641.5,,643,,,644,642,644,643,642.83
2025-08-26 13:00:00,650,,644,,630,,641.5,,,,,644,642,644,643,642.81
2025-08-26 13:01:00,650,,644,,630,,641.5,,,,,644,642,644,643,642.91
2025-08-26 13:02:00,650,,644,,630,,641.5,,,,,644,642,644,643,642.935
2025-08-26 13:03:00,650,,644,,630,,641.5,,,,,644,642,644,643,642.93
2025-08-26 13:04:00,650,,644,,630,,641.5,,,,,644,642,644,643,643.05
2025-08-26 13:05:00,650,,644,,630,,641.5,,,,,644,642,644,643,642.975
2025-08-26 13:06:00,650,,644,,630,,641.5,,,,,644,642,644,643,642.98
2025-08-26 13:07:00,650,,644,,630,,641.5,,,,,644,642,644,643,643.04
2025-08-26 13:08:00,650,,644,,630,,641.5,,,,,644,642,644,643,643.08
2025-08-26 13:09:00,650,,644,,630,,641.5,,,,,644,642,644,643,643.105
2025-08-26 13:10:00,650,,644,,630,,641.5,,,,,644,642,644,643,643.161
2025-08-26 13:11:00,650,,644,,630,,641.5,,,,,644,642,644,643,643.33
2025-08-26 13:12:00,650,,644,,630,,641.5,,,,,644,642,644,643,643.22
2025-08-26 13:13:00,650,,644,,630,,641.5,,,,,644,642,644,643,643.14
2025-08-26 13:14:00,650,,644,,630,,641.5,,,,,644,642,644,643,643.21
2025-08-26 13:15:00,650,,644,,630,,641.5,,,,,644,642,644,643,643.29
2025-08-26 13:16:00,650,,644,,630,,641.5,,,,,644,642,644,643,643.33
2025-08-26 13:17:00,650,,644,,630,,641.5,,,,,644,642,644,643,643.4
2025-08-26 13:18:00,650,,644,,630,,641.5,,,,,644,642,644,643,643.42
2025-08-26 13:19:00,650,,644,,630,,641.5,,,,,644,642,644,643,643.465
2025-08-26 13:20:00,650,,644,,630,,641.5,,,,,644,642,644,643,643.42
2025-08-26 13:21:00,650,,644,,630,,641.5,,,,,644,642,644,643,643.38
2025-08-26 13:22:00,650,,644,,630,,641.5,,,,,644,642,644,643,643.38
2025-08-26 13:23:00,650,,644,,630,,641.5,,,,,644,642,644,643,643.36
2025-08-26 13:24:00,650,,644,,630,,641.5,,,,,644,642,644,643,643.41
2025-08-26 13:25:00,650,,644,,630,,641.5,,,,,644,642,644,643,643.385
2025-08-26 13:26:00,650,,644,,630,,641.5,,,,,644,642,644,643,643.4
2025-08-26 13:27:00,650,,644,,630,,641.5,,,,,644,642,644,643,643.42
2025-08-26 13:28:00,650,,644,,630,,641.5,,,,,644,642,644,643,643.43
2025-08-26 13:29:00,650,,644,,630,,641.5,,,,,644,642,644,643,643.509
2025-08-26 13:30:00,650,,644,,630,,641.5,644,,,,644,642,644,643,643.64
2025-08-26 13:31:00,650,,644,,630,,641.5,,,,,644,642,644,643,643.64
2025-08-26 13:32:00,650,,644,,630,,641.5,,,,,644,642,644,643,643.58
2025-08-26 13:33:00,650,,644,,630,,641.5,,,,,644,642,644,643,643.55
2025-08-26 13:34:00,650,,644,,630,,641.5,,,,,644,642,644,643,643.61
2025-08-26 13:35:00,650,,644,,630,,641.5,,,,,644,642,644,643,643.64
2025-08-26 13:36:00,650,,644,,630,,641.5,,,,,644,642,644,643,643.67
2025-08-26 13:38:00,650,,644,,630,,641.5,,,,,644,642,644,643,643.71
2025-08-26 13:39:00,650,,644,,630,,641.5,,,,,644,642,644,643,643.69
2025-08-26 13:40:00,650,,644,,630,,641.5,,,,,644,642,644,643,643.68
2025-08-26 13:41:00,650,,644,,630,,641.5,,,,,644,642,644,643,643.74
2025-08-26 13:42:00,650,,644,,630,,641.5,,644,,,644,642,644,643,643.76
2025-08-26 13:43:00,650,,644,,630,,641.5,,,,,644,642,644,643,643.73
2025-08-26 13:44:00,650,,644,,630,,641.5,,,,,644,642,644,643,643.695
2025-08-26 13:45:00,650,,644,,630,,641.5,,,,,644,642,644,643,643.72
2025-08-26 13:46:00,650,,644,,630,,641.5,,,,,644,642,644,643,643.7
2025-08-26 13:47:00,650,,644,,630,,641.5,,,,,644,642,644,643,643.64
2025-08-26 13:48:00,650,,644,,630,,641.5,,,,,644,642,644,643,643.63
2025-08-26 13:49:00,650,,644,,630,,641.5,,,,,644,642,644,643,643.77
2025-08-26 13:50:00,650,,644,,630,,641.5,,,,,644,642,644,643,643.76
2025-08-26 13:51:00,650,,644,,630,,641.5,,,,,644,642,644,643,643.725
2025-08-26 13:52:00,650,,644,,630,,641.5,,,,,644,642,644,643,643.63
2025-08-26 13:53:00,650,,644,,630,,641.5,,,,,644,642,644,643,643.715
2025-08-26 13:54:00,650,,644,,630,,641.5,,,,,644,642,644,643,643.75
2025-08-26 14:02:00,650,,644,,630,,641.5,,644,,,644,642,644,643,643.83
2025-08-26 14:03:00,650,,644,,630,,641.5,,,,,644,642,644,643,643.76
2025-08-26 14:04:00,650,,644,,630,,641.5,,,,,644,642,644,643,643.7
2025-08-26 14:05:00,650,,644,,630,,641.5,,,,,644,642,644,643,643.76
2025-08-26 14:06:00,650,,644,,630,,641.5,,,,,644,642,644,643,643.7
2025-08-26 14:07:00,650,,644,,630,,641.5,,,,,644,642,644,643,643.695
2025-08-26 14:08:00,650,,644,,630,,641.5,,,,,644,642,644,643,643.67
2025-08-26 14:09:00,650,,644,,630,,641.5,,,,,644,642,644,643,643.67
2025-08-26 14:10:00,650,,644,,630,,641.5,,,,,644,642,644,643,643.745
2025-08-26 14:11:00,650,,644,,630,,641.5,,,,,644,642,644,643,643.83
2025-08-26 14:12:00,650,,644,,630,,641.5,,,,,644,642,644,643,643.82
2025-08-26 14:13:00,650,,644,,630,,641.5,,,,,644,642,644,643,643.85
2025-08-26 14:14:00,650,,644,,630,,641.5,,,,,644,642,644,643,643.87
2025-08-26 14:15:00,650,,644,,630,,641.5,,,,,644,642,644,643,643.92
2025-08-26 14:16:00,650,,644,,630,,641.5,,,,,644,642,644,643,643.928
2025-08-26 14:17:00,650,,644,,630,,641.5,,,,,644,642,644,643,643.87
2025-08-26 14:18:00,650,,644,,630,,641.5,,,,,644,642,644,643,643.89
2025-08-26 14:19:00,650,,644,,630,,641.5,,,,,644,642,644,643,643.92
2025-08-26 14:20:00,650,,644,,630,,641.5,,,,,644,642,644,643,643.93
2025-08-26 14:21:00,650,,644,,630,,641.5,644,,,644,644,642,644,643,644.335
2025-08-26 14:22:00,645,,644,,630,,641.5,,,,,644,642,644,643,644.62
2025-08-26 14:23:00,645,,644,,630,,641.5,644,,,,644,642,644,643,644.455
2025-08-26 14:24:00,645,,644,,630,,641.5,,,,,644,642,644,643,644.565
2025-08-26 14:25:00,645,,644,,630,,641.5,,,,,644,642,644,643,644.46
2025-08-26 14:26:00,645,,644,,630,,641.5,,,,,644,642,644,643,644.49
2025-08-26 14:27:00,645,,644,,630,,641.5,,,,,644,642,644,643,644.57
2025-08-26 14:28:00,645,,644,,630,,641.5,,,,,644,642,644,643,644.535
2025-08-26 14:29:00,645,,644,,630,,641.5,,,,,644,642,644,643,644.56
2025-08-26 14:30:00,645,,644,,630,,641.5,,645,,,644,642,644,643,644.515
2025-08-26 14:31:00,645,,644,,630,,641.5,,,,,644,642,644,643,644.64
2025-08-26 14:32:00,645,,644,,630,,641.5,,645,,,644,642,644,643,644.79
2025-08-26 14:33:00,645,,644,,630,,641.5,,,,,644,642,644,643,644.68
2025-08-26 14:34:00,645,,644,,630,,641.5,,,,,644,642,644,643,644.67
2025-08-26 14:35:00,650,,644,,630,,641.5,,,,,644,642,644,643,644.575
2025-08-26 14:36:00,645,,644,,630,,641.5,,,,,644,642,644,643,644.48
2025-08-26 14:37:00,645,,644,,630,,641.5,,,,,644,642,644,643,644.43
2025-08-26 14:38:00,645,,644,,630,,641.5,,,,,644,642,644,643,644.316
2025-08-26 14:39:00,650,,644,,630,,641.5,,,,,644,642,644,643,644.19
2025-08-26 14:40:00,650,,644,,630,,641.5,,,,,644,642,644,643,644.14
2025-08-26 14:41:00,650,,644,,630,,641.5,,,,,644,642,644,643,644.03
2025-08-26 14:42:00,650,,644,,630,,641.5,,,,,644,642,644,643,644.05
2025-08-26 14:43:00,650,,644,,630,,641.5,,,,,644,642,644,643,643.96
2025-08-26 14:44:00,650,,644,,630,,641.5,,,,,644,642,644,643,643.935
2025-08-26 14:45:00,650,,644,,630,,641.5,644,,,,644,642,644,643,644.11
2025-08-26 14:46:00,650,,644,,630,,641.5,,,,,644,642,644,643,644.11
2025-08-26 14:47:00,650,,644,,630,,641.5,,,,,644,642,644,643,644.16
2025-08-26 14:48:00,645,,644,,630,,641.5,,,,,644,642,644,643,644.208
2025-08-26 14:49:00,645,,644,,630,,641.5,,,,,644,642,644,643,644.26
2025-08-26 14:50:00,645,,644,,630,,641.5,645,,,,644,642,644,643,644.91
2025-08-26 14:52:00,645,,644,,630,,641.5,,,,,644,642,644,643,644.85
2025-08-26 14:53:00,645,,644,,630,,641.5,,,,,644,642,644,643,644.92
2025-08-26 14:54:00,645,,645,,630,,641.5,,,,,644,642,644,643,644.95
2025-08-26 14:55:00,645,,645,,630,,641.5,,,,,644,642,644,643,645.03
2025-08-26 14:56:00,645,,645,,630,,641.5,,,,,644,642,644,643,645.11
2025-08-26 14:57:00,645,,645,,630,,641.5,,,,,644,642,644,643,645.25
2025-08-26 14:58:00,646,,645,,630,,641.5,,,,,644,642,644,643,645.29
2025-08-26 14:59:00,646,,644,,645,,641.5,,,,,644,642,644,643,645.45
2025-08-26 15:00:00,645,,645,,630,,641.5,,,,645,644,642,644,643,645.37
2025-08-26 15:01:00,645,,645,,630,,641.5,,,,,644,642,644,643,645.08
2025-08-26 15:02:00,645,,645,,630,,641.5,,,,,644,642,644,643,645.1
2025-08-26 15:03:00,645,,645,,630,,641.5,,,,,644,642,644,643,645.13
2025-08-26 15:04:00,645,,645,,630,,641.5,,,,,644,642,644,643,645.26
2025-08-26 15:05:00,645,,645,,630,,641.5,,,,,644,642,644,643,645.25
2025-08-26 15:06:00,645,,645,,630,,641.5,,,,,644,642,644,643,645.33
2025-08-26 15:07:00,646,,645,,630,,641.5,,,,,644,642,644,643,645.51
2025-08-26 15:08:00,646,,645,,630,,641.5,,,,,644,642,644,643,645.48
2025-08-26 15:09:00,646,,645,,630,,641.5,,,,,644,642,644,643,645.56
2025-08-26 15:10:00,646,,645,,630,,641.5,,,,,644,642,644,643,645.53
2025-08-26 15:11:00,646,,645,,630,,641.5,,,,,644,642,644,643,645.53
2025-08-26 15:12:00,646,,645,,630,,641.5,,,,,644,642,644,643,645.61
2025-08-26 15:13:00,646,,645,,630,,641.5,,,,,644,642,644,643,645.62
2025-08-26 15:14:00,646,,645,,630,,653.5,,,,,644,642,644,643,645.66
2025-08-26 15:15:00,646,,645,,630,,642.5,,,,,644,642,644,643,645.62
2025-08-26 15:16:00,646,,645,,630,,642.5,,,,,644,642,644,643,645.62
2025-08-26 15:17:00,646,,645,,630,,642.5,,,,,644,642,644,643,645.6
2025-08-26 15:18:00,646,,645,,630,,642.5,,,,,644,642,644,643,645.62
2025-08-26 15:19:00,646,,645,,630,,642.5,,,,,644,642,644,643,645.61
2025-08-26 15:20:00,646,,645,,630,,642.5,,,,,644,642,644,643,645.59
2025-08-26 15:21:00,646,,645,,630,,642.5,,,,,644,642,644,643,645.6
2025-08-26 15:22:00,646,,645,,630,,642.5,,,,,644,642,644,643,645.56
2025-08-26 15:23:00,646,,645,,630,,642.5,,,,,644,642,644,643,645.58
2025-08-26 15:24:00,646,,645,,630,,642.5,,,,,644,642,644,643,645.59
2025-08-26 15:25:00,646,,645,,630,,642.5,,,,,644,642,644,643,645.58
2025-08-26 15:26:00,646,,645,,630,,642.5,,,,,644,642,644,643,645.56
2025-08-26 15:32:00,646,,645,,630,,653.5,,,,,644,642,644,643,645.67
2025-08-26 15:34:00,646,,645,,630,,653.5,,,,,644,642,644,643,645.67
2025-08-26 15:35:00,646,,645,,630,,641.5,,,,,644,642,644,643,645.61
2025-08-26 15:36:00,646,,645,,630,,641.5,,,,,644,642,644,643,645.6
2025-08-26 15:37:00,646,,645,,630,,641.5,,,,,644,642,644,643,645.57
2025-08-26 15:38:00,646,,645,,630,,641.5,,,,,644,642,644,643,645.56
2025-08-26 15:39:00,646,,645,,630,,641.5,,,,,644,642,644,643,645.57
2025-08-26 15:40:00,646,,645,,630,,641.5,,,,,644,642,644,643,645.61
2025-08-26 15:41:00,646,,645,,630,,641.5,,,,,644,642,644,643,645.61
2025-08-26 15:42:00,646,,645,,630,,641.5,,,,,644,642,644,643,645.66
2025-08-26 15:43:00,646,,646,,645,,653.5,,,,,644,642,644,643,645.7
2025-08-26 15:44:00,646,,646,,645,,653.5,,,,,644,642,644,643,645.71
2025-08-26 15:45:00,646,,646,,645,,653.5,,,,,644,642,644,643,645.72
2025-08-26 15:46:00,646,,646,,645,,653.5,,,,,644,642,644,643,645.74
2025-08-26 15:47:00,646,,646,,645,,653.5,,,,,644,642,644,643,645.74
2025-08-26 15:48:00,646,,646,,645,,653.5,,,,,644,642,644,643,645.74
2025-08-26 15:49:00,646,,646,,645,,658.5,,,,,644,642,644,643,645.75
2025-08-26 15:50:00,646,,646,,645,,658.5,,,,,644,642,644,643,645.75
2025-08-26 15:51:00,646,,646,,645,,658.5,,,,,644,642,644,643,645.74
2025-08-26 15:52:00,646,,646,,645,,658.5,,,,,644,642,644,643,645.76
2025-08-26 15:53:00,646,,646,,645,,658.5,,,,,644,642,644,643,645.76
2025-08-26 15:54:00,646,,646,,645,,658.5,,,,,644,642,644,643,645.77
2025-08-26 15:55:00,646,,646,,645,,658.5,,,,,644,642,644,643,645.76
2025-08-26 15:56:00,646,,646,,645,,658.5,,,,,644,642,644,643,645.76
2025-08-26 15:57:00,646,,646,,645,,658.5,,,,,644,642,644,643,645.76
2025-08-26 15:58:00,646,,646,,645,,658.5,,,,,644,642,644,643,645.75
2025-08-26 15:59:00,646,,646,,645,,658.5,,,,,644,642,644,643,645.74
